chid,casn,chnm,n_tested,n_active,n_selective,n_biofamilies_active,n_biofamilies_selective,family_loss
20154,120-32-1,Clorophene,3336,1451,311,34,20,14
31864,1763-23-1,Perfluorooctanesulfonic acid,2739,779,109,34,20,14
34695,8018-01-7,Mancozeb,2544,723,273,34,24,10
20182,80-05-7,Bisphenol A,2843,729,279,26,17,9
32498,3380-34-5,Triclosan,2513,986,268,37,19,18
32520,131860-33-8,Azoxystrobin,1978,653,159,32,18,14
35180,584-79-2,Allethrin,1858,706,87,33,16,17
21781,84-74-2,"Dibutyl 1,2-benzenedicarboxylate",1727,194,16,18,6,12
32329,741-58-2,Bensulide,1510,590,169,32,17,15
32493,55219-65-3,Triadimenol,1838,302,133,20,11,9
31865,335-67-1,Perfluorooctanoic acid,1338,139,139,19,19,0
190949,375-80-4,"1,6-Diiodoperfluorohexane",854,763,21,15,6,9
184723,307-29-9,"1H,1H-Perfluorooctylamine",849,16,16,5,5,0
32646,4151-50-2,N-Ethylperfluorooctane sulfonamide,1212,421,68,26,13,13
32605,51338-27-3,(+-)-Diclofop-methyl,1216,119,119,22,22,0
34868,94125-34-5,Prosulfuron,796,41,41,10,10,0
31863,375-95-1,Perfluorononanoic acid,1183,399,35,33,12,21
20465,56-53-1,Diethylstilbestrol,1597,644,323,35,23,12
22361,50471-44-8,Vinclozolin,1521,148,57,16,11,5
38939,754-91-6,Perfluorooctanesulfonamide,1170,605,116,35,23,12
37706,2795-39-3,Potassium perfluorooctanesulfonate,1163,265,42,29,13,16
20827,72-43-5,Methoxychlor,1257,315,108,33,14,19
31860,335-76-2,Perfluorodecanoic acid,1165,510,59,28,15,13
24238,19044-88-3,Oryzalin,1642,712,87,35,11,24
37303,375-85-9,Perfluoroheptanoic acid,1139,66,66,13,13,0
28038,55406-53-6,3-Iodo-2-propynyl-N-butylcarbamate,1483,575,123,29,17,12
20576,57-63-6,17alpha-Ethinylestradiol,1766,589,252,22,12,10
34187,10540-29-1,Tamoxifen,1432,536,158,32,19,13
31862,307-24-4,Perfluorohexanoic acid,1076,26,26,11,11,0
47553,2058-94-8,Perfluoroundecanoic acid,1108,377,180,24,16,8
44572,647-42-7,Fluorotelomer alcohol 6:2,1048,121,8,14,5,9
20573,50-28-2,17beta-Estradiol,1513,401,189,21,11,10
29904,678-39-7,Fluorotelomer alcohol 8:2,1063,344,6,14,5,9
37708,3825-26-1,Ammonium perfluorooctanoate,1044,87,20,17,10,7
47429,2392-39-4,Dexamethasone sodium phosphate,1398,166,166,15,15,0
47558,2144-53-8,2-(Perfluorohexyl)ethyl methacrylate,1045,31,31,11,11,0
24163,330-55-2,Linuron,1420,187,52,26,10,16
20112,1912-24-9,Atrazine,1347,74,74,16,16,0
24091,759-94-4,S-Ethyl dipropylthiocarbamate,1313,21,21,9,9,0
20822,59-05-2,Methotrexate,1265,184,32,21,6,15
37709,3871-99-6,Potassium perfluorohexanesulfonate,997,68,68,20,20,0
22370,57-83-0,Progesterone,1384,444,138,33,17,16
20770,143-50-0,Kepone,1385,688,249,38,22,16
29055,84852-15-3,"4-Nonylphenol, branched",1473,580,179,28,20,8
44969,63863-43-4,Methyl perfluoro(3-(1-ethenyloxypropan-2-yloxy)propanoate),575,73,73,11,11,0
880215,13252-13-6,Perfluoro-2-methyl-3-oxahexanoic acid,567,12,12,5,5,0
400078,3834-42-2,(Heptafluoropropyl)trimethylsilane,567,6,6,4,4,0
22536,599-64-4,4-Cumylphenol,1324,475,99,24,10,14
20209,94-26-8,Butylparaben,1535,261,44,21,8,13
22360,140-66-9,"4-(1,1,3,3-Tetramethylbutyl)phenol",1304,477,189,28,21,7
22442,77-40-7,Bisphenol B,1323,414,168,21,16,5
379925,52447-23-1,Perfluorononanoyl chloride,547,275,19,14,9,5
565479,13973-14-3,8H-Perfluorooctanoic acid,544,50,50,11,11,0
880131,355-93-1,"1H,1H,5H-Perfluoropentyl methacrylate",544,26,26,9,9,0
382154,52447-22-0,Perfluoroheptanoyl chloride,544,34,34,12,12,0
190948,375-50-8,"Perfluoro-1,4-diiodobutane",542,349,8,15,4,11
380837,151772-59-7,"Perfluoro-3,6,9-trioxadecanoic acid",541,35,35,8,8,0
59829,335-66-0,Perfluorooctanoyl fluoride,541,47,47,10,10,0
379917,27854-30-4,3-(Perfluorohexyl)propanoic acid,540,48,48,10,10,0
187142,335-64-8,Pentadecafluorooctanoyl chloride,540,50,50,10,10,0
379947,34451-26-8,2-(Perfluorohexyl)ethanethiol,540,12,12,5,5,0
22345,789-02-6,"o,p'-DDT",1299,429,145,29,17,12
379835,423-49-4,"1H,1H-Perfluoroheptylamine",539,15,15,5,5,0
335129,918-22-9,"1,6-Dibromododecafluorohexane",539,9,9,4,4,0
379930,355-47-5,"1H,1H-Perfluorononylamine",539,10,10,4,4,0
375114,330562-41-9,"Perfluoro-3,6,9-trioxatridecanoic acid",535,339,114,17,11,6
379295,77953-71-0,"3H-Perfluoro-2,2,4,4-tetrahydroxypentane",531,119,19,14,9,5
23980,64902-72-3,Chlorsulfuron,794,13,13,7,7,0
22308,446-72-0,Genistein,1597,400,123,20,12,8
60332,559-94-4,(Perfluorobutyryl)-2-thenoylmethane,528,301,44,14,11,3
382104,865-79-2,9-Chloro-perfluorononanoic acid,528,277,26,15,7,8
20374,72-55-9,"p,p'-DDE",1306,357,81,22,14,8
378880,74427-22-8,"2,2-Difluoroethyl triflate",524,16,16,7,7,0
23902,56-55-3,Benz(a)anthracene,1255,217,36,31,8,23
627108,80220-63-9,((Perfluorooctyl)ethyl)phosphonic acid,518,86,37,13,7,6
382063,151772-58-6,"Perfluoro-3,6-dioxaheptanoic acid",515,24,24,9,9,0
380797,147492-57-7,"1H,1H-Perfluoro-3,6,9-trioxadecan-1-ol",515,181,8,14,4,10
47566,355-43-1,Perfluoro-1-iodohexane,513,37,37,8,8,0
59916,375-22-4,Perfluorobutanoic acid,513,8,8,5,5,0
60985,678-77-3,Hexafluoroglutaryl chloride,512,14,14,5,5,0
59879,355-80-6,"1H,1H,5H-Perfluoropentanol",511,14,14,5,5,0
59914,375-01-9,3:1 Fluorotelomer alcohol,511,7,7,3,3,0
874028,914637-49-3,"2H,2H,3H,3H-Perfluorooctanoic acid",508,31,31,10,10,0
20119,446-86-6,Azathioprine,1197,236,34,27,15,12
892417,679-12-9,4H-Perfluorobutanoic acid,506,8,8,6,6,0
442840,329710-76-1,2-(Trifluoromethoxy)ethyl trifluoromethanesulfonate,506,4,4,3,3,0
170109,1763-28-6,"3,3-Bis(trifluoromethyl)-2-propenoic acid",506,90,22,11,6,5
395037,58244-27-2,tris(Trifluoroethoxy)methane,505,1,1,1,1,0
880134,374-40-3,1-Pentafluoroethylethanol,505,4,4,2,2,0
381992,883498-76-8,"Bis(1H,1H-perfluoropropyl)amine",505,12,12,6,6,0
379269,679-02-7,3-(Perfluoropropyl)propanol,505,2,2,2,2,0
377826,355-27-1,"1H,1H-Perfluoropentylamine",505,5,5,4,4,0
62122,2043-47-2,Fluorotelomer alcohol 4:2,505,13,13,6,6,0
24523,63-05-8,"4-Androstene-3,17-dione",1619,249,120,22,12,10
34566,155569-91-8,Emamectin benzoate,932,574,166,36,19,17
22528,120-47-8,Ethylparaben,1246,59,59,7,7,0
47578,2043-55-2,"1H,1H,2H,2H-Perfluorohexyl iodide",760,29,29,8,8,0
382621,25600-66-2,7:3 Fluorotelomer alcohol,496,332,7,14,4,10
204489,559-14-8,Perfluorooct-1-ene,494,11,11,6,6,0
174941,20825-07-4,"3H,3H-Perfluoro-2,4-hexanedione",494,24,24,7,7,0
65586,13695-31-3,(Perfluoropropyl)methyl methacrylate,494,6,6,4,4,0
59794,307-34-6,Perfluorooctane,492,1,1,1,1,0
59920,375-92-8,Perfluoroheptanesulfonic acid,491,66,66,11,11,0
892442,13252-14-7,"Perfluoro-2,5-dimethyl-3,6-dioxanonanoic acid",489,8,8,4,4,0
27140,307-35-7,Perfluorooctanesulfonyl fluoride,489,8,8,6,6,0
67331,27619-97-2,6:2 Fluorotelomer sulfonic acid,488,18,18,8,8,0
74915,51851-37-7,Triethoxy((perfluorohexyl)ethyl)silane,487,12,12,5,5,0
276659,65294-16-8,"Perfluoro-(2,5,8-trimethyl-3,6,9-trioxadodecanoic) acid",487,7,7,5,5,0
880230,19932-26-4,"((2,2,3,3-Tetrafluoropropoxy)methyl)oxirane",487,12,12,6,6,0
59919,375-88-2,1-Bromopentadecafluoroheptane,486,6,6,5,5,0
74616,21652-58-4,"1H,1H,2H-Perfluoro-1-decene",486,4,4,2,2,0
59970,422-64-0,Perfluoropropanoic acid,486,10,10,4,4,0
30030,375-73-5,Perfluorobutanesulfonic acid,488,15,15,5,5,0
108559,62037-80-3,Ammonium perfluoro-2-methyl-3-oxahexanoate,460,47,21,8,4,4
892443,2806-15-7,Sodium perfluorodecanesulfonate,460,112,19,10,5,5
23322,84371-65-3,Mifepristone,1419,609,228,35,21,14
20791,121-75-5,Malathion,1175,176,101,17,14,3
375107,423-65-4,11:1 Fluorotelomer alcohol,450,69,17,9,5,4
27426,1691-99-2,N-Ethyl-N-(2-hydroxyethyl)perfluorooctane sulfonamide,450,208,13,13,5,8
310730,355-66-8,Octafluoroadipamide,450,12,12,7,7,0
382093,31253-34-6,2-Aminohexafluoropropan-2-ol,449,13,4,7,3,4
51419,1652-63-7,"N-[(Perfluorooctylsulfonamido)propyl]-N,N,N-trimethylammonium iodide",445,204,48,15,6,9
67629,31506-32-8,N-Methylperfluorooctanesulfonamide,444,82,31,11,5,6
379721,2264-01-9,"1H,1H,6H,6H-Perfluorohexane-1,6-diol diacrylate",437,333,34,17,8,9
60986,678-95-5,"1H,1H,5H,5H-Perfluoro-1,5-pentanediol diacrylate",436,323,77,17,12,5
224331,7383-71-3,"2,2,3,3-Tetrafluoropropyl acrylate",435,182,20,14,8,6
381151,307-31-3,Perfluorooctanamidine,433,113,11,14,4,10
61954,1765-48-6,11-H-Perfluoroundecanoic acid,433,225,47,14,9,5
24270,67747-09-5,Prochloraz,1231,389,131,35,20,15
558000,57678-01-0,6:2 Fluorotelomer phosphate monoester,432,36,36,10,10,0
34609,120068-37-3,Fipronil,1143,349,62,35,16,19
20794,12427-38-2,Maneb,871,223,52,31,17,14
380257,243139-64-2,3-(Perfluoroisopropyl)-2-propenoic acid,431,6,6,3,3,0
179883,252237-40-4,2-(Perfluorohexyl)ethylphosphonic acid,431,22,22,7,7,0
377821,3792-02-7,4:4 Fluorotelomer alcohol,431,9,9,2,2,0
66215,17587-22-3,(Heptafluorobutanoyl)pivaloylmethane,431,39,6,8,3,5
192353,39108-34-4,8:2 Fluorotelomer sulfonic acid,431,62,62,10,10,0
375106,55621-21-1,"Perfluoro-3,6-dioxaoctane-1,8-dioic acid",431,2,2,2,2,0
500450,863090-89-5,Perfluoro(4-methoxybutanoic acid),431,9,9,6,6,0
880413,38565-52-5,"3-(Perfluorohexyl)-1,2-epoxypropane",430,5,5,2,2,0
380798,330562-44-2,"1H,1H,11H,11H-Perfluorotetraethylene glycol",429,104,17,13,10,3
68772,52591-27-2,2-(Perfluorobutyl)ethyl acrylate,429,99,1,12,1,11
369896,754-96-1,"1H,1H,10H,10H-Perfluorodecane-1,10-diol",428,192,19,13,6,7
396867,90177-96-1,"1H,1H,8H,8H-Perfluorooctane-1,8-diol",428,26,11,7,4,3
61881,1682-31-1,"1-Iodo-1H,1H,2H,2H-perfluoroheptane",427,50,2,10,2,8
880156,2043-52-9,"1-Iodo-1H,1H,2H,2H-perfluorononane",426,20,0,9,0,9
59832,335-99-9,"1H,1H,7H-Dodecafluoro-1-heptanol",426,12,3,5,1,4
381090,129301-42-4,"1H,1H,8H,8H-Perfluoro-3,6-dioxaoctane-1,8-diol",426,13,13,5,5,0
27831,24448-09-7,N-Methyl-N-(2-hydroxyethyl)perfluorooctanesulfonamide,425,43,16,9,6,3
59969,422-63-9,"1H-Perfluoro-1,1-propanediol",425,8,8,3,3,0
340244,424-16-8,"1H,1H,7H-Perfluoroheptyl 4-methylbenzenesulfonate",425,42,10,8,4,4
366226,355-81-7,Perfluoropentanamide,425,8,8,4,4,0
891564,757124-72-4,4:2 Fluorotelomer sulfonic acid,425,10,10,4,4,0
59927,376-90-9,Hexafluoroamylene glycol,424,6,6,3,3,0
382147,125070-38-4,"3-(Perfluoro-2-butyl)propane-1,2-diol",424,13,13,5,5,0
235137,85857-17-6,Dimethoxymethyl((perfluorohexyl)ethyl)silane,424,1,1,1,1,0
60965,662-50-0,Heptafluorobutyramide,424,3,3,3,3,0
59928,377-38-8,Perfluorobutanedioic acid,424,11,0,4,0,4
400587,13485-61-5,Nonafluoropentanamide,424,7,7,4,4,0
379268,356-02-5,3:3 Fluorotelomer carboxylic acid,420,10,10,4,4,0
382620,812-70-4,3-(Perfluoroheptyl)propanoic acid,415,41,41,10,10,0
39223,116-06-3,Aldicarb,1098,42,42,10,10,0
195123,423-54-1,Perfluorooctanamide,414,13,13,5,5,0
663110,801212-59-9,Perfluoro-4-isopropoxybutanoic acid,414,23,23,6,6,0
379781,6588-63-2,Perfluorocyclohexanecarbonyl fluoride,413,4,4,3,3,0
441560,132424-36-3,"Methyl 2H,2H,3H,3H-perfluoroheptanoate",413,8,8,5,5,0
337446,34143-74-3,2-(Perfluorooctyl)ethanthiol,412,17,17,5,5,0
59833,336-08-3,Perfluorohexanedioic acid,412,4,4,2,2,0
191136,377-73-1,Perfluoro-3-methoxypropanoic acid,412,4,4,3,3,0
379991,1651-41-8,3-(Perfluorooctyl)propanol,412,303,5,13,3,10
67348,27905-45-9,2-(Perfluorooctyl)ethyl acrylate,411,19,19,8,8,0
315130,423-60-9,Perfluoro-1-octanesulfonyl chloride,411,121,9,15,5,10
868151,72629-94-8,Perfluorotridecanoic acid,411,71,17,13,5,8
194615,4180-26-1,"1H,1H,9H-Perfluorononyl acrylate",411,88,6,13,5,8
21995,134-62-3,DEET,1337,31,31,9,9,0
59912,374-98-1,Heptafluorobutyl iodide,411,10,10,3,3,0
379884,54009-81-3,"3-(Perfluoro-3-methylbutyl)-1,2-epoxypropane",411,5,5,2,2,0
59921,376-06-7,Perfluorotetradecanoic acid,409,31,6,10,3,7
380390,79963-95-4,"2,2,2-Trifluoroethyl perfluorobutanesulfonate",408,52,52,10,10,0
469320,41997-13-1,Perfluorohexanesulfonamide,408,130,25,13,6,7
190950,375-82-6,6:1 Fluorotelomer alcohol,407,69,3,11,2,9
40150,355-46-4,Perfluorohexanesulfonic acid,407,38,38,9,9,0
63235,3934-23-4,(Perfluoroheptyl)methyl methacrylate,406,9,9,5,5,0
59871,354-76-7,Perfluoropropanamide,406,5,5,3,3,0
20122,86-50-0,Azinphos-methyl,1171,226,97,23,17,6
59834,338-83-0,Perfluamine,406,4,4,2,2,0
379666,53296-64-3,N-Methyl-N-trimethylsilylheptafluorobutyramide,406,6,6,4,4,0
59799,307-98-2,"1H,1H-Perfluorooctyl acrylate",406,21,1,5,1,4
62599,2706-90-3,Perfluoropentanoic acid,406,7,7,4,4,0
881157,94159-84-9,"1-(Perfluorofluorooctyl)propane-2,3-diol",406,25,25,9,9,0
880144,663-35-4,Ethyl pentafluoropropionyl acetate,406,7,7,5,5,0
379901,50836-66-3,(Perfluoro-5-methylhexyl)ethyl 2-methylprop-2-enoate,405,14,14,5,5,0
223797,73609-36-6,Dichloromethyl((perfluorohexyl)ethyl)silane,405,20,20,6,6,0
59926,376-73-8,Perfluoropentanedioic acid,405,7,7,4,4,0
59828,335-58-0,1-Iodopentadecafluoroheptane,405,30,5,7,2,5
20601,96-45-7,"4,5-Dihydro-2-mercaptoimidazole",1096,19,19,11,11,0
379254,1765-92-0,"1H,1H-Heptafluorobutyl epoxide",405,10,10,5,5,0
537191,568550-25-4,Methyl 3H-perfluoroisopropyl ether,405,10,10,5,5,0
440585,133331-77-8,1-(Perfluorohexyl)octane,405,7,7,5,5,0
21248,83-79-4,Rotenone,1407,565,267,38,17,21
20607,117-81-7,Di(2-ethylhexyl) phthalate,891,124,14,12,4,8
24280,60207-90-1,Propiconazole,1177,303,82,34,16,18
34392,188425-85-6,Boscalid,834,82,82,15,15,0
23892,71751-41-2,Abamectin,926,468,98,37,13,24
32519,135158-54-2,Acibenzolar-S-methyl,901,54,54,13,13,0
35957,68359-37-5,Cyfluthrin,921,177,58,19,13,6
880218,15290-77-4,"1H,1H,2H-Perfluorocyclopentane",393,6,6,4,4,0
229163,78560-45-9,Trichloro((perfluorohexyl)ethyl)silane,393,10,10,3,3,0
371872,35192-44-0,"1,8-Divinylperfluorooctane",393,5,5,4,4,0
34186,52-01-7,Spironolactone,1226,319,91,31,9,22
32390,60168-88-9,Fenarimol,1163,334,82,33,11,22
20332,77-92-9,Citric acid,1136,6,6,4,4,0
23998,52315-07-8,Cypermethrin,1169,139,29,18,9,9
21239,302-79-4,Retinoic acid,1360,390,161,32,20,12
34181,82640-04-8,Raloxifene hydrochloride,1459,677,208,33,18,15
20855,298-00-0,Methyl parathion,1137,160,46,21,13,8
40747,68-96-2,17alpha-Hydroxyprogesterone,1391,157,157,14,14,0
38666,5598-15-2,Chlorpyrifos oxon,837,248,62,29,14,15
24344,2303-17-5,Tri-allate,1063,182,18,19,7,12
20366,427-51-0,Cyproterone acetate,1644,381,86,30,11,19
21337,148-79-8,Thiabendazole,1317,104,37,18,8,10
34737,9006-42-2,Metiram,378,116,17,19,6,13
23412,6153-64-6,Oxytetracycline dihydrate,884,123,123,16,16,0
34192,10161-33-8,17beta-Trenbolone,1432,355,128,28,14,14
34492,120116-88-3,Cyazofamid,790,323,74,35,21,14
22325,2971-36-0,"2,2-Bis(4-hydroxyphenyl)-1,1,1-trichloroethane",1154,456,156,38,21,17
23897,43121-43-3,Triadimefon,784,144,45,17,7,10
21975,122-39-4,Diphenylamine,1048,92,15,19,7,12
20337,50-41-9,Clomiphene citrate (1:1),1204,572,190,36,20,16
21332,137-26-8,Bis(dimethylaminothiocarbonyl) disulfide,1326,553,109,28,10,18
32690,173584-44-6,Indoxacarb,762,187,34,27,12,15
32552,142459-58-3,Flufenacet,811,129,26,21,7,14
22341,1610-18-0,Prometon,1040,41,41,15,15,0
27403,1461-22-9,Tributyltin chloride,1136,738,154,36,16,20
20446,330-54-1,Diuron,1376,122,122,20,20,0
32358,57966-95-7,Cymoxanil,785,43,43,18,18,0
20247,63-25-2,Carbaryl,1320,163,34,22,12,10
22018,298-04-4,Disulfoton,1046,72,72,17,17,0
23846,30560-19-1,Acephate,1091,19,19,8,8,0
24177,10265-92-6,Methamidophos,1060,24,24,10,10,0
21251,81-07-2,Saccharin,1172,19,19,9,9,0
34590,161326-34-7,Fenamidone,795,210,31,33,10,23
37717,1478-61-1,Bisphenol AF,1551,627,260,31,16,15
32638,175013-18-0,Pyraclostrobin,897,374,169,35,17,18
32352,5598-13-0,Chlorpyrifos-methyl,854,128,32,18,11,7
40361,6734-80-1,Metam-sodium hydrate,767,64,1,13,1,12
38888,2390-60-5,Basic Blue 7,628,440,262,24,19,5
32550,111812-58-9,"Fenpyroximate (Z,E)",783,294,125,36,22,14
34928,148477-71-8,Spirodiclofen,795,158,27,25,13,12
21645,124-07-2,Octanoic acid,1090,16,16,10,10,0
22292,52645-53-1,Permethrin,1188,135,44,17,13,4
20479,60-51-5,Dimethoate,1080,58,58,9,9,0
37523,962-58-3,Diazoxon,781,39,39,13,13,0
24209,300-76-5,Naled,1047,315,72,22,12,10
34742,NOCAS_34742,"Milbemectin (mixture of 70% Milbemycin A4, 30% Milbemycin A3)",757,410,115,32,18,14
20160,82657-04-3,Bifenthrin,1139,180,68,16,14,2
32442,138261-41-3,Imidacloprid,1116,59,59,19,19,0
24151,35554-44-0,Imazalil,1126,439,133,35,17,18
24235,85509-19-9,Flusilazole,1052,327,97,32,16,16
32637,123312-89-0,Pymetrozine,786,16,16,8,8,0
27891,26264-06-2,Calcium dodecylbenzene sulfonate,621,218,10,20,4,16
20442,94-75-7,"2,4-Dichlorophenoxyacetic acid",1018,32,32,10,10,0
20560,115-29-7,Endosulfan,1116,449,86,34,16,18
21100,56-38-2,Parathion,1057,152,152,21,21,0
34625,361377-29-9,Fluoxastrobin,801,298,111,36,16,20
20243,133-06-2,Captan,1126,350,44,25,11,14
32354,105512-06-9,Clodinafop-propargyl,794,62,20,14,5,9
20449,62-73-7,Dichlorvos,1310,127,20,14,5,9
33664,58-18-4,17-Methyltestosterone,1427,291,143,25,12,13
32551,79622-59-6,Fluazinam,981,552,185,34,22,12
32580,141517-21-7,Trifloxystrobin,809,254,101,21,14,7
25502,78-70-6,Linalool,869,9,9,5,5,0
20913,91-20-3,Naphthalene,1084,15,15,7,7,0
24102,22224-92-6,Fenamiphos,849,139,139,19,19,0
22446,2467-02-9,"2,2′-Methylenebis[phenol]",671,112,20,16,9,7
34361,90823-38-4,Denatonium saccharide,605,21,21,8,8,0
20006,103-90-2,Acetaminophen,1283,10,10,5,5,0
41726,2610-11-9,C.I. Direct Red 81 disodium salt,621,93,4,16,3,13
37707,29420-49-3,Potassium perfluorobutanesulfonate,737,5,5,3,3,0
27134,298-07-7,Bis(2-ethylhexyl) phosphate,866,285,37,19,11,8
24206,2212-67-1,Molinate,1029,35,35,10,10,0
22364,521-18-6,5alpha-Dihydrotestosterone,1426,277,130,17,7,10
32611,13194-48-4,Ethoprop,789,73,73,16,16,0
26706,104-66-5,"1,2-Diphenoxyethane",876,38,38,11,11,0
34723,141112-29-0,Isoxaflutole,737,27,27,11,11,0
20319,1897-45-6,Chlorothalonil,1036,496,131,30,18,12
24174,78-48-8,Tribufos,1034,223,34,23,14,9
34300,135410-20-7,Acetamiprid,750,19,19,10,10,0
40700,2996-92-1,Trimethoxyphenylsilane,601,3,3,2,2,0
32344,54593-83-8,Chlorethoxyfos,773,159,23,19,11,8
21244,13292-46-1,Rifampicin,1295,218,33,21,11,10
20790,1634-78-2,Malaoxon,1061,63,63,15,15,0
23745,58-86-6,D-Xylose,598,3,3,3,3,0
24827,69-09-0,Chlorpromazine hydrochloride,764,417,93,36,16,20
22439,81-90-3,Phenolphthalin,1221,58,58,11,11,0
25050,111-40-0,Diethylenetriamine,938,12,12,5,5,0
32386,55283-68-6,Ethalfluralin,816,130,28,16,9,7
32573,96489-71-3,Pyridaben,858,299,130,36,18,18
29692,7757-79-1,Potassium nitrate,861,10,10,5,5,0
20407,333-41-5,Diazinon,1309,126,126,17,17,0
44818,3913-02-8,2-Butyloctan-1-ol,595,74,8,10,2,8
27837,24800-44-0,Tripropylene glycol,858,8,8,4,4,0
24241,42874-03-3,Oxyfluorfen,1004,206,24,29,9,20
22377,57-91-0,17alpha-Estradiol,1306,367,160,23,11,12
32500,68694-11-1,Triflumizole,836,397,106,34,15,19
32482,96182-53-5,Tebupirimfos,793,232,50,26,13,13
27036,126-30-7,"2,2-Dimethylpropane-1,3-diol",858,13,13,7,7,0
32647,21564-17-0,2-(Thiocyanomethylthio)benzothiazole,956,457,123,30,17,13
34588,131807-57-3,Famoxadone,748,317,109,34,28,6
41424,13254-34-7,"2,6-Dimethyl-2-heptanol",594,5,5,3,3,0
24160,77501-63-4,Lactofen,1029,163,44,23,14,9
47576,486-56-6,Cotinine,1008,4,4,2,2,0
32424,104206-82-8,Mesotrione,734,25,2,10,2,8
34653,79983-71-4,Hexaconazole,748,279,63,32,16,16
40721,92-68-2,4-Cyclohexylcyclohexanone,949,111,13,15,3,12
35204,2155-70-6,Tributyltin methacrylate,786,525,147,34,17,17
23900,17804-35-2,Benomyl,1019,129,1,16,1,15
22436,126-00-1,"4,4-Bis(4-hydroxyphenyl)valeric acid",937,44,44,9,9,0
24315,88671-89-0,Myclobutanil,1010,142,69,21,14,7
24170,24307-26-4,"1,1-Dimethylpiperidinium chloride",757,16,16,9,9,0
32600,113136-77-9,Cyclanilide,723,153,24,27,9,18
21409,76-87-9,Triphenyltin hydroxide,730,408,58,33,14,19
34150,52-86-8,Haloperidol,1040,289,99,28,17,11
21456,2783-94-0,FD&C Yellow 6,1010,89,4,12,4,8
36515,57-85-2,Testosterone propionate,1344,420,131,23,11,12
32372,119446-68-3,Difenoconazole,756,342,103,35,20,15
21150,62-38-4,Phenylmercuric acetate,1289,831,96,35,19,16
25892,90-30-2,N-Phenyl-1-naphthylamine,870,372,49,21,12,9
22369,129453-61-8,Fulvestrant,1537,277,130,26,14,12
21389,52-68-6,Trichlorfon,1279,140,60,18,15,3
34165,63612-50-0,Nilutamide,1298,161,23,24,5,19
42011,97-78-9,N-Dodecanoyl-N-methylglycine,600,65,23,14,8,6
33562,52806-53-8,Hydroxyflutamide,1267,192,67,21,17,4
34212,118134-30-8,Spiroxamine,748,130,84,21,18,3
22474,50-22-6,Corticosterone,1512,171,74,19,11,8
34402,23184-66-9,Butachlor,720,223,50,20,13,7
41200,94-91-7,"N,N′-Disalicylidene-1,2-diaminopropane",616,43,43,12,12,0
32601,94361-06-5,Cyproconazole,745,109,52,17,9,8
226894,76-21-1,9H-Perfluorononanoic acid,313,49,49,8,8,0
24891,69-74-9,Cytarabine hydrochloride,746,143,41,11,7,4
22367,53-16-7,Estrone,1595,260,185,17,12,5
379814,113507-82-7,Perfluoro-2-ethoxyethanesulfonic acid,312,19,19,9,9,0
238701,918-21-8,Perfluoropinacol,312,237,17,11,8,3
381073,137780-69-9,"Perfluoro-3,6-dioxadecanoic acid",312,88,27,8,6,2
40363,83657-24-3,Diniconazole,797,314,66,32,12,20
34961,111988-49-9,Thiacloprid,764,26,26,9,9,0
22310,486-66-8,Daidzein,1278,192,86,18,9,9
29246,2943-75-1,Triethoxyoctylsilane,922,100,9,9,3,6
24666,110-63-4,"1,4-Butanediol",859,4,4,4,4,0
24276,2312-35-8,Propargite,1063,413,78,32,11,21
21554,334-48-5,Decanoic acid,1058,34,34,10,10,0
21986,126-73-8,Tributyl phosphate,1067,102,20,17,5,12
32613,122-14-5,Fenitrothion,819,153,52,19,9,10
62101,1996-88-9,2-(Perfluorooctyl)ethyl methacrylate,311,6,6,3,3,0
42382,682-01-9,Tetrapropyl orthosilicate,596,13,13,5,5,0
380256,243139-62-0,"4,4-bis(Trifluoromethyl)-4-fluoropropanoic acid",311,13,13,5,5,0
34956,112281-77-3,Tetraconazole,749,297,72,32,19,13
36496,797-63-7,Levonorgestrel,1576,188,188,16,16,0
622698,74359-06-1,2H-Perfluoroisopropyl 2-fluoroacrylate,310,6,6,3,3,0
22527,94-13-3,Propylparaben,865,119,119,14,14,0
371164,14548-74-4,"1H,1H-Perfluoro-2,5-dimethyl-3,6-dioxanonan-1-ol",310,141,3,10,2,8
45232,51-24-1,Tiratricol,1125,319,89,29,13,16
34634,68157-60-8,Forchlorfenuron,714,255,50,31,18,13
38924,6259-76-3,Hexyl salicylate,595,121,2,11,2,9
21151,90-43-7,2-Phenylphenol,991,74,19,14,8,6
20653,548-62-9,Gentian Violet,1273,793,181,39,23,16
22381,84-16-2,Hexestrol,1372,483,223,29,14,15
42490,2031-67-6,Triethoxymethylsilane,592,5,5,4,4,0
39336,28434-00-6,S-Bioallethrin,760,211,40,27,11,16
37714,1987-50-4,4-Heptylphenol,987,216,22,23,9,14
26261,13674-87-8,"Tris(1,3-dichloro-2-propyl) phosphate",1104,277,50,33,16,17
41270,58430-94-7,"3,5,5-Trimethylhexyl acetate",607,11,11,8,8,0
24259,2310-17-0,Phosalone,1088,238,73,21,14,7
20108,50-78-2,Aspirin,1274,29,29,9,9,0
25599,6317-18-6,Methylene bis(thiocyanate),996,472,62,36,14,22
23216,6893-02-3,"3,5,3'-Triiodothyronine",1145,208,208,27,27,0
22312,1806-26-4,4-Octylphenol,727,209,23,28,9,19
23380,68-22-4,Norethindrone,1315,262,172,24,18,6
24913,124-18-5,Decane,986,12,12,4,4,0
37094,68392-35-8,4-Hydroxytamoxifen,1117,484,183,30,17,13
22111,709-98-8,"N-(3,4-Dichlorophenyl)propanamide",1057,149,36,24,12,12
25680,4376-20-9,Mono(2-ethylhexyl) phthalate,785,91,91,17,17,0
47347,155990-20-8,SR271425,719,377,53,35,9,26
22253,10453-86-8,Resmethrin,1010,179,41,20,13,7
32398,131341-86-1,Fludioxonil,799,247,38,29,10,19
40002,131-70-4,Monobutyl phthalate,715,12,12,8,8,0
32651,51707-55-2,Thidiazuron,723,154,18,29,7,22
34962,153719-23-4,Thiamethoxam,737,10,10,6,6,0
26684,101-86-0,2-(Phenylmethylene)octanal,969,106,8,13,3,10
34545,110488-70-5,Dimethomorph,784,132,43,16,10,6
20541,57-41-0,"5,5-Diphenylhydantoin",1247,56,56,9,9,0
40362,50-65-7,5-Chloro-N-(2-chloro-4-nitrophenyl)-2-hydroxybenzamide,1002,399,84,32,15,17
21961,119-61-9,Benzophenone,1233,42,42,11,11,0
32649,7696-12-0,Tetramethrin,1002,157,17,19,9,10
37495,1007-28-9,Deisopropylatrazine,749,24,24,13,13,0
24182,109-86-4,2-Methoxyethanol,897,7,7,4,4,0
23907,205-99-2,Benzo(b)fluoranthene,1002,217,55,30,19,11
20426,99-30-9,Dichloran,1044,208,17,29,7,22
32464,41198-08-7,Profenofos,755,126,44,17,11,6
21256,599-79-1,Sulfasalazine,1229,94,11,15,7,8
32572,23031-36-9,Prallethrin,824,226,37,23,11,12
32113,107534-96-3,Tebuconazole,1067,216,71,29,14,15
21166,51-03-6,Piperonyl butoxide,1001,142,40,21,10,11
32549,126833-17-8,Fenhexamid,720,114,36,14,10,4
25219,25155-30-0,Sodium dodecylbenzenesulfonate,1093,326,66,33,17,16
22455,131-11-3,Dimethyl phthalate,1055,6,6,3,3,0
32548,114369-43-6,"4-(4-Chlorophenyl)-2-phenyl-2-(1H-1,2,4-triazol-1-ylmethyl)butyronitrile",741,202,41,29,9,20
48182,712-50-5,Cyclohexylphenylketone,926,56,56,9,9,0
32470,31218-83-4,Propetamphos,717,108,108,20,20,0
20365,59865-13-3,Cyclosporin A,912,309,120,16,11,5
21385,133-07-3,Folpet,998,295,27,21,9,12
24211,15299-99-7,Napropamide,1065,186,23,27,9,18
40722,2433-14-9,4-Cyclohexylcyclohexanol,982,83,4,11,1,10
33923,32809-16-8,Procymidone,1346,88,88,13,13,0
32667,66230-04-4,Es-fenvalerate,747,124,37,21,11,10
20152,100-51-6,Benzyl alcohol,1053,7,7,4,4,0
20819,950-37-8,Methidathion,712,89,89,16,16,0
24048,43222-48-6,Difenzoquat metilsulfate,979,201,51,32,15,17
20347,56-72-4,Coumaphos,1369,285,66,31,11,20
22162,1689-84-5,Bromoxynil,959,218,16,30,13,17
20431,106-46-7,"1,4-Dichlorobenzene",1038,3,3,2,2,0
20811,7487-94-7,Mercuric chloride,1085,624,117,27,12,15
26031,151-21-3,Sodium dodecyl sulfate,1231,216,26,30,11,19
32562,113-48-4,Octylbicycloheptenedicarboximide,809,188,32,28,10,18
32365,1194-65-6,"2,6-Dichlorobenzonitrile",706,15,15,6,6,0
24304,74051-80-2,Sethoxydim,722,41,41,11,11,0
20686,58-89-9,Lindane,996,107,43,18,10,8
47371,725228-45-5,AVE5638,725,418,119,33,21,12
47251,145742-28-5,CP-122721,711,275,71,29,15,14
24154,36734-19-7,Iprodione,1037,131,131,23,23,0
23871,33089-61-1,Amitraz,1236,260,22,21,5,16
21600,111-14-8,Heptanoic acid,955,5,5,2,2,0
32359,121552-61-2,Cyprodinil,695,182,53,21,11,10
41306,131-55-5,"2,2',4,4'-Tetrahydroxybenzophenone",1330,245,245,19,19,0
22448,51218-45-2,Metolachlor,1050,125,125,18,18,0
24245,40487-42-1,Pendimethalin,1022,167,49,18,10,8
21641,112-05-0,Nonanoic acid,968,11,11,5,5,0
40707,33228-44-3,4-Pentylaniline,963,102,17,16,7,9
21395,1582-09-8,Trifluralin,1059,116,31,17,10,7
20515,68-12-2,"N,N-Dimethylformamide",968,4,4,1,1,0
20420,23950-58-5,Propyzamide,1032,92,92,15,15,0
21992,82385-42-0,Sodium saccharin hydrate,694,4,4,2,2,0
33836,104-40-5,4-Nonylphenol,1234,315,32,28,10,18
27204,556-61-6,Methyl isothiocyanate,956,37,37,10,10,0
20450,115-32-2,Dicofol,713,280,42,33,14,19
37185,19774-82-4,Amiodarone hydrochloride,806,402,81,37,18,19
44203,112529-15-4,Pioglitazone hydrochloride,988,139,35,29,13,16
40701,77-93-0,Triethyl citrate,690,7,7,3,3,0
47367,328392-46-7,HMR1171,289,151,16,17,10,7
32640,95737-68-1,Pyriproxyfen,728,114,16,20,9,11
24261,732-11-6,Phosmet,1274,117,117,17,17,0
21268,122-34-9,Simazine,1243,30,30,12,12,0
32525,149877-41-8,Bifenazate,706,108,40,15,9,6
34210,29091-21-2,Prodiamine,712,312,53,28,11,17
21311,732-26-3,"2,4,6-Tris(tert-butyl)phenol",985,159,37,24,12,12
24266,29232-93-7,Pirimiphos-methyl,747,153,36,21,10,11
47342,NOCAS_47342,SR125047,728,337,62,36,16,20
32488,117718-60-2,Thiazopyr,702,112,40,14,11,3
24109,66332-96-5,Flutolanil,706,100,19,16,7,9
32556,117337-19-6,Fluthiacet-methyl,693,48,48,13,13,0
34303,81406-37-3,Fluroxypyr-meptyl,693,138,14,19,6,13
23951,5234-68-4,Carboxin,965,94,94,23,23,0
24035,94-82-6,"2,4-Dichlorophenoxybutyric acid",704,32,32,13,13,0
24204,21087-64-9,Metribuzin,966,31,31,9,9,0
21322,97-77-8,Tetraethylthiuram disulfide,1349,544,258,26,14,12
27205,556-67-2,Octamethylcyclotetrasiloxane,953,10,10,5,5,0
24242,76738-62-0,Paclobutrazol,982,103,48,19,11,8
21952,115-86-6,Triphenyl phosphate,1049,219,60,29,16,13
20022,50594-66-6,Acifluorfen,978,54,54,16,16,0
47381,NOCAS_47381,AVE8923,679,343,86,24,16,8
24882,66-81-9,Cycloheximide,1475,419,35,34,8,26
32578,59669-26-0,Thiodicarb,705,193,55,23,14,9
34676,42509-80-8,Isazofos,711,102,102,21,21,0
47362,NOCAS_47362,SSR150106,704,262,96,29,15,14
20877,90-12-0,1-Methylnaphthalene,948,3,3,2,2,0
32393,72490-01-8,Fenoxycarb,688,181,14,29,5,24
24234,27314-13-2,Norflurazon,964,92,92,16,16,0
34223,119168-77-3,Tebufenpyrad,706,316,125,34,26,8
21105,82-68-8,Fartox,960,114,15,18,6,12
47257,127308-82-1,Zamifenacin,708,280,84,30,20,10
40716,5349-51-9,4-(2-Methylbutan-2-yl)cyclohexanol,964,59,19,5,2,3
23899,1861-40-1,Benfluralin,965,86,21,13,9,4
34580,26225-79-6,Ethofumesate,695,138,18,27,5,22
23848,34256-82-1,Acetochlor,1028,211,46,26,11,15
21160,1918-02-1,Picloram,1218,25,25,7,7,0
24902,533-74-4,Dazomet,960,263,38,17,7,10
40001,4376-18-5,Monomethyl phthalate,721,14,14,7,7,0
34948,112410-23-8,Tebufenozide,697,100,9,16,4,12
32376,87674-68-8,Dimethenamid,868,116,42,19,12,7
24272,7287-19-6,Prometryn,968,88,88,22,22,0
34881,124495-18-7,Quinoxyfen,705,199,18,26,8,18
20226,10108-64-2,Cadmium chloride,811,425,168,19,15,4
21301,54965-24-1,Tamoxifen citrate,1249,710,102,36,19,17
20089,101-05-3,Anilazine,714,39,39,14,14,0
27932,27323-41-7,Dodecylbenzene sulfonate triethanolamine(1:1),709,175,32,26,13,13
22020,314-40-9,Bromacil,704,66,66,20,20,0
47263,349495-42-7,PharmaGSID_47263,697,57,13,13,6,7
32655,131983-72-7,Triticonazole,798,98,98,15,15,0
34401,69327-76-0,Buprofezin,701,233,33,32,10,22
24175,57837-19-1,Metalaxyl,1237,33,33,7,7,0
32554,87546-18-7,Flumiclorac-pentyl,701,74,15,12,5,7
32615,98967-40-9,Flumetsulam,714,10,10,5,5,0
21086,23135-22-0,Oxamyl,973,51,51,12,12,0
34665,81334-34-1,Imazapyr,709,8,8,4,4,0
47353,NOCAS_47353,SSR 241586 HCl,710,424,65,35,12,23
32537,7173-51-5,Didecyldimethylammonium chloride,716,437,112,33,19,14
22265,15972-60-8,Alachlor,950,162,39,17,11,6
32555,103361-09-7,Flumioxazin,698,71,71,18,18,0
22267,16752-77-5,Methomyl,692,19,19,10,10,0
34612,69806-50-4,Fluazifop-butyl,685,20,20,8,8,0
24159,82558-50-7,Isoxaben,973,122,62,21,14,7
47262,207736-05-8,CI-1029,702,55,55,19,19,0
26523,87-90-1,Symclosene,945,17,17,7,7,0
24299,78587-05-0,Hexythiazox,710,196,32,29,9,20
23869,834-12-8,Ametryn,960,67,67,22,22,0
34973,87820-88-0,Tralkoxydim,697,40,9,12,3,9
32337,33629-47-9,Butralin,726,139,24,17,6,11
32497,55335-06-3,Triclopyr,679,23,23,9,9,0
34528,145701-21-9,Diclosulam,708,53,53,17,17,0
20620,55-38-9,Fenthion,1310,163,48,22,12,10
23878,120-12-7,Anthracene,965,45,45,13,13,0
20628,2164-17-2,Fluometuron,955,43,43,14,14,0
23742,81-81-2,Warfarin,1026,46,46,13,13,0
47341,264618-44-2,SSR146977,710,193,39,29,11,18
32392,66441-23-4,Fenoxaprop-ethyl,684,69,4,19,3,16
20792,123-33-1,Maleic hydrazide,941,8,8,4,4,0
34252,149979-41-9,Tepraloxydim,685,8,8,4,4,0
34877,53112-28-0,Pyrimethanil,681,58,58,13,13,0
34586,153233-91-1,Etoxazole,709,211,40,25,12,13
32628,161050-58-4,Methoxyfenozide,692,69,35,11,8,3
34465,210880-92-5,Clothianidin,726,24,24,15,15,0
34855,79241-46-6,Butyl (2R)-2-(4-{[5-(trifluoromethyl)pyridin-2-yl]oxy}phenoxy)propanoate,697,32,2,10,2,8
22331,89-72-5,2-(Butan-2-yl)phenol,958,38,9,9,3,6
24101,101200-48-0,Tribenuron-methyl,540,13,13,10,10,0
47351,464930-42-5,SSR 240612,679,352,51,31,14,17
34503,122008-85-9,Cyhalofop-butyl,683,46,7,13,4,9
20194,10043-35-3,Boric acid (H3BO3),1059,4,4,4,4,0
32532,128639-02-1,Carfentrazone-ethyl,690,67,24,15,4,11
20930,54-11-5,(-)-Nicotine,973,19,19,8,8,0
34456,87818-31-3,Cinmethylin,694,79,20,16,8,8
23588,50-70-4,D-Glucitol,812,6,6,3,3,0
23733,99-66-1,Valproic acid,1242,21,21,6,6,0
24239,19666-30-9,Oxadiazon,1035,263,45,30,9,21
40713,1034-01-1,Octyl gallate,740,357,91,32,21,11
34872,1698-60-8,Chloridazon,689,18,18,6,6,0
20764,101-21-3,Chlorpropham,973,90,31,15,12,3
34803,219714-96-2,Penoxsulam,869,53,53,12,12,0
34818,35575-96-3,Azamethiphos,680,162,18,22,11,11
34618,188489-07-8,Flufenpyr-ethyl,678,22,22,6,6,0
47377,NOCAS_47377,AVE6324,693,363,40,26,14,12
21948,114-26-1,Propoxur,950,42,42,12,12,0
32577,79538-32-2,Tefluthrin,725,97,44,14,6,8
47389,433212-21-6,SAR 150640,718,270,59,27,17,10
20232,58-08-2,Caffeine,963,55,6,10,4,6
20205,85-68-7,Benzyl butyl phthalate,1064,118,16,16,6,10
38732,123-25-1,Diethyl butanedioate,675,19,19,13,13,0
20242,2425-06-1,Captafol,976,418,85,33,19,14
47542,117428-22-5,Picoxystrobin,736,329,90,33,15,18
22366,50-27-1,Estriol,1015,98,98,11,11,0
23901,25057-89-0,Bentazone,954,26,26,11,11,0
47357,288104-79-0,Surinabant,690,268,51,32,15,17
34816,6923-22-4,Monocrotophos,705,13,13,7,7,0
32356,1134-23-2,Cycloate,708,23,23,8,8,0
20215,25013-16-5,Butylated hydroxyanisole,551,52,24,13,7,6
20508,75-60-5,Dimethylarsinic acid,673,32,32,8,8,0
32683,7786-34-7,Mevinphos,676,38,38,15,15,0
34930,98886-44-3,Fosthiazate,715,41,41,15,15,0
23999,66215-27-8,Cyromazine,1209,19,19,6,6,0
29221,1702-17-6,Clopyralid,938,18,18,5,5,0
32327,22781-23-3,Bendiocarb,951,73,34,13,11,2
20458,2921-88-2,Chlorpyrifos,996,232,49,21,16,5
27923,27176-87-0,Dodecylbenzenesulfonic acid,690,288,64,32,17,15
32355,81777-89-1,Clomazone,691,53,53,12,12,0
23890,3337-71-1,Asulam,939,8,8,6,6,0
24002,39515-41-8,Fenpropathrin,973,136,52,18,14,4
24338,23564-05-8,Thiophanate-methyl,951,91,14,17,5,12
47311,NOCAS_47311,GSK163929B,681,248,26,30,9,21
34849,25606-41-1,Propamocarb hydrochloride,671,8,8,8,8,0
32569,23103-98-2,Pirimicarb,702,42,42,13,13,0
32459,298-02-2,Phorate,716,75,75,11,11,0
21196,139-40-2,"2,4-Bis(isopropylamino)-6-chloro-1,3,5-triazine",950,52,52,14,14,0
34265,57754-85-5,Clopyralid-olamine,688,13,13,8,8,0
23990,21725-46-2,Cyanazine,965,44,44,14,14,0
24018,1918-00-9,Dicamba,934,7,7,5,5,0
20440,120-36-5,Dichlorprop,951,13,13,6,6,0
32581,156052-68-5,Zoxamide,681,298,70,32,13,19
24195,94-74-6,2-(4-Chloro-2-methylphenoxy)acetic acid,946,24,24,10,10,0
32405,23422-53-9,Formetanate hydrochloride,685,72,11,11,4,7
24337,28249-77-6,Thiobencarb,946,85,31,14,9,5
22959,577-11-7,Docusate sodium,1127,466,48,31,14,17
32379,97886-45-8,Dithiopyr,743,154,39,23,7,16
23936,2008-41-5,Butylate,674,8,8,5,5,0
24489,2835-95-2,5-Amino-2-methylphenol,684,61,24,16,9,7
22927,69655-05-6,Didanosine,1210,23,23,8,8,0
34627,69377-81-7,Fluroxypyr,687,8,8,6,6,0
43709,4449-51-8,Cyclopamine,692,89,15,17,12,5
24317,5902-51-2,Terbacil,942,48,48,13,13,0
27397,1338-43-8,"Sorbitan, mono-(9Z)-9-octadecenoate",765,12,12,6,6,0
22731,298-46-4,Carbamazepine,1206,47,47,12,12,0
47320,180084-01-9,SB236057A,697,378,63,32,17,15
47290,402910-27-4,UK-416244,691,152,41,21,10,11
22522,84-69-5,Diisobutyl phthalate,978,124,33,16,9,7
47315,444610-91-7,PharmaGSID_47315,667,385,66,33,16,17
40371,140-56-7,Fenaminosulf,677,104,24,23,7,16
40222,199119-58-9,Trifloxysulfuron-sodium,674,27,27,11,11,0
20249,1563-66-2,Carbofuran,967,66,66,15,15,0
34227,119515-38-7,Icaridin,864,17,17,8,8,0
47379,1437319-51-1,"3-Chloro-2-((3R)-5-chloro-1-(2,4-dimethoxybenzyl)-3-methyl-2-oxo-2,3-dihydro-1H-indol-3-yl)-N-ethyl-N-(3-pyridinylmethyl)benzamide hydrochloride (1:1)",676,306,60,30,14,16
34773,116714-46-6,Novaluron,685,29,29,9,9,0
32553,62924-70-3,Flumetralin,751,177,45,25,10,15
20140,532-32-1,Sodium benzoate,690,0,0,0,0,0
24145,51235-04-2,Hexazinone,931,14,14,8,8,0
20027,79-06-1,Acrylamide,971,15,15,6,6,0
24729,10605-21-7,Carbendazim,970,125,3,17,2,15
23881,74115-24-5,Clofentezine,959,64,64,16,16,0
26665,100-54-9,3-Pyridinecarbonitrile,948,3,3,3,3,0
21209,51-52-5,6-Propyl-2-thiouracil,1294,33,33,9,9,0
44337,NOCAS_44337,Diquat-d4 dibromide,267,42,13,11,5,6
21976,122-99-6,2-Phenoxyethanol,1271,9,9,3,3,0
23889,76578-14-8,Quizalofop-ethyl,947,61,13,18,8,10
32547,2593-15-9,Etridiazole,689,88,88,22,22,0
24287,81335-77-5,Imazethapyr,947,6,6,5,5,0
34664,114311-32-9,Imazamox,705,8,8,5,5,0
34864,181274-15-7,Propoxycarbazone-sodium,668,16,16,7,7,0
34573,97780-06-8,Ethametsulfuron-methyl,267,16,16,7,7,0
23914,141-66-2,Dicrotophos,704,15,15,9,9,0
40755,113776-20-8,Fenoxaprop-(2S)-ethyl,267,26,16,11,9,2
22000,141-43-5,Ethanolamine,667,5,5,4,4,0
23556,68-26-8,Retinol,1020,207,45,21,12,9
34871,129630-19-9,Pyraflufen-ethyl,680,39,39,12,12,0
32645,122836-35-5,Sulfentrazone,669,31,31,9,9,0
23864,74223-64-6,Metsulfuron-methyl,614,15,15,6,6,0
24316,34014-18-1,Tebuthiuron,928,16,16,5,5,0
34232,101-10-0,2-(m-Chlorophenoxy)propionic acid,685,18,18,9,9,0
47303,179465-71-5,CJ-013790,702,207,34,32,14,18
24431,1646-75-9,Aldicarb oxime,665,4,4,4,4,0
34673,144550-36-7,Iodosulfuron methyl ester sodium salt,684,17,17,6,6,0
34365,134605-64-4,Butafenacil,678,74,32,14,9,5
22524,50-35-1,Thalidomide,935,6,6,3,3,0
34270,104098-48-8,Imazapic,668,9,9,6,6,0
24216,1929-82-4,Nitrapyrin,934,24,8,7,1,6
24085,16672-87-0,2-Cloroethylphosphonic acid,929,21,11,9,7,2
32463,86209-51-0,Primisulfuron-methyl,264,10,10,6,6,0
32673,123343-16-8,Pyrithiobac sodium,680,7,7,5,5,0
20537,147-24-0,Diphenhydramine hydrochloride,1046,144,74,23,17,6
24888,6055-19-2,Cyclophosphamide monohydrate,1190,12,12,3,3,0
47598,41481-66-7,"4,4'-Sulfonylbis[2-(prop-2-en-1-yl)phenol]",770,335,84,33,14,19
34364,144651-06-9,Oxasulfuron,263,17,17,7,7,0
25895,101-54-2,"N-Phenyl-1,4-benzenediamine",949,259,48,26,15,11
24793,2675-77-6,Chloroneb,675,20,20,5,5,0
32544,136-45-8,"Dipropyl 2,5-pyridinedicarboxylate",666,23,23,8,8,0
24152,81335-37-7,Imazaquin,925,15,15,7,7,0
47363,139290-65-6,Volinanserin,695,106,42,22,11,11
25438,127-07-1,Hydroxyurea,936,18,18,9,9,0
22053,534-52-1,"4,6-Dinitro-o-cresol",931,295,58,33,17,16
20462,111-46-6,Diethylene glycol,925,4,4,4,4,0
23796,140-64-7,Pentamidine isethionate,1211,326,80,31,17,14
24345,82097-50-5,Triasulfuron,611,20,20,7,7,0
26132,83-67-0,Theobromine,924,4,4,4,4,0
20370,1596-84-5,Daminozide,953,9,9,4,4,0
32610,80844-07-1,Etofenprox,692,68,68,13,13,0
34490,420-04-2,Cyanamide,759,6,6,5,5,0
32641,84087-01-4,Quinclorac,661,5,5,3,3,0
47264,171866-31-2,CP-283097,690,39,39,11,11,0
20634,51-21-8,5-Fluorouracil,1210,170,8,23,2,21
38321,3739-38-6,3-Phenoxybenzoic acid,667,14,14,7,7,0
32502,126535-15-7,Triflusulfuron-methyl,260,20,20,6,6,0
25805,26530-20-1,2-n-Octyl-4-isothiazolin-3-one,957,498,84,32,15,17
34712,208465-21-8,Mesosulfuron-methyl,260,3,3,2,2,0
32642,122931-48-0,Rimsulfuron,496,21,21,8,8,0
34496,127277-53-6,Prohexadione-calcium,262,4,4,3,3,0
20755,54-85-3,Isoniazid,1189,32,32,7,7,0
47333,NOCAS_47333,PharmaGSID_47333,692,69,34,18,11,7
42416,1191-50-0,Sodium myristyl sulfate,669,192,43,25,14,11
47310,196808-45-4,Farglitazar,748,358,79,33,17,16
26900,112-00-5,Dodecyltrimethylammonium chloride,944,399,62,34,13,21
34650,100784-20-1,Halosulfuron-methyl,256,12,12,5,5,0
47339,181640-09-5,SR144190,674,112,31,19,7,12
24164,83055-99-6,Bensulfuron-methyl,602,11,11,5,5,0
34753,173159-57-4,Foramsulfuron,255,3,3,2,2,0
47565,2043-57-4,"1H,1H,2H,2H-Perfluorooctyl iodide",694,5,5,5,5,0
25363,79-14-1,Glycolic acid,540,7,7,2,2,0
34286,26172-55-4,5-Chloro-2-methyl-3(2H)-isothiazolone,747,104,40,14,7,7
47364,1075752-90-7,SSR 103800,674,243,52,33,16,17
24845,64-86-8,Colchicine,1236,286,37,30,8,22
20453,60-57-1,Dieldrin,700,219,99,27,24,3
47391,1068967-96-3,SAR102608,669,99,22,22,6,16
47259,149062-75-9,"1,3-Dichloro-6,7,8,9,10,12-hexahydroazepino[2,1-b]quinazoline hydrochloride (1:1)",673,87,23,14,7,7
27983,34590-94-8,Dipropylene glycol monomethyl ether,917,13,13,7,7,0
26081,79-94-7,"3,3',5,5'-Tetrabromobisphenol A",1384,528,102,33,18,15
23719,97322-87-7,Troglitazone,1000,325,85,31,18,13
47266,230954-09-3,CP-544439,655,69,9,20,6,14
47348,742693-38-5,SSR504734,671,280,33,30,10,20
20336,637-07-0,Clofibrate,1207,27,27,12,12,0
40742,124-94-7,Triamcinolone,935,83,83,13,13,0
47349,NOCAS_47349,AVE8488,644,196,33,28,13,15
20663,56-81-5,Glycerol,1010,8,8,4,4,0
24955,110-05-4,Di-tert-butyl peroxide,918,3,3,3,3,0
29874,49562-28-9,Fenofibrate,938,179,33,23,15,8
47288,203942-49-8,UK-337312,682,393,56,34,18,16
47592,484-17-3,9-Phenanthrol,737,343,37,23,13,10
47387,NOCAS_47387,SAR102779,676,323,46,28,12,16
21028,55-18-5,N-Nitrosodiethylamine,933,9,9,5,5,0
27640,6915-15-7,Malic acid,911,9,9,6,6,0
47325,NOCAS_47325,SB413217A,669,111,27,20,7,13
20290,50892-23-4,"[4-Chloro-6-(2,3-xylidino)-2-pyrimidinylthio]acetic acid",1189,78,78,14,14,0
47285,527680-56-4,PHA-00568487,650,12,12,9,9,0
47270,253450-09-8,Besonprodil,667,137,47,27,15,12
24436,25956-17-6,Allura Red C.I.16035,651,86,2,14,2,12
47360,929601-09-2,SR58611,653,186,43,23,12,11
47248,NOCAS_47248,CI-1018,661,112,112,23,23,0
20820,60-56-0,Methimazole,1223,33,33,9,9,0
21217,58-14-0,Pyrimethamine,1184,233,43,24,10,14
24126,1024-57-3,Heptachlor epoxide B,666,197,67,22,17,5
21123,57-30-7,Phenobarbital sodium,695,15,15,8,8,0
20916,2243-62-1,"1,5-Naphthalenediamine",665,97,35,24,13,11
21185,53-03-2,Prednisone,1201,71,71,11,11,0
23645,60-54-8,Tetracycline,675,33,33,12,12,0
47304,135080-03-4,CP-100829,653,300,52,32,16,16
20699,136-77-6,4-Hexylresorcinol,1205,386,56,24,11,13
47359,298198-52-4,"4-Bromophenyl 1,4-diazabicyclo(3.2.2)nonane-4-carboxylate",673,61,61,14,14,0
47272,249296-43-3,CJ-013610,665,234,37,31,10,21
20501,1095-90-5,Methadone hydrochloride,1206,180,57,19,10,9
24289,129-00-0,Pyrene,722,74,13,16,6,10
20262,133-90-4,Chloramben,910,11,11,6,6,0
20069,97-56-3,o-Aminoazotoluene,945,397,131,35,27,8
24460,60-09-3,C.I. Solvent Yellow 1,662,206,37,32,14,18
47337,1061517-62-1,PharmaGSID_47337,669,307,19,34,12,22
47355,189003-92-7,Trelanserin,660,133,47,20,13,7
20679,76-44-8,Heptachlor,936,361,77,25,17,8
27635,6846-50-0,"2,2,4-Trimethyl-1,3-pentanediol diisobutyrate",920,30,4,7,2,5
20627,86386-73-4,Fluconazole,1171,16,16,2,2,0
32523,2634-33-5,"1,2-Benzisothiazolin-3-one",660,272,49,25,12,13
47538,6624-73-3,"Pentane-1,5-diyl dibenzoate",656,83,65,20,18,2
21124,108-95-2,Phenol,1184,5,5,5,5,0
26076,1401-55-4,Tannic acid,724,286,44,33,18,15
21455,1934-21-0,C.I. Acid Yellow 23,1166,97,17,12,7,5
21411,115-96-8,Tris(2-chloroethyl) phosphate,956,14,14,7,7,0
42400,1120-01-0,Sodium hexyldecyl sulfate,650,124,31,22,14,8
47283,368832-42-2,CP-728663,674,156,35,22,12,10
20970,1836-75-5,Nitrofen,1018,148,31,24,11,13
20068,117-79-3,2-Aminoanthraquinone,937,134,54,25,18,7
23235,69-65-8,D-Mannitol,1208,7,7,4,4,0
26193,87-61-6,"1,2,3-Trichlorobenzene",918,4,4,4,4,0
26259,13674-84-5,Tris(2-chloroisopropyl)phosphate,880,41,41,8,8,0
47249,221246-12-4,Fandosentan potassium salt,665,149,14,26,6,20
21206,57-55-6,"1,2-Propylene glycol",987,7,3,4,3,1
47368,344930-95-6,SSR69071,664,231,68,30,14,16
47540,6344-67-8,3-Hydroxyfluorene,717,201,65,20,13,7
47358,439687-69-1,Nelivaptan,678,259,21,33,10,23
41097,85532-75-8,1-(2-Chlorophenyl)-N-methyl-N-(1-methylpropyl)-3-isoquinolinecarboxamide,665,137,44,20,15,5
47271,676116-04-4,PD 0343701,674,372,80,36,15,21
20375,50-29-3,DDT,1290,433,93,31,14,17
22519,59-30-3,Folic acid,927,18,18,7,7,0
47268,104795-68-8,CI-959,662,245,14,29,8,21
32004,13311-84-7,Flutamide,1290,312,47,34,12,22
20485,20325-40-0,C.I. Disperse Black 6 dihydrochloride,917,267,43,27,14,13
24538,1143-38-0,Anthralin,1176,63,63,18,18,0
20582,91-53-2,Ethoxyquin,1017,182,36,23,12,11
21771,80-46-6,4-(2-Methylbutan-2-yl)phenol,1259,202,48,19,8,11
20807,149-30-4,2-Mercaptobenzothiazole,735,99,41,18,12,6
47385,NOCAS_47385,SAR377142,636,116,19,22,8,14
31131,131-18-0,Dipentyl phthalate,1010,98,17,14,7,7
21032,621-64-7,N-Nitrosodi-n-propylamine,917,5,5,3,3,0
21125,77-09-8,Phenolphthalein,1221,349,50,30,13,17
25453,123-92-2,3-Methylbutyl acetate,897,5,5,2,2,0
23826,4098-71-9,Isophorone diisocyanate,908,26,26,11,11,0
38298,5315-79-7,1-Hydroxypyrene,748,253,57,25,18,7
25486,51-30-9,Isoproterenol hydrochloride,918,110,70,19,17,2
23581,79902-63-9,Simvastatin,966,250,87,27,15,12
40788,121-00-6,2-tert-Butyl-4-methoxyphenol,657,74,74,13,13,0
25178,102-06-7,"1,3-Diphenylguanidine",929,118,13,18,8,10
24652,52-51-7,Bronopol,734,192,23,19,7,12
27494,2687-25-4,"2,3-Diaminotoluene",918,162,162,29,29,0
47313,263553-33-9,GW473178E methyl benzene sulphonic acid,634,105,105,26,26,0
21218,117-39-5,Quercetin,939,236,36,24,15,9
46970,105624-86-0,"2-(2,6-Diisopropylphenyl)-5-hydroxy-1H-isoindole-1,3-dione",742,339,81,30,17,13
21393,112-27-6,Triethylene glycol,973,8,8,4,4,0
20168,111-44-4,Bis(chloroethyl) ether,911,3,3,2,2,0
21342,97-18-7,Bithionol,1104,568,158,18,13,5
47346,NOCAS_47346,SSR162369,638,32,32,9,9,0
32514,643-79-8,"1,2-Benzenedicarboxaldehyde",910,162,42,19,11,8
20887,91-62-3,6-Methylquinoline,912,7,7,4,4,0
20283,95-83-0,"4-Chloro-1,2-diaminobenzene",921,262,54,33,12,21
20529,121-14-2,"2,4-Dinitrotoluene",897,31,31,10,10,0
24359,95-95-4,"2,4,5-Trichlorophenol",1060,205,32,19,12,7
47327,313994-79-5,MK-578,632,94,17,18,7,11
21126,92-84-2,Phenothiazine,1018,160,17,23,7,16
23950,55285-14-8,Carbosulfan,898,191,38,20,15,5
20740,53-86-1,Indomethacin,1193,79,79,15,15,0
47383,1437319-46-4,AVE3247,630,25,25,10,10,0
20784,75330-75-5,Lovastatin,1234,339,74,28,13,15
47252,186392-65-4,Ingliforib,635,80,3,15,2,13
20189,3844-45-9,FD&C Blue No. 1,650,98,13,18,11,7
20510,57-97-6,"7,12-Dimethylbenz[a]anthracene",1009,431,81,31,15,16
21097,2058-46-0,Oxytetracycline hydrochloride,1027,51,51,13,13,0
47369,221671-62-1,SR146131 trifluoroacetate (1:1),636,374,87,34,20,14
20867,838-88-0,"4,4'-Methylenebis(o-toluidine)",931,92,92,15,15,0
29871,23593-75-1,Clotrimazole,946,471,103,35,16,19
24254,85-01-8,Phenanthrene,992,58,13,10,5,5
20921,91-59-8,2-Naphthylamine,923,79,79,20,20,0
47280,289716-94-5,CP-607366,645,202,21,27,10,17
27050,128-04-1,Sodium dimethyldithiocarbamate,928,222,30,19,7,12
20267,57-74-9,"Octachloro-4,7-methanotetrahydroindane",672,309,86,28,18,10
47261,177785-47-6,"(2S,3S)-3-Methyl-2-(3-oxo-1,2-benzothiazol-2(3H)-yl)pentanoic acid",629,29,6,10,4,6
47307,501027-49-2,PD-0333941,653,140,23,30,12,18
20910,55-98-1,Busulfan,1178,38,38,10,10,0
22991,114-07-8,Erythromycin,818,14,14,7,7,0
47372,478263-98-8,AVE3295,633,94,28,22,10,12
21094,101-80-4,"4,4'-Oxydianiline",913,61,61,13,13,0
22817,1260-17-9,Carminic acid,909,112,8,16,6,10
20220,1948-33-0,tert-Butylhydroquinone,1194,271,56,21,15,6
47284,478149-53-0,"(R)-N-(Quinuclidin-3-yl)furo(2,3-C)pyridine-5-carboxamide",643,21,21,8,8,0
44581,96-70-8,2-tert-Butyl-4-ethylphenol,652,157,9,20,5,15
22588,54-62-6,Aminopterin,735,91,9,14,3,11
26265,3319-31-1,Tris(2-ethylhexyl) trimellitate,950,31,31,3,3,0
29879,65277-42-1,Ketoconazole,745,373,58,37,18,19
26602,96-76-4,"2,4-Di-tert-butylphenol",900,385,58,25,16,9
44520,1176-74-5,Tetrabromophenolphthalein ethyl ester,584,290,103,18,12,6
21237,50-55-5,Reserpine,1236,383,50,31,13,18
23300,83-43-2,Methylprednisolone,847,73,73,11,11,0
26214,101-20-2,Triclocarban,1197,415,41,35,12,23
26303,125-31-5,p-Xylenol blue,835,103,13,9,5,4
20972,67-20-9,Nitrofurantoin,1158,198,11,24,5,19
47278,214535-77-0,CP-457677,642,51,51,13,13,0
20392,131-17-9,Diallyl phthalate,985,66,66,11,11,0
26156,584-84-9,"Toluene 2,4-diisocyanate",901,81,5,21,5,16
21464,137-30-4,Ziram,929,533,145,34,16,18
42209,4455-26-9,N-Methyldioctylamine,641,16,16,10,10,0
47344,159138-81-5,Cariporide mesylate,645,77,77,20,20,0
21864,105-67-9,"2,4-Dimethylphenol",902,21,21,10,10,0
21201,121-79-9,Gallic acid n-propyl ester,981,151,33,22,15,7
22174,2104-64-5,O-Ethyl O-(p-nitrophenyl phenyl)phosphonothioate,675,104,39,23,12,11
37752,744-45-6,Diphenyl isophthalate,661,33,33,10,10,0
26564,94-28-0,Triethylene glycol bis(2-ethylhexanoate),919,47,2,11,2,9
37208,15307-79-6,Diclofenac sodium,893,82,16,15,8,7
24059,119-93-7,"3,3'-Dimethylbenzidine",968,114,114,18,18,0
27924,27178-16-1,Diisodecyl hexanedioate,884,12,12,7,7,0
24065,99-65-0,"1,3-Dinitrobenzene",722,21,21,9,9,0
47305,NOCAS_47305,CP-608039,626,8,8,7,7,0
41248,88-58-4,"2,5-Di-tert-butylbenzene-1,4-diol",724,263,46,29,15,14
47338,262376-75-0,HMR1426,666,182,78,32,26,6
23652,154-42-7,6-Thioguanine,1268,294,28,27,8,19
52148,5124-25-4,C.I.Disperse Yellow 42,222,174,20,9,5,4
22403,131-53-3,"2,2′-Dihydroxy-4-methoxybenzophenone",751,94,22,13,6,7
21834,100-02-7,4-Nitrophenol,897,61,5,13,4,9
24930,496-72-0,"3,4-Diaminotoluene",925,125,22,21,9,12
22413,97-54-1,Isoeugenol,1164,55,55,13,13,0
20284,61702-44-1,"2-Chloro-1,4-diaminobenzene sulfate (1:1)",832,316,84,17,13,4
41623,15310-01-7,Benodanil,637,88,88,20,20,0
29241,2772-45-4,"2,4-Bis(1-methyl-1-phenylethyl)phenol",929,506,82,33,17,16
47525,81131-70-6,Pravastatin sodium,769,39,39,13,13,0
34972,89-83-8,Thymol,904,29,29,11,11,0
20597,107-21-1,Ethylene glycol,889,18,8,7,6,1
47138,98-06-6,tert-Butylbenzene,625,7,7,3,3,0
47286,123122-55-4,Candoxatril,623,19,3,5,2,3
25881,95-54-5,"1,2-Phenylenediamine",664,172,14,29,10,19
26967,120-55-8,Diethylene glycol dibenzoate,897,31,31,8,8,0
25091,119-90-4,C.I. Disperse Black 6,900,106,106,19,19,0
25293,149-57-5,2-Ethylhexanoic acid,888,8,8,5,5,0
44400,1643-19-2,Tetrabutylammonium bromide,484,29,29,10,10,0
47533,89-04-3,Tri-n-octyl trimellitate,624,10,10,6,6,0
20311,150-68-5,Monuron,895,21,21,7,7,0
44997,88-27-7,"2,6-Di-tert-butyl-4-[(dimethylamino)methyl]phenol",568,71,11,11,5,6
42521,148-01-6,Zoalene,747,13,13,8,8,0
24157,33820-53-0,Isopropalin,889,151,27,23,14,9
20944,59-87-0,Nitrofurazone,1151,121,36,23,17,6
44836,1470-79-7,"2,4,4'-Trihydroxybenzophenone",897,147,49,15,11,4
44354,102-79-4,N-Butyldiethanolamine,568,11,11,4,4,0
36299,7378-99-6,"N,N-Dimethyloctylamine",633,8,8,6,6,0
24104,206-44-0,Fluoranthene,962,106,19,16,6,10
44890,2467-03-0,2-[(4-Hydroxyphenyl)methyl]phenol,832,73,11,11,6,5
47287,197077-55-7,UK-333747,637,18,18,5,5,0
47294,668981-02-0,CP-863187,638,116,38,26,14,12
26974,120-95-6,"2,4-Di-tert-pentylphenol",917,411,39,25,15,10
47394,NOCAS_47394,Grinstad Soft-N-Safe,630,32,32,13,13,0
47322,200940-23-4,SB243213A,656,189,27,30,9,21
37731,3236-71-3,"4,4'-(9H-Fluorene-9,9-diyl)diphenol",568,392,163,20,11,9
47258,124378-77-4,Enadoline,656,52,52,13,13,0
21386,88-06-2,"2,4,6-Trichlorophenol",898,42,42,11,11,0
24063,576-26-1,"2,6-Dimethylphenol",888,11,11,7,7,0
27236,602-01-7,"2,3-Dinitrotoluene",640,59,59,14,14,0
27991,36653-82-4,1-Hexadecanol,886,22,22,10,10,0
20207,88-85-7,Dinoseb,913,256,94,35,29,6
32291,85117-22-2,Yohimbe bark extract,220,97,97,2,2,0
21277,110-44-1,"2E,4E-Hexadienoic acid",964,28,28,11,11,0
39719,10124-37-5,"Nitric acid, calcium salt (2:1)",482,6,6,4,4,0
44764,103-48-0,2-Phenylethyl 2-methylpropanoate,566,4,4,3,3,0
36541,145-13-1,Pregnenolone,845,88,25,11,7,4
47328,NOCAS_47328,"Potassium 5-carbamoyl-3-[5'-fluoro-2'-(2,2,3,3,3-pentafluoropropoxy)-3-biphenylyl]-1,2,4-triazol-1-ide hydrate (1:1:1)",659,308,51,29,15,14
20241,404-86-4,Capsaicin,563,70,4,12,3,9
47366,NOCAS_47366,SAR115740,661,320,93,35,20,15
47201,20665-85-4,4-Formyl-2-methoxyphenyl isobutyrate,569,9,9,5,5,0
47330,NOCAS_47330,PharmaGSID_47330,676,203,51,28,17,11
44791,122-63-4,Benzyl propanoate,569,3,3,3,3,0
21754,77-71-4,"5,5-Dimethylhydantoin",884,7,7,3,3,0
44352,101-41-7,Methyl phenylacetate,570,4,4,4,4,0
44427,4394-85-8,4-Morpholinecarboxaldehyde,571,4,4,3,3,0
47308,158081-99-3,CP-105696,631,222,30,26,14,12
44961,59719-67-4,"Bis{2-[2-(propan-2-yl)-1,3-oxazolidin-3-yl]ethyl} hexane-1,6-diylbiscarbamate",482,15,15,8,8,0
20142,91-76-9,"6-Phenyl-1,3,5-triazine-2,4-diamine",837,11,11,6,6,0
44934,3923-79-3,"4,5-Dihydroxy-1,3-dimethylimidazolidin-2-one",564,5,5,3,3,0
26728,106-25-2,(Z)-Nerol,914,25,25,7,7,0
44821,5232-99-5,"Ethyl 2-cyano-3,3-diphenylacrylate",844,106,24,12,7,5
21106,87-86-5,Pentachlorophenol,987,329,135,32,27,5
47113,6790-58-5,(-)-Ambroxide,566,139,3,11,3,8
44608,17865-07-5,Propylsilanetriyl triacetate,219,10,10,3,3,0
23938,85-70-1,"1,2-Benzenedicarboxylic acid, 2-butoxy-2-oxoethyl butyl ester",832,32,32,7,7,0
27792,17689-77-9,Ethyltriacetoxysilane,827,28,28,9,9,0
44938,4130-08-9,Ethenylsilanetriyl triacetate,564,23,23,8,8,0
44357,105-13-5,(4-Methoxyphenyl)methanol,569,10,10,6,6,0
40215,20120-33-6,Dimethyl (3-((hydroxymethyl)amino)-3-oxopropyl)phosphonate,445,11,11,4,4,0
47309,162706-14-1,UK-156819,634,38,9,13,6,7
42170,6425-39-4,"4,4'-(Oxydiethylene)bis(morpholine)",482,5,5,2,2,0
40245,56038-13-2,Sucralose,1012,4,4,2,2,0
25301,2461-15-6,2-Ethylhexyl glycidyl ether,827,5,5,4,4,0
26529,88-60-8,2-Tert-Butyl-5-methylphenol,909,145,4,17,3,14
47198,39255-32-8,Ethyl 2-methylpentanoate,569,2,2,2,2,0
44374,122-00-9,p-Methylacetophenone,567,5,5,3,3,0
44755,2705-87-5,Prop-2-en-1-yl 3-cyclohexylpropanoate,569,8,8,3,3,0
20062,99-57-0,2-Amino-4-nitrophenol,829,89,17,14,9,5
44922,3445-11-2,1-(2-Hydroxyethyl)pyrrolidin-2-one,566,16,0,8,0,8
44494,102-20-5,2-Phenylethyl phenylacetate,570,15,15,8,8,0
24062,95-65-8,"3,4-Dimethylphenol",897,16,16,9,9,0
47334,NOCAS_47334,MK-968,643,216,30,32,13,19
20912,389-08-2,Nalidixic acid,1095,8,8,4,4,0
47725,90-17-5,"2,2,2-Trichloro-1-phenylethyl acetate",569,36,1,7,1,6
22332,99-71-8,4-(Butan-2-yl)phenol,987,104,27,12,6,6
47299,NOCAS_47299,CP-422935,633,18,18,6,6,0
40112,106-30-9,Ethyl heptanoate,617,13,13,3,3,0
41376,24602-86-6,"2,6-Dimethyl-4-tridecylmorpholine",636,45,6,12,4,8
20894,90-94-8,Bis(4-(dimethylamino)phenyl)methanone,905,219,72,25,10,15
20895,2385-85-5,Mirex,671,38,38,12,12,0
27982,33703-08-1,Diisononyl adipate,636,8,8,4,4,0
20221,98-54-4,"4-(1,1-Dimethylethyl)phenol",1225,92,24,10,5,5
21135,842-07-9,C.I. Solvent Yellow 14,943,216,81,32,23,9
47281,353280-07-6,CP-612372,636,55,55,12,12,0
20528,606-20-2,"2,6-Dinitrotoluene",895,16,16,6,6,0
20137,92-87-5,"4,4′-Diamino-1,1′-biphenyl",913,75,75,15,15,0
21936,111-69-3,Hexanedinitrile,882,3,3,2,2,0
21643,124-13-0,Octanal,882,13,13,6,6,0
47289,215297-27-1,UK-343664,631,82,82,18,18,0
41847,109-43-3,Dibutyl decanedioate,804,7,7,4,4,0
47331,331623-06-4,MK-547,631,13,13,6,6,0
47296,112733-06-9,Zenarestat,817,59,6,14,4,10
47527,66456-53-9,"Adipic acid, polypropyleneglycol, laurate",620,20,20,5,5,0
25096,627-93-0,Dimethyl adipate,892,4,4,3,3,0
20561,72-20-8,Endrin,751,131,25,26,7,19
47301,210826-40-7,CP-456773,635,41,41,13,13,0
22777,169590-42-5,Celecoxib,1194,443,44,32,11,21
20281,100-00-5,1-Chloro-4-nitrobenzene,879,2,2,2,2,0
20943,99-59-2,5-Nitro-o-anisidine,899,31,31,11,11,0
26252,101-02-0,Triphenyl phosphite,917,16,16,7,7,0
21831,99-08-1,3-Nitrotoluene,880,4,4,2,2,0
22179,2176-62-7,Pentachloropyridine,951,86,15,12,6,6
26224,112-49-2,Triethylene glycol dimethyl ether,622,2,2,2,2,0
21607,142-62-1,Hexanoic acid,880,4,4,3,3,0
22422,101-77-9,"4,4'-Diaminobiphenyl methane",898,52,52,11,11,0
20710,122-66-7,"1,2-Diphenylhydrazine",911,63,7,15,4,11
20105,134-03-2,Sodium L-ascorbate,653,16,16,8,8,0
21780,84-66-2,Diethyl phthalate,974,9,9,4,4,0
25068,84-75-3,Dihexyl phthalate,909,68,11,12,6,6
20961,100-01-6,4-Nitrobenzenamine,621,41,6,5,3,2
20730,148-24-3,8-Hydroxyquinoline,972,265,27,19,9,10
47297,134002-60-1,CP-085958,623,82,82,19,19,0
20685,319-85-7,beta-Hexachlorocyclohexane,881,51,51,10,10,0
21414,78-42-2,Tris(2-ethylhexyl) phosphate,924,70,7,14,2,12
20964,98-95-3,Nitrobenzene,964,9,9,3,3,0
26915,112-42-5,1-Undecanol,889,60,1,13,1,12
47265,NOCAS_47265,CP-471358,636,10,10,5,5,0
20939,139-13-9,Nitrilotriacetic acid,913,13,13,6,6,0
21717,59-50-7,4-Chloro-3-methylphenol,1175,31,31,10,10,0
21544,95-57-8,2-Chlorophenol,875,4,4,3,3,0
25132,83-41-0,"1,2-Dimethyl-3-nitrobenzene",880,7,7,4,4,0
47291,NOCAS_47291,CI-1044,634,49,49,11,11,0
21828,98-86-2,Acetophenone,879,9,9,6,6,0
20716,123-31-9,Hydroquinone,1176,210,23,18,9,9
44564,3855-32-1,"2,6,10-Trimethyl-2,6,10-triazaundecane",615,8,8,4,4,0
21137,108-45-2,"1,3-Benzenediamine",881,29,29,9,9,0
37712,27955-94-8,"4,4',4''-Ethane-1,1,1-triyltriphenol",701,296,72,30,14,16
20869,101-61-1,"4,4'-Methylenebis(N,N-dimethylaniline)",899,135,13,24,6,18
21969,121-33-5,4-Hydroxy-3-methoxybenzaldehyde,1149,21,21,6,6,0
20348,91-64-5,Coumarin,1141,23,23,11,11,0
21642,57-11-4,Octadecanoic acid,1161,36,11,10,6,4
24112,72178-02-0,Fomesafen,893,37,37,13,13,0
21026,924-16-3,N-Nitrosodibutylamine,878,7,7,4,4,0
35001,112-38-9,10-Undecenoic acid,893,18,18,10,10,0
25523,118-71-8,Maltol,904,9,9,4,4,0
20350,120-71-8,2-Methoxy-5-methylaniline,893,29,29,9,9,0
47526,91082-17-6,C10-21 alkanesulfonic acids phenyl esters,641,27,27,8,8,0
24000,1861-32-1,Chlorthal-dimethyl,889,38,38,10,10,0
47335,851916-42-2,MK-812,615,17,1,7,1,6
20863,41372-08-1,Methyldopa sesquihydrate,1156,45,9,13,4,9
22828,4291-63-8,Cladribine,762,191,14,29,4,25
21798,91-22-5,Quinoline,877,11,11,4,4,0
42059,106-27-4,Isopentyl butyrate,613,6,6,4,4,0
23877,90-04-0,2-Anisidine,881,20,20,8,8,0
22187,2416-94-6,"2,3,6-Trimethylphenol",898,21,21,10,10,0
23819,3056-17-5,Stavudine,1144,10,10,6,6,0
20161,92-52-4,Biphenyl,900,16,16,7,7,0
20123,103-33-3,Azobenzene,913,30,30,9,9,0
20121,26628-22-8,Sodium azide,899,59,59,22,22,0
42390,3811-73-2,Sodium (2-pyridylthio)-N-oxide,641,212,43,20,9,11
32361,10222-01-2,"2,2-Dibromo-3-nitrilopropionamide",632,24,24,9,9,0
47295,291305-06-1,UK-373911,643,298,13,33,8,25
21866,105-99-7,Dibutyl adipate,616,10,10,4,4,0
21758,78-51-3,Tris(2-butoxyethyl) phosphate,871,82,42,18,12,6
24836,5392-40-5,"3,7-Dimethyl-2,6-octadienal",917,32,32,9,9,0
22049,527-60-6,"2,4,6-Trimethylphenol",882,26,26,9,9,0
47395,166412-78-8,"Diisononyl cyclohexane-1,2-dicarboxylate",617,17,17,11,11,0
29329,25498-49-1,Tripropylene glycol monomethyl ether,877,6,6,2,2,0
27047,127-51-5,Isomethyl-alpha-ionone,698,39,0,4,0,4
47292,227626-75-7,"3-((1-(Aminomethyl)cyclohexyl)methyl)-1,2,4-oxadiazol-5(2H)-one dihydrochloride",632,5,5,1,1,0
20759,78-59-1,Isophorone,892,12,1,5,1,4
47254,220860-50-4,CP-457920,649,64,14,15,6,9
27320,824-78-2,Sodium 4-nitrophenolate,618,31,1,10,1,9
23845,208-96-8,Acenaphthylene,905,33,4,9,2,7
25014,98-87-3,Benzal chloride,877,9,9,5,5,0
27041,126-86-3,"2,4,7,9-Tetramethyl-5-decyne-4,7-diol",893,51,51,10,10,0
35341,77-48-5,"1,3-Dibromo-5,5-dimethylhydantoin",614,12,12,6,6,0
20299,510-15-6,Chlorobenzilate,951,304,33,22,9,13
21689,1120-21-4,Undecane,635,3,3,3,3,0
26640,99-62-7,"1,3-Diisopropylbenzene",873,4,4,2,2,0
47274,113734-18-2,CP-114271,628,15,15,8,8,0
20666,556-52-5,Glycidol,880,16,1,3,1,2
33058,584-13-4,"4-Amino-1,2,4-triazole",881,12,12,5,5,0
47277,361343-19-3,Elzasonan,654,296,57,33,14,19
25567,134-20-3,Methyl 2-aminobenzoate,880,6,6,4,4,0
27218,579-66-8,"2,6-Diethylaniline",877,16,16,4,4,0
25152,106-65-0,Dimethyl succinate,875,8,8,4,4,0
24320,95-94-3,"1,2,4,5-Tetrachlorobenzene",893,7,7,3,3,0
47276,194098-25-4,CP-409092,643,39,16,8,7,1
24051,1445-75-6,Bis(1-methylethyl) methylphosphonate,894,15,15,8,8,0
47282,445295-04-5,CP-671305,631,16,16,10,10,0
20295,106-47-8,4-Chloroaniline,630,24,3,7,2,5
47246,139340-56-0,Darbufelone mesylate,660,328,52,33,16,17
20570,6381-77-7,Sodium erythorbate,619,6,6,4,4,0
22056,541-73-1,"1,3-Dichlorobenzene",876,23,2,5,2,3
41691,35256-85-0,Butam,628,39,39,12,12,0
27625,6422-86-2,Bis(2-ethylhexyl) terephthalate,887,10,10,5,5,0
21427,51-79-6,Urethane,1141,4,4,3,3,0
26691,102-76-1,Triacetin,1143,9,9,6,6,0
47628,2550-40-5,Dicyclohexyl disulfide,618,65,1,10,1,9
24045,64-67-5,Ethyl sulfate (Et2SO4),871,1,1,1,1,0
23977,95-49-8,2-Chlorotoluene,868,4,4,2,2,0
24999,99-54-7,"3,4-Dichloronitrobenzene",877,16,16,9,9,0
20371,80-08-0,Dapsone,1154,22,22,8,8,0
42121,110235-47-7,Mepanipyrim,649,125,8,26,3,23
42219,103-65-1,Propylbenzene,626,2,2,2,2,0
20890,56-04-2,6-Methyl-2-thiouracil,1162,17,17,8,8,0
24105,86-73-7,Fluorene,913,22,22,7,7,0
26792,108-44-1,3-Methylaniline,892,15,15,4,4,0
20605,104-76-7,2-Ethyl-1-hexanol,880,8,8,4,4,0
47253,199171-88-5,CP-401387,631,229,67,33,16,17
25133,99-51-4,"1,2-Dimethyl-4-nitrobenzene",875,19,19,6,6,0
47306,290352-28-2,CP-634384,672,72,72,18,18,0
24107,59756-60-4,1-Methyl-3-phenyl-5-(3-(trifluoromethyl)phenyl)-4-pyridone,891,89,26,17,10,7
47312,864283-48-7,GSK232420A,637,43,43,10,10,0
24055,77-78-1,Dimethyl sulfate,903,7,7,5,5,0
26726,106-22-9,Citronellol,879,28,4,8,3,5
20402,95-80-7,"2,4-Diaminotoluene",931,53,53,15,15,0
26302,1300-72-7,Sodium xylenesulfonate,948,4,4,3,3,0
26697,103-24-2,Bis(2-ethylhexyl) nonanedioate,877,56,9,7,5,2
20148,98-07-7,Benzotrichloride,894,10,10,5,5,0
47316,461023-63-2,Aplaviroc hydrochloride,613,168,89,30,28,2
21800,91-66-7,"N,N-Diethylaniline",875,5,5,3,3,0
40694,136-60-7,Butyl benzoate,614,7,7,7,7,0
23541,65-23-6,Pyridoxine,875,4,4,2,2,0
20143,65-85-0,Benzoic acid,897,17,17,6,6,0
47535,82469-79-2,Butyryl-n-trihexylcitrate,612,11,11,3,3,0
35152,116-25-6,"1-(Hydroxymethyl)-5,5-dimethylhydantoin",615,13,13,8,8,0
24869,80-15-9,Cumene hydroperoxide,645,62,4,13,2,11
26307,87-62-7,"2,6-Dimethylaniline",888,9,9,4,4,0
25607,93-15-2,"1,2-Dimethoxy-4-(2-propen-1-yl)benzene",890,19,19,8,8,0
20141,271-89-6,"2,3-Benzofuran",628,3,3,3,3,0
27522,3147-75-9,Octrizole,1138,167,8,23,4,19
30698,10016-20-3,alpha-Cyclodextrin,952,13,13,5,5,0
26164,95-53-4,2-Methylaniline,877,8,8,4,4,0
20606,103-23-1,Bis(2-ethylhexyl)hexanedioate,878,9,9,7,7,0
21869,106-44-5,p-Cresol,1150,8,8,4,4,0
21946,112-30-1,1-Decanol,895,24,3,7,2,5
47279,261947-38-0,CP-532623,631,43,43,12,12,0
27593,5216-25-1,4-Chlorobenzotrichloride,900,11,11,6,6,0
25145,95-87-4,"2,5-Dimethylphenol",874,13,13,6,6,0
34287,104-67-6,5-Heptyldihydro-2(3H)-furanone,640,10,10,5,5,0
27921,27138-31-4,"Dipropylene glycol, dibenzoate",894,46,16,8,5,3
47528,58394-64-2,Benzyloctyl adipate,612,12,12,4,4,0
27263,628-63-7,Pentyl acetate,873,28,6,7,5,2
21426,57-13-6,Urea,951,32,3,7,2,5
36690,141-04-8,Diisobutyl adipate,630,5,5,4,4,0
24052,55290-64-7,Dimethipin,904,107,25,25,14,11
21941,111-90-0,2-(2-Ethoxyethoxy)ethanol,873,2,2,1,1,0
26864,111-11-5,Methyl octanoate,873,4,4,4,4,0
21837,100-37-8,"N,N-Diethylethanolamine",894,3,3,2,2,0
26029,4418-26-2,Sodium dehydroacetate,624,7,7,3,3,0
24814,106-43-4,4-Chlorotoluene,871,5,5,4,4,0
20647,98-01-1,Furfural,960,10,1,3,1,2
21928,111-15-9,Ethylene glycol monoethyl ether acetate,629,3,3,2,2,0
23792,99-99-0,4-Nitrotoluene,878,16,16,6,6,0
20373,72-54-8,"p,p'-DDD",1000,388,110,25,17,8
21993,132-64-9,Dibenzofuran,875,12,12,4,4,0
24066,528-29-0,"1,2-Dinitrobenzene",897,138,32,16,11,5
29145,108-59-8,Dimethyl malonate,873,19,19,7,7,0
27034,126-11-4,"2-(Hydroxymethyl)-2-nitro-1,3-propanediol",873,28,1,6,1,5
20845,66-27-3,Methyl methanesulfonate,883,9,9,5,5,0
26889,111-82-0,Methyl dodecanoate,874,9,9,5,5,0
21254,94-59-7,Safrole,888,10,10,6,6,0
27131,288-88-0,"1H-1,2,4-Triazole",614,21,21,11,11,0
23996,108-91-8,Cyclohexylamine,873,2,2,2,2,0
26645,99-87-6,p-Cymene,872,5,5,3,3,0
28666,68515-49-1,"1,2-Benzenedicarboxylic acid, di-C9-11-branched alkyl esters, C10-rich",612,7,7,6,6,0
47537,2432-87-3,Dioctyl sebacate,610,7,7,5,5,0
27052,128-39-2,"2,6-Di-tert-butylphenol",876,84,2,16,2,14
25017,80-43-3,Dicumyl peroxide,895,169,13,17,2,15
20127,30516-87-1,3'-Azido-3'-deoxythymidine,1234,17,17,4,4,0
21575,75-99-0,Dalapon,892,4,4,3,3,0
21965,120-82-1,"1,2,4-Trichlorobenzene",912,28,28,14,14,0
24368,112-50-5,2-[2-(2-Ethoxyethoxy)ethoxy]ethanol,871,7,7,5,5,0
20430,95-50-1,"1,2-Dichlorobenzene",950,7,7,4,4,0
21848,102-27-2,N-Ethyl-3-methylaniline,877,4,4,3,3,0
23632,87-69-4,L-Tartaric acid,609,0,0,0,0,0
44643,3033-77-0,Glycidyl trimethylammonium chloride,630,9,9,4,4,0
27200,553-26-4,"4,4'-Bipyridine",901,18,18,8,8,0
25010,96-23-1,"1,3-Dichloro-2-propanol",889,6,6,6,6,0
42206,2687-96-9,1-Dodecyl-2-pyrrolidinone,638,196,13,18,7,11
25122,1119-40-0,Dimethyl glutarate,872,5,5,4,4,0
26262,2451-62-9,"Tris(2,3-epoxypropyl)isocyanurate",957,241,49,19,7,12
24621,111-96-6,Diethylene glycol dimethyl ether,876,47,47,14,14,0
21832,99-97-8,"N,N,4-Trimethylaniline",874,15,15,6,6,0
21030,86-30-6,N-Nitrosodiphenylamine,883,44,44,14,14,0
20604,106-87-6,4-Vinyl-1-cyclohexene diepoxide,875,11,11,6,6,0
20617,97-53-0,Eugenol,1190,30,30,11,11,0
24699,614-45-9,tert-Butyl perbenzoate,870,51,2,11,2,9
21286,96-09-3,Styrene oxide,872,7,7,4,4,0
27441,1843-05-6,Octabenzone,1148,54,5,12,3,9
20087,4180-23-8,(E)-Anethole,891,8,8,6,6,0
20439,120-83-2,"2,4-Dichlorophenol",891,24,24,9,9,0
47318,139149-55-6,SB202235,623,43,19,11,8,3
44493,23779-32-0,1-[3-(Triethoxysilyl)propyl]urea,608,2,2,2,2,0
26727,106-24-1,Geraniol,1137,21,21,5,5,0
24097,111-76-2,2-Butoxyethanol,871,4,4,2,2,0
25049,111-77-3,Diethylene glycol monomethyl ether,628,10,10,4,4,0
21336,58-55-9,Theophylline,1171,14,14,8,8,0
20164,3296-90-0,Pentaerythritol dibromide,900,7,7,4,4,0
20507,121-69-7,"N,N-Dimethylaniline",875,12,12,4,4,0
20428,79-43-6,Dichloroacetic acid,1154,9,9,6,6,0
24086,563-12-2,Ethion,647,116,116,24,24,0
27581,4904-61-4,"1,5,9-Cyclododecatriene",608,10,10,3,3,0
47375,862243-29-6,AVE9423,624,21,21,9,9,0
24376,1929-77-7,Vernolate,607,7,7,3,3,0
21358,1156-19-0,Tolazamide,1137,27,27,7,7,0
20224,96-48-0,gamma-Butyrolactone,875,21,21,14,14,0
22472,104-51-8,Butylbenzene,604,3,3,2,2,0
21605,124-04-9,Hexanedioic acid,1154,8,8,5,5,0
26183,102-82-9,Tributylamine,871,7,7,5,5,0
47267,NOCAS_47267,CP-642931,620,18,18,11,11,0
20654,105-87-3,Geranyl acetate,880,12,12,5,5,0
26525,88-18-6,2-tert-Butylphenol,906,71,13,8,5,3
25659,119-36-8,Methyl salicylate,948,24,24,4,4,0
25692,123-35-3,Myrcene,616,14,14,6,6,0
26223,111-21-7,Triethylene glycol diacetate,870,7,7,4,4,0
21402,95-63-6,"1,2,4-Trimethylbenzene",876,3,3,2,2,0
21956,117-84-0,Di-n-octyl phthalate,973,26,26,8,8,0
20713,58-93-5,Hydrochlorothiazide,1152,7,7,3,3,0
21808,95-48-7,o-Cresol,870,5,5,3,3,0
21288,57-50-1,Sucrose,949,3,3,2,2,0
24143,822-06-0,"1,6-Diisocyanatohexane",867,10,10,5,5,0
25595,110-26-9,"N,N'-Methylenebisacrylamide",613,25,25,13,13,0
21653,110-62-3,Pentanal,631,13,13,5,5,0
40111,105-54-4,Ethyl butyrate,607,11,11,4,4,0
20257,120-80-9,"1,​2-​Benzenediol",890,152,31,16,9,7
27608,5915-41-3,Terbutylazine,626,46,46,13,13,0
47376,648917-13-9,AVE2865,608,22,22,9,9,0
27856,25265-71-8,Dipropylene glycol,871,7,7,5,5,0
29289,7747-35-5,"7a-Ethyldihydro-1H,3H,5H-oxazolo(3,4-c)oxazole",870,12,12,3,3,0
47456,826-62-0,"2-Norbornene-5,6-dicarboxylic anhydride",606,2,2,2,2,0
20240,105-60-2,Caprolactam,871,26,0,6,0,6
27195,544-76-3,Hexadecane,602,5,5,3,3,0
21392,102-71-6,Triethanolamine,951,6,6,4,4,0
21238,108-46-3,Resorcinol,1146,22,22,7,7,0
47255,1437319-48-6,CP-465394,606,27,27,12,12,0
26781,108-11-2,4-Methyl-2-pentanol,869,9,9,5,5,0
20480,828-00-2,Dimethoxane,870,17,17,6,6,0
27955,29590-42-9,Isooctyl acrylate,872,22,22,6,6,0
21515,107-92-6,Butanoic acid,886,7,7,4,4,0
21940,111-87-5,1-Octanol,881,5,5,3,3,0
20856,872-50-4,N-Methyl-2-pyrrolidone,894,9,9,5,5,0
32620,86479-06-3,Hexaflumuron,638,34,34,14,14,0
20692,100-97-0,Methenamine,1131,3,3,1,1,0
20268,115-28-6,Chlorendic acid,916,4,4,4,4,0
47167,79-16-3,N-Methylacetamide,606,3,3,2,2,0
24081,145-73-3,Endothal,869,162,4,26,4,22
47539,22915-73-7,"Hexane-1,6-diyl dibenzoate",608,33,7,9,4,5
47374,477706-73-3,SSR161421,619,154,39,27,12,15
26908,112-25-4,2-Hexyloxyethanol,868,3,3,2,2,0
20941,7632-00-0,Sodium nitrite,871,2,2,2,2,0
24087,110-80-5,2-Ethoxyethanol,867,1,1,1,1,0
22529,99-76-3,Methylparaben,1175,25,25,9,9,0
20523,51-28-5,"2,4-Dinitrophenol",875,188,13,30,9,21
21195,1120-71-4,"1,3-Propane sultone",871,5,5,3,3,0
25110,78-63-7,"2,5-Dimethyl-2,5-di-(tert-butylperoxy)hexane",609,23,23,6,6,0
27270,629-76-5,1-Pentadecanol,881,64,5,13,4,9
21419,73-22-3,L-Tryptophan,869,15,15,4,4,0
25791,88-72-2,2-Nitrotoluene,859,5,5,2,2,0
27268,629-62-9,Pentadecane,603,9,9,3,3,0
21378,76-03-9,Trichloroacetic acid,965,9,9,6,6,0
21947,112-70-9,1-Tridecanol,874,101,3,15,3,12
23825,1303-11-3,Indium arsenide,613,6,6,3,3,0
26797,108-67-8,"1,3,5-Trimethylbenzene",877,2,2,2,2,0
26918,112-53-8,1-Dodecanol,890,89,0,12,0,12
20512,79-44-7,Dimethylcarbamoyl chloride,867,6,6,5,5,0
20959,99-55-8,C.I. Azoic Diazo Component 12,880,39,39,12,12,0
20040,309-00-2,Aldrin,930,306,52,25,14,11
25302,5466-77-3,Octinoxate,735,97,13,13,4,9
42423,126-14-7,Sucrose octaacetate,866,5,5,3,3,0
26773,107-88-0,"1,3-Butanediol",868,11,11,4,4,0
47319,184653-84-7,Carabersat,603,18,1,6,1,5
43938,2528-16-7,Monobenzyl phthalate,616,13,13,6,6,0
23927,101-55-3,p-Bromodiphenyl ether,888,62,1,10,1,9
21485,121-91-5,"1,3-Benzenedicarboxylic acid",865,6,6,3,3,0
47356,473289-62-2,Ilepatril,606,4,4,4,4,0
25271,103-69-5,N-Ethylaniline,869,9,9,4,4,0
26926,112-72-1,1-Tetradecanol,878,110,1,11,1,10
46627,147536-97-8,Bosentan,465,34,7,7,3,4
21440,88-12-0,Vinylpyrrolidone,865,6,6,3,3,0
21932,111-42-2,Diethanolamine,891,36,36,15,15,0
21872,106-49-0,4-Methylbenzenamine,888,25,25,7,7,0
21877,107-07-3,2-Chloroethanol,597,4,4,4,4,0
47324,219790-72-4,SB281832,621,66,66,13,13,0
28033,53894-23-8,Triisononyl trimellitate,609,7,7,5,5,0
26689,102-60-3,"1,1′,1′′,1′′′-(Ethylenedinitrilo)tetrakis(2-propanol)",1127,17,17,5,5,0
24985,118-52-5,"1,3-Dichloro-5,5-dimethylhydantoin",863,4,4,2,2,0
21774,83-32-9,Acenaphthene,885,19,2,5,2,3
21590,143-07-7,Dodecanoic acid,729,42,42,6,6,0
21519,112-34-5,2-(2-Butoxyethoxy)ethanol,874,3,3,2,2,0
29600,79-39-0,Methacrylamide,855,2,2,1,1,0
20216,128-37-0,Butylated hydroxytoluene,989,109,12,11,3,8
23192,50-21-5,Lactic acid,985,5,5,2,2,0
21968,121-32-4,3-Ethoxy-4-hydroxybenzaldehyde,800,4,4,2,2,0
21821,96-29-7,2-Butanone oxime,854,8,8,4,4,0
24466,150-13-0,4-Aminobenzoic acid,1120,8,8,4,4,0
25148,108-68-9,"3,5-Dimethylphenol",723,4,4,3,3,0
20293,532-27-4,2-Chloroacetophenone,862,186,76,20,10,10
20498,120-61-6,Dimethyl terephthalate,878,27,2,6,2,4
20966,62-23-7,4-Nitrobenzoic acid,863,4,4,3,3,0
26566,94-60-0,"Dimethyl cyclohexane-1,4-dicarboxylate",731,4,4,3,3,0
21164,110-85-0,Piperazine,943,20,20,6,6,0
20106,50-81-7,L-Ascorbic acid,1084,15,15,7,7,0
27312,770-35-4,1-Phenoxy-2-propanol,992,9,9,4,4,0
21391,1330-78-5,Tris(methylphenyl) phosphate,844,124,15,22,7,15
881338,132182-92-4,3-Methoxyperfluoro(2-methylpentane),174,0,0,0,0,0
25143,526-75-0,"2,3-Dimethylphenol",834,31,8,12,5,7
25816,144-62-7,Oxalic acid,723,7,7,2,2,0
32533,122453-73-0,Chlorfenapyr,453,242,50,14,10,4
24586,95-16-9,Benzothiazole,707,9,9,4,4,0
32559,91465-08-6,lambda-Cyhalothrin,570,100,62,16,11,5
20381,52918-63-5,Deltamethrin,948,137,83,18,14,4
1334841,NOCAS_1334841,Bupleurum,165,37,37,2,2,0
20107,22839-47-0,Aspartame,1041,4,4,4,4,0
1334842,NOCAS_1334842,Mitragyna speciosa,165,38,38,2,2,0
44303,134523-03-8,Atorvastatin calcium,715,117,37,10,5,5
41813,34885-03-5,4-Methylcyclohexanemethanol,430,3,3,1,1,0
274132,NOCAS_274132,DOWANOL DiPPH Glycol Ether,164,4,4,1,1,0
25300,1241-94-7,2-Ethylhexyl diphenyl phosphate,578,156,28,21,12,9
903844,NOCAS_903844,EPAMED_Water_Set4-20,162,4,4,2,2,0
903845,NOCAS_903845,EPAMED_Water_Set4-21,162,5,5,2,2,0
47245,172306-86-4,Corexit 9500,162,25,25,2,2,0
903833,NOCAS_903833,EPAMED_Water_Set4-9,162,3,3,2,2,0
903832,NOCAS_903832,EPAMED_Water_Set4-8,162,4,4,2,2,0
903830,NOCAS_903830,EPAMED_Water_Set4-6,162,10,10,2,2,0
903836,NOCAS_903836,EPAMED_Water_Set4-12,162,4,4,2,2,0
903838,NOCAS_903838,EPAMED_Water_Set4-14,162,2,2,2,2,0
903827,NOCAS_903827,EPAMED_Water_Set4-3,162,2,2,1,1,0
903841,NOCAS_903841,EPAMED_Water_Set4-17,162,2,2,2,2,0
903835,NOCAS_903835,EPAMED_Water_Set4-11,162,4,4,2,2,0
32558,143390-89-0,Kresoxim-methyl,490,143,39,9,6,3
32648,22248-79-9,Z-Tetrachlorvinphos,572,161,47,13,8,5
34722,210631-68-8,Topramezone,446,4,4,3,3,0
26912,112-35-6,2-[2-(2-Methoxyethoxy)ethoxy]ethanol,700,1,1,1,1,0
27540,3622-84-2,N-Butylbenzenesulfonamide,701,18,0,5,0,5
34549,165252-70-0,1-Methyl-2-nitro-3-((tetrahydrofuran-3-yl)methyl)guanidine,435,6,6,2,2,0
22254,13071-79-9,Terbufos,1060,140,51,19,14,5
21793,90-15-3,1-Naphthol,787,84,84,15,15,0
20114,2465-27-2,Auramine hydrochloride,694,237,80,17,8,9
872663,33171-05-0,Bisdemethoxycurcumin,228,98,76,13,11,2
31077,458-37-7,Curcumin,647,329,115,18,15,3
20409,53-70-3,"Dibenz[a,h]anthracene",901,81,34,14,8,6
37539,959-98-8,Endosulfan I,417,105,25,13,8,5
40352,39300-45-3,Dinocap,535,326,103,25,16,9
21639,124-19-6,Nonanal,509,12,2,4,2,2
21824,97-23-4,Dichlorophen,958,420,61,19,9,10
42243,110-25-8,Oleyl sarcosine,406,104,9,14,3,11
41682,115-39-9,Bromophenol blue,404,99,15,15,6,9
34497,125116-23-6,Metconazole,497,119,37,13,7,6
21243,989-38-8,Rhodamine 6G,666,367,106,15,10,5
40372,133855-98-8,Epoxiconazole,410,76,30,6,4,2
22934,20830-75-5,Digoxin,738,216,13,12,4,8
20652,25812-30-0,Gemfibrozil,939,35,35,6,6,0
42418,3026-63-9,Sodium tridecyl sulfate,400,68,11,12,3,9
32345,56-95-1,Chlorhexidine diacetate,410,218,43,17,10,7
27292,683-18-1,Dibutyltin dichloride,671,353,81,12,7,5
24624,1675-54-3,Bisphenol A diglycidyl ether,665,144,13,12,5,7
870515,356-42-3,Pentafluoropropanoic anhydride,124,0,0,0,0,0
22394,491-80-5,Biochanin A,744,204,86,13,10,3
20625,98319-26-7,Finasteride,1003,80,80,8,8,0
22525,5153-25-3,2-Ethylhexyl p-hydroxybenzoate,729,291,39,16,3,13
44487,5137-55-3,Methyltrioctylammonium chloride,402,199,34,17,9,8
23868,67485-29-4,Hydramethylnon,408,206,26,17,9,8
41721,8004-92-0,C.I. Acid Yellow 3 disodium salt,395,53,8,10,6,4
48184,2919-66-6,Melengestrol acetate,721,104,34,7,5,2
25021,84-61-7,Dicyclohexyl phthalate,520,174,43,21,12,9
26368,69-72-7,Salicylic acid,736,7,3,4,3,1
42436,4065-45-6,Sulisobenzone,916,10,10,4,4,0
20932,59-67-6,Nicotinic acid,1239,8,8,4,4,0
27479,2440-22-4,2-(2H-Benzotriazol-2-yl)-4-methylphenol,1027,98,98,12,12,0
40776,654055-01-3,Morin hydrate,398,46,9,13,4,9
48189,1166-52-5,Lauryl gallate,658,337,70,15,10,5
44865,18924-66-8,"2,2'-(Tetradecylimino)diethanol",397,161,16,16,6,10
25809,112-80-1,Oleic acid,734,32,1,7,1,6
34981,4342-36-3,Tributyltin benzoate,393,219,28,13,5,8
34518,13684-56-5,Desmedipham,399,37,37,9,9,0
34317,8001-54-5,Benzalkonium chloride,411,186,25,18,6,12
25429,6088-51-3,6-Hydroxy-2-naphthyl disulfide,724,240,59,13,10,3
22589,125-84-8,Aminoglutethimide,666,12,3,4,2,2
21031,156-10-5,4-Nitrosodiphenylamine,660,295,58,14,9,5
26838,110-27-0,Isopropyl tetradecanoate,914,9,9,4,4,0
24944,35691-65-7,"1,2-Dibromo-2,4-dicyanobutane",509,262,54,22,13,9
25217,19780-11-1,(2-Dodecenyl)succinic anhydride,654,34,34,8,8,0
44713,67786-14-5,Acid Red 337,394,42,7,8,2,6
23202,112809-51-5,"4,4'-(1H-1,2,4-Triazol-1-ylmethylene)dibenzonitrile",484,13,13,5,5,0
40619,153559-49-0,Bexarotene,746,272,53,11,7,4
22405,131-57-7,2-Hydroxy-4-methoxybenzophenone,1106,119,119,18,18,0
26698,103-34-4,"4,4'-Dithiodimorpholine",655,110,3,10,2,8
32518,1192-52-5,"4,5-Dichloro-3H-1,2-dithiol-3-one",515,242,59,25,13,12
24200,108-39-4,m-Cresol,654,4,4,3,3,0
48185,41372-20-7,Apomorphine hydrochloride,653,247,27,12,8,4
26811,108-98-5,Benzenethiol,652,39,4,8,3,5
25726,88-74-4,2-Nitrobenzenamine,650,5,5,4,4,0
36588,26027-38-3,"Glycols, polyethylene, mono(p-nonylphenyl) ether",481,177,31,14,5,9
47103,1120-04-3,Octadecyl sulfate sodium salt,391,113,11,11,4,7
20116,320-67-2,5-Azacytidine,728,175,28,9,8,1
47451,6359-82-6,"C.I. Acid Yellow 11, sodium salt",390,32,5,7,4,3
25506,463-40-1,Linolenic acid,736,82,7,9,3,6
41188,705-60-2,1-Phenyl-2-nitropropene,390,129,7,11,3,8
20076,61-82-5,Amitrole,682,4,4,2,2,0
20029,107-13-1,Acrylonitrile,652,5,5,4,4,0
33161,1646-87-3,Aldicarb sulfoxide,650,22,22,7,7,0
21413,126-72-7,"Tris(2,3-dibromopropyl) phosphate",775,217,39,20,14,6
24691,2426-08-6,Butyl glycidyl ether,651,18,0,4,0,4
44430,451-40-1,"1,2-Diphenylethanone",398,22,22,6,6,0
34674,125225-28-7,Ipconazole,468,179,42,12,5,7
41646,6359-90-6,"C.I. Acid Yellow 34, monosodium salt",385,21,3,4,3,1
21199,1114-71-2,Pebulate,654,19,5,5,3,2
25023,77-73-6,Dicyclopentadiene,494,8,8,5,5,0
20379,53-43-0,Dehydroepiandrosterone,1004,142,75,7,4,3
24072,957-51-7,Diphenamid,648,13,13,4,4,0
27963,30399-84-9,Isooctadecanoic acid,392,21,21,11,11,0
29653,1762-95-4,Ammonium isothiocyanate,395,5,5,4,4,0
38700,97-52-9,2-Methoxy-4-nitroaniline,400,37,5,7,4,3
21957,118-55-8,Phenyl salicylate,913,41,41,8,8,0
21815,95-76-1,"3,4-Dichloroaniline",664,34,34,7,7,0
21553,112-31-2,Decanal,497,30,30,9,9,0
21735,67-68-5,Dimethyl sulfoxide,385,5,5,3,3,0
20043,97-59-6,Allantoin,914,5,5,2,2,0
34576,2491-38-5,2-Bromo-4-hydroxyacetophenone,392,36,6,8,4,4
32531,116255-48-2,Bromuconazole,487,112,49,10,7,3
27061,135-19-3,2-Naphthalenol,994,135,50,15,12,3
41978,101463-69-8,Flufenoxuron,398,57,17,11,6,5
22409,80-09-1,"4,4'-Sulfonyldiphenol",741,79,79,8,8,0
27454,2044-64-6,"N,N-Dimethylacetoacetamide",648,4,4,2,2,0
21907,109-77-3,Propanedinitrile,389,37,2,8,2,6
41274,941-69-5,"1-Phenyl-1H-pyrrole-2,5-dione",398,161,12,13,3,10
42191,534-13-4,"N,N'-Dimethylthiourea",384,25,0,5,0,5
41413,6485-40-1,R-(-)-Carvone,384,5,5,3,3,0
20766,122-42-9,Propham,662,14,14,4,4,0
20151,140-11-4,Benzyl acetate,650,12,0,4,0,4
21520,143-22-6,2-[2-(2-Butoxyethoxy)ethoxy]ethanol,650,20,0,5,0,5
40792,58-56-0,Pyridoxine hydrochloride,384,1,1,1,1,0
40708,33228-45-4,4-Hexylaniline,388,54,16,9,7,2
47448,3811-04-9,Potassium chlorate,385,4,4,2,2,0
38864,88-24-4,"2,2'-Methylenebis(ethyl-6-tert-butylphenol)",390,195,24,14,7,7
42130,587-85-9,Diphenylmercury(II),397,104,14,10,8,2
42154,493-52-7,Methyl red,385,108,22,10,5,5
21348,62-56-6,Thiourea,655,8,8,4,4,0
27461,2231-57-4,Thiocarbazide,678,76,12,9,6,3
22411,118-82-1,"4,4'-Methylenebis(2,6-di-t-butylphenol)",649,10,10,4,4,0
35010,129-06-6,Sodium warfarin,384,8,8,5,5,0
25003,583-78-8,"2,5-Dichlorophenol",765,18,18,8,8,0
44536,13171-00-1,Celestolide,385,65,7,7,3,4
44901,2694-54-4,Triallyl trimellitate,385,20,20,6,6,0
44391,88-69-7,2-Isopropylphenol,383,5,5,4,4,0
20091,142-04-1,Aniline hydrochloride,653,16,16,3,3,0
42198,1907-65-9,N-Butyl-p-toluenesulfonamide,384,12,12,3,3,0
21152,92-69-3,4-Phenylphenol,861,183,51,17,11,6
22396,480-40-0,Chrysin,472,143,66,12,10,2
27282,644-97-3,Phenyl phosphorus dichloride,387,2,2,2,2,0
27072,139-02-6,Sodium phenolate,649,5,5,3,3,0
37541,1031-07-8,Endosulfan sulfate,543,156,34,22,12,10
29214,1335-46-2,Methylionone,384,25,25,5,5,0
37551,101-42-8,Fenuron,385,4,4,3,3,0
21863,105-53-3,Diethyl propanedioate,646,3,3,2,2,0
22288,39905-57-2,4-Hexyloxyaniline,385,53,6,9,3,6
20352,135-20-6,Cupferron,652,35,35,7,7,0
21233,16423-68-0,FD&C Red 3,853,287,26,20,11,9
25886,121-39-1,"Ethyl 2,3-epoxy-3-phenylpropionate",645,23,23,5,5,0
27076,139-96-8,Dodecyl sulfate triethanolamine salt,387,22,5,6,2,4
27525,3164-85-0,Potassium 2-ethylhexanoate,384,3,3,1,1,0
26647,99-96-7,4-Hydroxybenzoic acid,648,5,5,3,3,0
41889,4712-55-4,Diphenyl phosphite,445,25,25,3,3,0
24057,124-40-3,Dimethylamine,382,0,0,0,0,0
27997,37764-25-3,Dichlormid,752,5,5,4,4,0
29612,138-86-3,Limonene,726,7,7,5,5,0
41981,144-49-0,2-Fluoroacetic acid,382,2,2,2,2,0
26446,77-90-7,Acetyl tributyl citrate,1226,77,77,11,11,0
21914,110-12-3,5-Methyl-2-hexanone,648,22,0,4,0,4
42060,124-76-5,Isoborneol,382,1,1,1,1,0
34282,122-88-3,4-Chlorophenoxyacetic acid,382,0,0,0,0,0
48195,18979-55-0,4-(Hexyloxy)phenol,388,128,24,12,6,6
24598,118-58-1,Benzyl salicylate,659,48,48,8,8,0
27388,1330-86-5,Diisooctyl adipate,493,9,9,5,5,0
25395,999-97-3,Hexamethyldisilazane,645,4,4,3,3,0
20233,50-14-6,Ergocalciferol,760,185,17,12,6,6
41544,21145-77-7,Tonalide,479,98,12,8,3,5
41610,147-81-9,Arabinose,382,2,2,2,2,0
22100,645-56-7,4-Propylphenol,398,19,19,7,7,0
44575,71526-07-3,MON-4660,382,30,4,6,3,3
26235,552-30-7,Trimellitic anhydride,645,2,2,2,2,0
25427,75-86-5,2-Hydroxy-2-methylpropanenitrile,648,8,8,3,3,0
24263,7664-38-2,Phosphoric acid,723,5,5,3,3,0
20415,106-93-4,"1,2-Dibromoethane",755,13,13,5,5,0
20212,2409-55-4,4-Methyl-2-tert-butylphenol,762,213,5,19,5,14
32619,112226-61-6,Halofenozide,383,37,0,6,0,6
41492,4468-42-2,3-Phenylhexane,381,12,12,3,3,0
20834,598-55-0,Methyl carbamate,381,12,3,6,1,5
23862,1646-88-4,Aldicarb sulfone,645,15,15,5,5,0
24284,107-98-2,1-Methoxy-2-propanol,957,6,6,4,4,0
21082,1936-15-8,C.I. Acid Orange 10,644,51,2,3,2,1
22008,143-08-8,1-Nonanol,384,1,1,1,1,0
41970,1632-73-1,Fenchol,381,11,1,1,1,0
20493,868-85-9,Dimethyl phosphonate,646,8,8,2,2,0
21842,100-64-1,Cyclohexanone oxime,644,22,2,6,2,4
37754,101-37-1,"2,4,6-Tris(allyloxy)-1,3,5-triazine",394,25,25,6,6,0
20190,860-22-0,C.I. Acid Blue 74,463,18,18,7,7,0
24124,79277-27-3,Thifensulfuron methyl,752,6,6,3,3,0
21790,88-75-5,2-Nitrophenol,644,6,6,3,3,0
48191,13680-35-8,"4,4'-Methylenebis(2,6-diethylaniline)",385,129,25,9,5,4
32389,4602-84-0,Farnesol,401,62,11,9,6,3
42196,138-22-7,Butyl lactate,381,1,1,1,1,0
44815,2917-73-9,Dibutyl azelate,492,9,9,5,5,0
36286,5146-66-7,Citralva,381,3,3,2,2,0
22678,90357-06-5,Bicalutamide,544,69,20,8,4,4
26946,115-95-7,Linalyl acetate,755,47,2,10,1,9
20621,67614-33-9,"(R,R)-Fenvalerate",662,74,9,8,2,6
38808,2554-06-5,"1,3,5,7-Tetramethyl-1,3,5,7-tetravinylcyclotetrasiloxane",392,28,28,5,5,0
46516,333-36-8,Flurothyl,190,0,0,0,0,0
26500,80-54-6,2-(4-Tert-Butylbenzyl)propionaldehyde,752,72,1,13,1,12
21894,108-93-0,Cyclohexanol,954,7,7,4,4,0
190946,375-02-0,Perfluorobutyraldehyde,112,1,1,1,1,0
46614,28523-86-6,Sevoflurane,190,0,0,0,0,0
370988,15242-17-8,Allyl perfluoroisopropyl ether,112,2,2,1,1,0
20286,95-74-9,3-Chloro-4-methylaniline,650,21,21,5,5,0
20443,94-80-4,"2,4-D Butyl ester",655,13,13,5,5,0
42299,99-89-8,4-Isopropylphenol,383,17,17,4,4,0
47882,17696-62-7,Phenylparaben,726,87,25,9,4,5
337466,2648-47-7,5H-Perfluoropentanal,112,0,0,0,0,0
27887,26040-51-7,Bis(2-ethylhexyl) tetrabromophthalate,506,23,23,8,8,0
24676,141-32-2,Butyl acrylate,650,7,7,5,5,0
29153,120-51-4,Benzyl benzoate,908,26,26,8,8,0
41409,587-65-5,2-Chloro-N-phenylacetamide,385,133,11,9,4,5
41891,101-81-5,Diphenylmethane,382,9,9,4,4,0
29302,10042-59-8,2-Propyl-1-heptanol,381,1,1,1,1,0
27528,3268-49-3,3-(Methylthio)propanal,756,21,21,6,6,0
335700,424-18-0,Methyl perfluorohexanoate,112,0,0,0,0,0
379850,1767-94-8,6H-Perfluorohex-1-ene,112,0,0,0,0,0
73901,406-58-6,"1,1,1,3,3-Pentafluorobutane",112,0,0,0,0,0
861913,375-72-4,Perfluorobutanesulfonyl fluoride,112,0,0,0,0,0
47575,19430-93-4,(Perfluorobutyl)ethene,112,0,0,0,0,0
61826,1623-05-8,Perfluoropropyl trifluorovinyl ether,112,0,0,0,0,0
481246,1619-92-7,2-Amino-2H-perfluoropropane,112,0,0,0,0,0
73118,163702-05-4,Ethyl perfluorobutyl ether,112,0,0,0,0,0
218052,678-78-4,Perfluoroglutaryl difluoride,112,0,0,0,0,0
379270,355-95-3,1-Propenylperfluoropropane,112,3,3,1,1,0
34929,283594-90-1,Spiromesifen,393,38,38,6,6,0
36229,142-87-0,Sodium decyl sulfate,383,18,18,7,7,0
27345,960-71-4,Triphenylborane,463,89,89,11,11,0
26694,103-09-3,2-Ethylhexyl acetate,645,3,3,2,2,0
27868,25360-10-5,tert-Nonanethiol,642,8,8,4,4,0
29650,1490-04-6,Menthol,642,5,5,3,3,0
20805,89-78-1,dl-Menthol,983,3,3,3,3,0
22679,58-85-5,Biotin,646,0,0,0,0,0
20093,20265-97-8,p-Anisidinium chloride,657,38,38,7,7,0
41440,2445-77-4,2-Methylbutyl isovalerate,381,21,2,6,1,5
27496,2702-72-9,"2,4-D sodium salt",642,7,7,4,4,0
41661,611-20-1,2-Hydroxybenzonitrile,391,6,6,3,3,0
23113,90-05-1,2-Methoxyphenol,723,4,4,3,3,0
28022,51632-16-7,1-(Bromomethyl)-3-phenoxybenzene,459,64,64,7,7,0
41250,14233-37-5,"1,4-Bis(N-isopropylamino)anthraquinone",382,51,15,9,7,2
42189,4107-98-6,"N,N-Diisopropylaniline",379,1,1,1,1,0
32484,3383-96-8,Temephos,794,162,52,18,12,6
41125,7681-82-5,Sodium iodide,381,6,6,3,3,0
41368,5394-36-5,5-Ethyl-5-methylhydantoin,379,1,1,1,1,0
24681,75-64-9,tert-Butylamine,379,1,1,1,1,0
35423,571-58-4,"1,4-Dimethylnaphthalene",379,7,7,5,5,0
41604,540-18-1,n-Amyl butyrate,379,6,0,2,0,2
26035,2492-26-4,Sodium 2-mercaptobenzothiolate,507,69,19,18,7,11
34598,71283-80-2,Fenoxaprop-P-ethyl,397,44,4,8,2,6
20147,95-14-7,"1,2,3-Benzotriazole",972,12,12,8,8,0
48202,611-70-1,Isopropyl phenyl ketone,379,3,3,1,1,0
20511,612-82-8,"3,3'-Dimethylbenzidine dihydrochloride",687,100,38,10,7,3
42062,2756-56-1,Isobornyl propanoate,379,1,1,1,1,0
27916,26896-20-8,Neodecanoic acid,382,6,6,3,3,0
27899,26447-10-9,Ammonium xylene sulfonate,379,1,1,1,1,0
24031,156-60-5,"(E)-1,2-Dichloroethylene",642,3,3,3,3,0
27550,3926-62-3,Sodium chloroacetate,645,2,2,2,2,0
25297,103-11-7,2-Ethylhexyl acrylate,756,49,20,13,8,5
48190,127-25-3,Methyl abietate,383,69,5,10,2,8
41232,717-74-8,"1,3,5-Triisopropylbenzene",380,33,33,3,3,0
41346,533-23-3,"2,4-D-ethyl ester",379,5,5,2,2,0
27429,1724-39-6,Cyclododecanol,643,41,3,7,1,6
41708,1320-07-6,"C.I. Acid Orange 24, monosodium salt",387,47,7,9,4,5
42187,109-46-6,"N,N'-Dibutylthiourea",380,45,6,7,5,2
21234,4548-53-2,FD&C Red 4,382,50,2,6,1,5
34700,3653-48-3,"Acetic acid, 2-(4-chloro-2-methylphenoxy)-, sodium salt (1:1)",379,3,3,2,2,0
20737,120-72-9,Indole,913,49,49,6,6,0
25102,109-55-7,3-(Dimethylamino)propylamine,642,1,1,1,1,0
47708,NOCAS_47708,Igepal CO-890,379,9,9,4,4,0
42052,95-13-6,1H-Indene,381,14,14,6,6,0
21888,107-87-9,2-Pentanone,641,4,4,2,2,0
25101,99-07-0,3-Dimethylaminophenol,644,53,7,8,4,4
21726,65-45-2,Salicylamide,904,4,4,2,2,0
41265,2425-77-6,2-Hexyl-1-decanol,487,35,35,8,8,0
20664,96-24-2,"3-Chloro-1,2-propanediol",641,5,5,2,2,0
44443,56375-79-2,"N,N-Dibutyl-N-methylbutan-1-aminium chloride",378,3,3,3,3,0
41521,123-00-2,4-Morpholinepropanamine,378,2,2,2,2,0
40110,105-37-3,Ethyl propionate,379,0,0,0,0,0
41639,827-21-4,Sodium m-xylene-4-sulfonate,378,7,7,1,1,0
40342,4437-85-8,"4-Ethyl-1,3-dioxolan-2-one",378,3,3,2,2,0
24528,8007-70-3,Anise oil,645,31,31,7,7,0
29128,97-99-4,Tetrahydrofurfuryl alcohol,641,2,2,2,2,0
26251,603-35-0,Triphenylphosphine,644,49,4,8,4,4
41790,106-23-0,Citronellal,381,1,1,1,1,0
1018738,84929-28-2,Guarana extract,110,1,1,1,1,0
1335117,NOCAS_1335117,Powdered wormwood,110,7,7,1,1,0
24664,110-69-0,Butyraldehyde oxime,641,4,4,3,3,0
44663,3734-67-6,C.I. Acid Red 1,381,42,0,4,0,4
34383,125401-92-5,Bispyribac-sodium,382,3,3,3,3,0
20505,108-01-0,Dimethylaminoethanol,1052,5,5,4,4,0
29110,78-69-3,"3,7-Dimethyl-3-octanol",643,5,5,3,3,0
27258,625-55-8,Isopropyl formate,644,19,0,5,0,5
22607,120511-73-1,Anastrozole,641,17,17,3,3,0
24821,98-56-6,1-Chloro-4-(trifluoromethyl)benzene,641,4,4,3,3,0
41909,10025-74-8,Dysprosium(III) chloride,379,5,5,2,2,0
26943,115-77-5,Pentaerythritol,959,14,14,7,7,0
26238,75-50-3,Trimethylamine,377,1,1,1,1,0
47127,16587-71-6,4-(tert-Pentyl)-cyclohexanone,380,8,8,2,2,0
27466,2386-87-0,ECC,640,19,4,3,2,1
21847,101-84-8,Diphenyl oxide,755,35,3,9,1,8
30307,626-43-7,"3,5-Dichloroaniline",643,9,9,5,5,0
25796,111-84-2,Nonane,644,5,5,4,4,0
42276,94-71-3,o-Ethoxyphenol,380,12,0,4,0,4
21853,103-76-4,1-Piperazineethanol,640,26,4,4,1,3
27360,1111-78-0,Ammonium carbamate,697,19,19,3,3,0
22113,760-23-6,"3,4-Dichloro-1-butene",751,36,36,10,10,0
29105,70-55-3,4-Toluenesulfonamide,641,7,7,4,4,0
27222,586-62-9,Terpinolene,381,11,11,3,3,0
32688,26002-80-2,Phenothrin,764,61,11,12,6,6
29649,1477-55-0,"1,3-Benzenedimethanamine",640,19,4,4,3,1
29167,137-42-8,Metam-sodium,382,9,9,5,5,0
20616,470-82-6,"1,8-Cineol",906,4,4,3,3,0
21062,930-55-2,N-Nitrosopyrrolidine,646,15,2,4,2,2
38887,2321-07-5,Fluorescein,603,94,1,19,1,18
41675,76-49-3,(±)-Bornyl acetate,455,0,0,0,0,0
25018,101-83-7,Dicyclohexylamine,915,17,17,5,5,0
29146,109-02-4,4-Methylmorpholine,641,4,4,2,2,0
26342,60-12-8,2-Phenylethanol,903,6,6,4,4,0
24553,123-77-3,Azodicarbonamide,640,19,19,5,5,0
48209,938-16-9,tert-Butyl phenyl ketone,377,3,3,2,2,0
27863,25322-69-4,Polypropylene glycol,377,2,2,1,1,0
27414,1563-38-8,"2,3-Dihydro-2,2-dimethyl-7-benzofuranol",754,11,11,7,7,0
21921,110-65-6,"2-Butyne-1,4-diol",642,12,12,6,6,0
42006,26402-26-6,Glyceryl monooctanoate,377,2,2,1,1,0
45191,66357-35-5,Ranitidine,644,12,12,3,3,0
48194,1671-75-6,Heptanophenone,379,11,11,5,5,0
41472,107-54-0,"3,5-Dimethyl-1-hexyn-3-ol",377,0,0,0,0,0
24704,98-51-1,4-tert-Butyltoluene,640,7,7,3,3,0
29761,51580-86-0,Sodium dichloroisocyanurate dihydrate,639,2,2,2,2,0
44394,98-53-3,4-tert-Butylcyclohexanone,377,27,0,6,0,6
27153,460-00-4,1-Bromo-4-fluorobenzene,752,7,7,4,4,0
41421,487-06-9,"5,7-Dimethoxy-2H-chromen-2-one",389,18,18,6,6,0
23875,7773-06-0,Ammonium sulfamate,641,7,7,3,3,0
34229,104-61-0,gamma-Nonanolactone,379,2,2,1,1,0
37494,6190-65-4,Desethylatrazine,392,4,4,4,4,0
21006,684-93-5,N-Nitroso-N-methylurea,382,9,9,4,4,0
34357,103055-07-8,Lufenuron,641,50,2,6,2,4
41962,78-07-9,Ethyltriethoxysilane,376,9,9,4,4,0
27738,12108-13-3,(Methylcyclopentadienyl)tricarbonylmanganese,663,17,17,7,7,0
21897,108-99-6,3-Methylpyridine,748,12,12,2,2,0
29210,1118-46-3,Butyltin trichloride,640,11,11,4,4,0
27500,2807-30-9,2-Propoxyethanol,639,1,1,1,1,0
25291,123-05-7,2-Ethylhexaldehyde,640,4,4,2,2,0
29262,4130-42-1,"2,6-Di-tert-butyl-4-ethylphenol",656,65,9,10,5,5
40285,118-93-4,2-Hydroxyacetophenone,376,0,0,0,0,0
22123,818-61-1,2-Hydroxyethyl acrylate,651,47,4,6,3,3
41293,120-65-0,2-((Dimethylamino)methyl)phenol,376,3,3,2,2,0
26904,112-07-2,2-Butoxyethyl acetate,640,3,3,3,3,0
41641,609-54-1,"2,5-Dimethylbenzenesulfonic acid",376,3,3,3,3,0
26867,111-20-6,Decanedioic acid,642,10,10,3,3,0
27014,123-96-6,2-Octanol,655,8,8,5,5,0
44825,585-34-2,3-tert-Butylphenol,499,24,24,6,6,0
29217,1569-01-3,1-Propoxy-2-propanol,642,7,7,4,4,0
47796,NOCAS_47796,Formalin,456,1,1,1,1,0
41512,140-38-5,4-Chlorophenylurea,389,3,3,3,3,0
48196,2396-68-1,4-tert-Butylbenzenethiol,442,21,21,5,5,0
26548,90-72-2,"2,4,6-Tris(dimethylaminomethyl)phenol",639,4,4,2,2,0
36105,88-41-5,2-tert-Butylcyclohexyl acetate,376,2,2,2,2,0
40775,8000-41-7,Terpineol,453,3,3,3,3,0
42494,1067-25-0,Trimethoxypropylsilane,375,2,2,2,2,0
48193,1625-91-8,"4,4'-Di-tert-butylbiphenyl",378,6,6,1,1,0
25505,60-33-3,Linoleic acid,744,105,12,11,5,6
34583,2122-70-5,Ethyl 1-naphthaleneacetate,389,22,22,5,5,0
21224,6459-94-5,C.I. Acid Red 114,663,156,14,15,5,10
25403,6789-88-4,Hexyl benzoate,375,13,1,5,1,4
20813,115-09-3,Methylmercuric(II) chloride,377,219,104,15,5,10
29298,9004-82-4,"alpha-Sulfo-omega-(dodecyloxy)poly(oxy-1,2-ethanediyl) sodium salt",398,64,8,14,3,11
24873,108-80-5,Cyanuric acid,954,8,8,6,6,0
47879,117-99-7,2-Hydroxybenzophenone,638,38,5,5,3,2
21390,96-18-4,"1,2,3-Trichloropropane",976,8,8,4,4,0
26258,140-08-9,Tris(2-chloroethyl) phosphite,639,1,1,1,1,0
26841,110-33-8,Dihexyl hexanedioate,486,6,6,3,3,0
35708,25155-18-4,Methylbenzethonium chloride,677,334,33,19,6,13
25220,112-55-0,1-Dodecanethiol,750,90,9,11,4,7
48199,4344-55-2,4-Butyloxyaniline,378,18,18,6,6,0
47497,119-07-3,Octyl decyl phthalate,387,12,12,3,3,0
48203,6285-05-8,Ethyl 4-chlorophenyl ketone,375,2,2,2,2,0
32303,53939-28-9,(Z)-11-Hexadecenal,375,5,5,2,2,0
21113,8006-90-4,Peppermint oil,375,9,9,2,2,0
21175,9005-65-6,Polysorbate 80,375,14,1,4,1,3
22437,500-38-9,Nordihydroguaiaretic acid,415,157,34,14,8,6
25355,111-30-8,Glutaraldehyde,1038,116,7,18,5,13
21997,140-31-8,1-(2-Aminoethyl)piperazine,638,7,7,4,4,0
22055,540-88-5,tert-Butyl acetate,376,1,1,1,1,0
27852,25168-05-2,Chlorotoluene,375,1,1,1,1,0
48192,15499-27-1,4-Butylchlorobenzene,374,2,2,2,2,0
26033,126-92-1,Sodium ethasulfate,452,4,4,2,2,0
21477,13755-29-8,Sodium tetrafluoroborate,639,3,3,2,2,0
27364,1118-92-9,"N,N-Dimethyloctanamide",374,1,1,1,1,0
42422,93-56-1,Styrene glycol,374,3,3,2,2,0
27184,541-02-6,Decamethylcyclopentasiloxane,375,4,4,1,1,0
42406,512-42-5,Sodium methyl sulfate,374,5,0,2,0,2
26501,80-56-8,alpha-Pinene,715,2,2,2,2,0
41442,532-02-5,Sodium 2-naphthalenesulfonate,389,7,7,4,4,0
42234,29836-26-8,Octyl beta-D-glucopyranoside,374,1,1,1,1,0
27304,753-73-1,Dimethyltin dichloride,638,83,15,7,4,3
29164,127-39-9,"Sodium 1,4-diisobutyl sulfosuccinate",374,5,5,2,2,0
40711,87-24-1,Ethyl 2-methylbenzoate,374,13,0,5,0,5
21655,109-52-4,Pentanoic acid,716,4,4,3,3,0
34764,111991-09-4,Nicosulfuron,485,7,7,6,6,0
38696,93-89-0,Ethyl benzoate,375,10,10,3,3,0
26178,2244-21-5,Potassium dichloroisocyanurate,374,0,0,0,0,0
20656,77-06-5,Gibberellic acid,637,2,2,2,2,0
25135,89-87-2,"1,3-Dimethyl-4-nitrobenzene",637,18,0,6,0,6
34376,3734-33-6,Denatonium benzoate,760,21,21,10,10,0
25612,4553-62-2,2-Methylpentanedinitrile,637,1,1,1,1,0
22014,150-78-7,Hydroquinone dimethyl ether,637,3,3,3,3,0
42232,107-75-5,Hydroxycitronellal,455,7,7,3,3,0
26141,68-11-1,Thioglycolic acid,640,2,2,1,1,0
35214,3391-86-4,1-Octen-3-ol,374,13,13,2,2,0
40484,66575-29-9,Forskolin,668,128,58,11,9,2
42096,6706-59-8,L-Glucitol,375,7,7,2,2,0
41208,58846-77-8,Decyl beta-D-glucopyranoside,375,16,0,3,0,3
27833,24549-06-2,2-Ethyl-6-methylaniline,638,12,12,3,3,0
20969,79-24-3,Nitroethane,638,4,4,3,3,0
21364,636-21-5,2-Methylaniline hydrochloride,643,18,18,5,5,0
41237,99-86-5,alpha-Terpinene,482,20,20,7,7,0
48187,199584-38-8,1-Methoxy-4-tert-pentylcyclohexane,374,6,6,3,3,0
44693,553-70-8,Magnesium dibenzoate,375,2,2,2,2,0
20870,119-47-1,"2,2'-Methylenebis(4-methyl-6-tert-butylphenol)",663,368,21,18,6,12
36933,16893-85-9,Sodium hexafluorosilicate,372,0,0,0,0,0
21984,124-22-1,1-Dodecanamine,703,60,25,7,4,3
27650,7398-69-8,Diallyldimethylammonium chloride,637,1,1,1,1,0
26228,78-40-0,Triethyl phosphate,637,9,9,5,5,0
20673,2353-45-9,FD&C Green No. 3,401,89,11,15,8,7
27402,1459-93-4,Dimethyl isophthalate,648,27,12,8,7,1
47957,1219-38-1,Octylparaben,724,237,27,15,3,12
38881,633-96-5,C.I. Acid Orange 7,393,84,6,12,4,8
29290,7785-26-4,(-)-alpha-Pinene,636,8,1,3,1,2
44823,5536-61-8,Sodium methacrylate,373,0,0,0,0,0
26769,107-46-0,Hexamethyldisiloxane,714,2,2,1,1,0
44902,27253-33-4,Calcium neodecanoate,373,19,19,4,4,0
32511,7779-27-3,"1,3,5-Triethylhexahydro-s-triazine",495,28,28,8,8,0
44888,2457-01-4,Barium bis(2-ethylhexanoate),373,6,6,2,2,0
47712,68917-18-0,Cornmint oil,373,9,0,3,0,3
41643,1008-72-6,Sodium 2-formylbenzenesulfonate,388,4,4,4,4,0
22508,104-43-8,4-Dodecylphenol,456,209,48,17,8,9
24721,464-49-3,D-Camphor,920,7,7,3,3,0
20425,117-80-6,Dichlone,657,312,26,16,5,11
44538,13301-61-6,C.I. Disperse Orange 37,397,74,9,11,2,9
41567,141-22-0,"(9Z,12R)-12-Hydroxyoctadec-9-enoic acid",469,67,3,9,3,6
20372,53-19-0,Mitotane,736,224,68,11,9,2
36467,27344-41-8,"Disodium 4,4'-bis(2-sulfostyryl)biphenyl",396,67,67,10,10,0
35589,68959-20-6,Didecylmethyl(3-(trimethoxysilyl)propyl)ammonium chloride,395,160,10,13,5,8
22048,525-82-6,Flavone,655,96,7,9,2,7
21770,79-95-8,"2,2',6,6'-Tetrachlorobisphenol A",863,299,80,21,15,6
22406,131-56-6,"2,4-Dihydroxybenzophenone",878,123,47,14,9,5
25234,17372-87-1,Eosin,654,156,4,11,3,8
29353,32388-55-9,Acetylcedrene,665,70,11,7,2,5
21666,544-63-8,Tetradecanoic acid,654,22,22,8,8,0
23296,61-73-4,C.I. Basic Blue 9,669,267,73,16,12,4
22353,92-04-6,"3-Chloro[1,1′-biphenyl]-4-ol",468,129,35,12,6,6
21788,88-30-2,3-(Trifluoromethyl)-4-nitrophenol,392,111,9,13,5,8
37028,57-09-0,Hexadecyltrimethylammonium bromide,660,317,33,16,6,10
21777,83-88-5,Riboflavin,993,121,19,13,5,8
27926,27193-86-8,n-Dodecylphenol,718,339,57,17,7,10
22408,143-74-8,Phenol red,659,69,4,9,3,6
24986,80-07-9,"4,4'-Dichlorodiphenyl sulfone",560,72,72,13,13,0
48186,67-30-1,Tetrac,881,318,80,30,17,13
26314,13463-41-7,Zinc pyrithione,823,430,79,14,6,8
22526,94-18-8,Benzyl 4-hydroxybenzoate,667,117,33,10,7,3
34997,81741-28-8,Tributyltetradecylphosphonium chloride,678,386,85,20,12,8
41728,2870-32-8,C.I. Direct Yellow 12,396,49,8,7,5,2
27756,13826-35-2,3-Phenoxybenzenemethanol,728,68,68,7,7,0
23430,78-11-5,Pentaerythritol tetranitrate,464,7,7,3,3,0
20278,97-00-7,"1-Chloro-2,4-dinitrobenzene",656,309,32,14,7,7
20929,98-92-0,Niacinamide,915,3,3,2,2,0
37730,31519-22-9,"1,4-Dihydroxy-2-naphthoic acid",410,158,28,14,8,6
25857,66-71-7,"1,10-Phenanthroline",650,204,61,11,7,4
44718,68555-86-2,C.I. Acid Orange 156,408,69,8,14,3,11
25478,108-21-4,Isopropyl acetate,650,6,6,2,2,0
74059,56860-81-2,"Difluoromethyl 1H,1H-perfluoropropyl ether",100,2,2,1,1,0
379359,239795-57-4,2-Vinylperfluorobutane,100,0,0,0,0,0
275806,1694-30-0,3H-Perfluoro-4-hydroxy-3-penten-2-one,100,1,1,1,1,0
59881,356-24-1,Methyl perfluorobutanoate,100,0,0,0,0,0
21138,106-50-3,"1,4-Benzenediamine",930,144,22,12,8,4
42171,1541-81-7,4-Dodecylmorpholine,397,30,30,6,6,0
42326,163702-08-7,Perfluoroisobutyl methyl ether,100,0,0,0,0,0
22320,58-72-0,Triphenylethylene,465,66,66,8,8,0
21087,604-75-1,Oxazepam,810,47,8,7,1,6
27875,25496-72-4,Glyceryl monooleate,388,30,30,9,9,0
379730,813-03-6,5H-Octafluoropentanoyl fluoride,100,0,0,0,0,0
285748,374-41-4,Methyl perfluoroethyl ketone,100,1,1,1,1,0
22523,1085-12-7,Heptyl p-hydroxybenzoate,658,200,21,14,4,10
25226,24169-02-6,Econazole nitrate,922,480,49,14,8,6
47425,1638-22-8,4-Butylphenol,469,72,20,9,4,5
42169,5116-94-9,Monotridecyl phosphate,404,44,13,9,7,2
41709,5850-86-2,"C.I. Acid Orange 8, monosodium salt",390,47,5,11,5,6
36112,95-38-5,2-(8-Heptadecenyl)-2-imidazoline-1-ethanol,398,159,10,14,8,6
21460,17924-92-4,Zearalenone,747,226,100,12,10,2
41289,4574-04-3,Myristyltrimethylammonium chloride,395,184,26,15,5,10
27198,550-44-7,N-Methylphthalimide,385,1,1,1,1,0
32316,88-04-0,"4-Chloro-3,5-dimethylphenol",721,67,15,7,6,1
42369,81-88-9,Rhodamine B,388,131,14,10,3,7
41252,128-95-0,"1,4-Diaminoanthraquinone",398,82,11,12,7,5
34260,79-57-2,Oxytetracycline,528,63,63,14,14,0
20915,86-87-3,1-Naphthaleneacetic acid,650,6,6,3,3,0
32315,64359-81-5,"4,5-Dichloro-2-octyl-3(2H)-isothiazolone",395,164,15,14,5,9
21804,94-09-7,Benzocaine,651,23,23,6,6,0
41422,87-01-4,7-(Dimethylamino)-4-methylcoumarin,463,107,9,8,4,4
41530,139-88-8,"7-Ethyl-2-methyl-4-undecanolsulfate, sodium salt",542,19,19,6,6,0
23602,110-15-6,Butanedioic acid,910,0,0,0,0,0
40360,163520-33-0,"Ethyl 5,5-diphenyl-2-isoxazoline-3-carboxylate",499,26,26,12,12,0
27246,616-45-5,2-Pyrrolidinone,647,11,11,4,4,0
21959,118-79-6,"2,4,6-Tribromophenol",1035,137,10,16,5,11
26171,29385-43-1,Tolyltriazole,647,14,2,6,2,4
20843,112-63-0,"Methyl (9Z,12Z)-octadecadienoate",781,206,19,20,7,13
29320,21245-02-3,4-(Dimethylamino)benzoic acid 2-ethylhexyl ester,922,49,49,7,7,0
38788,1076-97-7,"1,4-Cyclohexanedicarboxylic acid",385,7,7,5,5,0
25864,156-43-4,4-Ethoxyaniline,652,29,29,7,7,0
27390,1333-39-7,Phenolsulfonic acid,384,5,5,4,4,0
22489,140-10-3,E-Cinnamic acid,491,10,10,2,2,0
27094,142-16-5,Bis(2-ethylhexyl) maleate,753,57,6,7,4,3
41703,25638-17-9,Butylnaphthalenesulfonic acid sodium salt,384,18,8,5,4,1
21240,127-47-9,Retinol acetate,930,126,12,13,4,9
32348,3691-35-8,Chlorophacinone,402,162,49,15,11,4
37749,4638-48-6,5-Chlorosalicylanilide,385,127,26,13,8,5
26997,123-11-5,4-Methoxybenzaldehyde,646,1,1,1,1,0
23159,96-83-3,Iopanoic acid,648,67,3,7,2,5
41611,137-66-6,Ascorbyl palmitate,468,49,7,10,6,4
34324,14816-18-3,Phoxim,724,106,106,12,12,0
44175,8000-34-8,Clove leaf oil,736,81,81,14,14,0
40794,6152-33-6,Sodium 2-phenylphenate tetrahydrate,667,61,6,9,3,6
41715,6625-46-3,"C.I. Acid Violet 12, disodium salt",387,48,0,7,0,7
20683,87-68-3,"Hexachloro-1,3-butadiene",772,92,10,13,4,9
41719,6359-98-4,"C.I. Acid Yellow 17, disodium salt",383,24,1,5,1,4
20814,72-33-3,Mestranol,853,196,95,19,11,8
29162,126-06-7,"3-Bromo-1-chloro-5,5-dimethylhydantoin",382,15,15,6,6,0
22391,520-36-5,Apigenin,736,240,68,12,12,0
29223,1742-14-9,"1,1-Bis(3,4-dimethylphenyl)ethane",406,43,43,9,9,0
25080,108-83-8,Diisobutyl ketone,645,4,4,2,2,0
25436,134-31-6,8-Hydroxyquinoline sulfate,386,100,20,10,6,4
24193,94-81-5,Thitrol,645,13,13,5,5,0
41794,99607-70-2,Cloquintocet-mexyl,399,52,9,10,4,6
20828,150-76-5,4-Methoxyphenol,914,29,29,6,6,0
29154,120-92-3,Cyclopentanone,645,2,2,1,1,0
23193,63-42-3,Lactose,382,1,1,1,1,0
48122,63449-41-2,Benzyl-C8-18-alkyldimethylammonium chlorides,391,186,29,16,7,9
44833,80-27-3,Terpinyl propionate,382,9,9,5,5,0
26922,112-60-7,Tetraethylene glycol,646,14,14,4,4,0
41484,3681-71-8,(3Z)-3-Hexenyl acetate,382,2,2,2,2,0
42007,1323-38-2,Glyceryl monoricinoleate,383,51,51,6,6,0
157932,133052-90-1,Bisindolylmaleimide I,97,69,69,2,2,0
41275,142-18-7,1-Monolaurin,460,36,3,6,1,5
27527,3194-55-6,"1,2,5,6,9,10-Hexabromocyclododecane",757,249,67,18,13,5
26880,111-55-7,"1,2-Ethanediol diacetate",647,5,5,5,5,0
21029,62-75-9,N-Nitrosodimethylamine,959,7,7,4,4,0
21518,110-17-8,Fumaric acid,648,8,8,4,4,0
24046,311-45-5,Paraoxon,658,63,63,9,9,0
26842,110-42-9,Methyl decanoate,644,7,7,5,5,0
24123,69806-40-2,Haloxyfop-methyl,658,60,60,9,9,0
24274,1918-16-7,Propachlor,763,314,62,20,16,4
29755,29387-86-8,"1,2-Propanediol monobutyl ether",381,0,0,0,0,0
20516,57-14-7,"1,1-Dimethylhydrazine",384,5,0,2,0,2
27770,15214-89-8,2-Acrylamido-2-methyl-1-propanesulfonic acid,645,26,1,5,1,4
21980,123-66-0,Ethyl hexanoate,381,4,4,3,3,0
47517,68515-75-3,"Hexanedioic acid, di-C7-9-branched and linear alkyl esters",381,15,0,4,0,4
26488,79-92-5,Camphene,644,3,3,3,3,0
21871,106-48-9,4-Chlorophenol,907,17,17,3,3,0
20688,77-47-4,Hexachlorocyclopentadiene,980,225,14,20,6,14
47594,6149-03-7,Sodium 4-octylbenzenesulfonate,388,54,2,9,2,7
20494,756-79-6,Dimethyl methylphosphonate,651,2,2,1,1,0
23723,77-86-1,Tromethamine,909,4,4,2,2,0
24311,62-74-8,Sodium fluoroacetate,382,2,2,2,2,0
29304,11099-07-3,Glyceryl stearate,381,2,2,2,2,0
35160,127-41-3,alpha-Ionone,381,7,7,1,1,0
29698,7775-27-1,Sodium persulfate,644,6,6,3,3,0
21739,71-23-8,1-Propanol,382,2,2,2,2,0
41247,120-46-7,"1,3-Diphenyl-1,3-propanedione",383,78,78,10,10,0
21977,123-07-9,4-Ethylphenol,647,6,6,3,3,0
24922,124-09-4,"1,6-Hexanediamine",644,11,11,2,2,0
20618,102676-31-3,"4-(5,6,7,8-Tetrahydroimidazo(1,5-a)pyridin-5-yl)benzonitrile monohydrochloride",463,24,24,3,3,0
47696,61791-12-6,Cremophor EL,382,17,17,5,5,0
44537,1323-19-9,Sodium triisopropyl naphthalene sulfonate,384,26,26,5,5,0
22137,928-96-1,(Z)-3-Hexen-1-ol,381,2,2,2,2,0
21403,512-56-1,Trimethyl orthophosphate,647,18,2,3,1,2
32431,87392-12-9,S-Metolachlor,383,44,12,7,4,3
24176,126-98-7,Methacrylonitrile,644,6,1,2,1,1
26080,100-21-0,Terephthalic acid,644,8,8,3,3,0
22421,73-31-4,Melatonin,919,22,22,4,4,0
42379,1112-39-6,Dimethoxydimethylsilane,383,5,5,3,3,0
33371,96-41-3,Cyclopentanol,644,4,4,3,3,0
41957,122-51-0,Ethyl orthoformate,381,2,2,2,2,0
35616,824-39-5,Sodium 2-nitrophenolate,382,3,3,3,3,0
20768,520-18-3,Kaempferol,730,147,59,11,9,2
20690,70-30-4,Hexachlorophene,1120,590,205,22,17,5
29157,122-40-7,alpha-Amylcinnamaldehyde,1023,95,3,17,2,15
26623,98-52-2,4-tert-Butylcyclohexanol,643,7,7,3,3,0
29170,141-79-7,4-Methylpent-3-en-2-one,708,10,10,2,2,0
44571,618-45-1,3-Isopropylphenol,395,13,13,5,5,0
47433,474-86-2,Equilin,598,139,71,16,7,9
42273,2934-05-6,"2,4-Diisopropylphenol",396,69,4,11,2,9
41357,3025-30-7,"Ethyl (2E,4Z)-deca-2,4-dienoate",386,122,13,12,3,9
42454,589-68-4,"(+/-)-2,3-Dihydroxypropyl tetradecanoate",382,12,12,7,7,0
32639,55512-33-9,Pyridate,385,32,32,7,7,0
24255,13684-63-4,Phenmedipham,660,46,46,10,10,0
48208,89-71-4,Methyl 2-methylbenzoate,383,2,2,1,1,0
43915,630-56-8,"17-((1-Oxohexyl)oxy)pregn-4-ene-3,20-dione",724,228,64,11,8,3
20197,22260-51-1,Bromocriptine mesylate,387,76,17,9,4,5
37262,1434-54-4,Pregnenolone carbonitrile,392,25,1,5,1,4
26879,111-49-9,Hexamethyleneimine,643,3,3,3,3,0
35288,33956-49-9,"(8E,10E)-8,10-Dodecadien-1-ol",388,60,11,11,5,6
27826,23386-52-9,Dicyclohexyl sodium sulfosuccinate,643,15,15,5,5,0
25141,140-95-4,"1,3-Dimethylolurea",382,3,3,1,1,0
22109,706-14-9,gamma-Decanolactone,380,6,6,2,2,0
27774,15708-41-5,Ethylenediaminetetraacetic acid ferric sodium salt,907,19,19,5,5,0
21356,52225-20-4,dl-alpha-Tocopheryl acetate,721,3,3,3,3,0
41389,93-08-3,2'-Acetonaphthone,391,10,10,4,4,0
24993,2782-57-2,"Dichloro-1,3,5-triazinetrione",382,4,4,2,2,0
22479,90-00-6,2-Ethylphenol,642,17,3,4,2,2
42426,5138-18-1,Sulfosuccinic acid,380,4,4,2,2,0
26641,99-63-8,"1,3-Benzenedicarbonyl dichloride",647,9,9,6,6,0
34531,23564-06-9,Thiophanate,383,42,8,7,4,3
21640,123-99-9,Nonanedioic acid,905,3,3,2,2,0
37565,55814-41-0,Mepronil,383,35,5,8,3,5
34614,181274-17-9,Flucarbazone-sodium,388,22,3,6,2,4
27721,10081-67-1,4-(2-Phenylpropan-2-yl)-N-[4-(2-phenylpropan-2-yl)phenyl]aniline,657,63,63,10,10,0
47741,132-65-0,Dibenzothiophene,754,22,22,7,7,0
32654,26644-46-2,"N,N'-Bis(1-formamido-2,2,2-trichloroethyl)piperazine",395,19,19,6,6,0
21602,57-10-3,Hexadecanoic acid,905,14,14,6,6,0
40611,27306-78-1,"3-Oxa-2,4-disilaheptan-1-ol, 2,2,4-trimethyl-4-(trimethylsiloxy)-, monoether with polyethylene glycol",382,91,19,11,6,5
21885,107-41-5,"2-Methyl-2,4-pentanediol",974,13,13,6,6,0
29565,85507-79-5,"1,2-Benzenedicarboxylic acid, diundecyl ester, branched and linear",379,6,6,4,4,0
48210,93-99-2,Phenyl benzoate,642,10,10,5,5,0
28665,68515-48-0,DINP branched,666,9,9,2,2,0
22153,1461-25-2,Tetrabutyltin,396,188,29,11,5,6
21517,110-16-7,Maleic acid,908,8,8,2,2,0
27633,6683-19-8,Irganox 1010,379,12,12,4,4,0
27142,328-84-7,"1,2-Dichloro-4-(trifluoromethyl)benzene",642,4,4,2,2,0
48201,5407-98-7,Cyclobutyl phenyl ketone,379,18,2,5,2,3
20014,520-45-6,Dehydroacetic acid,384,1,1,1,1,0
41663,103-41-3,Benzyl cinnamate,658,37,37,8,8,0
48198,40649-36-3,4-Propylcyclohexanone,379,2,2,2,2,0
21764,78-96-6,1-Amino-2-propanol,379,1,1,1,1,0
42415,657-84-1,Sodium 4-methylbenzenesulfonate,379,2,2,2,2,0
21388,93-76-5,"2,4,5-Trichlorophenoxyacetic acid",755,28,6,9,3,6
26065,129-17-9,"C.I. Acid Blue 1, sodium salt",380,79,7,10,7,3
20005,60-35-5,Acetamide,711,9,9,4,4,0
24194,93-65-2,(+/-)-2-(4-Chloro-2-methylphenoxy)propionic acid,754,7,7,3,3,0
41514,21662-09-9,(4Z)-4-Decenal,391,6,6,3,3,0
31380,496-46-8,Glycoluril,379,8,8,3,3,0
26241,118-56-9,"3,3,5-Trimethylcyclohexyl salicylate",917,76,5,7,4,3
27713,9004-96-0,Poly(oxyethylene) monoleate,381,41,40,8,8,0
42399,14351-66-7,Sodium abietate,381,61,6,8,2,6
26513,85-40-5,"1,2,3,6-Tetrahydrophthalimide",378,1,1,1,1,0
30636,25316-40-9,Doxorubicin hydrochloride,525,222,75,17,8,9
23833,9016-00-6,Poly[oxy(dimethylsilylene)],380,4,4,1,1,0
48206,79098-20-7,4-Chloropentylbenzene,378,10,0,3,0,3
25306,16219-75-3,5-Ethylidene-2-norbornene,643,17,17,5,5,0
22510,1570-64-5,4-Chloro-2-methylphenol,653,21,21,7,7,0
61982,1805-22-7,Perfluoromethylcyclopentane,93,0,0,0,0,0
32309,1929-73-3,"2,4-D-Butotyl",378,9,9,4,4,0
21937,111-70-6,1-Heptanol,750,10,10,4,4,0
52017,3330-15-2,Perfluoro-3-(1H-perfluoroethoxy)propane,93,0,0,0,0,0
36926,335-27-3,"Perfluoro-1,3-dimethylcyclohexane",93,0,0,0,0,0
41653,4707-47-5,Methyl 3-methylorsellinate,460,59,13,9,6,3
34601,67564-91-4,"(2R,6S)-Fenpropimorph",394,65,20,9,6,3
29559,78491-02-8,Diazolidinyl urea,641,4,4,2,2,0
59933,382-28-5,Perfluoro(N-methylmorpholine),93,0,0,0,0,0
41861,762-04-9,Diethyl phosphite,378,2,2,1,1,0
21922,110-73-6,2-(Ethylamino)ethanol,378,3,3,2,2,0
41557,53219-21-9,Dihydromyrcenol,378,6,6,3,3,0
27191,542-92-7,"1,3-Cyclopentadiene",378,0,0,0,0,0
26102,117-08-8,Tetrachlorophthalic anhydride,642,7,7,4,4,0
21483,122-78-1,Phenylacetaldehyde,649,29,29,8,8,0
461880,1005-73-8,"1H,2H-Hexafluorocyclopentene",93,0,0,0,0,0
25216,1321-74-0,Divinylbenzene,378,9,9,3,3,0
44435,51-05-8,Procaine hydrochloride,643,6,6,4,4,0
26514,85-41-6,Phthalimide,641,3,3,2,2,0
29611,120-56-9,Ethylenebis(oxyethylene) dibenzoate,446,19,19,6,6,0
41877,151-05-3,Dimethylbenzylcarbinyl acetate,378,3,3,1,1,0
20359,108-94-1,Cyclohexanone,958,10,10,6,6,0
48183,77756-20-8,(-)-Enterolactone,501,38,38,10,10,0
21943,112-12-9,2-Undecanone,378,3,3,3,3,0
25662,122-57-6,Methyl styryl ketone,641,29,29,3,3,0
29661,3452-97-9,"3,5,5-Trimethyl-1-hexanol",641,4,4,2,2,0
21597,111-71-7,Heptanal,754,30,30,7,7,0
41379,489-01-0,"2,6-Di-tert-butyl-4-methoxyphenol",382,38,6,8,3,5
41955,139-87-7,Ethyl diethanolamine,378,3,3,2,2,0
47611,105-21-5,gamma-Heptalactone,378,0,0,0,0,0
24994,2893-78-9,Sodium dichloroisocyanurate,722,4,4,3,3,0
37745,87-18-3,4-tert-Butylphenyl salicylate,380,41,8,8,3,5
32516,3547-33-9,2-Hydroxyethyl octyl sulfide,380,19,1,4,1,3
61022,699-30-9,Perfluorosuccinic anhydride,93,0,0,0,0,0
29159,123-17-1,"2,6,8-Trimethyl-4-nonanol",644,10,2,5,2,3
44904,28631-66-5,C.I. Acid Blue 22,383,13,13,5,5,0
20292,107-20-0,2-Chloroacetaldehyde,380,38,38,5,5,0
42061,125-12-2,Isobornyl acetate,377,2,2,2,2,0
41920,1559-35-9,2-(2-Ethylhexyloxy)ethanol,377,3,3,3,3,0
26298,108-38-3,m-Xylene,640,7,7,3,3,0
47487,1072-15-7,Sodium nonyl sulfate,379,10,10,3,3,0
42424,59-40-5,Sulfaquinoxaline,643,12,12,5,5,0
32675,35400-43-2,Sulprofos,406,40,40,10,10,0
20144,119-53-9,Benzoin,908,20,20,5,5,0
21931,111-27-3,1-Hexanol,640,1,1,1,1,0
20307,107-30-2,Chloromethyl methyl ether,708,18,18,3,3,0
47473,9016-87-9,Polymethylene polyphenyl polyisocyanate,392,11,11,4,4,0
42325,104-45-0,4-Propylanisole,377,2,2,2,2,0
42086,59227-89-3,Laurocapram,381,62,7,8,2,6
48207,838-85-7,Diphenyl phosphate,379,3,3,2,2,0
42094,23089-26-1,Levomenol,379,29,2,10,2,8
27793,17796-82-6,N-(Cyclohexylthio)phthalimide,643,222,12,13,3,10
32630,1214-39-7,N-Benzyl-1H-purin-6-amine,389,17,0,6,0,6
27877,25550-98-5,Diisodecylphenyl phosphite,380,27,5,6,4,2
20466,105-55-5,"N,N'-Diethylthiourea",640,2,2,2,2,0
29124,95-93-2,"1,2,4,5-Tetramethylbenzene",640,4,4,3,3,0
42074,499-75-2,Isopropyl-o-cresol,393,19,5,6,2,4
23523,2078-54-8,Propofol,908,56,4,9,3,6
22628,29122-68-7,Atenolol,384,1,1,1,1,0
41273,118-47-8,Pyrazolone T,381,4,4,4,4,0
47180,36631-30-8,Triisodecyl trimellitate,377,7,7,3,3,0
22043,499-83-2,"2,6-Pyridinedicarboxylic acid",377,3,3,3,3,0
20354,461-58-5,Cyanoguanidine,639,1,1,1,1,0
20499,127-19-5,"N,N-Dimethylacetamide",660,5,5,4,4,0
32591,16079-88-2,"1-Bromo-3-chloro-5,5-dimethylhydantoin",388,7,7,4,4,0
45400,7681-76-7,Ronidazole,639,1,1,1,1,0
41491,104-54-1,3-Phenyl-2-propen-1-ol,466,9,9,4,4,0
30060,594-20-7,"2,2-Dichloropropane",639,6,6,4,4,0
36288,5333-42-6,2-Octyl-1-dodecanol,641,3,3,3,3,0
20047,57-06-7,Allyl isothiocyanate,720,9,9,4,4,0
27356,1067-53-4,Tris(2-methoxyethoxy)vinylsilane,640,12,12,3,3,0
32579,64700-56-7,Triclopyr 2-butoxyethyl ester,376,7,7,4,4,0
27656,7659-86-1,2-Ethylhexyl thioglycolate,643,22,22,4,4,0
42491,2761-24-2,Triethoxypentylsilane,376,8,8,3,3,0
27377,1300-73-8,Dimethylaniline,487,18,18,7,7,0
20384,50-02-2,Dexamethasone,357,30,30,7,7,0
47185,94-46-2,Isopentyl benzoate,376,2,2,1,1,0
34005,5329-14-6,Sulfamic acid,639,4,4,4,4,0
47033,17465-86-0,gamma-Cyclodextrin,378,2,2,1,1,0
44788,120-18-3,Naphthalene-2-sulfonic acid,377,15,1,4,1,3
22480,620-17-7,3-Ethylphenol,643,7,7,3,3,0
26285,120-14-9,Veratraldehyde,639,11,11,3,3,0
26496,80-26-2,alpha-Terpinyl acetate,749,49,1,11,1,10
25688,110-91-8,Morpholine,639,1,1,1,1,0
32412,81405-85-8,Imazamethabenz-methyl,376,5,5,3,3,0
35175,525-79-1,Kinetin,388,5,5,3,3,0
41267,1569-02-4,1-Ethoxy-2-propanol,376,4,4,2,2,0
24049,35367-38-5,Diflubenzuron,642,16,4,5,2,3
36226,142-31-4,Sodium octyl sulfate,378,8,8,3,3,0
32535,95266-40-3,Trinexapac-ethyl,376,2,2,2,2,0
29572,98730-04-2,Benoxacor,763,166,18,14,7,7
24394,64-19-7,Acetic acid,685,17,17,4,4,0
40795,7080-50-4,Chloramine-T trihydrate,454,5,5,4,4,0
22171,2016-57-1,1-Decanamine,639,18,18,3,3,0
29616,288-32-4,Imidazole,639,8,8,2,2,0
25272,87-25-2,Ethyl anthranilate,650,14,0,4,0,4
41184,18172-67-3,(-)-beta-Pinene,375,6,6,2,2,0
32416,28159-98-0,Cybutryne,392,43,8,8,4,4
21856,104-13-2,4-Butylaniline,378,20,20,5,5,0
25347,98-00-0,Furfuryl alcohol,749,31,31,9,9,0
41298,695-06-7,gamma-Caprolactone,375,4,4,2,2,0
47590,94-47-3,2-Phenylethyl benzoate,377,15,15,6,6,0
42038,5870-93-9,Heptyl butyrate,375,4,4,3,3,0
41425,6728-26-3,(2E)-2-Hexenal,638,6,6,3,3,0
42356,2110-18-1,2-(3-Phenylpropyl)pyridine,389,21,21,7,7,0
48211,94-08-6,Ethyl 4-methylbenzoate,375,2,2,2,2,0
44390,6610-29-3,N-Methylhydrazinecarbothioamide,378,63,1,9,1,8
38810,2627-95-4,Divinyltetramethyldisiloxane,375,3,3,2,2,0
42507,64-10-8,1-Phenylurea,374,1,1,1,1,0
41302,68169-03-9,(Dicyclopentadienyloxy)ethyl methacrylate,378,11,11,5,5,0
21103,1825-21-4,Pentachloroanisole,636,16,16,3,3,0
47597,9003-11-6,Poloxalene,377,2,2,2,2,0
29325,24851-98-7,Methyl dihydrojasmonate,654,11,11,3,3,0
48200,480-63-7,"2,4,6-Trimethylbenzoic acid",374,4,4,2,2,0
44784,1189-08-8,1-Methyltrimethylene dimethacrylate,376,7,7,3,3,0
20575,140-67-0,Estragole,637,6,6,3,3,0
25296,645-62-5,2-Ethyl-2-hexenal,386,5,5,3,3,0
27333,919-30-2,3-Aminopropyltriethoxysilane,649,5,5,4,4,0
48188,106-45-6,4-Thiocresol,376,30,1,5,1,4
29133,99-93-4,4-Hydroxyacetophenone,637,4,4,3,3,0
47205,83834-59-7,2-Ethylhexyl trans-4-methoxycinnamate,374,9,9,4,4,0
48204,70568-60-4,4-Butylcyclohexanol,374,3,3,3,3,0
47633,111-62-6,Ethyl oleate,374,5,5,2,2,0
40710,107-51-7,Octamethyltrisiloxane,374,0,0,0,0,0
41954,106-68-3,3-Octanone,374,1,1,1,1,0
24834,14371-10-9,(2E)-3-Phenylprop-2-enal,717,18,18,5,5,0
44570,5700-49-2,"1,2-Ethanediamine dihydroiodide",376,7,1,4,1,3
20889,622-97-9,4-Methylstyrene,637,6,6,3,3,0
40343,5437-45-6,Benzyl bromoacetate,374,17,17,6,6,0
36435,2687-94-7,1-Octyl-2-pyrrolidone,386,18,18,4,4,0
27920,27090-63-7,"N,N,N',N'-Tetrabutyl-1,6-hexanediamine",374,2,2,1,1,0
40731,605-45-8,Diisopropyl phthalate,387,23,23,5,5,0
20179,110-97-4,Diisopropanolamine,637,10,10,4,4,0
41516,4940-11-8,2-Ethyl-3-hydroxy-4-pyrone,380,9,9,6,6,0
42394,130-14-3,Sodium 1-naphthalenesulfonate,374,2,2,2,2,0
48180,2696-84-6,4-Propylaniline,377,9,9,3,3,0
38830,10094-34-5,"alpha,alpha-Dimethylphenethyl butyrate",374,8,8,4,4,0
40151,39236-46-9,Imidazolidinyl urea,452,14,14,5,5,0
28774,68609-97-2,Alkyl (C12-C14) glycidyl ether,377,25,25,6,6,0
48181,769-92-6,4-tert-Butylaniline,377,9,3,4,2,2
41487,20780-48-7,"3,7-Dimethyloctan-3-yl acetate",375,3,3,3,3,0
44828,692-86-4,Ethyl undec-10-enoate,374,5,5,3,3,0
42503,55934-93-5,Tripropylene glycol butyl ether,373,2,2,1,1,0
42167,877-24-7,Monopotassium phthalate,385,2,2,2,2,0
32513,85264-33-1,"(3,5-Dimethyl-1H-pyrazol-1-yl)methanol",381,1,1,1,1,0
26799,108-77-0,"2,4,6-Trichloro-s-triazine",636,13,13,4,4,0
41818,14765-30-1,2-sec-Butylcyclohexan-1-one,373,0,0,0,0,0
44202,112-14-1,Octyl acetate,374,3,3,3,3,0
47178,22047-49-0,2-Ethylhexyl octadecanoate,484,6,6,3,3,0
27412,1559-34-8,"3,6,9,12-Tetraoxahexadecan-1-ol",374,6,6,3,3,0
26789,108-32-7,Propylene carbonate,636,9,1,3,1,2
25292,94-96-2,"2-Ethyl-1,3-hexanediol",899,3,3,2,2,0
41426,110-87-2,"3,4-Dihydro-2H-pyran",373,0,0,0,0,0
44578,827-19-0,"Sodium 2,5-dimethylbenzenesulfonate",373,0,0,0,0,0
25130,28804-88-8,Dimethylnaphthalene,641,21,21,6,6,0
30606,55589-62-3,Acesulfame potassium,714,4,4,2,2,0
27032,124-68-5,2-Amino-2-methylpropan-1-ol,637,4,4,4,4,0
41636,93-92-5,(+/-)-alpha-Methylbenzyl acetate,380,2,2,1,1,0
25451,14901-07-6,"4-(2,6,6-Trimethyl-cyclohex-1-enyl)-but-3-en-2-one",373,14,14,4,4,0
41550,7540-51-4,(S)-(-)-beta-Citronellol,373,5,5,3,3,0
26118,119-64-2,Tetralin,636,4,4,2,2,0
26906,112-18-5,"N,N-Dimethyldodecan-1-amine",502,34,34,8,8,0
27433,1760-24-3,"N-[3-(Trimethoxysilyl)propyl]ethane-1,2-diamine",636,8,0,3,0,3
22247,7212-44-4,Nerolidol,374,70,1,8,1,7
41299,7011-83-8,Dihydrojasmone lactone,374,7,7,5,5,0
20044,107-18-6,Allyl alcohol,636,18,0,3,0,3
41815,116-02-9,"3,3,5-Trimethylcyclohexanol",451,4,4,2,2,0
41210,99-85-4,gamma-Terpinene,373,2,2,1,1,0
21916,110-43-0,2-Heptanone,637,27,1,6,1,5
21415,122-20-3,Triisopropanolamine,636,3,3,3,3,0
20591,77-83-8,Ethyl methylphenylglycidate,636,12,12,4,4,0
35748,51229-78-8,Chloroallyl methenamine chloride,379,37,4,6,3,3
38795,1873-88-7,"1,1,1,3,5,5,5-Heptamethyltrisiloxane",373,3,3,2,2,0
26461,78-82-0,2-Methylpropanenitrile,636,6,6,4,4,0
35272,24157-81-1,"2,6-Diisopropylnaphthalene",373,21,21,4,4,0
44553,15046-75-0,Sodium 2-methylbenzenesulfonate,373,3,3,3,3,0
42335,34451-19-9,Butyl (2S)-2-hydroxypropanoate,373,0,0,0,0,0
29848,108419-33-6,"Acetic acid, C8-10-branched alkyl esters, C9-rich",373,2,2,2,2,0
21792,90-02-8,Salicylaldehyde,639,8,8,3,3,0
24917,123-42-2,Diacetone alcohol,948,18,18,5,5,0
880006,34552-83-5,"4-(4-Chlorophenyl)-4-hydroxy-N,N-dimethyl-alpha,alpha-diphenylpiperidine-1-butyramide monohydrochloride",87,79,79,3,3,0
22667,378-44-9,Betamethasone,627,59,59,6,6,0
40751,35661-60-0,N-(9-Fluorenylmethoxycarbonyl)-L-leucine,350,25,25,6,6,0
27373,1222-05-5,"1,3,4,6,7,8-Hexahydro-4,6,6,7,8,8-hexamethylcyclopenta[g]-2-benzopyran",88,33,33,2,2,0
21130,89-25-8,1-Phenyl-3-methyl-5-pyrazolone,1072,39,39,9,9,0
24701,56803-37-3,tert-Butylphenyl diphenyl phosphate,549,172,31,24,14,10
872737,NOCAS_872737,EPAMED_Water_Set3-32,82,1,1,1,1,0
872708,NOCAS_872708,EPAMED_Water_Set3-3,82,3,3,2,2,0
872735,NOCAS_872735,EPAMED_Water_Set3-30,82,0,0,0,0,0
872736,NOCAS_872736,EPAMED_Water_Set3-31,82,1,1,1,1,0
872723,NOCAS_872723,EPAMED_Water_Set3-18,82,3,3,2,2,0
903876,NOCAS_903876,EPAMED_Water_Set5-17,82,0,0,0,0,0
872724,NOCAS_872724,EPAMED_Water_Set3-19,82,1,1,1,1,0
872707,NOCAS_872707,EPAMED_Water_Set3-2,82,5,5,2,2,0
872709,NOCAS_872709,EPAMED_Water_Set3-4,82,0,0,0,0,0
872722,NOCAS_872722,EPAMED_Water_Set3-17,82,1,1,1,1,0
872744,NOCAS_872744,EPAMED_Water_Set3-39,82,1,1,1,1,0
903890,NOCAS_903890,EPAMED_Water_Set5-31,82,0,0,0,0,0
903887,NOCAS_903887,EPAMED_Water_Set5-28,82,0,0,0,0,0
872738,NOCAS_872738,EPAMED_Water_Set3-33,82,1,1,1,1,0
872739,NOCAS_872739,EPAMED_Water_Set3-34,82,0,0,0,0,0
872740,NOCAS_872740,EPAMED_Water_Set3-35,82,1,1,1,1,0
872741,NOCAS_872741,EPAMED_Water_Set3-36,82,1,1,1,1,0
872742,NOCAS_872742,EPAMED_Water_Set3-37,82,1,1,1,1,0
872743,NOCAS_872743,EPAMED_Water_Set3-38,82,1,1,1,1,0
903875,NOCAS_903875,EPAMED_Water_Set5-16,82,0,0,0,0,0
195822,4331-54-8,4-Methylcyclohexanecarboxylic acid,82,1,1,1,1,0
903884,NOCAS_903884,EPAMED_Water_Set5-25,82,0,0,0,0,0
26712,105-08-8,"1,4-Cyclohexanedimethanol",345,1,1,1,1,0
72990,98955-27-2,4-Methoxymethylcyclohexanemethanol,82,1,1,1,1,0
872731,NOCAS_872731,EPAMED_Water_Set3-26,82,10,10,2,2,0
872730,NOCAS_872730,EPAMED_Water_Set3-25,82,9,9,2,2,0
903868,NOCAS_903868,EPAMED_Water_Set5-9,82,0,0,0,0,0
903867,NOCAS_903867,EPAMED_Water_Set5-8,82,0,0,0,0,0
903866,NOCAS_903866,EPAMED_Water_Set5-7,82,0,0,0,0,0
903888,NOCAS_903888,EPAMED_Water_Set5-29,82,0,0,0,0,0
903862,NOCAS_903862,EPAMED_Water_Set5-3,82,0,0,0,0,0
903889,NOCAS_903889,EPAMED_Water_Set5-30,82,0,0,0,0,0
903891,NOCAS_903891,EPAMED_Water_Set5-32,82,0,0,0,0,0
872734,NOCAS_872734,EPAMED_Water_Set3-29,82,7,7,2,2,0
872733,NOCAS_872733,EPAMED_Water_Set3-28,82,2,2,1,1,0
872732,NOCAS_872732,EPAMED_Water_Set3-27,82,9,9,2,2,0
872718,NOCAS_872718,EPAMED_Water_Set3-13,82,1,1,1,1,0
872717,NOCAS_872717,EPAMED_Water_Set3-12,82,1,1,1,1,0
872715,NOCAS_872715,EPAMED_Water_Set3-10,82,7,7,2,2,0
872716,NOCAS_872716,EPAMED_Water_Set3-11,82,2,2,1,1,0
872720,NOCAS_872720,EPAMED_Water_Set3-15,82,1,1,1,1,0
903863,NOCAS_903863,EPAMED_Water_Set5-4,82,0,0,0,0,0
872719,NOCAS_872719,EPAMED_Water_Set3-14,82,0,0,0,0,0
21513,123-72-8,Butyraldehyde,430,0,0,0,0,0
872706,NOCAS_872706,EPAMED_Water_Set3-1,82,1,1,1,1,0
903886,NOCAS_903886,EPAMED_Water_Set5-27,82,0,0,0,0,0
903885,NOCAS_903885,EPAMED_Water_Set5-26,82,0,0,0,0,0
872729,NOCAS_872729,EPAMED_Water_Set3-24,82,1,1,1,1,0
872728,NOCAS_872728,EPAMED_Water_Set3-23,82,6,6,2,2,0
872727,NOCAS_872727,EPAMED_Water_Set3-22,82,1,1,1,1,0
872726,NOCAS_872726,EPAMED_Water_Set3-21,82,3,3,2,2,0
872725,NOCAS_872725,EPAMED_Water_Set3-20,82,6,6,2,2,0
872749,NOCAS_872749,EPAMED_Water_Set3-44,82,3,3,2,2,0
872750,NOCAS_872750,EPAMED_Water_Set3-45,82,4,4,2,2,0
872751,NOCAS_872751,EPAMED_Water_Set3-46,82,4,4,2,2,0
872752,NOCAS_872752,EPAMED_Water_Set3-47,82,7,7,2,2,0
872753,NOCAS_872753,EPAMED_Water_Set3-48,82,0,0,0,0,0
57914,NOCAS_57914,MED_ChemSTMix_5EnvC,82,2,2,1,1,0
57917,NOCAS_57917,MED_ERBothMix_8EQC,82,6,6,2,2,0
872748,NOCAS_872748,EPAMED_Water_Set3-43,82,3,3,2,2,0
872713,NOCAS_872713,EPAMED_Water_Set3-8,82,1,1,1,1,0
903861,NOCAS_903861,EPAMED_Water_Set5-2,82,0,0,0,0,0
47133,22694-96-8,"2,4,5-Trimethyl-3-oxazoline",345,19,19,5,5,0
49225,15646-46-5,Oxazolone,345,11,11,4,4,0
872746,NOCAS_872746,EPAMED_Water_Set3-41,82,3,3,2,2,0
872745,NOCAS_872745,EPAMED_Water_Set3-40,82,0,0,0,0,0
872714,NOCAS_872714,EPAMED_Water_Set3-9,82,1,1,1,1,0
872747,NOCAS_872747,EPAMED_Water_Set3-42,82,2,2,2,2,0
903871,NOCAS_903871,EPAMED_Water_Set5-12,82,0,0,0,0,0
903872,NOCAS_903872,EPAMED_Water_Set5-13,82,0,0,0,0,0
903873,NOCAS_903873,EPAMED_Water_Set5-14,82,0,0,0,0,0
903874,NOCAS_903874,EPAMED_Water_Set5-15,82,0,0,0,0,0
903877,NOCAS_903877,EPAMED_Water_Set5-18,82,0,0,0,0,0
903878,NOCAS_903878,EPAMED_Water_Set5-19,82,0,0,0,0,0
903870,NOCAS_903870,EPAMED_Water_Set5-11,82,0,0,0,0,0
903869,NOCAS_903869,EPAMED_Water_Set5-10,82,0,0,0,0,0
872755,NOCAS_872755,EPAMED_Water_Set3-50,82,1,1,1,1,0
872756,NOCAS_872756,EPAMED_Water_Set3-51,82,1,1,1,1,0
872757,NOCAS_872757,EPAMED_Water_Set3-52,82,2,2,1,1,0
872711,NOCAS_872711,EPAMED_Water_Set3-6,82,1,1,1,1,0
872712,NOCAS_872712,EPAMED_Water_Set3-7,82,0,0,0,0,0
903860,NOCAS_903860,EPAMED_Water_Set5-1,82,0,0,0,0,0
872710,NOCAS_872710,EPAMED_Water_Set3-5,82,4,4,2,2,0
872754,NOCAS_872754,EPAMED_Water_Set3-49,82,1,1,1,1,0
26122,110-18-9,"N,N,N',N'-Tetramethylethylenediamine",429,1,1,1,1,0
57908,NOCAS_57908,MED_ChemMix_7EnvC,82,1,1,1,1,0
57909,NOCAS_57909,MED_IVEDCMix_4EQC,82,3,3,1,1,0
57916,NOCAS_57916,MED_ERAgonMix_4EQC,82,3,3,1,1,0
57910,NOCAS_57910,MED_IVEDCMix_4EnvC,82,4,4,2,2,0
57912,NOCAS_57912,MED_EnvEDCMix_9EnvC,82,2,2,1,1,0
57913,NOCAS_57913,MED_ChemSTMix_5EQC,82,2,2,1,1,0
57907,NOCAS_57907,MED_ChemMix_7EQC,82,3,3,1,1,0
57911,NOCAS_57911,MED_EnvEDCMix_9EQC,82,4,4,1,1,0
57915,NOCAS_57915,MED_ERAntagonMix_4EQC,82,5,5,2,2,0
903894,NOCAS_903894,EPAMED_Water_Set5-35,82,0,0,0,0,0
903895,NOCAS_903895,EPAMED_Water_Set5-36,82,0,0,0,0,0
903892,NOCAS_903892,EPAMED_Water_Set5-33,82,0,0,0,0,0
21635,78-84-2,2-Methylpropanal,431,11,11,3,3,0
22001,141-78-6,Ethyl acetate,509,4,4,4,4,0
903893,NOCAS_903893,EPAMED_Water_Set5-34,82,0,0,0,0,0
21982,123-86-4,Butyl acetate,430,3,3,2,2,0
21889,108-10-1,4-Methyl-2-pentanone,430,1,1,1,1,0
20569,106-88-7,"1,2-Epoxybutane",434,5,5,3,3,0
40117,109-94-4,Ethyl formate,82,3,3,1,1,0
903896,NOCAS_903896,EPAMED_Water_Set5-37,82,0,0,0,0,0
872721,NOCAS_872721,EPAMED_Water_Set3-16,82,2,2,1,1,0
24366,121-44-8,Triethylamine,431,2,2,2,2,0
21881,107-15-3,Ethylenediamine,423,5,5,4,4,0
21604,66-25-1,Hexanal,696,8,1,3,1,2
903883,NOCAS_903883,EPAMED_Water_Set5-24,82,0,0,0,0,0
903882,NOCAS_903882,EPAMED_Water_Set5-23,82,0,0,0,0,0
903881,NOCAS_903881,EPAMED_Water_Set5-22,82,0,0,0,0,0
903880,NOCAS_903880,EPAMED_Water_Set5-21,82,0,0,0,0,0
903879,NOCAS_903879,EPAMED_Water_Set5-20,82,0,0,0,0,0
903865,NOCAS_903865,EPAMED_Water_Set5-6,82,0,0,0,0,0
903864,NOCAS_903864,EPAMED_Water_Set5-5,82,0,0,0,0,0
59971,422-85-5,1-Bromoheptafluoropropane,81,0,0,0,0,0
1351484,NOCAS_1351484,Propylparaben; 2-(Phenylmethylene)octanal (33:67),81,16,16,2,2,0
44812,2517-43-3,3-Methoxybutan-1-ol,349,11,11,2,2,0
1339556,NOCAS_1339556,AFFF Solberg F1 (0.33X) + F2 (0.33X) + F3 (0.33X),81,9,9,2,2,0
1339559,NOCAS_1339559,AFFF Solberg F2(0.5X) + F3(0.5X),81,7,7,2,2,0
903852,NOCAS_903852,EPAMED_Water_Set4-28,81,0,0,0,0,0
903853,NOCAS_903853,EPAMED_Water_Set4-29,81,0,0,0,0,0
903828,NOCAS_903828,EPAMED_Water_Set4-4,81,1,1,1,1,0
903854,NOCAS_903854,EPAMED_Water_Set4-30,81,1,1,1,1,0
903855,NOCAS_903855,EPAMED_Water_Set4-41,81,0,0,0,0,0
903856,NOCAS_903856,EPAMED_Water_Set4-42,81,0,0,0,0,0
47583,423-39-2,Nonafluoro-1-iodobutane,81,0,0,0,0,0
903857,NOCAS_903857,EPAMED_Water_Set4-43,81,0,0,0,0,0
1351789,NOCAS_1351789,2-(Phenylmethylene)octanal; Butylated hydroxytoluene (67:33),81,25,25,2,2,0
1351790,NOCAS_1351790,Citric acid; Butylated hydroxytoluene (33:67),81,19,19,2,2,0
1351788,NOCAS_1351788,2-(Phenylmethylene)octanal; Butylated hydroxytoluene (33:67),81,23,23,2,2,0
1351787,NOCAS_1351787,Propylparaben; Butylated hydroxytoluene (67:33),81,6,6,1,1,0
1351786,NOCAS_1351786,Propylparaben; Butylated hydroxytoluene (33:67),81,23,23,2,2,0
1351485,NOCAS_1351485,Propylparaben; 2-(Phenylmethylene)octanal (67:33),81,10,10,1,1,0
1351798,NOCAS_1351798,Propylparaben; Bisphenol A (50:50),81,9,9,2,2,0
1351794,NOCAS_1351794,Dodecanoic acid; Propylparaben (33:67),81,4,4,2,2,0
1351795,NOCAS_1351795,1-Phenyl-3-methyl-5-pyrazolone; Propylparaben (33:67),81,4,4,1,1,0
1351796,NOCAS_1351796,1-Phenyl-3-methyl-5-pyrazolone; Propylparaben (67:33),81,5,5,2,2,0
903840,NOCAS_903840,EPAMED_Water_Set4-16,81,2,2,2,2,0
903839,NOCAS_903839,EPAMED_Water_Set4-15,81,2,2,2,2,0
1351791,NOCAS_1351791,Citric acid; Butylated hydroxytoluene (67:33),81,5,5,1,1,0
1351793,NOCAS_1351793,Dodecanoic acid; Propylparaben (67:33),81,5,5,2,2,0
903842,NOCAS_903842,EPAMED_Water_Set4-18,81,1,1,1,1,0
903850,NOCAS_903850,EPAMED_Water_Set4-26,81,1,1,1,1,0
903849,NOCAS_903849,EPAMED_Water_Set4-25,81,1,1,1,1,0
903848,NOCAS_903848,EPAMED_Water_Set4-24,81,0,0,0,0,0
903847,NOCAS_903847,EPAMED_Water_Set4-23,81,2,2,1,1,0
903846,NOCAS_903846,EPAMED_Water_Set4-22,81,3,3,2,2,0
903826,NOCAS_903826,EPAMED_Water_Set4-2,81,3,3,1,1,0
903843,NOCAS_903843,EPAMED_Water_Set4-19,81,2,2,2,2,0
903834,NOCAS_903834,EPAMED_Water_Set4-10,81,3,3,2,2,0
903837,NOCAS_903837,EPAMED_Water_Set4-13,81,3,3,2,2,0
38840,17527-29-6,(Perfluorohexyl)ethyl acrylate,81,3,3,2,2,0
903851,NOCAS_903851,EPAMED_Water_Set4-27,81,1,1,1,1,0
1339555,NOCAS_1339555,AFFF Solberg F3 (1X),81,5,5,2,2,0
1339554,NOCAS_1339554,AFFF Solberg F2 (1X),81,6,6,2,2,0
1339553,NOCAS_1339553,AFFF Solberg F1 (1X),81,15,15,2,2,0
1339551,NOCAS_1339551,AFFF Solberg Unfractionated (1X),81,27,27,2,2,0
47753,198-55-0,Perylene,84,2,2,1,1,0
52710,41318-75-6,"2,4,4'-Tribromodiphenyl ether",84,0,0,0,0,0
52682,1576-67-6,"3,6-Dimethylphenanthrene",81,6,6,2,2,0
41284,34455-29-3,6:2 Fluorotelomer sulfonamide betaine,81,9,9,2,2,0
1339598,NOCAS_1339598,AFFF Solberg F3 blank,81,1,1,1,1,0
1339595,NOCAS_1339595,AFFF Solberg F2 blank,81,0,0,0,0,0
1339593,NOCAS_1339593,AFFF Solberg F1 blank,81,3,3,1,1,0
1339560,NOCAS_1339560,AFFF Solberg H20 blank,81,0,0,0,0,0
52693,207122-16-5,"2,2',3,4,4',5',6-Heptabromodiphenyl ether",81,0,0,0,0,0
52689,189084-64-8,"2,2',4,4',6-Pentabromodiphenyl ether",81,0,0,0,0,0
1339557,NOCAS_1339557,AFFF Solberg F1 (0.5X) +  F2 (0.5X),81,14,14,2,2,0
1351807,NOCAS_1351807,Butylated hydroxytoluene; Bexarotene (50:50),81,20,20,2,2,0
1351805,NOCAS_1351805,2-(Phenylmethylene)octanal; Bexarotene (50:50),81,24,24,2,2,0
1351804,NOCAS_1351804,2-(Phenylmethylene)octanal; Pioglitazone hydrochloride (50:50),81,11,11,2,2,0
1351803,NOCAS_1351803,2-(Phenylmethylene)octanal and Triclosan (50:50),81,26,26,2,2,0
1351806,NOCAS_1351806,Citric acid; Bexarotene (50:50),81,22,22,2,2,0
1351802,NOCAS_1351802,2-(Phenylmethylene)octanal; Bisphenol A (50:50),81,19,19,2,2,0
1351801,NOCAS_1351801,Propylparaben; Rifampicin (50:50),81,5,5,2,2,0
1351799,NOCAS_1351799,Propylparaben and Triclosan (50:50),81,26,26,2,2,0
903825,NOCAS_903825,EPAMED_Water_Set4-1,81,2,2,1,1,0
903831,NOCAS_903831,EPAMED_Water_Set4-7,81,2,2,2,2,0
903829,NOCAS_903829,EPAMED_Water_Set4-5,81,1,1,1,1,0
903859,NOCAS_903859,EPAMED_Water_Set4-45,81,0,0,0,0,0
903858,NOCAS_903858,EPAMED_Water_Set4-44,81,0,0,0,0,0
1339558,NOCAS_1339558,AFFF Solberg F1 (0.5X) + F3 (0.5X),81,13,13,2,2,0
30056,5436-43-1,"2,2',4,4'-Tetrabromodiphenyl ether",341,62,36,7,4,3
20321,113-92-8,Chlorpheniramine maleate,804,64,15,14,7,7
22707,36505-84-7,Buspirone,601,70,14,10,4,6
47672,272451-65-7,Flubendiamide,420,55,17,8,5,3
1020544,35597-44-5,Glufosinate-P,72,0,0,0,0,0
37197,62571-86-2,Captopril,335,3,3,2,2,0
20732,15687-27-1,Ibuprofen,1056,33,33,10,10,0
32192,78-30-8,Tri-o-cresyl phosphate,552,211,31,21,11,10
23309,51384-51-1,Metoprolol,310,8,8,5,5,0
37555,102851-06-9,tau-Fluvalinate,421,60,60,9,9,0
47037,335104-84-2,Tembotrione,418,9,9,5,5,0
865801,36062-04-1,Tetrahydrocurcumin,161,33,18,11,8,3
32330,1820573-27-0,beta-Cyfluthrin,70,25,25,2,2,0
23270,657-24-9,Metformin,490,7,7,3,3,0
47240,6106-04-3,Sodium L-glutamate hydrate,70,0,0,0,0,0
23039,76824-35-6,Famotidine,681,7,7,3,3,0
28880,68937-41-7,Triphenyl phosphates isopropylated,1130,312,43,24,10,14
24122,1071-83-6,Glyphosate,68,0,0,0,0,0
20635,56296-78-7,Fluoxetine hydrochloride,330,182,54,13,9,4
37044,26787-78-0,Amoxicillin,143,0,0,0,0,0
34869,178928-70-6,Prothioconazole,414,141,22,18,10,8
21272,7758-19-2,Sodium chlorite,657,11,11,4,4,0
37072,1069-66-5,Sodium valproate,409,17,3,2,1,1
40681,7773-01-5,Manganese dichloride,59,8,8,2,2,0
274180,14277-97-5,L-Domoic acid,59,19,19,2,2,0
24120,77182-82-2,Glufosinate-ammonium,58,2,2,1,1,0
40712,2767-54-6,Triethyltin bromide,406,236,76,12,7,5
22602,69-53-4,Ampicillin,668,11,11,6,6,0
20552,562-10-7,Doxylamine succinate,927,8,8,4,4,0
1336160,NOCAS_1336160,"Guarana from ground, unprocessed seed",55,5,5,2,2,0
1335118,NOCAS_1335118,Wormwood Herb 10:1,55,12,12,2,2,0
52741,12071-83-9,Propineb,58,38,38,2,2,0
46812,118712-89-3,Transfluthrin,133,37,37,3,3,0
58104,447399-55-5,Pyroxasulfone,55,25,25,2,2,0
27348,994-36-5,Sodium citrate (x:1),55,18,18,2,2,0
37602,1035330-36-9,2-tert-Butylpyrimidin-5-yl ethyl isopropyl phosphate,55,5,5,2,2,0
37601,56070-14-5,Terbufos oxon,55,11,11,2,2,0
42444,10548-10-4,Terbufos sulfoxide,55,1,1,1,1,0
24331,563-68-8,Thallium(I) acetate,318,62,8,6,2,4
44343,365400-11-9,Pyrasulfotole,55,0,0,0,0,0
1335119,NOCAS_1335119,Powdered Guarana seed,55,0,0,0,0,0
1334843,NOCAS_1334843,Wormwood,55,10,10,2,2,0
1336159,NOCAS_1336159,Fu Zi (Zhi) (Aconitum Lateralis) root,55,1,1,1,1,0
1018461,8063-12-5,Aconite,55,2,2,1,1,0
25383,25637-99-4,Hexabromocyclododecane,55,42,42,2,2,0
58166,69770-45-2,Flumethrin,55,28,28,2,2,0
20762,67-63-0,Isopropanol,396,39,7,7,1,6
37500,20243-81-6,Bensulide oxon,55,5,5,2,2,0
37586,2600-69-3,Phorate oxon,55,8,8,1,1,0
42286,3735-33-9,Phosmetoxon,55,1,1,1,1,0
34698,29450-45-1,2-Ethylhexyl (4-chloro-2-methylphenoxy)acetate,320,24,24,6,6,0
897219,997-55-7,(2S)-2-Acetamidobutanedioic acid,55,0,0,0,0,0
32440,105726-67-8,N-Methylneodecanamide,55,6,6,2,2,0
33736,159989-65-8,Nelfinavir mesylate,581,277,31,10,5,5
35084,3564-98-5,"p-Menthane-3,8-diol (cis-1,3,trans-1,4)",55,0,0,0,0,0
909356,1051375-16-6,Dolutegravir,55,26,26,2,2,0
274167,1315501-18-8,zeta-Cypermethrin,55,34,34,2,2,0
37509,3957-63-9,Chlorethoxyfos oxon,55,25,25,2,2,0
24983,15663-27-1,Cisplatin,659,56,56,11,11,0
885616,35272-27-6,"1,2,3-Benzothiadiazole-7-carboxylic acid",55,9,9,2,2,0
20596,100-41-4,Ethylbenzene,318,4,4,3,3,0
34329,129909-90-6,Amicarbazone,55,0,0,0,0,0
30711,31142-56-0,"2-Hydroxy-1,2,3-propanetricarboxylic acid aluminum salt (1:x)",55,22,22,2,2,0
44584,14611-52-0,Selegiline hydrochloride,580,7,7,2,2,0
41201,67375-30-8,alpha-Cypermethrin,317,36,36,7,7,0
45437,23031-32-5,Terbutaline hemisulfate,317,6,6,3,3,0
31521,6080-56-4,Lead(II) acetate trihydrate,317,25,25,7,7,0
21102,132-98-9,Penicillin VK,664,6,6,5,5,0
40373,139968-49-3,Metaflumizone,385,45,30,13,9,4
24243,1910-42-5,Paraquat dichloride,52,32,32,2,2,0
20104,7784-46-5,Sodium arsenite,51,40,40,2,2,0
20630,7681-49-4,Sodium fluoride,51,2,0,1,0,1
41035,23513-14-6,(6)-Gingerol,142,12,12,3,3,0
51446,329-89-5,6-aminopyridine-3-carboxamide,270,54,8,5,3,2
880026,2395-00-8,Potassium perfluorooctanoate,47,1,1,1,1,0
30048,60348-60-9,"2,2',4,4',5-Pentabromodiphenyl ether",308,38,8,10,3,7
22877,147-94-4,Cytarabine,485,72,72,7,7,0
880040,36913-39-0,1-Methyl-4-phenylpyridinium iodide,41,9,9,2,2,0
21292,127-69-5,Sulfisoxazole,991,4,4,3,3,0
20331,52214-84-3,Ciprofibrate,911,24,24,4,4,0
40684,73573-88-3,Mevastatin,117,43,43,5,5,0
31356,1772-03-8,Galactosamine hydrochloride,382,10,10,3,3,0
199452,51481-60-8,Naloxone hydrochloride dihydrate,37,0,0,0,0,0
880060,438-41-5,Chlordiazepoxide hydrochloride,37,28,28,2,2,0
57865,51-63-8,Dextroamphetamine sulfate,37,1,1,1,1,0
20166,56-35-9,Bis(tributyltin)oxide,300,181,52,12,6,6
41464,111-94-4,"3,3'-Iminobispropanenitrile",390,2,2,2,2,0
1365071,167616-23-1,Bone morphogenetic protein 7 (human),36,8,8,1,1,0
1365068,432296-14-5,Bone morphogenetic protein 2 (human),36,9,9,1,1,0
1020545,73777-50-1,Glufosinate-P ammonium,36,1,1,1,1,0
25465,29761-21-5,Isodecyl diphenyl phosphate,498,147,21,19,12,7
32240,56-24-6,Trimethyltin hydroxide,32,25,25,2,2,0
1027734,33643-47-9,Esketamine hydrochloride,32,2,2,2,2,0
23752,111406-87-2,Zileuton,640,24,24,6,6,0
38443,50-36-2,Cocaine,32,0,0,0,0,0
40183,7790-78-5,Cadmium(II) chloride hydrate (2:5),32,30,30,2,2,0
20406,439-14-5,Diazepam,558,40,5,6,3,3
880025,335-95-5,Sodium perfluorooctanoate,30,1,1,1,1,0
23569,155141-29-0,Rosiglitazone maleate,561,116,56,18,12,6
40661,882-09-7,Clofibric acid,642,7,7,4,4,0
977813,343321-96-0,"2-Methyl-2-(4-{[({4-methyl-2-[4-(trifluoromethyl)phenyl]-1,3-thiazol-5-yl}carbonyl)amino]methyl}phenoxy)propanoic acid",29,8,8,1,1,0
29869,41859-67-0,Bezafibrate,640,27,27,4,4,0
40733,639-58-7,Triphenyltin chloride,406,256,107,20,14,6
37269,13721-39-6,Sodium orthovanadate,27,19,19,2,2,0
183677,29477-83-6,Narciclasine,26,18,18,2,2,0
23909,207-08-9,Benzo[k]fluoranthene,298,66,66,7,7,0
30047,68631-49-2,"2,2',4,4',5,5'-Hexabromodiphenyl ether",288,17,1,6,1,5
20139,50-32-8,Benzo[a]pyrene,287,79,26,9,5,4
22432,218-01-9,Chrysene,286,9,9,5,5,0
52686,183658-27-7,"2-Ethylhexyl 2,3,4,5-tetrabromobenzoate",26,11,11,2,2,0
23764,192-97-2,Benzo[e]pyrene,752,74,74,14,14,0
34185,7601-89-0,Sodium perchlorate,22,1,1,1,1,0
37580,1113-02-6,Omethoate,413,9,9,6,6,0
40137,1867-66-9,Ketamine hydrochloride,22,2,2,2,2,0
58005,183675-82-3,Penthiopyrad,22,5,5,2,2,0
52871,1224510-29-5,beta-Cypermethrin,22,1,1,1,1,0
49245,215-58-7,"Dibenz[a,c]anthracene",289,35,18,9,7,2
46492,341031-54-7,Sunitinib malate,287,122,29,12,6,6
25568,592-62-1,Methylazoxymethanol acetate,20,4,3,2,2,0
45106,113-98-4,Penicillin G potassium,98,0,0,0,0,0
1017640,133073-73-1,Methotrexate hydrate(1:x),20,10,10,2,2,0
893458,19171-19-8,Pomalidomide,20,9,9,2,2,0
22445,620-92-8,Bis(4-hydroxyphenyl)methane,484,49,49,12,12,0
41280,2226-96-2,"4-Hydroxy-2,2,6,6-tetramethylpiperidin-1-yl)oxidanyl",477,9,9,5,5,0
23177,4759-48-2,13-cis Retinoic acid,298,89,29,9,7,2
48507,NOCAS_48507,PharmaGSID_48507,661,109,45,20,13,7
44532,130-20-1,D&C Blue No. 9,486,30,30,12,12,0
41150,2001-95-8,Valinomycin,19,19,19,2,2,0
21122,50-06-6,Phenobarbital,360,2,2,1,1,0
27279,638-38-0,Manganese(II) acetate,633,19,19,5,5,0
45838,28094-15-7,Oxidopamine hydrochloride,282,22,22,6,6,0
23908,191-24-2,"Benzo[g,h,i]perylene",282,19,19,4,4,0
47889,848641-69-0,1-Ethyl-3-methyl-1H-imidazol-3-ium diethyl phosphate,545,161,26,12,7,5
24887,203-64-5,4H-Cyclopenta(def)phenanthrene,282,18,1,4,1,3
880073,860302-33-6,Firemaster 550,19,6,6,2,2,0
24602,633-65-8,Berberine chloride,545,131,47,10,8,2
61753,1522-22-1,"1,1,1,5,5,5-Hexafluoro-2,4-pentanedione",18,0,0,0,0,0
40127,141-86-6,"2,6-Diaminopyridine",740,24,24,6,6,0
21333,97-74-5,Tetramethylthiuram monosulfide,1011,371,50,22,11,11
38822,4196-89-8,Neopentyl glycol dibenzoate,474,54,2,12,2,10
40734,118-60-5,2-Ethylhexyl salicylate,474,40,2,10,2,8
873178,157212-55-0,Bosentan hydrate,20,1,1,1,1,0
44463,78-08-0,Ethenyl(triethoxy)silane,471,8,8,6,6,0
37750,65405-77-8,(3Z)-Hexenyl salicylate,476,92,5,16,4,12
20110,68844-77-9,Astemizole,759,373,60,25,15,10
65740,14260-97-0,Bis(2-butoxyethyl) phosphate,16,0,0,0,0,0
46776,775304-57-9,Ataluren,278,37,17,7,4,3
47853,18556-44-0,Vinrosidine sulfate (1:x),541,110,54,7,6,1
24457,52417-22-8,9-Aminoacridine hydrochloride monohydrate,541,225,58,10,7,3
23714,52128-35-5,Trimetrexate,15,4,4,3,3,0
40758,102121-60-8,AM580,359,103,15,12,6,6
48505,NOCAS_48505,PharmaGSID_48505,657,316,151,34,25,9
41030,42017-89-0,Fenofibric acid,13,3,3,2,2,0
46666,8004-87-3,C.I. Basic Violet 1,94,50,16,8,5,3
33105,59-14-3,5-Bromo-2'-deoxyuridine,538,23,23,5,5,0
34799,4685-14-7,Paraquat,12,0,0,0,0,0
41034,184475-35-2,Gefitinib,275,73,5,9,3,6
22556,59277-89-3,Acyclovir,275,4,4,2,2,0
40502,220127-57-1,Imatinib mesylate,275,52,1,6,1,5
1017388,225937-10-0,"(2R,3S)-2-(3,4-Dihydroxyphenyl)-3,4-dihydro-2H-1-benzopyran-3,5,7-triol hydrate (1:x)",12,7,7,2,2,0
1006988,866405-64-3,Dorsomorphin,12,11,11,2,2,0
46681,443913-73-3,Vandetanib,275,27,0,6,0,6
1003945,83846-83-7,Ketanserin tartrate,12,9,9,2,2,0
944145,21535-47-7,Mianserin hydrochloride,12,12,12,2,2,0
46664,191732-72-6,Lenalidomide,275,5,5,2,2,0
41128,284461-73-0,Sorafenib,12,12,12,2,2,0
904761,189188-57-6,Tegaserod maleate,12,9,9,2,2,0
23753,146939-27-7,Ziprasidone,353,98,15,8,4,4
42594,87051-43-2,Ritanserin,275,53,7,9,3,6
48174,174185-16-1,FR167356,643,213,32,32,10,22
40979,302962-49-8,Dasatinib,275,89,31,11,8,3
48522,NOCAS_48522,HMR1171 trifluoroacetate (1:1),515,208,20,31,9,22
37131,122320-73-4,Rosiglitazone,275,12,12,5,5,0
40743,71441-28-6,"4-(2-(5,6,7,8-Tetrahydro-5,5,8,8-tetramethyl-2-naphthenyl)-1E-propen-1-yl)benzoic acid",151,10,10,6,6,0
21236,2871-01-4,HC Red 3,359,49,3,9,3,6
746660,668985-31-7,Esomeprazole magnesium hydrate,12,12,12,2,2,0
48166,NOCAS_48166,PharmaGSID_48166,622,278,43,33,12,21
34113,566-48-3,4-Hydroxyandrostenedione,712,68,25,7,3,4
48519,686756-87-6,PharmaGSID_48519,659,334,95,35,19,16
44415,3006-93-7,"N,N'-1,3-Phenylenedimaleimide",234,81,2,10,2,8
44645,304-20-1,Hydralazine hydrochloride,537,69,22,8,5,3
31980,501-36-0,Resveratrol,1031,236,38,19,10,9
31248,6385-62-2,Diquat dibromide monohydrate,429,37,7,8,3,5
20862,56-49-5,3-Methylcholanthrene,279,35,12,9,6,3
48170,149413-74-1,FR150011,653,302,41,33,14,19
930274,6989-98-6,(+)-Tubocurarine chloride hydrochloride pentahydrate,10,0,0,0,0,0
48509,NOCAS_48509,PharmaGSID_48509,656,161,42,26,11,15
29677,7631-86-9,Silica,602,8,8,4,4,0
25469,123-51-3,Isopentyl alcohol,618,3,3,3,3,0
22933,71-63-6,Digitoxin,622,170,7,10,2,8
48168,129299-90-7,Fabesetron hydrochloride,699,297,57,34,11,23
44928,36673-16-2,Isopropyl triethanolamine titanate,650,54,54,10,10,0
48514,NOCAS_48514,PharmaGSID_48514,625,64,5,15,4,11
25337,75-12-7,Formamide,865,6,6,2,2,0
47505,55-06-1,"3,5,3′-Triiodo-L-thyronine monosodium salt",372,52,52,7,7,0
24657,627-18-9,3-Bromo-1-propanol,611,3,3,2,2,0
47596,713-95-1,delta-Dodecalactone,8,7,7,2,2,0
61428,1046-56-6,"1,2,4-Triazine, 5,6-diphenyl-3-(2-pyridinyl)-",8,5,5,2,2,0
34823,243973-20-8,Pinoxaden,342,41,14,11,5,6
20671,4680-78-8,FD&C Green No. 1,358,16,16,7,7,0
20031,50-76-0,Actinomycin D,534,203,110,10,9,1
61457,1072-62-4,"1H-Imidazole, 2-ethyl-",8,1,1,1,1,0
46801,108612-45-9,Mizolastine,475,36,20,12,9,3
52040,36411-52-6,"2-Hydroxy-N-(4H-1,2,4-triazol-3-yl)benzamide",8,1,1,1,1,0
60849,628-17-1,"Pentane, 1-iodo-",8,1,1,1,1,0
22313,3424-82-6,"o,p'-DDE",354,148,41,17,11,6
59382,110-14-5,Butanediamide,8,0,0,0,0,0
51557,108-48-5,"2,6-Dimethylpyridine",247,1,1,1,1,0
48510,460081-99-6,PharmaGSID_48510,642,134,38,23,12,11
48172,NOCAS_48172,PharmaGSID_48172,684,140,43,20,11,9
42065,465-73-6,"rel-(1R,4S,4aS,5R,8S,8aR)-1,2,3,4,10,10-Hexachloro-1,4,4a,5,8,8a-hexahydro-1,4:5,8-dimethanonaphthalene",470,97,42,17,11,6
21861,104-90-5,5-Ethyl-2-methylpyridine,235,0,0,0,0,0
34501,76703-62-3,gamma-Cyhalothrin,343,34,20,9,8,1
34624,239110-15-7,Fluopicolide,355,49,11,10,7,3
32670,16484-77-8,(R)-2-(4-Chloro-2-methylphenoxy)propionate,238,2,2,2,2,0
48512,107071-66-9,Ro 23-7637,621,295,32,33,8,25
48513,825643-57-0,PharmaGSID_48513,638,333,38,33,13,20
32305,10061-01-5,(Z)-Dichloropropene,236,1,1,1,1,0
34538,109293-97-2,Diflufenzopyr,238,7,7,4,4,0
21892,108-89-4,4-Methylpyridine,624,0,0,0,0,0
20058,3775-55-1,"2-Amino-5-(5-nitro-2-furyl)-1,3,4-oxadiazole",353,61,4,7,2,5
43765,630-60-4,Ouabain,697,190,6,11,2,9
20779,434-13-9,Lithocholic acid,624,170,20,10,6,4
48511,1062243-51-9,Ro 3280,726,407,127,35,23,12
52254,591-22-0,"3,5-Dimethylpyridine",236,5,1,1,1,0
21491,100-47-0,Benzonitrile,628,7,7,4,4,0
25961,79-09-4,Propionic acid,237,2,2,2,2,0
26088,634-66-2,"1,2,3,4-Tetrachlorobenzene",623,17,17,8,8,0
20881,64091-91-4,4-(N-Methyl-N-nitrosamino)-1-(3-pyridyl)-1-butanone,251,4,4,3,3,0
41991,2540-82-1,Formothion,11,0,0,0,0,0
32671,70630-17-0,Metalaxyl-M,344,5,5,4,4,0
32626,2032-65-7,Methiocarb,356,91,10,16,7,9
34458,99129-21-2,Clethodim,343,16,16,7,7,0
34542,163515-14-8,Dimethenamid-P,344,6,6,3,3,0
20622,7705-08-0,Ferric chloride,537,4,4,3,3,0
34851,15165-67-0,Dichlorprop-P,234,3,3,1,1,0
25527,71-58-9,Medroxyprogesterone acetate,748,105,59,11,9,2
27866,25340-17-4,Diethylbenzene,537,1,1,1,1,0
34788,213464-77-8,Orthosulfamuron,342,14,14,5,5,0
25509,7447-41-8,Lithium chloride,7,2,2,1,1,0
22311,485-72-3,Formononetin,355,35,35,8,8,0
21367,89778-27-8,Toremifene citrate,433,184,32,13,8,5
44268,83881-52-1,Cetirizine hydrochloride (1:2),615,9,9,6,6,0
37237,10238-21-8,Glybenclamide,536,25,25,5,5,0
42633,17321-77-6,Clomipramine hydrochloride,355,138,18,12,6,6
48893,64057-70-1,"(+/-)-3,4-Methylenedioxymethamphetamine hydrochloride",269,16,2,5,2,3
48178,136042-19-8,FR130739,640,105,19,19,8,11
25668,99-75-2,Methyl 4-methylbenzoate,726,18,18,8,8,0
20778,5989-27-5,D-Limonene,357,3,3,2,2,0
51499,100-43-6,4-Vinylpyridine,232,34,34,5,5,0
44824,562-74-3,4-Methyl-1-(1-methylethyl)-3-cyclohexen-1-ol,356,4,4,3,3,0
735793,5893-91-4,Diacetylmorphine hydrochloride monohydrate,6,0,0,0,0,0
48903,53-21-4,(-)-Cocaine hydrochloride,84,0,0,0,0,0
21715,58-27-5,Menadione,617,259,16,11,5,6
31290,54464-57-2,Isocyclemone E,727,148,0,15,0,15
21136,50-33-9,"4-Butyl-1,2-diphenyl-3,5-Pyrazolidinedione",1081,52,52,13,13,0
20846,70-25-7,Methylnitronitrosoguanidine,269,44,3,7,2,5
24134,319-86-8,delta-Hexachlorocyclohexane,344,91,21,15,8,7
1044510,75365-73-0,Methyl viologen dichloride hydrate,6,2,2,1,1,0
20103,1327-53-3,Arsenic oxide (As2O3),84,15,15,4,4,0
21836,100-25-4,"1,4-Dinitrobenzene",343,101,20,16,9,7
44464,81-64-1,"1,4-Dihydroxyanthracene-9,10-dione",468,73,32,16,10,6
22880,17230-88-5,Danazol,761,263,84,19,14,5
42496,1066-45-1,Trimethyltin chloride,6,6,6,2,2,0
21360,108-88-3,Toluene,347,0,0,0,0,0
32048,10048-95-0,Dibasic sodium arsenate (Na2HAsO4.7H2O),6,5,5,2,2,0
38299,35065-29-3,"2,2',3,4,4',5,5'-Heptachlorobiphenyl",6,4,4,2,2,0
40933,28289-54-5,"1-Methyl-4-phenyl-1,2,3,6-tetrahydropyridine",6,0,0,0,0,0
904880,6055-06-7,Morphine hydrochloride trihydrate,6,0,0,0,0,0
48864,51-57-0,S-(+)-Methamphetamine hydrochloride,84,0,0,0,0,0
20795,10034-96-5,Manganese(II) sulfate monohydrate,6,2,2,1,1,0
48516,NOCAS_48516,PharmaGSID_48516,615,75,6,17,5,12
44568,54982-83-1,"1,4-Dioxacyclohexadecane-5,16-dione",352,11,0,2,0,2
24835,104-55-2,3-Phenylprop-2-enal,268,3,3,3,3,0
40650,604-59-1,alpha-Naphthoflavone,5,2,2,2,2,0
36684,1137-42-4,4-Hydroxybenzophenone,271,25,25,7,7,0
20674,126-07-8,Griseofulvin,990,151,20,16,10,6
36732,4478-93-7,Sulforaphane,5,5,5,3,3,0
22520,103-36-6,Ethyl cinnamate,465,17,17,10,10,0
40745,79558-09-1,4-[3-(4-Acetyl-3-hydroxy-2-propylphenoxy)propoxy]phenoxy-acetic acid,365,70,21,8,5,3
23324,78415-72-2,Milrinone,616,11,11,4,4,0
893171,6754-58-1,Xanthohumol,5,5,5,1,1,0
48518,NOCAS_48518,PharmaGSID_48518,612,79,7,15,3,12
20614,297-76-7,Ethynodiol diacetate,346,85,32,9,5,4
44507,10347-81-6,Maprotiline hydrochloride,353,149,23,11,7,4
60561,608-33-3,"2,6-Dibromophenol",4,1,1,1,1,0
371890,144267-96-9,"ethyl 3,4-difluorobenzoate",4,0,0,0,0,0
59440,116-85-8,"9,10-Anthracenedione, 1-amino-4-hydroxy-",4,4,4,2,2,0
21759,78-83-1,2-Methyl-1-propanol,356,3,3,2,2,0
190494,370-86-5,Carbonyl cyanide p-trifluoromethoxyphenylhydrazone,4,4,4,2,2,0
21900,109-07-9,2-Methylpiperazine,4,2,2,1,1,0
65923,15679-12-6,"Thiazole, 2-ethyl-4-methyl-",4,0,0,0,0,0
22531,94-41-7,Chalcone,4,3,3,2,2,0
858693,68412-54-4,Polyoxyethylene branched-C9-alkylphenol,4,2,2,1,1,0
65700,14070-48-5,"N-[3-(5-Sulfanylidene-2,5-dihydro-1H-tetrazol-1-yl)phenyl]acetamide",4,1,1,1,1,0
62490,2524-67-6,4-(4-Morpholino)aniline,4,4,4,2,2,0
51646,129-09-9,C.I. Vat Yellow 2,4,0,0,0,0,0
67198,26311-09-1,N-(5-Amino-2-((p-nitrophenyl)azo)phenyl)acetamide,4,2,2,2,2,0
60641,615-15-6,"1H-Benzimidazole, 2-methyl-",4,0,0,0,0,0
52065,3913-71-1,2-Decenal,4,4,4,2,2,0
60092,496-73-1,"1,3-Benzenediol, 4-methyl-",4,4,4,2,2,0
47468,2219-82-1,2-tert-Butyl-6-methylphenol,351,20,1,4,1,3
20760,3778-73-2,Ifosfamide,989,12,12,6,6,0
21340,62-55-5,Thioacetamide,272,2,2,2,2,0
22399,479-13-0,Coumestrol,267,45,8,8,3,5
41508,95-69-2,4-Chloro-2-methylaniline,473,18,18,6,6,0
42093,2164-08-1,Lenacil,7,0,0,0,0,0
25799,3268-87-9,Octachlorodibenzo-p-dioxin,7,0,0,0,0,0
24591,94-36-0,Benzoyl peroxide,270,1,1,1,1,0
42190,2605-79-0,"N,N-Dimethyldecylamine oxide",627,27,9,11,7,4
26994,123-01-3,n-Dodecylbenzene,887,17,17,9,9,0
24940,3252-43-5,Dibromoacetonitrile,884,20,20,7,7,0
21953,115-90-2,Fensulfothion,470,21,21,8,8,0
51570,110-75-8,2-Chloroethyl vinyl ether,233,1,1,1,1,0
27746,13463-40-6,Pentacarbonyl iron,7,0,0,0,0,0
47769,526-73-8,"1,2,3-Trimethylbenzene",245,2,2,2,2,0
22120,786-19-6,Carbophenothion,557,87,87,17,17,0
25253,379-79-3,Ergotamine D-tartrate,690,148,17,9,5,4
20376,1163-19-5,"2,2',3,3',4,4',5,5',6,6'-Decabromodiphenyl ether",233,0,0,0,0,0
20603,142-59-6,Nabam-sodium,354,9,9,5,5,0
48171,146011-65-6,FR145237,633,80,21,23,6,17
41688,41483-43-6,Bupirimate,270,44,1,7,1,6
25715,21829-25-4,Nifedipine,530,99,12,8,4,4
36545,791-31-1,Triphenylsilanol,337,109,19,17,7,10
40725,59-85-8,4-Chloromercuribenzoic acid,352,113,26,11,8,3
42203,4726-14-1,Nitralin,272,28,4,7,3,4
38857,71868-10-5,2-Methyl-4'-(methylthio)-2-morpholinopropiophenone,270,22,22,6,6,0
44940,42594-17-2,Tricyclodecanedimethanol diacrylate,267,75,7,9,4,5
47673,28588-75-2,Bis(2-methyl-3-furyl)disulfide,267,36,0,9,0,9
58654,24038-68-4,BisOPP-A,225,96,15,11,5,6
21255,18559-94-9,Salbutamol,530,9,9,2,2,0
44618,2398-37-0,1-Bromo-3-methoxybenzene,267,3,3,1,1,0
52603,89-75-8,"2,4-Dichlorobenzoyl chloride",230,28,0,6,0,6
20876,95-71-6,Methylhydroquinone,267,72,11,9,6,3
44459,76-60-8,Bromcresol green,349,80,3,10,2,8
24364,1319-77-3,Cresol,197,5,5,3,3,0
21740,71-36-3,1-Butanol,434,1,1,1,1,0
21056,59-89-2,N-Nitrosomorpholine,615,9,0,2,0,2
42220,63284-71-9,Nuarimol,273,16,16,4,4,0
21839,100-46-9,Benzylamine,354,5,5,4,4,0
22068,591-78-6,2-Hexanone,7,0,0,0,0,0
47749,108-87-2,Methylcyclohexane,243,2,2,2,2,0
22333,135-98-8,sec-Butylbenzene,232,5,5,3,3,0
42327,111109-77-4,Dipropylene glycol dimethyl ether,349,6,6,2,2,0
44704,62625-32-5,"Sodium 2,6-dibromo-4-(3-(3,5-dibromo-4-hydroxy-2-methylphenyl)-2,2-dioxido-3H-1,2-benzoxathiol-3-yl)-3-methylphenolate",349,59,0,10,0,10
32331,3064-70-8,Bis(trichloromethyl)sulfone,340,208,102,20,13,7
26547,90-51-7,6-Amino-4-hydroxynaphthalene-2-sulfonic acid,267,14,1,6,1,5
33247,5153-67-3,(E)-beta-Nitrostyrene,267,80,0,11,0,11
41684,4824-78-6,Bromophos-ethyl,279,32,32,8,8,0
44590,15086-94-9,"2',4',5',7'-Tetrabromofluorescein",354,80,1,8,0,8
23600,57-24-9,Strychnine,169,1,1,1,1,0
24247,608-93-5,Pentachlorobenzene,462,27,27,10,10,0
25055,122-62-3,Bis(2-ethylhexyl) decanedioate,624,25,25,9,9,0
27367,1120-36-1,1-Tetradecene,609,16,16,5,5,0
44576,77-89-4,"Citric acid, triethyl ester, acetate",604,15,15,6,6,0
24166,108-31-6,"2,5-Furandione",356,0,0,0,0,0
21784,87-17-2,Salicylanilide,352,67,11,9,7,2
48521,1191914-21-2,PharmaGSID_48521,609,14,14,6,6,0
29187,581-42-0,"2,6-Dimethylnaphthalene",270,0,0,0,0,0
21299,569-57-3,Chlorotrianisene,905,99,99,6,6,0
20433,612-83-9,"3,3'-Dichlorobenzidine dihydrochloride",769,233,65,22,16,6
24662,357-57-3,Brucine,437,22,22,7,7,0
20248,86-74-8,Carbazole,847,44,11,13,6,7
37540,33213-65-9,Endosulfan II,7,0,0,0,0,0
47477,6533-00-2,dl-Norgestrel,420,76,33,7,6,1
22521,28553-12-0,Diisononyl phthalate,464,17,17,8,8,0
41927,23947-60-6,Ethirimol,270,7,0,3,0,3
52447,7005-72-3,4-Chlorodiphenyl ether,232,10,0,6,0,6
20687,608-73-1,"1,2,3,4,5,6-Hexachlorocyclohexane",924,164,24,21,7,14
27149,372-09-8,Cyanoacetic acid,533,2,2,1,1,0
52709,39765-80-5,trans-Nonachlor,7,0,0,0,0,0
34255,640-19-7,2-Fluoroacetamide,272,1,1,1,1,0
23706,13647-35-3,Trilostane,627,73,73,7,7,0
44697,5877-42-9,4-Ethyloct-1-yn-3-ol,603,35,35,7,7,0
26060,144-80-9,Sulfacetamide,881,4,4,3,3,0
20830,298-81-7,8-Methoxypsoralen,880,41,41,6,6,0
48520,625114-41-2,Piragliatin,606,72,72,21,21,0
44593,15619-48-4,1-Benzylquinolinium chloride,643,134,23,27,8,19
26499,80-51-3,"4,4'-Oxybis(benzenesulfohydrazide)",355,5,5,3,3,0
52555,81-33-4,Pigment Violet 29,7,0,0,0,0,0
41506,13347-42-7,4-Chloro-2-cyclopentylphenol,352,90,18,8,6,2
21116,62-44-2,Phenacetin,882,11,11,4,4,0
24153,193-39-5,"Indeno[1,2,3-cd]pyrene",340,67,48,14,13,1
44742,929-59-9,"2,2'-[Ethane-1,2-diylbis(oxy)]diethanamine",604,38,3,10,3,7
25082,26761-40-0,Diisodecyl phthalate,543,16,16,7,7,0
41141,129298-91-5,o-(Chloroacetylcarbamoyl)fumagillol,657,115,28,19,9,10
22824,85721-33-1,Ciprofloxacin,193,7,7,5,5,0
23474,2062-78-4,Pimozide,615,231,19,10,5,5
40704,130-15-4,"1,4-Naphthoquinone",346,201,79,22,11,11
20202,51333-22-3,Budesonide,692,110,42,8,7,1
21516,78-93-3,Methyl ethyl ketone,357,2,2,2,2,0
21807,95-47-6,o-Xylene,352,3,3,2,2,0
34338,12771-68-5,Ancymidol,272,5,5,2,2,0
48167,138472-01-2,FR 409,615,26,26,9,9,0
30423,6051-87-2,"5,6-Benzoflavone",446,74,24,8,6,2
47435,426-13-1,Fluorometholone,612,45,31,5,4,1
110043,5907-38-0,Dipyrone monohydrate,7,2,2,1,1,0
41985,4776-06-1,Fluorosalan,430,196,59,11,7,4
48175,151506-44-4,Difpas-pyrazole,651,91,47,17,15,2
20971,607-57-8,2-Nitrofluorene,545,28,28,8,8,0
1355921,330581-20-9,"2,7-Naphthalenedisulfonic acid, 4-hydroxy-, disodium salt, hydrate (1:2:?)",4,0,0,0,0,0
883336,147-73-9,meso-Tartaric acid,4,1,1,1,1,0
59770,275-51-4,Azulene,4,0,0,0,0,0
66624,20545-92-0,Undecylenoyl monoethanolamide,4,3,3,2,2,0
862220,574-09-4,"2-Ethoxy-1,2-diphenylethanone",4,1,1,1,1,0
74576,13223-43-3,"5,7-Dimethoxy[1,2,4]triazolo[1,5-a]pyrimidin-2-amine",4,0,0,0,0,0
61448,1070-01-5,"1-Decanamine, N,N-didecyl-",4,0,0,0,0,0
63992,5736-88-9,"Benzaldehyde, 4-butoxy-",4,3,3,2,2,0
875905,1205-91-0,"1,4-Benzenediol, diacetate",4,4,4,2,2,0
60618,613-29-6,"N,N-Dibutylaniline",4,0,0,0,0,0
873236,6765-39-5,1-​Heptadecene,4,0,0,0,0,0
64339,6416-57-5,"1,3-Benzenediamine, 4-[2-(1-naphthalenyl)diazenyl]-",4,2,2,2,2,0
65687,13984-50-4,"Hexanoic acid, 5-oxo-, methyl ester",4,2,2,2,2,0
44148,108-85-0,Bromocyclohexane,4,1,1,1,1,0
68263,40908-37-0,"N-(2,2,6,6-Tetramethyl-4-piperidinyl)acetamide",4,0,0,0,0,0
62204,2144-54-9,10:2 Fluorotelomer methacrylate,4,0,0,0,0,0
59766,260-94-6,Acridine,4,4,4,2,2,0
67169,25981-82-2,"3H-Indole, 2,3,3,5-tetramethyl-",4,4,4,2,2,0
59217,100-68-5,"Benzene, (methylthio)-",4,0,0,0,0,0
63449,4426-83-9,"Heptane, 1-isothiocyanato-",4,3,3,2,2,0
44942,42757-55-1,"1,1'-Sulfonylbis[3,5-dibromo-4-(2,3-dibromopropoxy)benzene]",4,1,1,1,1,0
21918,110-56-5,"1,4-Dichlorobutane",4,0,0,0,0,0
44592,15471-17-7,3-(Pyridinium-1-yl)propane-1-sulfonate,4,0,0,0,0,0
862151,540-82-9,Ethyl hydrogen sulfate,4,0,0,0,0,0
66662,20858-12-2,"2,2′-Azobis[2-(2-imidazolin-2-yl)propane]",4,0,0,0,0,0
61929,1733-12-6,Cresol Red,4,2,2,1,1,0
52537,78-50-2,Trioctylphosphine oxide,4,0,0,0,0,0
67940,35773-42-3,3-(2-Benzoxazolyl)-7-(diethylamino)coumarin,4,4,4,2,2,0
59317,105-50-0,Diethyl 3-oxoglutarate,4,1,1,1,1,0
74592,623-53-0,"Carbonic acid, ethyl methyl ester",4,0,0,0,0,0
62178,2100-17-6,4-Pentenal,4,0,0,0,0,0
61693,1438-91-1,"Furan, 2-[(methylthio)methyl]-",4,1,1,1,1,0
65676,13925-00-3,Ethylpyrazine,4,0,0,0,0,0
1016432,6290-03-5,"(3R)-butane-1,3-diol",4,0,0,0,0,0
52053,3879-26-3,"(E)-6,10-Dimethylundeca-5,9-dien-2-one",4,0,0,0,0,0
21708,54-21-7,Sodium salicylate,267,0,0,0,0,0
62333,2345-28-0,2-Pentadecanone,4,0,0,0,0,0
25800,2234-13-1,"1,2,3,4,5,6,7,8-Octachloronaphthalene",4,0,0,0,0,0
61719,1476-23-9,"1-Propene, 3-isocyanato-",4,0,0,0,0,0
861881,336-59-4,Perfluorobutanoic anhydride,4,0,0,0,0,0
60427,589-29-7,"1,4-Benzenedimethanol",4,0,0,0,0,0
69556,62306-04-1,"Benzothiazole, 5,6-dimethoxy-2-methyl-",4,3,3,2,2,0
63899,5452-35-7,Cycloheptanamine,4,0,0,0,0,0
59653,135-61-5,"2-Naphthalenecarboxamide, 3-hydroxy-N-(2-methylphenyl)-",4,4,4,2,2,0
60844,627-58-7,"1,5-Hexadiene, 2,5-dimethyl-",4,2,2,1,1,0
60327,558-13-4,Carbon tetrabromide,4,3,3,2,2,0
60877,629-63-0,Tetradecanenitrile,4,0,0,0,0,0
62166,2079-95-0,1-Tetradecanethiol,4,0,0,0,0,0
1355915,506-42-3,(9E)-9-Octadecen-1-ol,4,1,1,1,1,0
75029,467-69-6,9-Hydroxy-9H-fluorene-9-carboxylic acid,4,0,0,0,0,0
61120,771-61-9,Pentafluorophenol,4,3,3,2,2,0
74954,2362-14-3,"4,4′-Cyclohexylidenebis[2-methylphenol]",4,3,3,2,2,0
22054,538-68-1,Pentylbenzene,4,0,0,0,0,0
52105,4430-31-3,Octahydro-2H-1-benzopyran-2-one,4,0,0,0,0,0
58865,82-22-4,"1,1′-Iminobis[9,10-anthracenedione]",4,0,0,0,0,0
883654,1121-22-8,"trans-1,2-Diaminocyclohexane",4,0,0,0,0,0
63225,3891-07-4,"1H-Isoindole-1,3(2H)-dione, 2-(2-hydroxyethyl)-",4,0,0,0,0,0
44567,5462-06-6,3-(4-Methoxyphenyl)-2-methylpropanal,4,3,3,2,2,0
865631,32315-10-9,Triphosgene,4,0,0,0,0,0
67478,29529-99-5,"1,3,5-Triazine-2,4(1H,3H)-dithione, 6-(dibutylamino)-",4,3,3,2,2,0
63026,3437-95-4,"Thiophene, 2-iodo-",4,0,0,0,0,0
60020,455-38-9,"Benzoic acid, 3-fluoro-",4,0,0,0,0,0
62594,2690-08-6,"Octane, 1,1'-thiobis-",4,0,0,0,0,0
62024,1864-92-2,"Benzenamine, 3-ethoxy-N,N-diethyl-",4,0,0,0,0,0
63520,4549-32-0,"1,8-Dibromooctane",4,3,3,2,2,0
67603,31252-42-3,4-Benzylpiperidine,4,3,3,2,2,0
162196,142825-10-3,L-Sulforaphane,4,4,4,2,2,0
879594,305-84-0,(2S)-2-(3-Aminopropanamido)-3-(1H-imidazol-4-yl)propanoic acid,4,1,1,1,1,0
59623,132-31-0,"1(4H)-Naphthalenone, 4-[[4-(dimethylamino)phenyl]imino]-",4,4,4,2,2,0
51231,5284-66-2,1-Propanesulfonic acid,4,0,0,0,0,0
61424,1038-66-0,"[1,1'-Biphenyl]-4,4'-diamine, 2,2',3,3',5,5',6,6'-octafluoro-",4,4,4,2,2,0
60525,601-89-8,"1,3-Benzenediol, 2-nitro-",4,2,2,2,2,0
68156,39098-97-0,2-Thiopheneacetyl chloride,4,0,0,0,0,0
62188,2116-65-6,"Pyridine, 4-(phenylmethyl)-",4,3,3,2,2,0
867465,68084-52-6,Dimethylcyclohexenecarbaldehyde,4,1,1,1,1,0
67681,32432-55-6,"Benzenesulfonic acid, 3,5-diamino-2,4,6-trimethyl-",4,0,0,0,0,0
60905,635-65-4,Bilirubin,4,4,4,2,2,0
40940,1113-59-3,3-Bromo-2-oxopropionic acid,4,3,3,2,2,0
51780,1680-21-3,Triethylene glycol diacrylate,4,4,4,2,2,0
59622,131-91-9,"2-Naphthalenol, 1-nitroso-",4,4,4,2,2,0
862527,1081-75-0,"1,3-Diphenylpropane",4,1,1,1,1,0
22603,60719-84-8,Amrinone,530,15,15,5,5,0
328386,1177865-17-6,NSC 23766 trihydrochloride,4,0,0,0,0,0
65796,14618-78-1,"Butanenitrile, 4,4-dimethoxy-",4,0,0,0,0,0
74575,7226-23-5,"2(1H)-Pyrimidinone, tetrahydro-1,3-dimethyl-",4,0,0,0,0,0
66183,17295-26-0,6-(Acetyloxy)-2-naphthalenecarboxylic acid,4,2,2,1,1,0
58078,3772-94-9,Pentachlorophenyl laurate,4,3,3,2,2,0
62515,2550-73-4,"Benzo[1,2-c:4,5-c']dipyrrole-1,3,5,7(2H,6H)-tetrone",4,0,0,0,0,0
51486,2349-67-9,"5-Amino-1,3,4-thiadiazole-2-thiol",4,0,0,0,0,0
49655,4511-42-6,L-Dilactide,4,0,0,0,0,0
25227,112-95-8,Eicosane,4,0,0,0,0,0
873555,536-75-4,4-Ethylpyridine,4,0,0,0,0,0
51801,17688-68-5,"4-Phenylthiomorpholine 1,1-dioxide",4,0,0,0,0,0
20188,2475-45-8,C.I. Disperse Blue 1,4,3,3,2,2,0
60028,456-55-3,(Trifluoromethoxy)benzene,4,1,1,1,1,0
65383,13248-54-9,Cyclohexyl carbonochloridate,4,1,1,1,1,0
893288,219715-41-0,2-Methoxy-4-(trifluoromethyl)pyridine-3-sulfonyl chloride,4,0,0,0,0,0
922157,60311-02-6,"1H,5H,11H,15H-Xantheno(2,3,4-ij:5,6,7-i'j')diquinolizin-18-ium, 9-(2,4-disulfophenyl)-2,3,6,7,12,13,16,17-octahydro-, inner salt",4,4,4,2,2,0
62752,2978-58-7,"3-Butyn-2-amine, 2-methyl-",4,0,0,0,0,0
60033,459-60-9,p-Fluoroanisole,4,0,0,0,0,0
34095,152-11-4,Verapamil hydrochloride,274,49,3,6,3,3
52732,84852-53-9,"1,1'-Ethane-1,2-diylbis(pentabromobenzene)",4,0,0,0,0,0
61947,1757-72-8,"1H-Indole-3-carboxaldehyde, 1-methyl-2-phenyl-",4,3,3,2,2,0
63835,5397-03-5,Hydrazine-S-methylcarbodithioate,4,3,3,2,2,0
59777,289-80-5,Pyridazine,4,0,0,0,0,0
65707,14117-96-5,Dioctadecyl phthalate,4,2,2,2,2,0
62438,2465-93-2,"1,2,3-Tris(2-cyanoethoxy)propane",4,0,0,0,0,0
63268,4023-53-4,"3,3′,3′′-Phosphinetriyltripropanenitrile",4,0,0,0,0,0
59031,91-77-0,"Diallyl(4,6-diamino-1,3,5-triazin-2-yl)amine",4,3,3,2,2,0
904377,47073-92-7,"4,4'-Ethylidenediphenyl dicyanate",4,4,4,2,2,0
65756,14346-19-1,"2,1-Benzisothiazol-3-amine, 5-nitro-",4,4,4,2,2,0
63965,5625-37-6,"1,4-Piperazinediethanesulfonic acid",4,0,0,0,0,0
865386,27606-09-3,"4,4a,5,9b-Tetrahydro-2,4-dimethylindeno[1,2-d]-1,3-dioxin",4,0,0,0,0,0
63539,4628-39-1,6-Carboxymethyluracil,4,1,1,1,1,0
61568,1149-16-2,"Phenol, 2,2'-(1,2-ethanediylidenedinitrilo)bis-",4,4,4,2,2,0
63740,5244-34-8,"Ethanol, 2,2'-[1,2-ethanediylbis(thio)]bis-",4,0,0,0,0,0
47632,111-28-4,"2,​4-​Hexadien-​1-​ol",4,0,0,0,0,0
23688,97240-79-4,Topiramate,615,3,3,3,3,0
48416,75558-90-6,Amperozide,4,3,3,2,2,0
60893,632-22-4,Tetramethylurea,4,0,0,0,0,0
22149,1126-79-0,Butyl phenyl ether,4,0,0,0,0,0
872988,10591-85-2,Tetrabenzylthiuram disulfide,4,3,3,2,2,0
59584,128-86-9,C.I. Acid Blue 45 free acid,4,0,0,0,0,0
59390,110-72-5,2-Aminoethyl(ethyl)amine,4,0,0,0,0,0
21844,100-71-0,2-Ethylpyridine,4,0,0,0,0,0
887178,68133-76-6,"Propanoic acid, 2-oxo-, (3Z)-3-hexen-1-yl ester",4,2,2,2,2,0
63158,3741-77-3,"2,4,6-Tribromophenyl acrylate",4,4,4,2,2,0
58833,80-40-0,"Benzenesulfonic acid, 4-methyl-, ethyl ester",4,0,0,0,0,0
64046,5875-45-6,"2,5-Bis(1,1-dimethylethyl)phenol",4,3,3,2,2,0
58850,81-58-3,"9,10-Anthracenedione, 1,4,5,8-tetrachloro-",4,0,0,0,0,0
51942,26750-50-5,Bis(vinylsulphonylmethyl) ether,4,4,4,2,2,0
74642,3279-07-0,"Phenol, 4-(1,1-dimethylethyl)-2-nitro-",4,0,0,0,0,0
67566,30673-38-2,Isobutyl decanoate,4,0,0,0,0,0
61184,826-81-3,"8-Quinolinol, 2-methyl-",4,4,4,2,2,0
36646,1117-86-8,"1,2-Octanediol",370,3,3,3,3,0
1015546,2222-07-3,Cucurbitacin I,4,4,4,2,2,0
61567,1148-79-4,"2,2':6',2''-Terpyridine",4,3,3,2,2,0
58948,86-81-7,"Benzaldehyde, 3,4,5-trimethoxy-",4,3,3,2,2,0
869536,110675-26-8,"Phenol, 2,4-bis[(dodecylthio)methyl]-6-methyl-",4,0,0,0,0,0
27763,14143-60-3,"4-Amino-3,5,6-trichloro-2-pyridinecarbonitrile",4,1,1,1,1,0
61097,765-13-9,1-Pentadecyne,4,0,0,0,0,0
69652,63034-47-9,"1,1-Ethanediol, 2-chloro-2,2-difluoro-",4,0,0,0,0,0
1014692,959-36-4,Salicylaldazine,4,3,3,1,1,0
62958,3289-28-9,"Cyclohexanecarboxylic acid, ethyl ester",4,0,0,0,0,0
59434,116-63-2,"1-Naphthalenesulfonic acid, 4-amino-3-hydroxy-",4,3,3,2,2,0
60082,492-22-8,Thioxanthen-9-one,4,1,1,1,1,0
63491,4482-25-1,Bismarck Brown R Base,4,2,2,2,2,0
52656,98-03-3,Thiophene-2-carbaldehyde,4,0,0,0,0,0
60207,536-17-4,4'-(Dimethylamino)benzalrhodanine,4,4,4,2,2,0
904430,68555-65-7,"2E,6Z)-Nona-2,6-dienyl acetate",4,0,0,0,0,0
61067,746-53-2,"2,4,5,7-Tetranitro-9-fluorenone",4,2,2,2,2,0
52366,67674-46-8,"6,6-Dimethoxy-2,5,5-trimethylhex-2-ene",4,0,0,0,0,0
20648,54-31-9,Furosemide,880,12,12,4,4,0
61190,829-84-5,"Phosphine, dicyclohexyl-",4,1,1,1,1,0
881386,147859-80-1,"Methyl N-{[(2S,3S)-3-(propylcarbamoyl)-2-oxiranyl]carbonyl}-L-isoleucyl-L-prolinate",4,3,3,2,2,0
51582,112-67-4,Hexadecanoyl chloride,4,0,0,0,0,0
64785,7727-33-5,"Phenol, 4,4',4'',4'''-(1,2-ethanediylidene)tetrakis-",4,0,0,0,0,0
74950,821-41-0,5-Hexen-1-ol,4,0,0,0,0,0
61822,1618-26-4,"Methane, bis(methylthio)-",4,0,0,0,0,0
891559,1439-07-2,trans-Stilbene oxide,4,2,2,1,1,0
885567,33884-43-4,"1,3-Dioxane, 2-(2-bromoethyl)-",4,0,0,0,0,0
45067,638-16-4,Trithiocyanuric acid,4,1,1,1,1,0
67428,28994-41-4,"Phenol, 2-(phenylmethyl)-",4,4,4,2,2,0
36438,3896-11-5,Bumetrizole,460,8,8,4,4,0
22384,68047-06-3,(Z)-4-Hydroxytamoxifen,267,164,16,13,7,6
27886,25973-55-1,"2-(2-Hydroxy-3,5-di-tert-pentylphenyl)benzotriazole",267,7,0,2,0,2
41668,103-29-7,Bibenzyl,463,106,3,14,3,11
47892,778-22-3,"2,2-Diphenylpropane",267,11,0,4,0,4
891560,833-81-8,trans-alpha-Methylstilbene,4,2,2,1,1,0
31626,1896-62-4,Methyl trans-styryl ketone,460,46,46,9,9,0
61835,1633-22-3,[2.2]Paracyclophane,4,0,0,0,0,0
48061,5538-95-4,"N-Dodecylpropane-1,3-diamine",4,4,4,2,2,0
58957,87-85-4,Hexamethylbenzene,4,0,0,0,0,0
864610,4705-34-4,"4,4'-dimethoxystilbene",4,0,0,0,0,0
60109,501-65-5,"Benzene, 1,1'-(1,2-ethynediyl)bis-",4,2,2,1,1,0
42693,301836-41-9,SB-431542,4,0,0,0,0,0
48176,387816-82-2,YM 218,644,154,18,23,4,19
48506,588941-45-1,PharmaGSID_48506,623,172,21,23,10,13
44164,14938-35-3,4-Pentylphenol,354,159,10,19,6,13
34924,650-51-1,Sodium trichloroacetate,595,16,16,9,9,0
24328,3689-24-5,Sulfotep,734,75,10,14,5,9
40324,64-00-6,m-Cumenyl methylcarbamate,270,12,12,5,5,0
21374,75-25-2,Bromoform,270,6,6,3,3,0
34885,299-84-3,Fenchlorphos,809,81,81,16,16,0
26050,103-30-0,trans-Stilbene,267,16,16,5,5,0
892123,NOCAS_892123,MCF7_HTTr_Water_Sample_15,3,0,0,0,0,0
892122,NOCAS_892122,MCF7_HTTr_Water_Sample_14,3,0,0,0,0,0
892121,NOCAS_892121,MCF7_HTTr_Water_Sample_13,3,0,0,0,0,0
892120,NOCAS_892120,MCF7_HTTr_Water_Sample_12,3,0,0,0,0,0
892119,NOCAS_892119,MCF7_HTTr_Water_Sample_11,3,0,0,0,0,0
23214,51-48-9,Levothyroxine,631,35,35,6,6,0
892109,NOCAS_892109,MCF7_HTTr_Water_Sample_1,3,0,0,0,0,0
21089,14698-29-4,Oxolinic acid,529,2,2,2,2,0
44654,32780-64-6,Labetalol hydrochloride,344,27,1,7,1,6
31444,22398-80-7,Indium phosphide,268,1,1,1,1,0
42249,637-03-6,Phenylarsine oxide,351,190,35,11,6,5
25231,518-82-1,Emodin,616,151,47,9,8,1
24573,51-17-2,Benzimidazole,616,2,2,2,2,0
22977,60-00-4,Ethylenediaminetetraacetic acid,266,12,0,1,0,1
45703,28721-07-5,Oxcarbazepine,266,6,6,3,3,0
31133,131-16-8,Di-n-propylphthalate,721,33,33,6,6,0
23041,25451-15-4,Felbamate,611,10,0,2,0,2
23201,75706-12-6,Leflunomide,626,90,35,9,6,3
52621,93-16-3,4-Prop-1-enylveratrole,242,10,10,4,4,0
44554,15826-37-6,Cromolyn sodium,529,3,3,2,2,0
32029,114-49-8,Scopolamine hydrobromide,614,1,1,1,1,0
41197,373-49-9,(Z)-Hexadec-9-enoic acid,348,22,0,7,0,7
29872,27220-47-9,Econazole,3,2,2,1,1,0
23286,532-03-6,Methocarbamol,266,0,0,0,0,0
44647,306-07-0,Pargyline hydrochloride,529,3,3,1,1,0
22798,80-77-3,Chlormezanone,689,5,5,4,4,0
23437,6493-05-6,"3,7-Dihydro-3,7-dimethyl-1-(5-oxohexyl)-1H-Purine-2,6-dione",266,2,2,2,2,0
46557,38609-97-1,Cridanimod,266,54,54,5,5,0
33314,55-56-1,Chlorhexidine,879,386,34,11,6,5
42019,69806-34-4,Haloxyfop,269,33,0,6,0,6
21904,109-73-9,Butylamine,350,4,4,4,4,0
20803,71125-38-7,Meloxicam,952,59,6,6,4,2
26526,88-44-8,2-Amino-5-methylbenzenesulfonic acid,613,5,5,1,1,0
21182,55268-74-1,Praziquantel,874,38,38,5,5,0
22999,313-06-4,Estradiol cypionate,704,191,59,8,4,4
47070,1124-11-4,Tetramethylpyrazine,266,3,3,2,2,0
44822,55066-48-3,3-Methyl-5-phenylpentan-1-ol,350,9,9,3,3,0
21215,98-96-4,Pyrazinamide,876,10,10,4,4,0
22601,1397-89-3,Amphotericin B,344,42,2,7,2,5
26181,87-10-5,Tribromsalan,877,339,75,13,6,7
44598,16485-10-2,Panthenol,350,0,0,0,0,0
41132,204005-46-9,SU-5416,278,54,5,8,3,5
22481,83-46-5,(-)-beta-Sitosterol,81,0,0,0,0,0
40438,137-08-6,Calcium pantothenate,81,5,5,2,2,0
47890,79-97-0,"3,3'-Dimethylbisphenol A",485,205,57,24,18,6
23194,134678-17-4,Lamivudine,507,3,3,2,2,0
22080,609-23-4,"2,4,6-Triiodophenol",397,142,20,15,7,8
51650,13080-86-9,"4,4'-(Isopropylidenebis(4,1-phenyleneoxy))dianiline",240,66,23,9,5,4
20738,87-51-4,Indole-3-acetic acid,613,8,8,3,3,0
23016,434-03-7,Ethisterone,692,52,39,5,5,0
20088,15879-93-3,Chloralose,689,3,3,3,3,0
44112,53716-50-0,Oxfendazole,544,70,3,6,3,3
52307,626-39-1,"1,3,5-Tribromobenzene",228,6,6,3,3,0
51447,153436-53-4,"N-(3-Chlorophenyl)-6,7-dimethoxyquinazolin-4-amine",246,33,33,9,9,0
24733,78-44-4,Carisoprodol,529,5,5,1,1,0
46977,35543-24-9,Buflomedil hydrochloride,532,5,5,2,2,0
21296,27470-51-5,Suxibuzone,874,14,14,4,4,0
44466,89-05-4,Pyromellitic acid,268,2,2,2,2,0
47064,501-52-0,Hydrocinnamic acid,268,0,0,0,0,0
23622,63-74-1,Sulfanilamide,891,16,16,5,5,0
20892,443-48-1,Metronidazole,876,5,5,3,3,0
22544,59-66-5,Acetazolamide,874,3,3,2,2,0
37231,5104-49-4,Flurbiprofen,344,11,3,6,2,4
25421,495-18-1,Benzohydroxamic acid,706,97,97,10,10,0
22673,2152-44-5,Betamethasone valerate,266,49,12,9,5,4
20175,76150-91-9,"1,4-Bis[2-(3,5-dichloropyridyloxy)]benzene",611,20,2,6,2,4
29268,5102-83-0,C.I. Pigment Yellow 13,3,0,0,0,0,0
47006,1405-86-3,Glycyrrhizin,422,8,8,4,4,0
33187,549-18-8,Amitriptyline hydrochloride,879,220,22,11,6,5
41308,2642-82-2,"2,2-Bis(4-chlorophenyl)ethanol",351,114,5,11,3,8
44404,1892-29-1,2-Hydroxyethyl disulfide,266,2,2,2,2,0
44914,320-72-9,"3,5-Dichlorosalicylic acid",350,5,5,3,3,0
28005,39515-51-0,3-Phenoxybenzaldehyde,724,15,15,7,7,0
21478,52-76-6,Lynestrenol,757,350,82,21,12,9
21648,123-76-2,4-Oxopentanoic acid,613,2,2,2,2,0
44346,68-19-9,Vitamin B12,266,9,0,2,0,2
21805,94-62-2,Piperine,611,77,27,5,5,0
23519,50-34-0,Propantheline bromide,732,33,33,13,13,0
37734,18263-25-7,2-Bromohexadecanoic acid,351,90,7,7,2,5
21192,58-33-3,Promethazine hydrochloride,613,183,18,11,6,5
52626,93-35-6,Umbelliferone,3,0,0,0,0,0
34769,2444-46-4,N-Vanillylnonanamide,743,83,25,16,11,5
47065,91-16-7,"1,2-Dimethoxybenzene",350,0,0,0,0,0
40300,2051-62-9,4-Chlorobiphenyl,336,24,5,9,1,8
24506,89-57-6,5-Aminosalicylic acid,874,34,2,7,2,5
44209,124750-99-8,Losartan potassium,3,0,0,0,0,0
23431,100-33-4,Pentamidine,3,0,0,0,0,0
20464,141-05-9,Diethyl maleate,738,18,18,6,6,0
22164,1745-81-9,2-Allylphenol,348,4,4,2,2,0
29889,989-51-5,(-)-Epigallocatechin gallate,613,100,9,9,4,5
21121,834-28-6,Phenformin hydrochloride,954,81,3,5,3,2
21371,76-25-5,Triamcinolone acetonide,876,50,50,6,6,0
25815,341-69-5,Orphenadrine hydrochloride,348,20,2,8,2,6
23377,24526-64-5,Nomifensine,348,14,14,6,6,0
47963,843-55-0,Bisphenol Z,266,120,16,11,4,7
40635,366-18-7,"2,2'-Bipyridine",458,20,20,8,8,0
20007,968-81-0,Acetohexamide,876,7,7,3,3,0
23378,51-41-2,Norepinephrine,266,20,20,8,8,0
23376,76963-41-2,Nizatidine,611,7,7,2,2,0
44519,116-66-5,"1,1,3,3,5-Pentamethyl-4,6-dinitro-2,3-dihydro-1H-indene",464,75,39,16,13,3
26562,93-68-5,N-(2-Methylphenyl)-3-oxobutanamide,615,7,7,3,3,0
33307,140-72-7,Cetylpyridinium bromide,877,460,49,13,6,7
23510,125-33-7,Primidone,876,4,4,3,3,0
44582,145-39-1,"1-tert-Butyl-3,4,5-trimethyl-2,6-dinitrobenzene",350,21,21,8,8,0
23063,530-78-9,Flufenamic acid,614,73,1,8,1,7
44808,18127-01-0,3-(4-tert-Butylphenyl)propanal,348,16,16,4,4,0
40683,595-33-5,Megestrol acetate,532,77,30,8,6,2
44711,6408-78-2,Acid Blue 25,3,0,0,0,0,0
40736,23110-15-8,Fumagillin,344,21,21,5,5,0
43917,50-69-1,D-Ribose,227,1,1,1,1,0
44446,590-46-5,Betaine hydrochloride,613,2,2,2,2,0
52291,616-47-7,1-Methylimidazole,229,0,0,0,0,0
44720,695-34-1,4-Methylpyridin-2-amine,350,7,7,4,4,0
23624,38194-50-2,Sulindac,611,33,33,7,7,0
45141,3685-84-5,Meclofenoxate hydrochloride,529,4,4,1,1,0
44132,108319-06-8,Temafloxacin,266,1,1,1,1,0
40152,497-76-7,Arbutin,611,1,1,1,1,0
20378,14484-47-0,Deflazacort,611,35,35,5,5,0
29182,503-74-2,Isovaleric acid,369,6,6,5,5,0
26560,92-70-6,3-Hydroxy-2-naphthoic acid,616,22,22,7,7,0
46029,154598-52-4,Efavirenz,278,92,8,10,5,5
22161,1689-83-4,Ioxynil,363,78,24,9,6,3
41327,89-00-9,Quinolinic acid,350,0,0,0,0,0
21142,61-76-7,(-)-Phenylephrine hydrochloride,987,31,31,9,9,0
41529,121-61-9,4'-Sulfamylacetanilide,348,0,0,0,0,0
858931,27203-92-5,Tramadol,3,0,0,0,0,0
47436,475-31-0,Glycocholic acid,363,8,0,2,0,2
39733,5328-37-0,L-Arabinose,3,0,0,0,0,0
20322,94-20-2,Chlorpropamide,876,8,8,3,3,0
44380,134-81-6,"1,2-Diphenylethanedione",464,20,20,9,9,0
20344,88107-10-2,Tomelukast,611,68,68,8,8,0
26068,72-14-0,Sulfathiazole,894,22,22,5,5,0
22563,54965-21-8,Albendazole,611,89,30,9,4,5
52509,767-00-0,4-Hydroxybenzonitrile,230,1,1,1,1,0
21654,110-94-1,Glutaric acid,613,4,4,3,3,0
44626,25332-39-2,Trazodone hydrochloride,529,27,0,4,0,4
46467,74863-84-6,Argatroban,266,1,1,1,1,0
22857,53-06-5,Cortisone,623,34,15,6,6,0
45267,82-02-0,Khellin,266,13,2,4,2,2
40760,317318-84-6,"{4-[({2-[3-Fluoro-4-(trifluoromethyl)phenyl]-4-methyl-1,3-thiazol-5-yl}methyl)sulfanyl]-2-methylphenoxy}acetic acid",351,107,16,10,3,7
21795,90-47-1,Xanthone,460,26,26,10,10,0
40676,29094-61-9,Glipizide,529,7,7,3,3,0
23243,61-68-7,Mefenamic acid,614,40,40,7,7,0
44392,93-04-9,2-Methoxynaphthalene,351,2,2,2,2,0
23567,162011-90-7,Rofecoxib,276,15,0,9,0,9
20514,1643-20-5,"N,N-Dimethyldodecylamine-N-oxide",3,0,0,0,0,0
21290,57-68-1,Sulfamethazine,895,7,7,4,4,0
48650,144060-53-7,Febuxostat,281,21,21,7,7,0
27284,646-06-0,"1,3-Dioxolane",351,3,3,3,3,0
24397,102-01-2,Acetoacetanilide,615,7,7,3,3,0
44670,4205-91-8,Clonidine hydrochloride,266,2,2,1,1,0
40723,22978-25-2,2-Chloro-5-nitro-N-phenylbenzamide,348,57,18,6,5,1
52342,65-71-4,Thymine,228,5,0,1,0,1
44512,1068-27-5,"2,5-Bis(tert-butylperoxy)-2,5-dimethyl-3-hexyne",3,0,0,0,0,0
25139,122-19-0,Benzalkonium chloride C18 (BAC C18),479,291,114,23,16,7
42477,2398-96-1,Tolnaftate,614,65,16,9,4,5
22598,14028-44-5,Amoxapine,614,132,9,9,4,5
25072,96-26-4,"1,3-Dihydroxy-2-propanone",3,0,0,0,0,0
32623,133-32-4,Indole-3-butyric acid,268,3,3,1,1,0
44761,10138-52-0,Gadolinium(III) chloride,3,0,0,0,0,0
24452,2016-88-8,Amiloride hydrochloride,611,32,32,7,7,0
20577,536-33-4,Ethionamide,876,13,13,2,2,0
26108,112-57-2,Tetraethylenepentamine,529,6,6,3,3,0
22736,22232-54-8,Carbimazole,529,6,6,3,3,0
40674,67-73-2,Fluocinolone acetonide,611,34,34,6,6,0
22557,73-24-5,Adenine,617,6,6,1,1,0
20239,145040-37-5,Candesartan cilexetil,269,133,6,11,4,7
41117,80214-83-1,Roxithromycin,506,23,1,3,1,2
44633,26807-65-8,Indapamide,607,8,8,3,3,0
26343,60-24-2,2-Mercaptoethanol,3,0,0,0,0,0
25540,54-64-8,Thimerosal,614,356,31,12,5,7
25648,832-69-9,1-Methyl phenanthrene,345,32,10,12,6,6
40655,91714-94-2,Bromfenac,3,0,0,0,0,0
47529,77337-73-6,"1-Propanesulfonic acid, 3-(acetylamino)-, calcium salt (2:1)",344,15,0,3,0,3
42437,1918-18-9,Swep,348,31,31,6,6,0
44198,107133-36-8,Perindopril erbumine,142,0,0,0,0,0
23810,121-54-0,Benzethonium chloride,748,418,86,23,18,5
47434,1524-88-5,Flurandrenolide,611,35,23,5,5,0
47504,26921-17-5,Timolol maleate salt,269,1,1,1,1,0
23648,59-43-8,Thiamine,3,0,0,0,0,0
20923,77191-36-7,Nefiracetam,874,4,4,2,2,0
35209,2465-59-0,Oxypurinol,348,1,1,1,1,0
37224,3521-62-8,Erythromycin estolate,266,74,1,9,1,8
21650,127-17-3,Pyruvic acid,616,7,7,4,4,0
23314,54-36-4,Metyrapone,279,10,10,2,2,0
58717,573-98-8,"1,2-Dimethylnaphthalene",3,0,0,0,0,0
42508,69-93-2,Uric acid,164,0,0,0,0,0
22301,70124-77-5,Flucythrinate,350,27,27,5,5,0
52476,73-40-5,Guanine,3,0,0,0,0,0
44810,18479-57-7,"2,6-Dimethyloctan-2-ol",350,3,3,3,3,0
20636,93957-54-1,Fluvastatin,348,48,4,7,3,4
52655,980-26-7,C.I. Pigment Red 122,3,0,0,0,0,0
47518,16595-80-5,Levamisole hydrochloride,266,6,6,4,4,0
22666,107-43-7,Betaine,429,0,0,0,0,0
23434,67-43-6,Pentetic acid,350,14,0,4,0,4
40724,5908-99-6,Atropine sulfate monohydrate,266,3,3,2,2,0
30695,481-72-1,Aloe-emodin,348,33,6,6,4,2
32437,132-66-1,Naptalam,268,19,19,5,5,0
21188,57-66-9,Probenecid,876,5,5,2,2,0
892118,NOCAS_892118,MCF7_HTTr_Water_Sample_10,3,0,0,0,0,0
892117,NOCAS_892117,MCF7_HTTr_Water_Sample_9,3,0,0,0,0,0
892116,NOCAS_892116,MCF7_HTTr_Water_Sample_8,3,0,0,0,0,0
892115,NOCAS_892115,MCF7_HTTr_Water_Sample_7,3,0,0,0,0,0
892114,NOCAS_892114,MCF7_HTTr_Water_Sample_6,3,0,0,0,0,0
892126,NOCAS_892126,MCF7_HTTr_Water_Sample_18,3,0,0,0,0,0
892125,NOCAS_892125,MCF7_HTTr_Water_Sample_17,3,0,0,0,0,0
892124,NOCAS_892124,MCF7_HTTr_Water_Sample_16,3,0,0,0,0,0
892113,NOCAS_892113,MCF7_HTTr_Water_Sample_5,3,0,0,0,0,0
892112,NOCAS_892112,MCF7_HTTr_Water_Sample_4,3,0,0,0,0,0
892111,NOCAS_892111,MCF7_HTTr_Water_Sample_3,3,0,0,0,0,0
892110,NOCAS_892110,MCF7_HTTr_Water_Sample_2,3,0,0,0,0,0
25065,11024-24-1,Digitonin,266,167,24,11,8,3
110050,NOCAS_110050,Pravastatin sodium salt hydrate,2,0,0,0,0,0
110051,NOCAS_110051,Fluvastatin sodium hydrate,2,2,2,1,1,0
46488,143201-11-0,Cerivastatin sodium,624,133,40,16,9,7
863216,621-44-3,3-Nitro-L-tyrosine,2,2,2,1,1,0
20391,2303-16-4,Diallate,265,13,2,5,1,4
29123,95-70-5,"2-Methyl-1,4-benzenediamine",5,0,0,0,0,0
52574,83-56-7,"1,5-Dihydroxynaphthalene",228,52,15,10,5,5
40134,1617-90-9,Vincamine,610,26,26,7,7,0
42151,103-26-4,Methyl cinnamate,230,12,0,4,0,4
47913,433337-23-6,1-Decyl-3-methylimidazolium bis(trifluoromethylsulfonyl)imide,265,93,26,11,5,6
27297,693-23-2,Dodecanedioic acid,612,21,0,6,0,6
44781,1134-04-9,"2,3,4,5-Tetrachloro-6-(trichloromethyl)pyridine",349,117,16,12,5,7
44429,4422-95-1,"1,3,5-Benzenetricarbonyl trichloride",455,159,31,16,9,7
44748,947-19-3,(1-Hydroxycyclohexyl)(phenyl)methanone,268,4,4,2,2,0
110042,344423-98-9,Atorvastatin calcium trihydrate,2,2,2,1,1,0
51306,4221-68-5,"1,1-Bis(3-cyclohexyl-4-hydroxyphenyl)cyclohexane",231,109,15,9,4,5
34259,2682-20-4,2-Methyl-3(2H)-isothiazolone,228,58,6,10,5,5
24687,98-29-3,4-tert-Butylcatechol,1079,282,38,20,8,12
20266,118-75-2,Chloranil,734,364,38,20,12,8
44774,105-95-3,"1,4-Dioxacycloheptadecane-5,17-dione",352,19,1,6,1,5
32614,33245-39-5,Fluchloralin,265,15,15,4,4,0
44518,1135-66-6,(-)-Isolongifolene,461,88,5,15,3,12
41744,509-34-2,C.I. Solvent Red 49,340,91,6,13,4,9
22006,142-92-7,Hexyl acetate,355,15,0,6,0,6
52529,7786-61-0,2-Methoxy-4-vinylphenol,232,19,19,7,7,0
44635,2695-37-6,Sodium 4-vinylbenzenesulfonate,343,40,11,9,7,2
47111,515-03-7,Sclareol,352,128,7,11,3,8
41680,1715-40-8,Bromociclen,528,88,9,9,4,5
49415,51-42-3,Epinephrine bitartrate,265,20,6,7,3,4
41494,83164-33-4,Diflufenican,265,12,12,6,6,0
21221,82586-55-8,Quinapril hydrochloride,528,26,4,6,2,4
20193,33229-34-4,HC Blue 2,618,92,6,10,4,6
25690,81-14-1,Musk ketone,462,35,35,13,13,0
239551,937174-76-0,GSK-690693,1,1,1,1,1,0
41120,152121-30-7,SB 202190,1,0,0,0,0,0
20920,134-32-7,1-Naphthylamine,737,71,5,16,5,11
41629,135-57-9,"2,2'-Dibenzoylaminodiphenyl disulfide",740,276,64,17,13,4
44994,84-51-5,2-Ethylanthraquinone,348,28,28,7,7,0
20145,106-51-4,"1,4-Benzoquinone",838,188,9,17,8,9
436572,612847-09-3,Akt inhibitor VIII,1,0,0,0,0,0
31089,13473-26-2,D&C Red 27,737,293,23,21,10,11
24838,6358-53-8,C.I. Solvent Red 80,352,122,34,18,12,6
153427,1218779-75-9,Apatinib mesylate,1,1,1,1,1,0
49073,212141-51-0,Vatalanib dihydrochloride,294,55,9,17,6,11
48733,444731-52-6,Pazopanib,279,57,12,9,4,5
215294,649735-46-6,Brivanib,1,1,1,1,1,0
36711,38966-21-1,Aphidicolin,1,0,0,0,0,0
40945,162635-04-3,Temsirolimus,79,1,1,1,1,0
40767,1154-59-2,"3,5-Dichlorosalicyl-3,4-dichloroanilide",349,152,40,12,7,5
75365,89-73-6,Salicylhydroxamic acid,4,2,2,1,1,0
21302,NOCAS_21302,Tannins,1,1,1,1,1,0
52618,92-77-3,3-Hydroxy-2-naphthanilide,1,1,1,1,1,0
21418,54-12-6,DL-Tryptophan,264,6,6,3,3,0
37250,51803-78-2,Nimesulide,527,43,6,4,2,2
40761,338404-52-7,CITCO,4,1,1,1,1,0
26294,67-97-0,Vitamin D3,342,111,5,9,3,6
25485,101-72-4,N-Isopropyl-N'-phenyl-p-phenylenediamine,827,394,76,24,16,8
42443,56070-16-7,Terbufos sulfone,338,37,20,13,12,1
145904,10357-84-3,6-Hydroxy-2-oxopyridinium chloride,4,2,2,1,1,0
25536,583-39-1,2-Mercaptobenzimidazole,618,26,26,8,8,0
64235,6325-91-3,5-Nitro-2-mercaptobenzimidazole,4,2,2,1,1,0
51782,16867-04-2,3-Hydroxy-2-pyridone,239,15,1,6,1,5
51563,109-00-2,3-Pyridinol,4,0,0,0,0,0
274239,67604-48-2,(+/-)-Naringenin,4,2,2,1,1,0
22224,5331-91-9,"5-Chloro-1,3-benzothiazole-2(3H)-thione",4,2,2,1,1,0
178252,2360-22-7,"1-Methyl-1,3-dihydro-2H-benzimidazole-2-thione",4,2,2,1,1,0
20978,86-57-7,1-Nitronaphthalene,726,16,16,7,7,0
241486,944396-07-0,Buparlisib,1,1,1,1,1,0
155842,1282512-48-4,Taselisib,1,1,1,1,1,0
23582,53123-88-9,Sirolimus,172,71,17,7,4,3
40599,159351-69-6,Everolimus,94,38,7,6,2,4
20263,305-03-3,Chlorambucil,1093,221,18,17,8,9
31458,700-06-1,Indole-3-carbinol,817,187,67,18,8,10
20957,5307-14-2,"2-Nitro-1,4-phenylenediamine",800,86,33,13,12,1
21339,52-24-4,Thiotepa,795,45,9,10,5,5
20265,56-75-7,Chloramphenicol,764,16,16,4,4,0
21359,64-77-7,Tolbutamide,878,8,8,4,4,0
23224,79794-75-5,Loratadine,614,225,43,9,6,3
23200,103577-45-3,Lansoprazole,611,70,6,8,3,5
20504,58-15-1,4-Dimethylaminoantipyrine,874,25,25,7,7,0
25508,1077-28-7,(+-)-Lipoic acid,871,11,11,5,5,0
23007,304-84-7,Ethamivan,341,1,1,1,1,0
23642,50679-08-8,Terfenadine,341,100,3,9,3,6
45099,51-56-9,Homatropine hydrobromide,341,3,3,2,2,0
32589,28772-56-7,Bromadiolone,859,264,37,20,11,9
20368,21739-91-3,Cytembena,580,318,32,20,12,8
23368,4394-00-7,Niflumic acid,278,22,22,8,8,0
23370,66085-59-4,Nimodipine,275,33,5,5,3,2
23373,39562-70-4,Nitrendipine,275,35,7,6,5,1
23042,72509-76-3,Felodipine,275,37,5,5,4,1
21373,396-01-0,Triamterene,801,212,36,8,5,3
37272,321-64-2,Tacrine,529,41,14,6,3,3
45198,1054-88-2,Spiroxatrine,263,31,3,4,2,2
23557,36791-04-5,Ribavirin,526,52,10,4,2,2
45195,91374-21-9,Ropinirole,263,1,1,1,1,0
45196,95635-55-5,Ranolazine,263,2,2,1,1,0
45194,54187-04-1,Rilmenidine,263,14,14,5,5,0
45193,106266-06-2,Risperidone,263,14,0,5,0,5
42559,101975-10-4,Zardaverine,263,6,6,3,3,0
45224,37762-06-4,Zaprinast,263,3,3,3,3,0
40608,155-41-9,(-)-Scopolamine methobromide,263,1,1,1,1,0
45105,6202-23-9,Cyclobenzaprine hydrochloride,263,37,2,7,2,5
22652,3562-84-3,Benzbromarone,263,55,11,8,6,2
45107,4408-78-0,Phosphonoacetic acid,263,1,1,1,1,0
23265,5588-33-0,Mesoridazine,341,31,4,6,4,2
45111,NOCAS_45111,Adriamycin hydrochloride-DNA complex,263,72,17,11,4,7
45116,57808-66-9,Domperidone,263,45,2,8,2,6
45117,27199-40-2,Pifexole,263,25,25,6,6,0
22674,63659-18-7,Betaxolol,263,4,4,2,2,0
45089,138-41-0,Carzenide,263,0,0,0,0,0
43853,2609-46-3,Amiloride,263,4,4,2,2,0
22573,315-30-0,Allopurinol,526,2,2,1,1,0
26137,97-24-5,Fenticlor,526,250,21,11,7,4
45093,23249-97-0,Procodazole,263,0,0,0,0,0
45090,511-45-5,Pridinol,263,8,8,5,5,0
20070,60-32-2,Aminocaproic acid,263,3,3,3,3,0
45081,2439-07-8,8-Quinolinol salicylic acid (1:1),263,16,1,4,1,3
23870,504-24-5,4-Aminopyridine,526,2,2,1,1,0
41752,56-25-7,Cantharidin,263,100,21,10,7,3
22663,64706-54-3,Bepridil,263,82,9,9,5,4
22699,28395-03-1,Bumetanide,263,1,1,1,1,0
23458,59-96-1,Phenoxybenzamine,263,24,2,7,1,6
45128,72432-10-1,Aniracetam,263,5,0,2,0,2
22579,645-05-6,Hexamethylmelamine,526,3,3,1,1,0
45088,524-36-7,Pyridoxamine dihydrochloride,263,1,1,1,1,0
40130,146-48-5,Yohimbine,263,6,6,5,5,0
45085,440-17-5,Trifluoperazine dihydrochloride,263,109,9,11,5,6
45084,27887-84-9,"(2R,3R)-2,3-Dimercaptosuccinic acid",263,7,7,4,4,0
45083,5424-37-3,Aminoquinuride dihydrochloride,263,25,1,9,1,8
25513,2437-29-8,Malachite green oxalate,526,285,48,13,7,6
46966,60-02-6,Guanethidine sulfate,263,0,0,0,0,0
23712,738-70-5,Trimethoprim,526,7,7,3,3,0
44266,82248-59-7,Atomoxetine hydrochloride,263,21,1,6,1,5
42632,40796-97-2,Bemesetron,263,27,7,6,3,3
21718,59-97-2,Tolazoline hydrochloride,263,2,2,2,2,0
22872,129-03-3,Cyproheptadine,263,28,6,7,5,2
22617,63-75-2,Arecoline,263,3,3,2,2,0
22585,20537-88-6,Amifostine,263,1,1,1,1,0
42448,136-47-0,Tetracaine hydrochloride,263,8,8,4,4,0
45125,80809-81-0,Docebenone,263,49,8,7,2,5
22117,768-94-5,Amantadine,263,3,3,2,2,0
45124,179113-91-8,N-Arachidonoyl glycine,263,25,2,6,2,4
45122,60719-82-6,Alaproclate,263,12,12,4,4,0
22813,95-25-0,Chlorzoxazone,263,1,1,1,1,0
45133,490-46-0,(-)-Epicatechin,263,1,1,1,1,0
45238,54-42-2,Idoxuridine,263,4,4,2,2,0
46938,69-22-7,"Caffeine, citrated",263,0,0,0,0,0
45132,73963-72-1,Cilostazol,263,19,1,6,1,5
45131,59939-16-1,Cirazoline,263,6,6,3,3,0
22743,154-93-8,"N,N'-Bis(2-chloroethyl)-N-nitrosourea",263,3,3,2,2,0
22641,1134-47-0,Baclofen,263,0,0,0,0,0
45119,4880-88-0,(-)-Eburnamonine,263,48,5,7,3,4
45118,21256-18-8,Oxaprozin,263,4,4,3,3,0
45223,1218-35-5,Xylometazoline hydrochloride,263,4,4,3,3,0
40643,7361-61-7,Xylazine,263,2,2,2,2,0
41152,52-53-9,(+/-)-Verapamil,263,31,1,6,1,5
45221,59803-98-4,Brimonidine,263,1,1,1,1,0
45220,1508-75-4,Tropicamide,263,6,6,1,1,0
23656,50-52-2,Thioridazine,263,118,9,10,6,4
45201,77145-61-0,SR 57227A hydrochloride,263,5,5,2,2,0
44131,526-08-9,Sulfaphenazole,263,2,2,1,1,0
25257,58-54-8,Ethacrynic acid,526,139,21,8,6,2
45215,118409-57-7,"((3,4-Dihydroxyphenyl)methylene)-Propanedinitrile",263,17,17,7,7,0
45164,68767-14-6,Loxoprofen,263,0,0,0,0,0
45163,105431-72-9,"1,3-Dihydro-1-phenyl-3,3-bis(4-pyridinylmethyl)-2H-Indol-2-one",263,5,5,1,1,0
23195,84057-84-1,Lamotrigine,263,1,1,1,1,0
45165,53179-11-6,Loperamide,263,62,3,9,3,6
22978,116-38-1,Edrophonium chloride,263,4,4,1,1,0
20782,50264-69-2,"1-(2,4-Dichlorobenzyl)-1H-indazole-3-carboxylic acid",526,31,31,6,6,0
45152,1841-19-6,Fluspirilene,263,130,6,11,5,6
22871,2259-96-3,Cyclothiazide,263,3,3,1,1,0
45149,89197-32-0,Efaroxan,263,18,18,5,5,0
45151,67-42-5,Egtazic Acid,263,6,6,4,4,0
42570,67469-78-7,Vanoxerine dihydrochloride,263,138,7,9,4,5
22958,34368-04-2,DL-Dobutamine,263,17,0,8,0,8
46942,58-28-6,Desipramine hydrochloride,263,52,7,8,3,5
22949,58-73-1,Diphenhydramine,263,11,11,5,5,0
45139,7424-00-2,Fenclonine,263,0,0,0,0,0
22855,5786-21-0,Clozapine,263,40,2,7,2,5
45145,1229-29-4,Doxepin hydrochloride,263,19,1,6,1,5
41032,82410-32-0,Ganciclovir,263,3,3,1,1,0
45157,29110-48-3,Guanfacine hydrochloride,263,4,4,3,3,0
20074,60142-96-3,Gabapentin,263,0,0,0,0,0
44681,50-63-5,Chloroquine bis(phosphate),526,29,4,4,2,2
45127,13655-52-2,Alprenolol,263,3,3,2,2,0
22592,1951-25-3,Amiodarone,263,75,3,9,3,6
22822,28657-80-9,Cinoxacin,263,0,0,0,0,0
22808,50-53-3,Chlorpromazine,263,83,9,11,4,7
45140,68550-75-4,"N-Cyclohexyl-4-((1,2-dihydro-2-oxo-6-quinolyl)oxy)-N-methylbutyramide",263,18,2,5,1,4
22846,4205-90-7,Clonidine,263,1,1,1,1,0
22844,303-49-1,Clomipramine,263,83,1,11,1,10
22810,113-59-7,Chlorprothixene,263,74,6,10,5,5
22420,51-61-6,Dopamine,263,11,11,5,5,0
23175,7683-59-2,Isoproterenol,263,9,9,5,5,0
45161,79944-58-4,Idazoxan,263,58,3,7,3,4
43881,50-49-7,Imipramine,263,23,4,7,3,4
45162,81167-16-0,Imiloxan,263,4,4,2,2,0
23190,34580-13-7,Ketotifen,263,10,10,4,4,0
23067,54910-89-3,Fluoxetine,263,80,6,10,4,6
23054,54143-55-4,Flecainide,263,10,10,4,4,0
45153,80288-49-9,"3-Furfuryl-1,8-dimethylxanthine",263,2,2,1,1,0
23064,78755-81-4,Flumazenil,263,3,3,3,3,0
45158,118909-22-1,"9-Amino-1,2,3,4-tetrahydroacridin-1-ol maleate",263,6,6,2,2,0
31800,31430-18-9,Nocodazole,263,48,2,9,2,7
45169,364-62-5,Metoclopramide,263,1,1,1,1,0
45174,19982-08-2,Memantine,263,10,0,3,0,3
23125,51-45-6,Histamine,263,0,0,0,0,0
47858,16662-46-7,Gallopamil hydrochloride,263,25,3,5,2,3
21170,36322-90-4,Piroxicam,526,12,12,3,3,0
43896,67227-56-9,Fenoldopam,263,7,7,6,6,0
23068,69-23-8,Fluphenazine,263,78,10,10,4,6
46946,964-52-3,Moxisylyte hydrochloride,263,13,0,5,0,5
21144,156-51-4,Phenylethylhydrazine sulfate,526,36,36,7,7,0
23487,28797-61-7,Pirenzepine,263,1,1,1,1,0
46949,53-60-1,Promazine hydrochloride,263,42,8,10,5,5
23441,58-39-9,Perphenazine,263,82,12,12,6,6
45173,70476-82-3,Mitoxantrone dihydrochloride,263,109,19,11,4,7
45187,7681-67-6,Propionylpromazine hydrochloride,263,39,2,7,1,6
43874,51-67-2,Tyramine,263,3,3,3,3,0
21304,107-35-7,l-Taurine,526,32,1,7,1,6
45029,10262-69-8,Maprotiline,263,58,2,10,1,9
45202,115344-47-3,Siguazodan,263,2,2,1,1,0
45170,75438-57-2,Moxonidine,263,1,1,1,1,0
40685,38304-91-5,Minoxidil,263,1,1,1,1,0
45171,25717-80-0,Molsidomine,263,0,0,0,0,0
23317,24219-97-4,Mianserin,263,37,3,6,3,3
23542,91-84-9,Pyrilamine,526,32,7,8,4,4
23240,60-40-2,Mecamylamine,263,4,4,1,1,0
45166,137-58-6,Lidocaine,263,2,2,2,2,0
45167,17560-51-9,Metolazone,341,2,2,2,2,0
43873,104-14-3,Octopamine,263,0,0,0,0,0
45179,42471-28-3,Nimustine,263,3,3,2,2,0
23362,51-12-7,Nialamide,263,4,4,1,1,0
23363,55985-32-5,Nicardipine,263,95,10,10,5,5
22914,364-98-7,Diazoxide,263,1,1,1,1,0
40668,58-32-2,Dipyridamole,263,84,6,8,3,5
45147,77671-31-9,Enoximone,263,2,2,1,1,0
22800,58-94-6,Chlorothiazide,526,3,3,2,2,0
20329,51481-61-9,Cimetidine,526,9,9,2,2,0
23618,57-96-5,Sulfinpyrazone,263,4,4,2,2,0
44491,7491-74-9,2-Oxo-1-Pyrrolidineacetamide,526,1,1,1,1,0
22821,298-57-7,Cinnarizine,263,23,2,6,2,4
45136,1163-36-6,Clemizole hydrochloride,263,46,12,7,5,2
23518,60-87-7,Promethazine,263,64,5,10,4,6
45184,54063-53-5,Propafenone,263,34,10,8,3,5
45217,25371-96-4,1-(2-Trifluoromethylphenyl)imidazole,263,6,6,1,1,0
45138,6640-24-0,1-(3-Chlorophenyl)piperazine,263,3,3,2,2,0
45192,1744-22-5,6-(Trifluoromethoxy)-2-Benzothiazolamine,263,32,32,6,6,0
40691,1491-59-4,Oxymetazoline,263,2,2,2,2,0
45181,60607-34-3,Oxatomide,263,67,5,9,5,4
45182,75444-65-4,Pirenperone,263,14,0,5,0,5
23476,13523-86-9,Pindolol,263,2,2,2,2,0
42254,544-31-0,N-(2-Hydroxyethyl)palmitamide,263,7,0,2,0,2
45183,53179-13-8,Pirfenidone,263,1,1,1,1,0
23609,57-67-0,Sulfaguanidine,263,0,0,0,0,0
25825,61-25-6,Papaverine hydrochloride,263,36,5,7,3,4
46951,1225-55-4,Protriptyline hydrochloride,263,57,6,8,3,5
45188,3605-01-4,Piribedil,263,5,5,1,1,0
23512,51-06-9,Procainamide,263,0,0,0,0,0
45176,57149-07-2,Naftopidil,263,46,6,7,3,4
45189,55242-55-2,"3,7-Dihydro-3-methyl-1-(5-oxohexyl)-7-propyl-1H-Purine-2,6-dione",263,1,1,1,1,0
45190,5786-68-5,Quipazine maleate,263,13,2,3,1,2
45175,53179-07-0,Nisoxetine,263,9,9,6,6,0
23387,447-41-6,Nylidrin,263,8,8,6,6,0
23495,51-15-0,Pralidoxime chloride,263,0,0,0,0,0
23277,53-46-3,Methantheline bromide,263,2,2,2,2,0
41126,13755-38-9,Sodium nitroprusside dihydrate,263,3,3,3,3,0
45229,546-48-5,Pempidine d-tartaric acid,263,1,1,1,1,0
45228,1021868-76-7,Lorglumide sodium,263,13,13,5,5,0
45227,27833-64-3,Loxapine succinate,263,22,3,7,3,4
45210,51012-33-0,Tiapride hydrochloride,263,1,1,1,1,0
45209,80880-90-6,Telenzepine,263,1,1,1,1,0
45208,NOCAS_45208,Tracazolate hydrochloride,263,23,2,4,2,2
44137,89565-68-4,Tropisetron,263,9,9,6,6,0
45206,64603-91-4,Gaboxadol,263,0,0,0,0,0
45205,749-02-0,Spiperone,263,51,8,10,7,3
45204,2447-54-3,Sanguinarine,263,143,3,10,1,9
34250,470-90-6,Chlorfenvinphos,569,147,32,19,11,8
41665,122-18-9,Benzalkonium chloride C16 (BAC C16),749,401,90,23,15,8
41759,124-03-8,Quaternium 17,747,425,112,22,15,7
44367,1119-97-7,Tetradonium bromide,747,394,106,22,14,8
37498,2642-71-9,Azinphos-ethyl,481,95,20,16,8,8
27323,836-30-6,4-Nitro-N-phenylaniline,755,178,24,15,9,6
20057,82-28-0,1-Amino-2-methylanthraquinone,741,134,55,18,14,4
37564,135590-91-9,Mefenpyr-diethyl,353,39,2,12,2,10
36525,53-41-8,Androsterone,352,54,14,10,2,8
21450,2832-40-8,C.I. Disperse Yellow 3,352,89,27,17,11,6
25209,15791-78-3,C.I. Disperse Blue 27,475,167,45,21,15,6
37739,122-37-2,4-Anilinophenol,475,126,34,18,10,8
21963,120-21-8,4-(Diethylamino)benzaldehyde,351,27,12,11,7,4
20451,1212-29-9,"N,N'-Dicyclohexylthiourea",738,126,5,15,4,11
21973,121-87-9,2-Chloro-4-nitroaniline,351,24,8,9,6,3
41745,2481-94-9,C.I. Solvent Yellow 56,350,121,24,18,8,10
25035,91-44-1,7-Diethylamino-4-methylcoumarin,737,196,24,15,8,7
41502,497-39-2,"3-Methyl-4,6-di-tert-butylphenol",474,275,103,19,12,7
41503,122454-29-9,Tralopyril,350,185,60,20,13,7
27240,610-39-9,"3,4-Dinitrotoluene",737,145,51,17,13,4
24485,1747-60-0,6-Methoxy-2-benzothiazolamine,736,43,2,11,2,9
32417,25311-71-1,Isofenphos,473,96,28,13,7,6
40268,973-21-7,Dinobuton,473,258,71,19,15,4
37502,55179-31-2,Bitertanol,349,113,11,18,5,13
23817,538-75-0,Dicyclohexylcarbodiimide,736,243,28,19,11,8
42282,2588-04-7,Phorate sulfone,348,31,31,14,14,0
47144,3697-42-5,Chlorhexidine dihydrochloride,472,274,115,22,16,6
21559,728-40-5,"2,6-Di-tert-butyl-4-nitrophenol",472,155,55,18,10,8
41622,82560-54-1,Benfuracarb,471,111,19,18,11,7
22462,580-51-8,3-Phenylphenol,347,87,8,14,5,9
38827,6283-25-6,2-Chloro-5-nitroaniline,347,9,9,6,6,0
44338,120983-64-4,"2-(1-Chlorocyclopropyl)-1-(2-chlorophenyl)-3-(1H-1,2,4-triazol-1-yl)-2-propanol",347,48,20,10,6,4
21131,135-88-6,N-Phenyl-2-naphthylamine,734,221,26,20,11,9
24318,886-50-0,Terbutryn,733,79,10,13,6,7
40779,3648-21-3,Diheptyl phthalate,346,17,17,6,6,0
47727,94-86-0,2-Ethoxy-5-(1-propenyl)phenol,346,24,24,13,13,0
25401,13048-33-4,"1,6-Hexanediol diacrylate",733,273,75,17,12,5
41901,2497-06-5,Disulfoton sulfone,345,31,14,11,8,3
25707,17557-23-2,Neopentyl glycol diglycidyl ether,345,25,3,7,2,5
30319,132-32-1,3-Amino-9-ethylcarbazole,732,113,37,19,9,10
25512,569-64-2,Malachite green,345,222,122,21,16,5
44381,13676-54-5,Bismaleimide,469,271,58,21,11,10
38743,136-85-6,5-Methyl-1H-benzotriazole,345,2,2,2,2,0
22012,150-19-6,3-Methoxyphenol,345,6,6,4,4,0
27789,17321-47-0,"O,O-Dimethyl phosphoramidothioate",344,12,12,7,7,0
22271,17754-90-4,4-(Diethylamino)salicylaldehyde,344,32,32,12,12,0
46448,147526-32-7,Pitavastatin calcium,422,84,34,16,10,6
41461,3737-41-5,"3,3,4,4-Tetrachlorotetrahydrothiophene 1,1-dioxide",468,281,108,21,15,6
44233,23128-74-7,Antioxidant 1098,344,29,20,8,8,0
27588,5124-30-1,"1,1-Methylenebis(4-isocyanatocyclohexane)",468,70,16,14,7,7
35285,31654-77-0,"9,12-Tetradecadien-1-ol, 1-acetate, (9E,12Z)-",468,131,9,17,5,12
43903,92-44-4,"2,3-Dihydroxynaphthalene",343,22,3,7,2,5
20066,121-66-4,"2-Amino-5-nitro-1,3-thiazole",730,39,6,10,3,7
20960,602-87-9,5-Nitroacenaphthene,467,44,44,15,15,0
41397,23696-85-7,Damascenone,343,5,5,3,3,0
41966,52-85-7,Famphur,729,48,48,13,13,0
37715,24650-42-8,"2,2-Dimethoxy-1,2-diphenylethanone",466,44,44,11,11,0
26902,112-03-8,"N,N,N-Trimethyloctadecan-1-aminium chloride",466,303,133,22,17,5
20256,2244-16-8,d-Carvone,729,12,12,6,6,0
24911,25152-84-5,"(E,E)-2,4-Decadienal",729,201,16,20,10,10
28015,42978-66-5,Tripropylene glycol diacrylate,465,204,57,16,12,4
40264,131-52-2,Sodium pentachlorophenate,341,144,27,17,11,6
20294,140-49-8,4'-(Chloroacetyl)acetanilide,743,245,44,21,11,10
37757,112-45-8,10-Undecen-1-al,465,16,16,5,5,0
21241,79-81-2,Retinol palmitate,543,54,20,16,8,8
42280,2597-03-7,Phenthoate,465,79,21,17,9,8
25842,3524-68-3,Pentaerythritol triacrylate,728,409,124,19,15,4
36827,91-95-2,"3,3'-Diaminobenzidine",464,76,30,20,10,10
41892,127-63-9,Diphenylsulfone,464,14,14,6,6,0
25210,17418-58-5,C.I. Disperse Red 60,340,65,27,13,10,3
44605,17354-14-2,"1,4-Bis(butylamino)anthracene-9,10-dione",340,19,19,10,10,0
40287,1982-47-4,Chloroxuron,464,66,15,14,6,8
27498,2778-42-9,"1,3-Bis(2-isocyanato-2-propyl)benzene",727,37,4,10,4,6
35783,65733-16-6,S-Methoprene,464,134,9,18,3,15
22121,791-28-6,Triphenylphosphine oxide,464,27,27,10,10,0
31531,129-73-7,Leucomalachite green,463,118,16,22,10,12
38922,4162-45-2,Tetrabromobisphenol A bis(2-hydroxyethyl) ether,475,237,72,21,16,5
24585,85-02-9,Benzo(f)quinoline,726,87,11,13,6,7
41560,301-00-8,Methyl linolenate,339,174,20,18,10,8
43908,1205-17-0,"3-(3,4-Methylenedioxyphenyl)-2-methylpropanal",463,16,16,7,7,0
27773,15625-89-5,Trimethylolpropane triacrylate,726,373,101,19,13,6
24861,26444-49-5,Cresyl diphenyl phosphate,463,123,25,21,10,11
35784,65733-18-8,(7S)-Hydroprene,541,178,12,19,6,13
20063,121-88-0,2-Amino-5-nitrophenol,463,52,9,11,7,4
40718,6358-64-1,"2,5-Dimethoxy-4-chloroaniline",463,17,17,7,7,0
41178,2657-00-3,"6-Diazo-5,6-dihydro-5-oxo1-naphthalenesulfonic acid sodium salt",462,16,16,8,8,0
27133,298-06-6,"O,O′-Diethyl hydrogen dithiophosphate",462,18,18,10,10,0
25789,102-96-5,beta-Nitrostyrene,462,240,40,20,10,10
21716,58-90-2,"2,3,4,6-Tetrachlorophenol",725,199,31,15,10,5
27584,4979-32-2,"N,N-Dicyclohexyl-2-benzothiazolesulfenamide",462,56,14,14,8,6
20589,72-56-0,"p,p'-Ethyl-DDD",724,147,22,17,9,8
26573,95-32-9,"2-(Morpholin-4-yldithio)-1,3-benzothiazole",724,248,55,19,14,5
20918,93-46-9,"N,N'-Di-2-naphthyl-p-phenylenediamine",724,26,26,11,11,0
24799,121-17-5,4-Chloro-3-nitrobenzotrifluoride,724,12,12,6,6,0
34776,57018-04-9,Tolclofos-methyl,461,58,10,16,4,12
21134,103-85-5,1-Phenyl-2-thiourea,724,37,10,10,5,5
21141,624-18-0,"1,4-Benzenediamine dihydrochloride",337,28,8,12,6,6
21778,84-62-8,Diphenyl phthalate,461,60,11,12,8,4
32541,20018-09-1,Diiodomethyl 4-methylphenyl sulfone,337,235,79,20,12,8
27870,25377-73-5,"3-(Dodecenyl)dihydro-2,5-furandione",724,34,3,8,3,5
22170,2008-58-4,"2,6-Dichlorobenzamide",460,15,15,7,7,0
20360,95-33-0,N-Cyclohexyl-2-benzothiazolesulfenamide,801,91,15,13,7,6
21626,536-60-7,4-Isopropylbenzyl alcohol,723,14,14,6,6,0
26216,563-04-2,"Phosphoric acid, tris(3-methylphenyl) ester",336,39,39,10,10,0
47620,109-08-0,2-Methylpyrazine,336,5,5,4,4,0
21316,116-29-0,Tetradifon,735,105,27,17,11,6
40145,3173-72-6,"1,5-Naphthalene diisocyanate",197,10,10,8,8,0
25991,104-91-6,4-Nitrosophenol,723,43,12,12,5,7
22188,2437-25-4,n-Undecyl cyanide,723,91,2,12,2,10
25150,813-78-5,Dimethyl phosphate,460,15,15,8,8,0
21769,79-77-6,beta-Ionone,723,32,32,7,7,0
26558,92-15-9,N-(2-Methoxyphenyl)-3-oxobutanamide,722,18,18,6,6,0
25303,10213-75-9,3-((2-Ethylhexyl)oxy)propionitrile,459,28,28,9,9,0
27749,13547-70-1,1-Chloropinacolone,722,47,47,8,8,0
40765,624-48-6,Dimethyl maleate,644,33,20,6,6,0
27841,25103-09-7,Isooctyl 2-mercaptoacetate,459,27,27,11,11,0
24780,4584-49-0,2-Chloropropyldimethylamine hydrochloride,335,26,11,8,6,2
27530,3290-92-4,"1,1,1-Trimethylolpropane trimethacrylate",722,82,9,16,5,11
41490,565-62-8,3-Methyl-3-penten-2-one,459,15,15,6,6,0
29331,25564-22-1,2-Pentyl-2-cyclopenten-1-one,722,25,25,12,12,0
44370,1126-78-9,N-Butylaniline,459,2,2,2,2,0
44541,1335-66-6,Isocyclocitral,459,6,6,5,5,0
26998,123-18-2,"2,6,8-Trimethyl-4-nonanone",722,63,1,11,1,10
44236,36443-68-2,Triethylene glycol bis(3-tert-butyl-4-hydroxy-5-methylphenyl)propionate,459,39,6,12,3,9
25571,608-25-3,"2-Methyl-1,3-benzenediol",459,14,14,9,9,0
27797,18268-70-7,Tetraethylene glycol di(2-ethylhexanoate),459,39,5,11,1,10
44372,116-17-6,Tripropan-2-yl phosphite,334,10,10,6,6,0
27928,27247-96-7,2-Ethylhexyl nitrate,458,37,2,9,1,8
27386,1330-61-6,Isodecyl acrylate,721,45,45,12,12,0
44360,106-21-8,"3,7-Dimethyloctan-1-ol",458,67,3,10,2,8
40706,3118-97-6,C.I. Solvent Orange 7,334,60,9,11,4,7
44717,6843-66-9,Dimethoxy(diphenyl)silane,334,72,4,14,3,11
27322,830-13-7,Cyclododecanone,721,12,12,6,6,0
40698,126-71-6,Triisobutyl phosphate,458,18,18,7,7,0
27288,673-84-7,"2,6-Dimethyl-2,4,6-octatriene",721,81,28,11,7,4
41261,4638-03-3,Allyl 3-chloro-2-hydroxypropyl ether,458,7,7,5,5,0
26267,25155-23-1,Trixylyl phosphate,458,77,16,14,8,6
44383,139-66-2,Diphenyl sulfide,458,100,2,15,2,13
57888,141396-28-3,Argatroban monohydrate,195,11,11,5,5,0
37611,61949-77-7,trans-Permethrin,195,7,7,3,3,0
44363,110-38-3,Ethyl decanoate,458,57,0,11,0,11
24739,87-44-5,(-)-(E)-Caryophyllene,458,88,4,11,3,8
37535,126-75-0,Demeton-S,334,21,21,8,8,0
22070,593-08-8,2-Tridecanone,458,75,7,10,5,5
29607,109-16-0,Triethylene glycol dimethacrylate,721,27,27,7,7,0
44515,109-17-1,Tetraethyleneglycol dimethacrylate,457,14,14,8,8,0
44403,1885-14-9,Phenyl carbonochloridate,333,5,5,4,4,0
34372,147150-35-4,Cloransulam-methyl,333,9,9,5,5,0
26652,100-18-5,"1,4-Diisopropylbenzene",720,48,0,11,0,11
52558,81-61-8,Quinalizarin,194,21,6,6,4,2
27747,13472-08-7,"2,2'-Azobis(2-methylbutanenitrile)",457,13,13,4,4,0
21586,689-67-8,"6,10-Dimethyl-5,9-undecadiene-2-one",720,32,32,8,8,0
27344,947-04-6,Azacyclotridecan-2-one,720,15,15,4,4,0
44489,5810-11-7,"2-Chloro-N,N-dimethyl-3-oxobutanamide",457,73,14,12,5,7
27103,142-90-5,Dodecyl 2-methylacrylate,720,8,8,4,4,0
25170,101-67-7,"4,4'-Dioctyldiphenylamine",333,13,13,9,9,0
29117,92-06-8,"1,1':3',1''-Terphenyl",720,121,16,16,7,9
24837,7492-66-2,Citral diethyl acetal,333,78,8,13,5,8
32342,2439-01-2,Chinomethionate,333,100,8,17,6,11
41570,79-07-2,Chloroacetamide,333,14,1,6,1,5
27902,26472-00-4,Methylcyclopentadiene dimer,720,47,6,10,3,7
21710,56-37-1,Benzyl trialkyl ammonium compound C2:C2:C2 (BTAAC C2:C2:C2),333,16,16,6,6,0
49075,192939-46-1,Ximelagatran,272,7,7,5,5,0
27085,141-17-3,Bis[2-(2-butoxyethoxy)ethyl] adipate,720,15,15,3,3,0
43902,4559-86-8,"1,1,3,3-Tetrabutylurea",457,149,4,17,2,15
41412,2832-19-1,2-Chloro-N-(hydroxymethyl)acetamide,457,14,14,7,7,0
21915,110-40-7,Diethyl decanedioate,457,7,7,4,4,0
42097,96-08-2,Limonene diepoxide,456,14,14,7,7,0
37741,134-84-9,4-Methylbenzophenone,456,58,10,14,3,11
27342,930-69-8,Sodium benzenethiolate,719,17,17,6,6,0
21156,13171-21-6,Phosphamidon,797,22,22,10,10,0
22090,622-40-2,4-(2-Hydroxyethyl)morpholine,456,11,11,5,5,0
43855,6358-09-4,2-Amino-6-chloro-4-nitrophenol,332,15,2,6,2,4
28618,68479-98-1,Diethylmethylbenzenediamine,332,16,16,6,6,0
43937,67-71-0,Dimethyl sulfone,332,3,3,3,3,0
25394,4719-04-4,Triazinetriethanol,332,85,7,12,4,8
38919,3634-83-1,"1,3-Bis(isocyanatomethyl)benzene",332,4,4,3,3,0
47607,103-56-0,3-Phenyl-2-propen-1-yl propionate,332,10,10,6,6,0
27634,6842-15-5,1-Propene tetramer,332,16,16,8,8,0
52832,52663-68-0,"2,2',3,4',5,5',6-Heptachlorobiphenyl",332,79,19,11,7,4
38317,6515-38-4,"3,5,6-Trichloro-2-pyridinol",456,28,28,10,10,0
44522,1187-03-7,Tetraethylurea,456,5,5,5,5,0
40114,107-58-4,tert-Butylacrylamide,456,11,11,5,5,0
41431,4812-20-8,2-Isopropoxyphenol,456,14,14,6,6,0
37567,171118-09-5,Metolachlor ESA,332,7,7,4,4,0
38847,24801-88-5,(3-Isocyanatopropyl)triethoxysilane,456,3,3,3,3,0
38899,35958-30-6,Tetrabutyl ethylidenebisphenol,332,34,16,9,6,3
22279,24544-04-5,"2,6-Diisopropylaniline",456,28,5,7,5,2
47222,29548-30-9,Farnesyl acetate,332,57,57,10,10,0
38839,17420-30-3,2-Amino-5-nitrobenzonitrile,332,13,7,7,4,3
40269,485-31-4,Binapacryl,456,234,57,19,12,7
41551,1879-09-0,"6-tert-Butyl-2,4-xylenol",332,107,0,14,0,14
25501,4802-20-4,Limonene dimercaptan,456,142,19,16,8,8
32624,42588-37-4,Kinoprene,456,63,63,12,12,0
27615,6145-73-9,Tris(2-chloropropyl) phosphate,456,18,18,6,6,0
29369,51000-52-3,Vinyl neodecanoate,456,96,6,13,3,10
38771,565-80-0,"2,4-Dimethylpentan-3-one",331,16,16,4,4,0
35839,89415-87-2,"1,3-Dichloro-5-ethyl-5-methylhydantoin",331,21,21,5,5,0
44547,137-03-1,2-Heptylcyclopentanone,455,53,1,12,1,11
44359,106-02-5,Pentadecan-15-olide,455,88,3,13,3,10
32631,77732-09-3,Oxadixyl,455,5,5,2,2,0
42445,33693-04-8,Terbumeton,331,15,5,8,5,3
21498,2516-40-7,2-Bromobenzothiazole,718,25,25,5,5,0
48494,98105-99-8,Sarafloxacin,331,6,6,4,4,0
20743,75-47-8,Iodoform,796,35,35,8,8,0
20927,13927-77-0,Nickel bis(dibutyldithiocarbamate),455,11,11,7,7,0
27086,141-23-1,Methyl 12-hydroxyoctadecanoate,454,17,17,7,7,0
21405,81-15-2,Musk Xylene,454,76,16,14,7,7
27302,719-32-4,"2,3,5,6-Tetrachlorobenzene-1,4-dicarbonyl dichloride",717,10,10,5,5,0
26293,81-48-1,D&C Violet 2,454,17,17,8,8,0
47049,18794-84-8,trans-beta-Farnesene,330,17,17,8,8,0
27443,1852-16-0,N-(Butoxymethyl)acrylamide,717,13,13,6,6,0
27653,7534-94-3,Isobornyl methacrylate,717,154,3,14,3,11
22082,614-80-2,2-Hydroxyacetanilide,454,13,13,8,8,0
24904,596-03-2,C.I. Solvent Red 72,330,94,11,15,5,10
24950,19660-16-3,"2,3-Dibromopropyl acrylate",330,123,18,15,5,10
21782,85-22-3,"2,3,4,5,6-Pentabromoethylbenzene",330,19,19,8,8,0
27520,3089-11-0,Hexa(methoxymethyl)melamine,717,6,6,3,3,0
25243,2855-19-8,"1,2-Epoxydodecane",454,95,6,11,4,7
44454,638-07-3,Ethyl 4-chloro-3-oxobutanoate,454,121,14,14,7,7
47546,16356-11-9,"1,3,5-Undecatriene",329,26,0,7,0,7
44918,3278-89-5,"1,3,5-Tribromo-2-(prop-2-en-1-yloxy)benzene",452,93,13,14,8,6
51996,3120-74-9,3-Methyl-4-(methylthio)phenol,246,40,6,10,6,4
51914,2479-46-1,"1,3-Phenylenedi(4-aminophenyl ether)",246,61,61,10,10,0
52186,540-38-5,4-Iodophenol,242,16,16,9,9,0
52571,82-44-0,1-Chloroanthraquinone,242,22,10,8,4,4
21910,109-97-7,Pyrrole,241,2,2,2,2,0
35013,7646-85-7,Zinc chloride,365,47,9,9,6,3
51566,1100-88-5,Benzyltriphenylphosphonium chloride,240,69,23,12,8,4
52619,92-91-1,4'-Acetylbiphenyl,240,22,22,8,8,0
51778,1672-46-4,Digoxigenin,240,79,0,9,0,9
51732,1470-94-6,Indan-5-ol,240,7,7,5,5,0
51808,18015-76-4,C.I. Basic Green 4 oxalate (1:x),240,118,34,14,8,6
52042,364-76-1,4-Fluoro-3-nitroaniline,240,6,6,4,4,0
51560,108-74-7,"1,3,5-Trimethyl-1,3,5-triazacyclohexane",239,7,7,2,2,0
41246,504-63-2,"1,3-Propanediol",363,2,2,2,2,0
51687,134-85-0,4-Chlorobenzophenone,239,28,4,9,3,6
51890,23726-91-2,beta-Damascone,239,39,39,5,5,0
43910,3388-04-3,"beta-(3,4-Epoxycyclohexyl)ethyltrimethoxysilane",239,1,1,1,1,0
29171,142-29-0,Cyclopentene,238,8,0,2,0,2
52198,544-01-4,Di-iso-amyl ether,238,5,5,3,3,0
52573,827-94-1,"2,6-Dibromo-4-nitroaniline",238,14,14,6,6,0
51525,10416-59-8,"N,O-bis(Trimethylsilyl)acetamide",238,2,2,2,2,0
51575,111-34-2,Butyl vinyl ether,238,2,2,2,2,0
51493,452-58-4,"2,3-Diaminopyridine",238,13,13,6,6,0
51574,111-31-9,1-Hexanethiol,237,6,6,4,4,0
52585,86-28-2,9-Ethylcarbazole,237,27,27,6,6,0
52112,462-95-3,Diethoxymethane,237,0,0,0,0,0
51944,2680-03-7,"N,N-Dimethylacrylamide",237,1,1,1,1,0
51618,121-72-2,"N,N,3-Trimethylaniline",237,1,1,1,1,0
44416,3068-00-6,"1,2,4-Butanetriol",237,2,2,2,2,0
52269,603-36-1,Triphenylstibine,236,49,20,10,5,5
47471,115-18-4,2-Methyl-3-buten-2-ol,236,0,0,0,0,0
21331,55566-30-8,Tetrakis(hydroxymethyl)phosphonium sulfate,360,42,17,9,5,4
52502,75980-60-8,"Diphenyl(2,4,6-trimethylbenzoyl)phosphine oxide",234,90,18,11,7,4
21851,103-05-9,2-Methyl-4-phenylbutan-2-ol,357,3,3,2,2,0
24890,1197-01-9,p-Cymen-8-ol,357,4,4,3,3,0
22180,2216-51-5,"(1R,2S,5R)-(-)-Menthol",620,2,2,1,1,0
41527,826-36-8,"2,2,6,6-Tetramethyl-4-piperidone",356,1,1,1,1,0
22104,693-54-9,2-Decanone,232,1,1,1,1,0
44511,106-19-4,Dipropyl hexanedioate,356,8,8,5,5,0
40525,129-56-6,"Anthra(1,9-cd)pyrazol-6(2H)-one",93,27,27,6,6,0
27206,556-82-1,3-Methyl-2-buten-1-ol,618,1,1,1,1,0
51708,140-53-4,4-Chlorophenylacetonitrile,231,5,5,4,4,0
24775,107-04-0,1-Chloro-2-bromoethane,618,4,4,3,3,0
52587,868-57-5,Methyl 2-methylbutyrate,231,3,3,3,3,0
20223,3068-88-0,beta-Butyrolactone,618,2,2,2,2,0
20593,759-73-9,1-Ethyl-1-nitrosourea,618,0,0,0,0,0
20092,134-29-2,2-Methoxyaniline hydrochloride,618,31,31,7,7,0
44496,705-86-2,6-Pentyltetrahydro-2H-pyran-2-one,354,2,2,2,2,0
41234,1772-25-4,"1,3,6-Hexanetricarbonitrile",354,3,3,2,2,0
20980,108-03-2,1-Nitropropane,617,12,1,5,1,4
25632,89-62-3,4-Methyl-2-nitroaniline,617,19,19,8,8,0
21190,366-70-1,Procarbazine hydrochloride,617,14,14,6,6,0
52577,84-58-2,"2,3-Dichloro-5,6-dicyano-p-benzoquinone",230,16,3,8,3,5
26863,110-98-5,"1,1'-Oxybis-2-propanol",617,0,0,0,0,0
20545,142-46-1,"2,5-Dithiobiurea",617,9,9,5,5,0
27181,538-93-2,Isobutylbenzene,617,1,1,1,1,0
26739,106-75-2,Diethlylene glycol bis chloroformate,369,8,8,5,5,0
52511,76-83-5,Trityl chloride,230,17,17,4,4,0
21543,111-85-3,1-Chlorooctane,617,11,11,6,6,0
22035,464-45-9,[(1S)-endo]-(-)-Borneol,432,2,2,1,1,0
51536,105-31-7,Hex-1-yn-3-ol,230,3,3,3,3,0
25433,109-78-4,3-Hydroxypropanenitrile,230,1,1,1,1,0
44364,110-52-1,"1,4-Dibromobutane",354,2,2,2,2,0
21362,88-19-7,o-Toluenesulfonamide,354,3,3,2,2,0
25922,473-55-2,Pinane,617,5,5,2,2,0
35217,6440-58-0,"1,3-Dimethylol-5,5-dimethylhydantoin",229,4,4,4,4,0
44161,10025-91-9,Antimony trichloride,353,54,6,6,3,3
22194,2499-95-8,Hexyl acrylate,353,2,2,2,2,0
26913,112-40-3,Dodecane,353,3,3,3,3,0
21971,121-73-3,1-Chloro-3-nitrobenzene,616,6,6,4,4,0
44506,103-45-7,2-Phenylethyl acetate,353,1,1,1,1,0
41517,3658-77-3,"4-Hydroxy-2,5-dimethyl-3(2H)furanone",353,2,2,2,2,0
37806,3397-62-4,"6-Chloro-1,3,5-triazine-2,4-diamine",353,0,0,0,0,0
21247,569-61-9,C.I. Basic Red 9 monohydrochloride,353,131,16,11,6,5
40271,91-63-4,2-Methylquinoline,353,4,4,4,4,0
24532,104-94-9,4-Methoxybenzenamine,616,30,30,6,6,0
29192,616-38-6,Dimethyl carbonate,616,0,0,0,0,0
25432,78-97-7,Lactonitrile,229,6,6,4,4,0
51704,13963-57-0,Aluminum trisacetoacetate,229,3,3,2,2,0
51474,102-85-2,Tributyl phosphite,229,13,13,6,6,0
43941,2591-86-8,N-Formylpiperidine,353,0,0,0,0,0
23419,123-63-7,Paraldehyde,694,5,5,4,4,0
22036,464-48-2,(1S)-(-)-Camphor,229,5,5,4,4,0
52610,91-67-8,"N,N-Diethyl-m-toluidine",229,5,5,5,5,0
52598,88-10-8,Diethylcarbamoyl chloride,229,4,4,2,2,0
23035,33419-42-0,Etoposide,431,94,51,7,4,3
21344,139-65-1,"4,4'-Thiodianiline",353,28,28,6,6,0
27884,25899-50-7,(2Z)-2-Pentenenitrile,353,2,2,2,2,0
47679,3777-69-3,2-Pentylfuran,353,39,39,7,7,0
52629,93-53-8,Hydratropaldehyde,229,8,8,2,2,0
26544,90-16-4,"1,2,3-Benzotriazin-4(1H)-one",615,2,2,2,2,0
44495,5471-51-2,4-(4-Hydroxyphenyl)butan-2-one,352,3,3,2,2,0
52724,6174-86-3,3-Chloro-7-hydroxy-4-methyl-2-benzopyrone,228,44,2,8,2,6
21629,110-93-0,6-Methyl-5-hepten-2-one,615,3,3,2,2,0
44375,123-34-2,Glycerol 1-allylether,352,10,10,5,5,0
41224,106-69-4,"1,2,6-Hexanetriol",367,7,7,5,5,0
51586,1139-30-6,(-)Carophyllene oxide,228,9,1,4,1,3
24810,109-09-1,2-Chloropyridine,615,3,3,2,2,0
40476,120928-09-8,Fenazaquin,352,5,5,3,3,0
44472,95-92-1,Diethyl oxalate,352,2,2,2,2,0
24628,110-21-4,Biurea,352,2,2,1,1,0
52463,719-59-5,2-Amino-5-chlorobenzophenone,228,54,7,9,3,6
27266,629-50-5,Tridecane,352,0,0,0,0,0
27502,2814-20-2,2-Isopropyl-6-methyl-4-pyrimidone,615,2,2,2,2,0
52460,716-79-0,2-Phenylbenzimidazole,228,29,9,7,5,2
44428,4420-74-0,3-Mercaptopropyltrimethoxysilane,352,6,6,4,4,0
51779,1678-91-7,Ethylcyclohexane,228,1,1,1,1,0
27039,126-58-9,Dipentaerythritol,352,4,4,4,4,0
21550,506-68-3,Cyanogen bromide,228,3,3,3,3,0
51850,20662-14-0,Scandium chloride hexahydrate,228,2,2,2,2,0
40784,123-02-4,n-Tridecylbenzene,228,0,0,0,0,0
51581,112-29-8,1-Bromodecane,228,8,8,4,4,0
51716,142-08-5,2(1H)-Pyridinone,228,1,1,1,1,0
27438,1809-19-4,Dibutyl phosphite,615,3,3,2,2,0
24738,97-42-7,Carvyl acetate,615,9,0,5,0,5
51695,13759-92-7,Europium(III) chloride hexahydrate,228,12,12,6,6,0
51564,109-04-6,2-Bromopyridine,228,0,0,0,0,0
41812,498-81-7,Dihydro-alpha-terpineol,228,1,1,1,1,0
47691,589-66-2,2-Methylpropyl but-2-enoate,228,2,2,2,2,0
33241,2550-26-7,Benzylacetone,615,2,2,1,1,0
27589,5131-66-8,1-Butoxy-2-propanol,352,1,1,1,1,0
52446,700-13-0,"2,3,5-Trimethylhydroquinone",274,23,0,4,0,4
41366,119-27-7,"2,4-Dinitroanisole",352,8,8,5,5,0
51619,122-01-0,4-Chlorobenzoyl chloride,228,7,0,2,0,2
27233,598-72-1,2-Bromopropionic acid,615,4,4,1,1,0
37483,187022-11-3,Acetochlor ESA,228,1,1,1,1,0
52310,626-64-2,4-Pyridinol,227,3,3,3,3,0
47760,110-01-0,Tetrahydrothiophene,227,5,0,1,0,1
52567,821-48-7,Bis(2-chloroethyl)amine hydrochloride,227,1,1,1,1,0
52607,91-10-1,"2,6-Dimethoxyphenol",227,7,7,4,4,0
52109,4584-46-7,(2-Chloroethyl)dimethylamine hydrochloride,227,5,5,3,3,0
52213,551-93-9,2'-Aminoacetophenone,227,7,1,3,1,2
52125,487-68-3,"2,4,6-Trimethylbenzaldehyde",227,8,8,3,3,0
51580,1121-78-4,6-Methyl-3-hydroxypyridine,227,2,2,2,2,0
51824,1885-29-6,2-Aminobenzonitrile,227,6,6,4,4,0
44526,122-82-7,N-(4-Ethoxyphenyl)-3-oxobutanamide,351,10,10,6,6,0
52594,87-41-2,Phthalide,227,0,0,0,0,0
23114,93-14-1,Guaifenesin,614,3,3,2,2,0
40115,1072-71-5,"2,5-Dimercapto-1,3,4-thiadiazole",351,8,8,6,6,0
44479,14814-09-6,3-(Triethoxysilyl)propane-1-thiol,351,8,8,5,5,0
27334,919-31-3,3-(Triethoxysilyl)propionitrile,614,0,0,0,0,0
41444,58654-67-4,5-Methyl-2-octanone,227,0,0,0,0,0
52590,86-98-6,"4,7-Dichloroquinoline",227,10,10,5,5,0
25094,117-82-8,Di(2-methoxyethyl) phthalate,614,10,0,4,0,4
52281,611-59-6,"1,7-Dimethylxanthine",227,3,3,3,3,0
25305,5405-41-4,Ethyl 3-hydroxybutyrate,227,0,0,0,0,0
46992,54527-84-3,Nicardipine hydrochloride,363,138,16,13,5,8
51999,31482-56-1,C.I. Disperse Orange 25,227,5,5,4,4,0
44545,13614-98-7,Minocycline hydrochloride,692,40,9,8,6,2
42478,731-27-1,Tolylfluanid,351,152,15,11,6,5
42343,111-43-3,Propyl ether,351,1,1,1,1,0
26783,108-19-0,Imidodicarbonic diamide,614,2,2,2,2,0
21404,2489-77-2,"1,1,3-Trimethyl-2-thiourea",614,9,1,5,1,4
23146,87-89-8,myo-Inositol,614,4,4,3,3,0
44456,71-30-7,Cytosine,351,1,1,1,1,0
25925,326-61-4,Piperonyl acetate,614,11,11,3,3,0
27293,688-84-6,2-Ethylhexyl 2-methyl-2-propenoate,614,9,0,3,0,3
52837,140939-15-7,"Alachlor ESA, sodium salt",227,6,6,2,2,0
50403,611-14-3,1-Ethyl-2-methylbenzene,227,1,1,1,1,0
52319,635-22-3,4-Chloro-3-nitroaniline,227,11,11,6,6,0
44447,591-31-1,3-Methoxybenzaldehyde,351,2,2,2,2,0
27021,124-17-4,Diethylene glycol monobutyl ether acetate,614,5,1,2,1,1
37756,1123-85-9,2-Phenylpropan-1-ol,351,0,0,0,0,0
44475,491-07-6,"rel-(2R,5R)-5-Methyl-2-(1-methylethyl)cyclohexanone",351,1,1,1,1,0
41436,75-85-4,2-Methyl-2-butanol,351,0,0,0,0,0
20580,150-69-6,Dulcin,351,3,3,3,3,0
23685,134308-13-7,Tolcapone,614,138,18,9,7,2
27294,689-11-2,sec-Butylurea,351,3,3,3,3,0
21375,538-23-8,Tricaprylin,877,8,8,3,3,0
44872,2095-03-6,Bis[4-(glycidyloxy)phenyl]methane,614,123,13,6,4,2
44347,100-06-1,4'-Methoxyacetophenone,351,3,3,3,3,0
23371,63675-72-9,Nisoldipine,614,170,21,8,4,4
37728,1143-72-2,"2,3,4-Trihydroxbenzophenone",614,68,4,8,3,5
24012,106-37-6,"1,4-Dibromobenzene",614,7,7,3,3,0
44470,93-55-0,1-Phenylpropan-1-one,351,0,0,0,0,0
52536,78-46-6,Dibutyl butylphosphonate,227,17,6,4,3,1
21818,96-17-3,2-Methylbutanal,614,9,0,4,0,4
29868,134523-00-5,Atorvastatin,351,55,9,7,2,5
27069,137-32-6,2-Methyl-1-butanol,614,16,1,5,1,4
47146,130-80-3,Diethylstilbestrol dipropionate,363,98,36,8,6,2
40320,42576-02-3,Bifenox,351,59,3,10,2,8
27432,1738-25-6,3-Dimethylaminopropionitrile,614,2,2,2,2,0
20694,680-31-9,Hexamethylphosphoramide,614,6,1,3,1,2
51707,14024-18-1,Iron(III) acetylacetonate,227,5,5,4,4,0
51540,105-90-8,Geranyl propionate,227,4,4,3,3,0
22002,141-91-3,"2,6-Dimethyl morpholine",226,1,1,1,1,0
23974,98-57-7,4-Chlorophenyl methyl sulfone,613,6,0,2,0,2
47418,28069-74-1,Acetaldehyde ethyl cis-3-hexenyl acetal,350,4,4,4,4,0
32375,109293-98-3,Diflufenzopyr-sodium,350,4,4,3,3,0
24916,2873-97-4,Diacetone acrylamide,350,3,3,3,3,0
47629,110-41-8,2-Methylundecanal,350,35,0,5,0,5
21835,100-10-7,4-Dimethylaminobenzaldehyde,350,6,6,3,3,0
40728,107-66-4,"Phosphoric acid, dibutyl ester",350,6,6,4,4,0
47709,68606-83-7,Cananga oil,350,58,8,8,3,5
52602,89-61-2,"1,4-Dichloro-2-nitrobenzene",226,2,2,1,1,0
44754,142-19-8,Prop-2-en-1-yl heptanoate,350,3,3,2,2,0
44770,104-21-2,4-Methoxybenzyl acetate,350,1,1,1,1,0
24761,108-42-9,3-Chloroaniline,613,11,2,4,2,2
25572,93-58-3,Methyl benzoate,613,6,2,3,2,1
27512,3033-62-3,Bis[2-(dimethylamino)ethyl]ether,613,15,1,3,1,2
44927,3658-48-8,Bis(2-ethylhexyl) phosphonate,350,4,4,2,2,0
25047,112-36-7,Diethylene glycol diethyl ether,350,4,4,4,4,0
52542,79-30-1,2-Methylpropanoyl chloride,226,0,0,0,0,0
52295,617-89-0,Furfurylamine,226,4,0,2,0,2
26098,117-18-0,"2,3,5,6-Tetrachloronitrobenzene",350,12,12,5,5,0
20064,119-34-6,4-Amino-2-nitrophenol,350,34,1,8,1,7
44841,1565-94-2,Bisphenol A glycidyl methacrylate,350,124,11,8,3,5
47169,13679-70-4,5-Methyl-2-thiophenecarboxaldehyde,350,22,0,3,0,3
47439,122-73-6,Benzyl 3-methylbutyl ether,350,3,3,2,2,0
51544,106-58-1,"1,4-Dimethylpiperazine",226,3,3,2,2,0
51939,2648-61-5,"2,2-Dichloro-1-phenylethanone",226,63,9,9,5,4
37568,152019-73-3,Metolachlor OA,226,1,1,1,1,0
51529,104-72-3,n-Decylbenzene,226,4,4,4,4,0
40316,7718-54-9,Nickel chloride,350,14,14,6,6,0
22016,280-57-9,"1,4-Diazabicyclo[2.2.2]octane",613,15,0,3,0,3
44765,103-54-8,3-Phenyl-2-propen-1-yl acetate,350,5,5,3,3,0
27603,5766-67-6,(Ethylenedinitrilo)tetraacetonitrile,350,2,2,2,2,0
44817,3407-42-9,Isobornyl cyclohexanol,350,84,7,10,2,8
47462,13466-78-9,3-Carene,350,17,17,5,5,0
44860,1824-81-3,6-Methylpyridin-2-amine,350,0,0,0,0,0
25737,121-92-6,3-Nitrobenzoic acid,613,2,2,1,1,0
40787,139-07-1,Benzalkonium chloride C12 (BAC C12),350,172,13,12,5,7
39233,2835-39-4,Allyl isovalerate,613,2,2,2,2,0
41437,77-49-6,"2-Methyl-2-nitro-1,3-propanediol",350,1,1,1,1,0
47593,99-83-2,alpha-Phellandrene,350,12,12,4,4,0
21816,96-05-9,Allyl methacrylate,613,1,1,1,1,0
22058,544-40-1,Dibutyl sulfide,350,5,5,4,4,0
22125,821-55-6,2-Nonanone,226,1,1,1,1,0
52300,623-33-6,Ethyl glycinate hydrochloride,226,1,1,1,1,0
47200,17283-81-7,Dihydro-beta-ionone,350,10,10,4,4,0
47604,103-52-6,2-Phenylethyl butanoate,350,13,0,1,0,1
44786,119313-12-1,2-Benzyl-2-(dimethylamino)-1-[4-(morpholin-4-yl)phenyl]butan-1-one,350,61,12,7,5,2
26457,78-67-1,Azobisisobutyronitrile,613,3,3,3,3,0
23973,123-09-1,4-Chlorophenyl methyl sulfide,613,2,2,2,2,0
24346,615-54-3,"1,2,4-Tribromobenzene",613,11,0,4,0,4
21282,18883-66-4,Streptozotocin,876,1,1,1,1,0
21118,136-40-3,Phenazopyridine hydrochloride,876,203,12,10,2,8
24015,2050-47-7,"4,4'-Dibromodiphenyl ether",613,27,27,9,9,0
44831,7492-70-8,1-Butoxy-1-oxopropan-2-yl butanoate,350,0,0,0,0,0
21577,534-07-6,"1,3-Dichloropropanone",613,145,13,8,4,4
47032,469-61-4,(-)-alpha-Cedrene,350,12,12,4,4,0
38770,557-34-6,Zinc acetate,350,5,5,3,3,0
32314,51200-87-4,"4,4-Dimethyl oxazolidine",226,3,3,2,2,0
44473,98-66-8,4-Chlorobenzenesulphonic acid,350,0,0,0,0,0
24100,84-72-0,Ethyl phthalyl ethyl glycolate,350,4,4,2,2,0
47472,927-62-8,"N,N-Dimethylbutylamine",226,1,1,1,1,0
20703,10034-93-2,Hydrazine sulfate,350,9,9,3,3,0
52294,6175-45-7,"2,2-Diethoxyacetophenone",226,6,6,3,3,0
34936,74222-97-2,Sulfometuron-methyl,350,2,2,2,2,0
21843,100-70-9,2-Pyridinecarbonitrile,613,3,3,2,2,0
20963,619-17-0,4-Nitroanthranilic acid,613,14,14,5,5,0
25221,25103-58-6,tert-Dodecanethiol,350,8,8,2,2,0
47068,141-12-8,"cis-3,7-Dimethyl-2,6-octadien-1-yl acetate",350,1,1,1,1,0
51754,1569-60-4,6-Methylhept-5-en-2-ol,226,0,0,0,0,0
22003,141-93-5,"1,3-Diethylbenzene",226,1,1,1,1,0
51381,81541-12-0,Di-p-methylbenzylidenesorbitol,226,10,3,4,2,2
47187,141-14-0,Citronellyl propionate,350,15,15,5,5,0
20958,99-56-9,"4-Nitro-1,2-phenylenediamine",613,84,15,8,5,3
44200,111-17-1,"3,3'-Thiodipropionic acid",350,1,1,1,1,0
44830,7473-98-5,2-Hydroxy-2-methylpropiophenone,350,4,4,2,2,0
25364,107-22-2,Glyoxal,428,2,2,2,2,0
47447,5331-43-1,"Hydrazinecarboxylic acid, phenylmethyl ester",350,3,3,2,2,0
47109,90-87-9,Hydrotropic aldehyde dimethyl acetal,350,2,2,2,2,0
41253,95-96-5,"3,6-Dimethyl-2,5-dioxo-1,4-dioxane",350,3,3,2,2,0
51738,15059-52-6,Dysprosium(III) chloride hexahydrate,226,7,2,4,2,2
51690,135-02-4,2-Methoxybenzaldehyde,226,3,3,3,3,0
51662,13183-79-4,"1,2-Dihydro-1-methyl-5H-tetrazole-5-thione",226,13,13,5,5,0
44385,1885-38-7,(2E)-3-Phenylprop-2-enenitrile,226,3,3,3,3,0
51454,100-80-1,3-Methylstyrene,226,2,2,2,2,0
51900,2426-54-2,2-(Diethylamino)ethyl acrylate,226,19,19,3,3,0
47001,101-48-4,Phenylacetaldehyde dimethyl acetal,350,2,2,2,2,0
47570,933-48-2,"rel-(1S,5S)-3,3,5-Trimethylcyclohexanol",350,2,2,2,2,0
44517,1131-18-6,3-Methyl-1-phenyl-1H-pyrazol-5-amine,350,9,9,5,5,0
52132,496-11-7,"2,3-Dihydro-1H-indene",226,1,1,1,1,0
44898,2628-16-2,4-Ethenylphenyl acetate,350,10,10,4,4,0
47654,124-06-1,Ethyl tetradecanoate,350,1,1,1,1,0
47559,2639-63-6,Hexyl butyrate,350,3,3,1,1,0
47511,628-97-7,Ethyl hexadecanoate,350,1,1,1,1,0
51834,1942-71-8,2-(4-tert-Butylphenoxy)cyclohexanol,226,55,2,7,1,6
44992,79-74-3,"2,5-Bis(2-methylbutan-2-yl)benzene-1,4-diol",350,110,21,10,5,5
20288,3165-93-3,4-Chloro-2-methylaniline hydrochloride,613,30,2,5,1,4
47716,765-70-8,"3-Methyl-1,2-cyclopentanedione",350,4,4,3,3,0
44721,7005-47-2,2-(Dimethylamino)-2-methylpropan-1-ol,350,2,2,2,2,0
47643,1193-81-3,1-Cyclohexylethanol,350,1,1,1,1,0
47601,100-86-7,"1,1-Dimethylphenylethanol",350,3,3,1,1,0
21330,124-64-1,Tetramethylolphosphonium chloride,350,10,10,7,7,0
27267,629-59-4,Tetradecane,350,0,0,0,0,0
22085,619-50-1,Methyl p-nitrobenzoate,226,4,4,3,3,0
41137,56-34-8,Tetraethylammonium chloride,613,1,1,1,1,0
44384,14073-97-3,"(2S,5R)-2-Isopropyl-5-methylcyclohexan-1-one",613,7,7,4,4,0
47199,2785-87-7,2-Methoxy-4-propylphenol,350,6,6,4,4,0
44727,7560-83-0,N-Cyclohexyl-N-methylcyclohexanamine,350,7,7,4,4,0
47160,1118-27-0,Linalyl isovalerate,350,18,18,4,4,0
40703,98-73-7,4-tert-Butylbenzoic acid,350,2,2,2,2,0
44746,939-48-0,Propan-2-yl benzoate,350,1,1,1,1,0
44462,780-69-8,Triethoxy(phenyl)silane,350,2,2,2,2,0
27781,16470-24-9,C.I. Fluorescent Brightener 220,350,38,38,4,4,0
47163,774-55-0,"6-Acetyl-1,2,3,4-tetrahydronaphthalene",350,5,5,3,3,0
25461,97-86-9,Isobutyl methacrylate,613,35,0,7,0,7
44362,108-55-4,Glutaric anhydride,350,2,2,2,2,0
52833,64436-13-1,Arsenobetaine,226,3,3,2,2,0
26520,87-02-5,7-Amino-4-hydroxynaphthalene-2-sulfonic acid,613,125,14,7,5,2
26725,106-14-9,12-Hydroxyoctadecanoic acid,613,39,2,5,2,3
44962,599-61-1,"3,3'-Sulphonyldianiline",350,4,4,3,3,0
26921,112-59-4,2-[2-(Hexyloxy)ethoxy]ethanol,613,5,5,1,1,0
22004,142-28-9,"1,3-Dichloropropane",350,2,2,2,2,0
24809,627-30-5,3-Chloro-1-propanol,226,0,0,0,0,0
20280,88-73-3,1-Chloro-2-nitrobenzene,350,0,0,0,0,0
44396,143-24-8,"2,5,8,11,14-Pentaoxapentadecane",350,1,1,1,1,0
44513,107-74-4,"3,7-Dimethyloctane-1,7-diol",365,12,12,5,5,0
29237,2530-85-0,3-(Trimethoxysilyl)propyl methacrylate,613,20,3,5,1,4
47644,119-65-3,Isoquinoline,350,5,5,3,3,0
47128,1191-16-8,"3,3-Dimethylallyl acetate",350,4,4,2,2,0
44799,13491-79-7,2-tert-Butylcyclohexanol,350,5,0,1,0,1
24600,56-93-9,Benzyltrimethylammonium chloride,613,14,14,5,5,0
21683,505-52-2,Tridecanedioic acid,613,18,0,5,0,5
27308,760-67-8,2-Ethylhexanoyl chloride,613,1,1,1,1,0
44615,2274-11-5,Ethylene acrylate,350,61,8,7,4,3
47116,89-79-2,(-)-Isopulegol,350,2,2,2,2,0
47078,5989-54-8,(S)-Limonene,350,2,2,2,2,0
44955,54-86-4,Sodium nicotinate,350,0,0,0,0,0
47191,126-64-7,Linalyl benzoate,350,32,7,7,4,3
26232,1421-63-2,"2',4',5'-Trihydroxybutyrophenone",350,37,6,7,4,3
20184,1937-37-7,C.I. Direct Black 38,350,41,3,8,2,6
27729,11070-44-3,Isomethyltetrahydrophthalic anhydride,350,2,2,2,2,0
25930,83-26-1,Pindone,613,126,9,9,3,6
23955,90982-32-4,Chlorimuron-ethyl,226,9,1,3,1,2
20520,513-37-1,"2,2-Dimethylvinyl chloride",613,7,7,5,5,0
21343,540-72-7,Sodium thiocyanate,613,2,2,2,2,0
42336,687-47-8,(L)-(-)-Ethyl lactate,226,3,3,3,3,0
52267,60-01-5,Glycerol tributyrate,226,12,12,3,3,0
28492,68424-85-1,C12-16-Alkylbenzyldimethylammonium chlorides,226,81,12,11,6,5
47061,629-78-7,Heptadecane,350,6,6,2,2,0
20965,94-52-0,6-Nitrobenzimidazole,613,9,9,3,3,0
32622,10004-44-1,Hymexazol,350,3,3,2,2,0
52124,4856-95-5,(T-4)-Trihydro(morpholine-κN4)boron,225,2,2,2,2,0
52250,5888-33-5,Isobornyl acrylate,225,21,21,3,3,0
52228,5655-61-8,(-)Bornyl acetate,225,1,1,1,1,0
42242,578-54-1,2-Ethylaniline,349,5,5,3,3,0
52554,81-30-1,Naphthalenetetracarboxylic dianhydride,225,1,1,1,1,0
20981,79-46-9,2-Nitropropane,349,2,2,2,2,0
25557,107-70-0,4-Methoxy-4-methyl-2-pentanone,349,3,3,2,2,0
26119,527-53-7,"1,2,3,5-Tetramethylbenzene",349,0,0,0,0,0
41520,104-87-0,4-Methylbenzaldehyde,225,0,0,0,0,0
44476,5949-05-3,(S)-(-)-Citronellal,225,3,3,2,2,0
26955,118-48-9,"2H-3,1-Benzoxazine-2,4(1H)-dione",612,5,5,4,4,0
52648,96-54-8,1-Methylpyrrole,225,6,6,3,3,0
52278,609-66-5,2-Chlorobenzamide,225,22,22,4,4,0
52505,6094-02-6,2-Methyl-1-hexene,225,0,0,0,0,0
20767,120-58-1,Isosafrole,612,11,11,6,6,0
21725,65-30-5,Nicotine sulfate (2:1),349,1,1,1,1,0
52328,643-28-7,2-Isopropylaniline,225,9,9,6,6,0
24399,513-86-0,Acetoin,349,1,1,1,1,0
21346,79-19-6,Thiosemicarbazide,612,107,10,8,5,3
22191,2455-24-5,Tetrahydrofurfuryl methacrylate,349,0,0,0,0,0
41418,88-09-5,2-Ethylbutyric acid,349,2,2,2,2,0
44332,100-85-6,Benzyltrimethylammonium hydroxide,349,3,3,3,3,0
27361,1115-20-4,"3-Hydroxy-2,2-dimethylpropyl 3-hydroxy-2,2-dimethylpropanoate",612,7,7,3,3,0
44457,71-91-0,Tetraethylammonium bromide,349,1,1,1,1,0
42279,103-60-6,2-Phenoxyethyl isobutyrate,349,6,6,4,4,0
52652,97-89-2,Citronellyl isobutyrate,225,3,3,2,2,0
52298,619-73-8,4-Nitrobenzyl alcohol,225,2,2,2,2,0
52593,873-32-5,2-Chlorobenzonitrile,225,1,1,1,1,0
38800,2052-15-5,Butyl 4-oxopentanoate,349,1,1,1,1,0
38326,5103-71-9,cis-Chlordane,225,0,0,0,0,0
52308,626-48-2,6-Methyluracil,225,1,1,1,1,0
31492,108-22-5,Isopropenyl acetate,612,8,2,4,2,2
21328,109-99-9,Tetrahydrofuran,349,1,1,1,1,0
44421,350-03-8,3-Acetylpyridine,349,0,0,0,0,0
51542,106-32-1,Ethyl octanoate,225,1,1,1,1,0
51477,104-82-5,4-Methylbenzyl chloride,225,2,2,2,2,0
38346,5103-74-2,trans-Chlordane,225,2,2,2,2,0
27518,3085-30-1,Aluminum n-butoxide,349,2,2,2,2,0
44437,535-87-5,"3,5-Diaminobenzoic acid",349,5,5,4,4,0
44480,1752-30-3,Acetone thiosemicarbazide,225,32,4,7,2,5
52506,763-32-6,3-Methylbut-3-en-1-ol,225,9,9,7,7,0
52641,95-56-7,2-Bromophenol,225,0,0,0,0,0
22096,629-19-6,Dipropyl disulfide,349,2,2,2,2,0
27832,24468-13-1,2-Ethylhexyl chloroformate,612,4,4,3,3,0
34241,5742-17-6,"2,4-D, isopropylamine salt",225,0,0,0,0,0
51629,123-56-8,Succinimide,225,7,0,2,0,2
25610,1571-08-0,Methyl 4-formylbenzoate,612,5,5,3,3,0
26436,76-39-1,2-Methyl-2-nitro-1-propanol,349,1,1,1,1,0
51631,124-05-0,"1,2-Bis((chlorocarbonyl)oxy)ethane",225,1,1,1,1,0
51771,16409-43-1,4-Methyl-2-(2-methylprop-1-en-1-yl)tetrahydro-2H-pyran,225,2,2,2,2,0
51895,2402-78-0,"2,6-Dichloropyridine",225,1,1,1,1,0
52620,93-02-7,"2,5-Dimethoxybenzaldehyde",225,12,4,6,3,3
44199,110553-27-0,"2-Methyl-4,6-bis[(octylthio)methyl]phenol",225,19,0,6,0,6
25578,16529-56-9,2-Methyl-3-butenenitrile,225,0,0,0,0,0
21974,122-03-2,4-Isopropylbenzaldehyde,349,2,2,2,2,0
52311,628-81-9,1-Ethoxybutane,225,3,3,3,3,0
27259,626-17-5,"1,3-Benzenedicarbonitrile",612,3,3,3,3,0
25279,7085-85-0,Ethyl cyanoacrylate,612,27,1,7,1,6
44389,56539-66-3,3-Methoxy-3-methylbutan-1-ol,349,1,1,1,1,0
38762,532-43-4,Thiamine nitrate,349,1,1,1,1,0
41416,97-95-0,2-Ethyl-1-butanol,349,1,1,1,1,0
52550,80-48-8,Methyl toluene-4-sulfonate,225,0,0,0,0,0
52299,622-45-7,Cyclohexyl acetate,225,1,1,1,1,0
49697,84-15-1,o-Terphenyl,225,41,12,7,4,3
52309,626-60-8,3-Chloropyridine,225,2,2,2,2,0
51836,19721-22-3,3-Mercapto-1-propanol,225,2,2,2,2,0
28011,41484-35-9,"Thiodiethylene bis(3-(3,5-di-tert-butyl-4-hydroxyphenyl)propionate)",225,6,6,4,4,0
52839,35045-02-4,Metribuzin-DA,225,3,3,3,3,0
44366,1119-94-4,Dodecyltrimethylammonium bromide,348,106,18,8,5,3
44639,29091-09-6,"2,4-Dichloro-1,3-dinitro-5-(trifluoromethyl)benzene",348,175,42,11,6,5
44862,1852-04-6,Undecanedioic acid,348,4,4,3,3,0
21184,50-24-8,Prednisolone,886,49,49,6,6,0
21117,60-80-0,Phenazone,874,8,8,3,3,0
41674,150-46-9,Triethyl borate,224,6,0,1,0,1
41638,122-97-4,3-Phenyl-1-propanol,611,2,2,1,1,0
27598,5419-55-6,Triisopropyl orthoborate,611,1,1,1,1,0
29265,4433-79-8,"4'-Chloro-2',5'-dimethoxyacetoacetanilide",611,38,4,7,2,5
38801,2312-73-4,N-Benzyl-9-(tetrahydro-2H-pyran-2-yl)adenine,348,25,6,5,2,3
22127,831-82-3,4-Phenoxyphenol,348,53,4,7,1,6
41242,68052-23-3,"2,2,4-Trimethylpentane-1,3-diyl dibenzoate",348,33,33,7,7,0
52838,140939-17-9,Alachlor sec-oxanilic acid sodium salt,224,1,1,1,1,0
52043,3647-69-6,4-(2-Chloroethyl)morpholine hydrochloride (1:1),224,2,2,1,1,0
45076,64-72-2,Chlortetracycline hydrochloride,426,41,1,8,1,7
44544,135-65-9,3-Hydroxy-N-(3-nitrophenyl)naphthalene-2-carboxamide,348,103,19,10,6,4
44668,41532-84-7,"1,1,2-Trimethyl-1H-benzo[e]indole",348,63,7,8,3,5
41772,71422-67-8,Chlorfluazuron,348,44,13,6,5,1
44971,66072-38-6,"2,2',2''-[Methanetriyltris(benzene-4,1-diyloxymethanediyl)]trioxirane",348,101,20,8,4,4
44796,13331-52-7,(Acryloyloxy)(tributyl)stannane,363,212,28,12,5,7
47177,644-08-6,4-Phenyltoluene,348,10,0,4,0,4
23367,100-55-0,Nicotinyl alcohol,611,2,2,1,1,0
47112,3282-73-3,Didodecyldimethylammonium bromide,348,178,12,11,3,8
44950,52479-85-3,Exifone,796,138,5,9,3,6
25861,133-18-6,Phenethyl anthranilate,611,119,21,9,3,6
40278,18181-70-9,Iodenphos,348,82,82,8,8,0
41405,3011-89-0,2-Chloro-4-nitrobenzamide,611,2,2,1,1,0
24183,96-33-3,Methyl acrylate,348,0,0,0,0,0
52595,874-60-2,p-Toluoyl chloride,224,1,1,1,1,0
41400,115-84-4,"2-Butyl-2-ethyl-1,3-propanediol",348,2,2,2,2,0
25285,629-14-1,Ethylene glycol diethyl ether,348,1,1,1,1,0
24824,NOCAS_24824,"Chlorinated paraffins (C12, 60% chlorine)",611,48,15,9,3,6
44528,125-13-3,Oxyphenisatin,533,128,49,7,6,1
20704,26049-71-8,2-Hydrazino-4-(4-aminophenyl) thiazole,348,51,6,8,5,3
41359,133-53-9,"2,4-Dichloro-3,5-dimethylphenol",348,52,5,6,3,3
44607,17696-61-6,sec-Butylparaben,611,67,12,8,3,5
22093,625-86-5,"2,5-Dimethylfuran",348,0,0,0,0,0
39231,107-05-1,Allyl chloride,348,3,3,2,2,0
52283,6117-91-5,But-2-en-1-ol,224,2,2,2,2,0
52301,623-36-9,2-Methylpent-2-enal,224,6,6,3,3,0
52596,874-90-8,4-Anisonitrile,224,2,2,2,2,0
52591,87-13-8,Diethyl ethoxymethylenemalonate,224,2,2,2,2,0
42459,1155-74-4,Tetradecylpyridinium bromide,348,160,32,12,7,5
21923,110-82-7,Cyclohexane,348,0,0,0,0,0
41268,103112-35-2,Fenchlorazole-ethyl,348,101,7,9,3,6
52284,612-12-4,"1,2-Bis(chloromethyl)benzene",224,45,9,4,2,2
44966,61931-82-6,"N-(4-Methylpentan-2-yl)-N-phenylbenzene-1,4-diamine",348,127,13,10,4,6
44851,16969-10-1,2-Hydroxy-3-phenoxypropyl prop-2-enoate,348,86,4,8,3,5
41887,60506-81-2,Dipentaerythritol pentaacrylate,348,172,14,9,5,4
44993,80-04-6,"4,4'-Propane-2,2-diyldicyclohexanol",360,11,11,2,2,0
33566,10025-82-8,Indium trichloride,426,7,7,3,3,0
44514,1083-27-8,Hexylparaben,611,193,23,12,4,8
42264,4986-89-4,Pentaerythritol tetraacrylate,348,157,17,8,5,3
44441,552-45-4,1-(Chloromethyl)-2-methylbenzene,348,0,0,0,0,0
21380,79-00-5,"1,1,2-Trichloroethane",348,6,6,3,3,0
41654,5444-75-7,2-Ethylhexyl benzoate,348,13,13,6,6,0
44342,203313-25-1,Spirotetramat,348,24,24,6,6,0
23471,57-47-6,Physostigmine,611,28,28,7,7,0
42337,106-36-5,Propyl propionate,348,2,2,2,2,0
44488,5496-10-6,1-Aminocyclohexanecarbonitrile,348,0,0,0,0,0
24512,98-16-8,3-(Trifluoromethyl)aniline,611,6,6,2,2,0
25588,92-48-8,6-Methyl coumarin,611,6,6,3,3,0
20310,80-33-1,Chlorfenson,623,49,49,8,8,0
44471,93-60-7,Methyl nicotinate,611,0,0,0,0,0
24458,613-13-8,2-Aminoanthracene,611,146,146,9,9,0
44913,3179-80-4,N-[3-(Dimethylamino)propyl]dodecanamide,348,174,7,12,5,7
27558,4083-64-1,p-Toluenesulphonyl isocyanate,611,2,2,2,2,0
21294,77-79-2,"2,5-Dihydrothiophene 1,1-dioxide",611,0,0,0,0,0
42349,34643-46-4,Prothiofos,360,38,38,8,8,0
51863,21679-31-2,Chromic acetylacetonate,224,3,3,2,2,0
51736,1489-69-6,Cyclopropanecarboxaldehyde,224,2,2,2,2,0
21472,615-53-2,N-Nitroso-N-methylurethane,348,2,2,2,2,0
20118,115-02-6,Azaserine,611,19,0,4,0,4
28300,66346-01-8,"1-(4-Chlorophenyl)-4,4-dimethyl-pentan-3-one",348,6,6,2,2,0
27795,17824-83-8,"3,4,5,6-Tetrachloropyridine-2-carbonitrile",348,159,55,8,6,2
46979,15362-40-0,"1-(2,6-Dichlorophenyl)-2-indolinone",348,54,9,7,2,5
21867,106-40-1,4-Bromoaniline,611,32,6,5,2,3
44889,2460-77-7,"2,5-Di-tert-butylcyclohexa-2,5-diene-1,4-dione",224,50,5,5,4,1
26914,112-41-4,1-Dodecene,611,1,1,1,1,0
51497,707-61-9,"2,3-Dihydro-4-methyl-1-phenyl-1H-phosphole 1-oxide",224,1,1,1,1,0
44379,13453-07-1,Gold trichloride,348,137,44,9,5,4
20706,26049-70-7,2-Hydrazino-4-(4-nitrophenyl)thiazole,348,101,17,11,6,5
47693,591-12-8,alpha-Angelica lactone,224,1,1,1,1,0
25134,81-20-9,"1,3-Dimethyl-2-nitrobenzene",626,18,13,5,5,0
25361,106-91-2,Glycidyl methacrylate,611,2,2,2,2,0
44395,143-15-7,1-Bromododecane,348,18,0,5,0,5
25730,602-60-8,9-Nitroanthracene,348,29,29,7,7,0
52884,90325-47-6,"1,2,3-Hexanetriol",224,1,1,1,1,0
52846,NOCAS_52846,Methenamid ESA,85,1,1,1,1,0
21978,123-15-9,2-Methylpentanal,224,1,1,1,1,0
44154,1656-48-0,"2,2'-Dicyanodiethyl ether",224,3,3,3,3,0
22217,4460-86-0,"2,4,5-Trimethoxybenzaldehyde",348,8,8,3,3,0
42500,379-52-2,Triphenyltin fluoride,348,206,35,11,6,5
20474,119-84-6,"3,4-Dihydrocoumarin",611,1,1,1,1,0
25164,606-37-1,"1,3-Dinitronaphthalene",348,25,25,7,7,0
42256,17781-31-6,Parinol,360,77,14,10,4,6
45254,64-85-7,21-Hydroxyprogesterone,623,77,42,6,5,1
44340,145701-23-1,Florasulam,348,5,5,3,3,0
31461,79917-90-1,1-Butyl-3-methylimidazolium chloride,611,2,2,2,2,0
44504,10325-94-7,Cadmium dinitrate,348,124,60,9,7,2
29282,6807-17-6,"4,4'-(4-Methylpentane-2,2-diyl)diphenol",623,270,53,12,5,7
47102,2026-24-6,Dehydroabietylamine acetate,348,175,29,11,4,7
47446,34161-23-4,Fipexide hydrochloride,611,85,13,8,4,4
41206,1081-34-1,alpha-Terthiophene,363,82,18,8,3,5
52101,4390-04-9,"2,2,4,4,6,8,8-Heptamethylnonane",224,0,0,0,0,0
21189,671-16-9,Procarbazine,348,9,9,4,4,0
27185,541-05-9,Hexamethylcyclotrisiloxane,348,1,1,1,1,0
25012,78-88-6,"2,3-Dichloro-1-propene",348,1,1,1,1,0
42199,128-09-6,N-Chlorosuccinimide,348,1,1,1,1,0
41580,628-87-5,Iminodiacetonitrile,348,2,2,2,2,0
44481,23847-08-7,"1,1'-Disulfanediyldiazepan-2-one",348,57,3,6,2,4
52060,3852-09-3,Methyl 3-methoxypropionate,224,10,0,4,0,4
21040,932-83-2,N-Nitrosohexamethyleneimine,348,3,3,3,3,0
44676,4536-30-5,2-(Dodecyloxy)ethanol,533,58,0,6,0,6
44760,10024-93-8,Neodymium(III) chloride,348,0,0,0,0,0
40274,97-17-6,Dichlofenthion,360,24,24,6,6,0
30428,67-47-0,5-(Hydroxymethyl)-2-furfural,611,1,1,1,1,0
25812,500-66-3,Olivetol,611,102,9,10,3,7
21314,15721-02-5,"2,2',5,5'-Tetrachlorobenzidine",626,305,55,12,6,6
42499,594-30-9,Triphenylbismuthine dichloride,348,185,46,11,8,3
21372,6264-66-0,"3,4,4'-Triaminodiphenyl ether",348,63,14,10,6,4
52538,78-62-6,Diethoxy(dimethyl)silane,224,0,0,0,0,0
21628,78-98-8,Methyl glyoxal,224,0,0,0,0,0
44205,117976-90-6,Rabeprazole sodium,611,66,20,7,5,2
27771,15233-47-3,"N-(1-Methylheptyl)-N'-phenyl-1,4-benzenediamine",348,99,10,9,3,6
47545,116296-31-2,3-Thiatetradecanoic acid,348,70,4,7,1,6
20948,2122-86-3,"5-(5-Nitro-2-furyl)-1,3,4-oxadiazole-2-ol",348,32,3,6,3,3
21802,92-51-3,"1,1'-Bicyclohexyl",348,17,0,6,0,6
52010,3277-26-7,"1,1,3,3-Tetramethyldisiloxane",224,1,1,1,1,0
22198,2859-67-8,3-(3-Pyridyl)-1-propanol,224,1,1,1,1,0
51724,144-74-1,Sulfathiazole sodium,224,7,7,3,3,0
44936,40220-08-4,"(2,4,6-Trioxo-1,3,5-triazinane-1,3,5-triyl)triethane-2,1-diyl trisprop-2-enoate",348,144,18,9,5,4
20902,315-22-0,Monocrotaline,874,9,9,4,4,0
44895,25804-49-3,tert-Butyl 4-hydroxybenzoate,348,40,40,6,6,0
22062,563-80-4,3-Methyl-2-butanone,611,0,0,0,0,0
41230,1668-54-8,"2-Amino-4-methoxy-6-methyl-1,3,5-triazine",348,1,1,1,1,0
41220,1469-48-3,"cis-1,2,3,6-Tetrahydrophthalimide",348,16,0,6,0,6
52539,78-77-3,1-Bromo-2-methylpropane,224,1,1,1,1,0
44309,18851-33-7,"1,10-Phenanthroline hydrochloride hydrate",348,92,27,9,5,4
42248,28768-32-3,"4,4'-Methylenebis(N,N-diglycidylaniline)",348,128,25,8,6,2
44646,3057-08-7,"5,5-Dimethyl-2-phenoxy-1,3,2-dioxaphosphinane",363,3,3,2,2,0
25560,484-20-8,5-Methoxypsoralen,611,31,5,6,2,4
52654,98-02-2,2-Furylmethanethiol,224,20,20,5,5,0
41367,1594-56-5,"2,4-Dinitrophenyl thiocyanate",348,172,5,12,2,10
38877,135-62-6,3-Hydroxy-2-naphthoic o-anisidide,363,125,14,10,6,4
51856,2114-11-6,Allyl carbamate,224,1,1,1,1,0
44772,105-85-1,Citronellyl formate,347,14,14,6,6,0
35156,122-70-3,2-Phenylethyl propionate,347,14,2,5,1,4
27346,993-16-8,Trichloromethylstannane,610,5,5,3,3,0
24934,136-35-6,Diazoaminobenzene,610,129,13,10,6,4
23747,7481-89-2,"2',3'-Dideoxycytidine",873,12,12,3,3,0
47614,105-86-2,Geranyl formate,347,1,1,1,1,0
20252,77-65-6,Carbromal,347,3,3,3,3,0
47642,115-99-1,Linalyl formate,347,8,8,4,4,0
40289,4684-94-0,6-Chloro-2-picolinic acid,347,10,0,4,0,4
44621,2469-55-8,"3,3'-(1,1,3,3-Tetramethyldisiloxane-1,3-diyl)dipropan-1-amine",347,9,9,3,3,0
21656,103-82-2,Phenylacetic acid,610,6,6,3,3,0
21603,10030-73-6,(E)-Hexadec-9-enoic acid,610,8,8,4,4,0
21621,116-53-0,2-Methylbutanoic acid,610,2,2,2,2,0
21487,528-44-9,"1,2,4-Benzenetricarboxylic acid",610,3,3,2,2,0
47131,5205-11-8,3-Methyl-2-butenyl benzoate,347,6,0,2,0,2
47192,28069-72-9,"trans-2,cis-6-Nonadien-1-ol",347,5,5,4,4,0
47174,117-83-9,Bis(2-butoxyethyl) phthalate,610,58,11,6,2,4
47136,344-04-7,Bromopentafluorobenzene,347,2,2,2,2,0
47120,2040-10-0,"4'-tert-Butyl-2',6'-dimethylacetophenone",347,14,0,3,0,3
47106,502-47-6,Citronellic acid,347,5,5,3,3,0
44996,873-94-9,"3,3,5-Trimethylcyclohexanone",347,1,1,1,1,0
47190,2305-05-7,gamma-Dodecalactone,347,14,14,5,5,0
47166,104-20-1,4-(4-Methoxyphenyl)-2-butanone,532,2,2,1,1,0
47158,543-49-7,2-Heptanol,347,2,2,2,2,0
47130,37526-88-8,Benzyl (2E)-2-methylbut-2-enoate,347,3,3,2,2,0
47104,557-48-2,"trans,cis-2,6-Nonadienal",347,34,34,4,4,0
47088,472-66-2,beta-Homocyclocitral,347,10,10,4,4,0
47074,120-50-3,Isobutyl benzoate,347,2,2,2,2,0
47042,79-69-6,alpha-Irone,347,12,12,4,4,0
44998,88485-37-4,Fluxofenim,347,11,11,4,4,0
47044,106-33-2,Ethyl dodecanoate,347,2,2,2,2,0
46567,140-39-6,4-Tolyl acetate,610,3,3,3,3,0
47060,151-10-0,"1,3-Dimethoxybenzene",347,0,0,0,0,0
47050,4674-50-4,Nootkatone,347,17,3,5,2,3
47189,112-17-4,Decyl acetate,347,4,4,2,2,0
47165,28940-11-6,Methyl benzodioxepinone,347,6,6,3,3,0
47152,106-29-6,Geranyl butyrate,347,8,0,4,0,4
37616,56507-37-0,Diketometribuzin,223,1,1,1,1,0
47092,488-10-8,cis-Jasmone,347,7,7,4,4,0
47080,4748-78-1,4-Ethylbenzaldehyde,347,0,0,0,0,0
47062,928-95-0,(E)-2-Hexen-1-ol,347,0,0,0,0,0
47052,4630-07-3,Valencene,347,25,25,5,5,0
47038,2785-89-9,4-Ethyl-2-methoxyphenol,347,2,2,2,2,0
47159,55066-56-3,p-Tolyl isovalerate,347,2,2,2,2,0
47700,64275-73-6,(Z)-5-Octen-1-ol,347,5,0,1,0,1
47655,124-12-9,Octanenitrile,347,3,3,3,3,0
51907,24683-00-9,2-Isobutyl-3-methoxypyrazine,223,1,1,1,1,0
52672,10482-56-1,(L)-alpha-Terpineol,223,1,1,1,1,0
47045,475-20-7,Longifolene,347,4,4,2,2,0
44986,765-12-8,"3,6,9,12-Tetraoxatetradeca-1,13-diene",347,2,2,1,1,0
47142,432-25-7,beta-Cyclocitral,347,6,6,2,2,0
47125,50816-18-7,9-Decenyl acetate,347,0,0,0,0,0
47095,2021-28-5,Ethyl 3-phenylpropionate,347,0,0,0,0,0
47086,18829-56-6,(E)-2-Nonenal,347,20,0,6,0,6
47057,108-64-5,Ethyl isovalerate,347,0,0,0,0,0
47124,112-06-1,Heptyl acetate,347,4,4,1,1,0
47094,94-02-0,Ethyl benzoylacetate,347,7,7,4,4,0
47082,24168-70-5,3-sec-Butyl-2-methoxypyrazine,347,1,1,1,1,0
47055,36431-72-8,"2,6,10,10-Tetramethyl-1-oxaspiro[4.5]dec-6-ene",347,12,12,4,4,0
47519,2349-07-7,Hexyl isobutyrate,347,4,4,1,1,0
47444,91-61-2,"6-Methyl-1,2,3,4-tetrahydroquinoline",347,13,13,5,5,0
47416,1118-39-4,2-methyl-6-methylideneoct-7-en-2-yl acetate,347,3,3,2,2,0
47405,141-16-2,Citronellyl butyrate,347,14,14,4,4,0
47197,13851-11-1,Fenchyl acetate,347,0,0,0,0,0
47195,38462-22-5,p-Mentha-8-thiol-3-one,347,12,0,3,0,3
47186,87-19-4,Isobutyl salicylate,347,2,2,2,2,0
47161,55418-52-5,"4-(1,3-Benzodioxol-5-yl)butan-2-one",347,6,6,2,2,0
52740,1207-12-1,"4,6-Dimethyldibenzothiophene",223,6,6,3,3,0
47193,141-25-3,Rhodinol,347,12,12,4,4,0
47184,697-82-5,"2,3,5-Trimethylphenol",347,2,2,2,2,0
47139,37609-25-9,5-Cyclohexadecen-1-one,347,48,8,8,4,4
47123,143-13-5,Nonyl acetate,347,2,2,2,2,0
47107,5435-64-3,"3,5,5-Trimethylhexanal",347,7,7,3,3,0
47093,111-12-6,Methyl 2-octynoate,347,9,9,4,4,0
47081,1728-46-7,2-tert-Butylcyclohexanone,347,4,4,2,2,0
47420,122-48-5,4-(4-Hydroxy-3-methoxyphenyl)-2-butanone,347,7,7,6,6,0
47410,78-37-5,Linalyl cinnamate,347,59,6,7,2,5
47702,644-35-9,2-Propylphenol,347,5,5,4,4,0
47656,13019-22-2,9-Decen-1-ol,347,6,6,4,4,0
47149,4621-04-9,4-Isopropylcyclohexanol,347,0,0,0,0,0
47126,7335-26-4,Ethyl o-anisate,347,4,4,4,4,0
47098,16251-77-7,3-Phenylbutyraldehyde,347,23,23,4,4,0
47087,606-45-1,Methyl 2-methoxybenzoate,347,1,1,1,1,0
47071,19819-98-8,2-Methylphenethyl alcohol,347,1,1,1,1,0
47058,539-88-8,Ethyl levulinate,347,2,2,2,2,0
21996,137-40-6,Sodium propionate,425,2,2,2,2,0
47520,10022-28-3,"1,1-Dimethoxyoctane",223,1,1,1,1,0
47618,108-29-2,4-Pentanolide,347,2,2,2,2,0
47582,2445-76-3,Hexyl propanoate,347,1,1,1,1,0
47560,31501-11-8,(3Z)-Hex-3-en-1-yl hexanoate,347,6,0,2,0,2
47408,2270-60-2,"Methyl 3,7-dimethyloct-6-enoate",347,7,7,4,4,0
47667,22629-49-8,2-Tridecenenitrile,347,12,12,4,4,0
47646,122-67-8,Isobutyl 3-phenylacrylate,347,12,12,5,5,0
47624,109-42-2,Butyl undec-10-enoate,347,4,4,2,2,0
47605,103-53-7,Phenethyl cinnamate,347,27,27,8,8,0
47587,35854-86-5,(6Z)-Non-6-en-1-ol,347,4,4,3,3,0
47464,15707-23-0,2-Ethyl-3-methylpyrazine,347,3,3,2,2,0
44779,1070-70-8,"1,4-Butanediol diacrylate",347,108,10,7,4,3
44689,5437-98-9,N-(4-Methoxyphenyl)-3-oxobutanamide,347,6,0,3,0,3
44587,148-87-8,3-[Ethyl(phenyl)amino]propanenitrile,347,6,6,2,2,0
44560,30007-47-7,"5-Bromo-5-nitro-1,3-dioxane",347,89,4,11,2,9
44976,682-09-7,"2,2-Bis[(prop-2-en-1-yloxy)methyl]butan-1-ol",347,5,5,2,2,0
47141,502-72-7,Cyclopentadecanone,347,28,0,7,0,7
47567,24817-51-4,2-Phenylethyl 2-methylbutanoate,347,3,3,3,3,0
47549,6290-17-1,"Ethyl 2,4-dimethyl-1,3-dioxolane-2-acetate",347,0,0,0,0,0
41349,1928-38-7,"2,4-D-Methyl",347,3,3,3,3,0
47218,NOCAS_47218,"Sodium bisulfite, mixture of NaHSO3 and Na2S2O5",223,2,2,2,2,0
27835,24634-61-5,"Potassium (E,E)-hexa-2,4-dienoate",347,4,4,3,3,0
29149,112-39-0,Methyl hexadecanoate,347,1,1,1,1,0
27556,4075-81-4,Calcium propionate,347,2,2,2,2,0
28985,70321-86-7,"2-(2H-Benzotriazol-2-yl)-4,6-bis(1-methyl-1-phenylethyl)phenol",347,3,3,3,3,0
27241,611-19-8,2-Chlorobenzyl chloride,347,15,15,3,3,0
47622,109-29-5,Oxacycloheptadecan-2-one,347,33,0,5,0,5
47603,103-38-8,Benzyl 3-methylbutanoate,347,1,1,1,1,0
47584,6290-37-5,2-Phenylethyl hexanoate,347,3,3,3,3,0
47562,67883-79-8,(3Z)-Hex-3-en-1-yl (2E)-2-methylbut-2-enoate,347,1,1,1,1,0
47547,141-92-4,Hydroxycitronellal dimethyl acetal,347,2,2,1,1,0
47419,21834-92-4,5-Methyl-2-phenyl-2-hexenal,347,26,2,5,1,4
26615,97-90-5,Ethylene glycol dimethacrylate,610,5,5,4,4,0
44490,59337-93-8,Methyl 3-sulfamoylthiophene-2-carboxylate,347,2,2,2,2,0
44776,106-71-8,2-Cyanoethyl prop-2-enoate,347,48,1,6,1,5
44644,304-17-6,N-Isopropylphthalimide,347,4,4,2,2,0
44580,91648-24-7,Pentaerythritol allyl ether,347,7,7,2,2,0
47000,112-26-5,"1,2-Bis(2-chloroethoxy)ethane",347,4,4,3,3,0
44985,764-99-8,{2-[2-(Ethenyloxy)ethoxy]ethoxy}ethene,347,2,2,1,1,0
44983,7328-17-8,2-(2-Ethoxyethoxy)ethyl acrylate,347,11,11,3,3,0
44905,2896-70-0,"2,2,6,6-Tetramethyl-4-piperidone 1-nitroxide",347,2,2,2,2,0
44870,2082-81-7,"Butane-1,4-diyl bis(2-methylprop-2-enoate)",347,6,6,4,4,0
21438,75-35-4,"1,1-Dichloroethylene",347,3,3,2,2,0
38818,3613-30-7,"7-Methoxy-3,7-dimethyloctanal",347,1,1,1,1,0
26991,122-52-1,Triethyl phosphite,610,6,6,4,4,0
25406,142-09-6,n-Hexyl methacrylate,610,5,5,3,3,0
26084,632-79-1,"4,5,6,7-Tetrabromo-1,3-Isobenzofurandione",347,6,6,3,3,0
29242,2781-11-5,"Diethyl (N,N-bis(2-hydroxyethyl)amino)methanephosphonate",347,2,2,2,2,0
27504,2867-47-2,2-(Dimethylamino)ethyl methacrylate,347,3,3,2,2,0
20880,76014-81-8,4-(Methylnitrosamino)-1-(3-pyridyl)-1-butanol,223,2,2,2,2,0
44552,142-03-0,Aluminum hydroxide acetate (1:1:2),425,4,4,3,3,0
44853,17766-26-6,"Trisodium 2,4,6-trithioxo-1,3,5-triazinane-1,3,5-triide",347,3,3,1,1,0
44826,5988-91-0,"3,7-Dimethyloctanal",347,6,6,3,3,0
21557,74-95-3,Dibromomethane,347,0,0,0,0,0
27959,29911-28-2,1-[(1-Butoxy-2-propanyl)oxy]-2-propanol,347,1,1,1,1,0
27489,2530-83-8,Trimethoxy[3-(oxiran-2-ylmethoxy)propyl]silane,610,10,10,5,5,0
21757,78-27-3,1-Ethynylcyclohexanol,347,5,0,1,0,1
26266,839-90-7,Tris(2-hydroxyethyl) isocyanurate,610,39,0,6,0,6
20815,57-39-6,Metepa,347,1,1,1,1,0
26653,100-20-9,"1,4-Benzenedicarbonyl dichloride",610,7,7,2,2,0
27407,1498-51-7,Ethyl dichlorophosphate,610,9,0,2,0,2
26536,89-32-7,"1H,3H-Benzo(1,2-c:4,5-c')difuran-1,3,5,7-tetrone",610,2,2,2,2,0
40719,97-36-9,"N-(2,4-Dimethylphenyl)-3-oxobutanamide",347,3,3,1,1,0
47682,4927-39-3,4-Cyclohexyl-4-methyl-pentan-2-one,347,1,1,1,1,0
44353,101-97-3,"Benzeneacetic acid, ethyl ester",347,2,2,2,2,0
52597,87-91-2,Diethyl L-tartrate,223,4,4,3,3,0
47422,31375-17-4,1-(5-Isopropyl-2-methyl-cyclohex-2-enyl)-propan-1-one,347,9,9,3,3,0
47411,122-68-9,3-Phenylpropyl cinnamate,347,13,13,5,5,0
47703,65416-14-0,2-Methyl-4-oxo-4H-pyran-3-yl isobutyrate,347,2,2,2,2,0
47659,13481-87-3,Methyl 3-nonenoate,347,4,4,2,2,0
47645,121-98-2,Methyl 4-methoxybenzoate,347,4,4,3,3,0
47623,109-31-9,Dihexyl nonanedioate,347,4,4,3,3,0
47585,41519-23-7,(3Z)-Hex-3-en-1-yl 2-methylpropanoate,347,1,1,1,1,0
47552,6378-65-0,Hexyl hexanoate,347,1,1,1,1,0
47508,607-88-5,Salicylic acid p-tolyl ester,347,11,11,6,6,0
47437,18436-37-8,alpha-Hexyl-gamma-butyrolactone,347,3,3,3,3,0
47413,7785-33-3,Geranyl tiglate,347,15,15,6,6,0
20236,814-80-2,Calcium lactate,610,6,6,3,3,0
44577,7789-41-5,Calcium bromide,347,1,1,1,1,0
44440,5510-99-6,"2,6-Di(butan-2-yl)phenol",347,33,2,7,1,6
37584,527-20-8,Pentachloroaniline,347,15,15,3,3,0
44882,2358-84-1,Di(ethylene glycol) dimethacrylate,347,4,4,2,2,0
44794,13047-13-7,4-(Hydroxymethyl)-4-methyl-1-phenylpyrazolidin-3-one,347,14,14,6,6,0
44868,2050-43-3,"N-(2,4-Dimethylphenyl)acetamide",347,1,1,1,1,0
44827,623-84-7,Propylene glycol diacetate,347,1,1,1,1,0
44809,18479-51-1,"3,7-Dimethyloct-6-en-3-ol",347,2,2,2,2,0
44777,106797-53-9,2-Hydroxy-1-[4-(2-hydroxyethoxy)phenyl]-2-methylpropan-1-one,347,1,1,1,1,0
44757,659-70-1,3-Methylbutyl 3-methylbutanoate,347,7,0,2,0,2
44658,3468-11-9,"1H-Isoindole-1,3(2H)-diimine",347,93,2,8,2,6
41573,867-13-0,Triethyl phosphonoacetate,347,4,4,3,3,0
47202,502-61-4,alpha-Farnesene,347,25,25,5,5,0
47706,67715-80-4,"2-Methyl-4-propyl-1,3-oxathiane",347,1,1,1,1,0
47636,1117-55-1,Hexyl octanoate,347,6,0,2,0,2
47647,122-69-0,3-Phenyl-2-propen-1-yl 3-phenylacrylate,347,13,13,5,5,0
47608,103-59-3,3-Phenylprop-2-en-1-yl 2-methylpropanoate,347,6,6,3,3,0
47589,27593-23-3,6-Amyl-alpha-pyrone,347,7,7,3,3,0
47574,144-39-8,"3,7-Dimethylocta-1,6-dien-3-yl propanoate",347,6,6,4,4,0
47551,5579-78-2,epsilon-Decalactone,347,6,6,3,3,0
47490,78-35-3,Linalyl isobutyrate,347,9,9,3,3,0
47424,90-42-6,"1,1'-Bi(cyclohexyl)-2-one",347,2,2,1,1,0
47705,6707-60-4,12-Oxahexadecanolide,347,24,0,7,0,7
47639,111-80-8,Methyl 2-nonynoate,347,4,4,3,3,0
47610,104-53-0,3-Phenylpropanal,347,13,13,4,4,0
47581,540-07-8,n-Amyl caproate,347,0,0,0,0,0
47554,25152-85-6,(3Z)-Hex-3-en-1-yl benzoate,347,5,5,4,4,0
47510,103-37-7,Benzyl butyrate,347,0,0,0,0,0
47440,13816-33-6,4-Isopropylbenzonitrile,347,5,0,1,0,1
44620,2459-10-1,"Trimethyl benzene-1,2,4-tricarboxylate",347,4,4,3,3,0
47609,104-50-7,4-Hydroxyoctanoic acid lactone,347,3,3,2,2,0
47591,79-78-7,Allyl-alpha-ionone,347,30,3,5,1,4
47579,33467-74-2,(3Z)-Hex-3-en-1-yl propanoate,347,0,0,0,0,0
44896,26115-70-8,"1,3,5-Tris[3-(trimethoxysilyl)propyl]-1,3,5-triazinane-2,4,6-trione",347,3,3,3,3,0
47697,63449-68-3,Naphthalen-2-yl 2-aminobenzoate,347,79,12,8,4,4
47641,112-66-3,Dodecyl acetate,347,0,0,0,0,0
47617,1076-56-8,2-Isopropyl-5-methylanisole,347,1,1,1,1,0
47599,10032-15-2,Hexyl 2-methylbutanoate,347,1,1,1,1,0
47443,3209-13-0,3-Methoxy-5-methylphenol,347,4,4,2,2,0
52288,615-13-4,"1,3-Dihydro-2H-inden-2-one",223,19,19,5,5,0
52866,NOCAS_52866,cis-Permethrin in cyclohexane,223,2,2,2,2,0
47414,16491-24-0,"Hexa-2,4-dienyl isobutyrate",347,45,2,7,2,5
47203,23495-12-7,2-Phenoxyethyl propanoate,347,1,1,1,1,0
47713,7549-33-9,Anisyl propionate,347,5,5,3,3,0
47684,55719-85-2,Phenethyl 2-methylcrotonate,347,8,8,4,4,0
47648,122-72-5,3-Phenylpropyl acetate,347,3,3,2,2,0
41809,100-88-9,Cyclamic acid,610,5,5,3,3,0
47415,10339-55-6,Ethyl linalool,347,7,7,3,3,0
47399,33704-61-9,Cashmeran,347,10,3,3,1,2
47717,7779-78-4,4-Methyl-1-phenylpentan-2-ol,347,4,4,3,3,0
47686,564-20-5,(3aR)-(+)-Sclareolide,347,36,3,9,1,8
47651,123-29-5,Ethyl nonanoate,347,2,2,2,2,0
44843,15905-32-5,C.I. Solvent Red 140,610,162,1,10,1,9
47179,25339-09-7,Isocetyl stearate,347,3,3,2,2,0
47135,137-06-4,2-Methylbenzenethiol,347,31,31,5,5,0
23815,631-64-1,Dibromoacetic acid,610,5,5,2,2,0
44883,2386-60-9,Butane-1-sulfonyl chloride,347,1,1,1,1,0
44848,16669-59-3,N-(Isobutoxymethyl)acrylamide,347,4,4,2,2,0
44753,106-72-9,"2,6-Dimethylhept-5-enal",347,7,7,3,3,0
40375,584-03-2,"1,2-Butanediol",223,2,2,2,2,0
47426,99-49-0,dl-Carvone,347,2,2,2,2,0
44535,131-08-8,Sodium 2-anthraquinonesulfonate,347,7,7,4,4,0
44368,112-16-3,Dodecanoyl chloride,223,22,0,5,0,5
44769,103-95-7,Cyclamen aldehyde,347,3,3,2,2,0
44747,94317-64-3,N-Butylphosphorothioic triamide,347,4,4,2,2,0
44573,67874-72-0,2-(2-Methylbutan-2-yl)cyclohexyl acetate,347,13,0,4,0,4
41803,7681-65-4,Copper(I) iodide,347,26,26,7,7,0
44832,7549-37-3,"1,1-Dimethoxy-3,7-dimethylocta-2,6-diene",347,5,5,2,2,0
44767,103-74-2,2-(2-Pyridyl)ethanol,347,1,1,1,1,0
44716,6837-24-7,1-Cyclohexylpyrrolidin-2-one,347,3,3,2,2,0
44960,57609-64-0,"1,3-Propanediol, bis(4-aminobenzoate)",359,36,3,8,1,7
47406,10402-33-2,Eugenyl phenylacetate,347,13,13,5,5,0
44371,1132-61-2,4-Morpholinepropanesulfonic acid,347,1,1,1,1,0
47721,8014-17-3,Petitgrain oil,347,10,10,4,4,0
44981,701-64-4,Phenyl dihydrogen phosphate,347,4,4,4,4,0
47467,123-41-1,Choline hydroxide,347,2,2,2,2,0
20445,94-11-1,"2,4-D isopropyl ester",610,11,11,3,3,0
52735,93-52-7,"1,2-dibromo(phenyl)ethane",223,6,6,2,2,0
40164,5977-14-0,3-Oxobutanamide,223,1,1,1,1,0
44465,88-63-1,"2,4-Diaminobenzenesulfonic acid",347,3,3,1,1,0
46999,1466-76-8,"2,6-Dimethoxybenzoic acid",347,5,0,2,0,2
44543,135-51-3,"Disodium 3-hydroxynaphthalene-2,7-disulfonate",347,14,14,4,4,0
44527,123-81-9,"Ethane-1,2-diyl bis(sulfanylacetate)",347,45,45,6,6,0
44752,999-21-3,Diprop-2-en-1-yl (2Z)-but-2-enedioate,347,34,34,5,5,0
44461,7786-67-6,5-Methyl-2-(1-methylethenyl)cyclohexanol,223,3,3,3,3,0
22172,2032-59-9,Aminocarb,347,18,18,7,7,0
22284,13952-84-6,2-Butanamine,347,2,2,2,2,0
27401,1452-15-9,4-Thiazolecarbonitrile,347,5,5,4,4,0
44793,126-83-0,Sodium 3-chloro-2-hydroxypropylsulfonate,347,2,2,2,2,0
47173,867-81-2,Sodium pantothenate,347,2,2,2,2,0
32406,25954-13-6,Fosamine ammonium,347,1,1,1,1,0
22009,143-16-8,Dihexylamine,347,9,9,4,4,0
44365,1118-12-3,"(1,1-Dimethylethyl)urea",347,1,1,1,1,0
47466,109-59-1,2-Isopropoxyethanol,347,0,0,0,0,0
41671,7785-70-8,(+)-alpha-Pinene,347,2,2,2,2,0
44703,623-03-0,4-Chlorobenzonitrile,347,2,2,2,2,0
44744,931-36-2,2-Ethyl-4-methyl-1H-imidazole,347,2,2,1,1,0
27798,18328-90-0,N-Ethyl-2-methylallylamine,610,6,6,3,3,0
27596,5332-73-0,3-Methoxypropylamine,610,1,1,1,1,0
34460,82697-71-0,Clofencet-potassium,223,3,3,2,2,0
29251,3052-50-4,Monomethyl maleate,347,4,4,2,2,0
21799,91-65-6,"N,N-Diethylcyclohexylamine",347,1,1,1,1,0
44316,6192-52-5,4-Methylbenzenesulfonic acid hydrate,347,2,2,2,2,0
21039,20917-49-1,Nitrosoheptamethyleneimine,610,4,4,3,3,0
22107,693-98-1,2-Methylimidazole,688,3,3,3,3,0
47486,1331-81-3,Methoxybenzyl alcohol,347,5,5,2,2,0
20349,102-50-1,4-Methoxy-2-methylaniline,610,26,26,5,5,0
44953,5344-27-4,2-(Pyridin-4-yl)ethanol,347,4,4,1,1,0
44771,105-44-2,N-(4-Methyl-2-pentanylidene)hydroxylamine,347,2,2,2,2,0
44369,1122-58-3,"N,N-Dimethylpyridin-4-amine",347,3,3,3,3,0
47145,541-47-9,"3,3-Dimethylacrylic acid",347,5,5,1,1,0
47461,462-08-8,3-Pyridinamine,610,3,3,2,2,0
47657,1322-17-4,"1,3-Nonanediol monoacetate",347,5,5,2,2,0
20401,137-09-7,"2,4-Diaminophenol dihydrochloride",610,68,3,8,2,6
20282,5131-60-2,"4-Chloro-1,3-diaminobenzene",610,26,26,5,5,0
27301,694-83-7,"1,2-Cyclohexanediamine",610,6,6,3,3,0
40697,118-69-4,"2,6-Dichlorotoluene",347,1,1,1,1,0
31591,625-45-6,Methoxyacetic acid,610,4,4,4,4,0
44750,96-96-8,4-Methoxy-2-nitroaniline,347,5,5,2,2,0
44616,2304-30-5,Tetrabutylphosphonium chloride,610,34,11,4,3,1
44574,68039-49-6,"2,4-Dimethyl-3-cyclohexene-1-carboxaldehyde",347,5,5,2,2,0
44413,2687-91-4,1-Ethyl-2-pyrrolidinone,610,1,1,1,1,0
44873,2156-96-9,Decyl prop-2-enoate,347,5,5,2,2,0
20308,6959-47-3,2-(Chloromethyl)pyridine hydrochloride,610,8,8,3,3,0
44910,3031-66-1,"Hex-3-yne-2,5-diol",347,123,7,8,3,5
44804,142-26-7,N-(2-Hydroxyethyl)acetamide,347,2,2,1,1,0
21147,100-63-0,Phenylhydrazine,610,38,3,6,2,4
47470,1331-83-5,Methoxybenzyl acetate,347,1,1,1,1,0
20423,87-56-9,Mucochloric acid,610,116,12,8,4,4
26608,97-65-4,Methylenebutanedioic acid,610,4,4,2,2,0
21081,6373-74-6,C.I. Acid Orange 3,347,34,0,5,0,5
44629,2638-94-0,"4,4'-Diazene-1,2-diylbis(4-cyanopentanoic acid)",347,1,1,1,1,0
42210,120-94-5,N-Methylpyrrolidine,347,2,2,2,2,0
44177,8008-45-5,Nutmeg oil,347,29,4,5,2,3
46998,998-40-3,Tributylphosphine,347,8,8,3,3,0
44800,136-30-1,Sodium dibutylcarbamodithioate,347,44,44,6,6,0
29232,2235-43-0,Pentasodium nitrilotris(methylenephosphonate),223,7,0,1,0,1
20410,262-12-4,Dibenzo-p-dioxin,610,9,9,5,5,0
20309,6959-48-4,3-(Chloromethyl)pyridine hydrochloride,610,18,18,5,5,0
27341,929-06-6,2-(2-Aminoethoxy)ethanol,610,15,15,7,7,0
24918,124-02-7,Diallylamine,610,7,7,5,5,0
27544,3724-65-0,2-Butenoic acid,610,6,6,4,4,0
44696,57116-45-7,3-{[3-(Aziridin-1-yl)propanoyl]oxy}-2-({[3-(aziridin-1-yl)propanoyl]oxy}methyl)-2-(hydroxymethyl)propyl 3-(aziridin-1-yl)propanoate,347,1,1,1,1,0
27503,2855-13-2,Isophorone diamine,610,9,9,4,4,0
24568,98-11-3,Benzenesulfonic acid,610,3,3,1,1,0
21617,99-04-7,3-Methylbenzoic acid,610,8,8,4,4,0
44604,17351-75-6,"1,4-Bis[(ethenyloxy)methyl]cyclohexane",347,1,1,1,1,0
40732,104-12-1,4-Chlorophenyl isocyanate,347,25,2,6,1,5
44909,3027-21-2,Dimethoxy(methyl)phenylsilane,347,10,10,3,3,0
44871,2094-99-7,1-(2-Isocyanatopropan-2-yl)-3-(prop-1-en-2-yl)benzene,347,14,14,4,4,0
44816,31983-27-4,"(2Z)-3,7-Dimethylocta-2,6-dienenitrile",347,5,5,3,3,0
20962,91-23-6,1-Methoxy-2-nitrobenzene,610,3,3,2,2,0
20917,1465-25-4,N-(1-Naphthyl)ethylenediamine dihydrochloride,873,169,15,10,5,5
20427,609-20-1,"2,6-Dichloro-1,4-benzenediamine",610,50,13,8,4,4
47463,13380-94-4,"Tricyclo(5.2.1.02,6)decane-8-one",347,8,8,4,4,0
47465,135-79-5,6-(1-Methylethyl)quinoline,347,6,6,3,3,0
47031,620-40-6,Tribenzylamine,347,24,24,7,7,0
41238,2579-20-6,"1,3-Cyclohexanedimethanamine",347,2,2,1,1,0
25873,122-59-8,Phenoxyacetic acid,873,4,4,2,2,0
26975,121-03-9,2-Methyl-5-nitrobenzenesulfonic acid,610,10,10,3,3,0
26174,102-70-5,Triallylamine,347,3,3,3,3,0
24931,2050-92-2,Dipentylamine,610,5,5,3,3,0
21627,1917-15-3,5-Methyl-2-furancarboxylic acid,610,1,1,1,1,0
20956,121-19-7,4-Hydroxy-3-nitrophenylarsonic acid,873,8,8,2,2,0
25824,7647-10-1,Palladium(II) chloride,347,12,12,6,6,0
24966,554-00-7,"2,4-Dichloroaniline",610,8,8,4,4,0
24491,6285-57-0,2-Amino-6-nitrobenzothiazole,347,29,5,6,4,2
34792,5259-88-1,Oxycarboxin,347,95,21,6,5,1
41420,88-14-2,2-Furancarboxylic acid,347,2,2,2,2,0
39224,75-07-0,Acetaldehyde,347,147,35,12,6,6
47188,21722-83-8,2-Cyclohexylethyl acetate,347,5,5,3,3,0
47164,698-76-0,delta-Octanolactone,347,7,7,3,3,0
47117,10361-91-8,Ytterbium(III) chloride,347,2,2,2,2,0
47105,93-51-6,2-Methoxy-4-methylphenol,347,8,0,4,0,4
47091,120-45-6,1-Phenylethyl propionate,347,2,2,2,2,0
47051,NOCAS_47051,Ocimene-Limonene mixture,347,13,13,4,4,0
47034,67674-36-6,"(2E,6Z)-1,1-diethoxynona-2,6-diene",347,27,27,5,5,0
51764,1609-47-8,Diethyl pyrocarbonate,223,0,0,0,0,0
47602,103-28-6,Benzyl 2-methylpropanoate,223,11,0,1,0,1
47129,2349-14-6,Methyl geranate,347,11,11,4,4,0
47115,459-80-3,"3,7-Dimethylocta-2,6-dienoic acid",347,2,2,1,1,0
47099,710-04-3,6-Hexyltetrahydro-2H-pyran-2-one,347,17,17,6,6,0
47072,470-99-5,"3,5,5-Trimethyl-2-cyclohexen-1-ol",347,4,4,3,3,0
47059,495-40-9,Butyrophenone,347,2,2,1,1,0
47046,15706-73-7,Butyl 2-methylbutyrate,347,4,4,4,4,0
57890,NOCAS_57890,Anti-OP-18/Stathmin antibody produced in rabbit,222,0,0,0,0,0
29202,840-65-3,"Dimethyl 2,6-naphthalenedicarboxylate",346,12,12,6,6,0
27395,1338-39-2,Sorbitan monododecanoate,161,0,0,0,0,0
29225,1939-36-2,Trimethylenediaminetetraacetic acid,222,10,0,4,0,4
28323,67762-27-0,"Alcohols, C16-18",222,1,1,0,0,0
52289,615-20-3,2-Chlorobenzothiazole,222,1,1,1,1,0
31374,5694-00-8,Glycidamide,222,0,0,0,0,0
20977,75-52-5,Nitromethane,346,4,4,4,4,0
41371,23778-52-1,"3,6,9,12,15-Pentaoxahexadecanol",346,1,1,1,1,0
21583,431-03-8,"2,3-Butanedione",346,5,5,2,2,0
20438,107-06-2,"1,2-Dichloroethane",346,1,1,1,1,0
21883,107-19-7,Propargyl alcohol,346,1,1,1,1,0
27604,5809-23-4,2-[4-(Diethylamino)-2-hydroxybenzoyl]benzoic acid,608,30,30,6,6,0
20072,2113-61-3,4-Biphenylamine hydrochloride,357,28,28,6,6,0
42269,2275-14-1,Phenkapton,345,1,1,1,1,0
22307,30030-25-2,Chloromethyl styrene,345,12,12,5,5,0
21962,120-07-0,N-Phenyl diethanolamine,345,2,2,2,2,0
44700,60-25-3,"N,N,N,N',N',N'-Hexamethylhexane-1,6-diaminium dichloride",221,5,5,3,3,0
21305,37076-68-9,(R)-Tegafur,608,2,2,2,2,0
40284,85-34-7,Chlorfenac,345,5,5,3,3,0
40699,83-05-6,"p,p'-DDA",345,14,14,5,5,0
21938,111-83-1,1-Bromooctane,345,3,3,2,2,0
21998,141-03-7,Dibutyl butanedioate,345,5,5,3,3,0
28967,69045-78-9,2-Chloro-5-trichloromethylpyridine,345,8,8,4,4,0
21002,943-41-9,N-Methyl-4-nitro-N-nitrosobenzenamine,345,14,14,5,5,0
20697,148081-72-5,"1-O-Hexyl-2,3,5-trimethylhydroquinone",345,102,9,11,4,7
40154,5205-93-6,N-(3-Dimethylaminopropyl)methacrylamide,345,2,2,2,2,0
20539,86-29-3,Diphenylacetonitrile,608,21,2,4,2,2
21053,614-00-6,N-Methyl-N-nitrosoaniline,608,0,0,0,0,0
21275,20624-25-3,Sodium diethyldithiocarbamate trihydrate,608,160,10,9,5,4
24465,934-32-7,2-Aminobenzimidazole,608,10,10,4,4,0
27620,6375-47-9,3'-Amino-4'-methoxyacetanilide,608,12,12,4,4,0
21479,304-28-9,"2,7-Acetylaminofluorene",608,11,11,3,3,0
24409,1122-62-9,1-(2-Pyridyl)-1-ethanone,608,0,0,0,0,0
20314,2227-13-6,Tetrasul,608,17,17,3,3,0
20424,2164-09-2,Chloranocryl,608,97,3,8,2,6
21347,141-90-2,Thiouracil,871,9,9,4,4,0
22051,529-20-4,2-Tolualdehyde,608,6,6,3,3,0
25346,623-17-6,Furfuryl acetate,608,4,4,3,3,0
44859,1823-59-2,"5,5'-Oxybis(2-benzofuran-1,3-dione)",345,1,1,1,1,0
28114,63133-74-4,2-(Ethyl(3-methylphenyl)amino)acetonitrile,345,6,6,2,2,0
44790,1205-64-7,3-Methyl-N-phenylaniline,345,42,0,7,0,7
44595,1577-03-3,"1-(4-Chlorophenyl)-4,4-dimethylpent-1-en-3-one",345,51,51,5,5,0
44664,3778-76-5,Todralazine hydrochloride,608,7,7,3,3,0
44719,6928-67-2,"Dipropyl 3,4,5,6-tetrachlorobenzene-1,2-dicarboxylate",357,42,42,6,6,0
44702,621-07-8,N-Benzyl-N-hydroxy-1-phenylmethanamine,345,9,9,3,3,0
27211,558-37-2,"3,3-Dimethyl-1-butene",608,1,1,1,1,0
29359,37143-54-7,1-Methoxy-2-propylamine,608,3,3,2,2,0
29364,41317-15-1,4-Methoxy-2-methyl-N-phenylaniline,608,42,5,9,3,6
29166,135-76-2,Sodium 6-hydroxynaphthalene-2-sulfonate,608,1,1,1,1,0
29201,833-66-9,Potassium 6-hydroxynaphthalene-2-sulfonate,608,1,1,1,1,0
20497,551-92-8,"1,2-Dimethyl-5-nitroimidazole",793,15,15,3,3,0
20721,1083-57-4,3-Hydroxy-4-butyrophenetidide,871,4,4,1,1,0
20421,3883-43-0,"2,3-Dichloro-p-dioxane",608,5,5,3,3,0
25793,384-22-5,1-Nitro-2-(trifluoromethyl)benzene,608,3,3,3,3,0
47083,623-42-7,Methyl butyrate,345,0,0,0,0,0
31294,627-03-2,Ethoxyacetic acid,608,4,4,2,2,0
20838,55-80-1,3'-Methyl-4-(dimethylamino)azobenzene,608,99,30,12,7,5
30336,542-76-7,3-Chloropropionitrile,608,0,0,0,0,0
20222,592-31-4,N-Butylurea,608,8,8,4,4,0
20447,97-16-5,"2,4-Dichlorophenyl benzenesulfonate",608,70,17,9,4,5
44661,36437-37-3,2-(2H-Benzotriazol-2-yl)-6-(butan-2-yl)-4-tert-butylphenol,221,6,6,3,3,0
21721,60-41-3,Strychnine hemisulphate salt,345,19,2,5,1,4
40326,134-30-5,8-Hydroxyquinoline citrate,345,96,23,8,5,3
25670,90-33-5,4-Methylumbelliferone,608,62,62,5,5,0
44958,56275-01-5,Trimethylsilyl silicate,345,1,1,1,1,0
27806,19525-59-8,Potassium anilinoacetate,345,6,6,4,4,0
47157,61295-41-8,3-(2-Methyl-3-furylthio)-4-heptanone,345,19,3,4,1,3
22246,7209-38-3,"1,4-Piperazinedipropanamine",345,5,5,4,4,0
26557,92-00-2,"2,2'-(3-Chlorophenylimino)diethanol",345,5,5,3,3,0
47412,104-27-8,1-(4-Methoxyphenyl)-1-pentene-3-one,345,25,25,5,5,0
44798,13360-78-6,Sodium diisobutyldithiophosphinate,345,39,4,7,3,4
22912,737-31-5,Diatrizoate sodium,345,4,4,1,1,0
38824,4845-50-5,"1,4-Dioxane-2,3-diol",345,2,2,1,1,0
44846,16588-34-4,4-Chloro-3-nitrobenzaldehyde,345,64,5,6,2,4
22741,339-43-5,Carbutamide,608,0,0,0,0,0
20361,4998-76-9,Cyclohexylamine hydrochloride,608,9,9,5,5,0
27280,638-65-3,Octadecanenitrile,345,0,0,0,0,0
47400,6379-73-3,5-Isopropyl-2-methylanisole,221,5,5,4,4,0
31460,479500-35-1,1-Butyl-1-methylpyrrolidinium chloride,608,6,6,3,3,0
30162,24295-03-2,2-Acetylthiazole,608,10,10,3,3,0
41321,513-85-9,"2,3-Butanediol",345,3,3,3,3,0
41692,10420-33-4,Dimethyl acetylsuccinate,345,1,1,1,1,0
44318,149358-73-6,Chloramine T hydrate (1:x),345,4,4,3,3,0
42498,603-33-8,Triphenylbismuth,357,70,18,10,6,4
20020,18699-02-0,Actarit,608,0,0,0,0,0
22138,928-97-2,trans-Hex-3-en-1-ol,345,5,5,3,3,0
27561,4131-74-2,"Dimethyl 3,3'-thiodipropionate",345,2,2,2,2,0
20441,6965-71-5,"alpha-(2,5-Dichlorophenoxy)propionic acid",345,5,5,3,3,0
44782,116-81-4,"1-Amino-4-bromo-9,10-dioxo-9,10-dihydroanthracene-2-sulfonic acid",345,47,2,7,1,6
21822,96-80-0,"N,N-Diisopropylaminoethanol",345,1,1,1,1,0
38876,132-54-7,Phenyl 1-hydroxy-2-naphthoate,345,46,46,8,8,0
38798,2050-46-6,"1,2-Diethoxybenzene",345,1,1,1,1,0
25977,35250-53-4,Pyrazineethanethiol,345,35,35,6,6,0
44509,10469-09-7,"3,4,5,6-Tetrachloropyridine-2-carboxylic acid",345,16,16,6,6,0
41467,18480-53-0,"3,4-Dichloro-5-isothiazolecarboxylic acid",345,28,28,4,4,0
25603,109-83-1,N-Methyl-N-hydroxyethylamine,345,0,0,0,0,0
41317,88-82-4,"2,3,5-Triiodobenzoic acid",345,11,11,4,4,0
31462,1124-64-7,N-Butylpyridinium chloride,608,3,3,1,1,0
27759,13893-53-3,"2-Amino-2,3-dimethylbutanenitrile",345,3,3,2,2,0
44227,191217-81-9,Pramipexole dihydrochloride monohydrate,345,8,8,4,4,0
44201,111974-72-2,Quetiapine fumarate,345,38,1,8,1,7
38813,2760-98-7,Isophthalyl dihydrazide,345,7,7,4,4,0
21128,7227-91-0,"1-Phenyl-3,3-dimethyltriazene",345,5,5,2,2,0
44221,157810-81-6,Indinavir sulfate,608,53,4,7,2,5
23244,6284-40-8,"(2R,3R,4R,5S)-6-(Methylamino)hexane-1,2,3,4,5-pentol",608,6,0,2,0,2
44563,35948-25-5,"6H-Dibenzo[c,e][1,2]oxaphosphinine 6-oxide",345,3,3,3,3,0
40720,5930-28-9,"4-Amino-2,6-dichlorophenol",345,63,7,7,5,2
44892,2524-64-3,Diphenyl phosphorochloridate,345,3,3,2,2,0
44911,30374-01-7,Isooctyl 3-mercaptopropionate,345,5,5,2,2,0
44773,10595-06-9,Ethylene glycol phenyl ether methacrylate,345,22,0,7,0,7
47066,3848-24-6,"2,3-Hexanedione",345,4,4,2,2,0
41190,18031-40-8,(4S)-4-(1-Methylethenyl)-1-cyclohexene-1-carboxaldehyde,345,13,13,4,4,0
44863,18835-02-4,Ethyl 3-acetyl-4-oxopentanoate,345,1,1,1,1,0
41528,100-48-1,4-Pyridinecarbonitrile,345,1,1,1,1,0
47236,10281-55-7,(S)-Citronellene,345,1,1,1,1,0
44929,3698-89-3,1-(Methylsulfanyl)dodecane,345,6,6,3,3,0
41356,10433-59-7,"2,4-DB-sodium",345,6,6,4,4,0
41256,111-29-5,"1,5-Pentanediol",345,4,4,2,2,0
44502,102-40-9,"2,2'-[Benzene-1,3-diylbis(oxy)]diethanol",345,4,4,4,4,0
44361,1071-93-8,Hexanedihydrazide,345,3,3,1,1,0
44999,89-36-1,"4-(3-Methyl-5-oxo-4,5-dihydro-1H-pyrazol-1-yl)benzenesulfonic acid",345,1,1,1,1,0
41185,6306-60-1,"(2,4-Dichlorophenyl)acetonitrile",345,4,4,3,3,0
44762,10217-34-2,"2-(3,4-Epoxycyclohexyl)ethyltriethoxy silane",345,0,0,0,0,0
44759,1000-05-1,"1,1,3,3,5,5,7,7-Octamethyltetrasiloxane",360,6,6,4,4,0
47156,65894-82-8,"2-(2-Butyl)-4,5-dimethyl-3-thiazoline",345,10,10,3,3,0
44534,13031-43-1,4-Acetylphenyl acetate,345,2,2,2,2,0
27830,24310-41-6,"3-(Chloromethyl)-1,2,3-benzotriazin-4(3H)-one",345,7,7,2,2,0
44503,10319-14-9,C.I. Disperse Yellow 64,345,34,13,10,6,4
44970,65983-31-5,"2-(3a,4,5,6,7,7a-Hexahydro-1H-4,7-methanoinden-8-yloxy)ethyl prop-2-enoate",221,2,2,1,1,0
20210,3817-11-6,Butyl-N-(4-hydroxybutyl)nitrosamine,345,5,5,3,3,0
44869,2057-49-0,4-(3-Phenylpropyl)pyridine,345,43,5,7,1,6
20728,109-84-2,2-Hydroxyethylhydrazine,345,2,2,2,2,0
44678,4682-36-4,Orphenadrine dihydrogen citrate,686,37,2,8,1,7
41518,702-23-8,4-Methoxybenzeneethanol,345,4,4,3,3,0
27281,643-38-9,"2,3-Quinolinedicarboxylic acid",345,5,5,4,4,0
24629,6983-79-5,Bixin,345,18,18,7,7,0
22084,616-86-4,4-Ethoxy-2-nitroaniline,345,13,1,4,1,3
20612,90-49-3,Ethylphenylacetylurea,423,2,2,1,1,0
51444,1571-75-1,"4,4'-(1-Phenylethylidene)bisphenol",221,80,28,9,4,5
27978,32687-77-7,"3-[3,5-DI(tert-butyl)-4-hydroxyphenyl]propanohydrazide",345,14,14,5,5,0
42083,58769-20-3,Kadethrin,345,65,15,8,4,4
41507,3260-85-3,4-Chloro-2-methylanisole,345,3,3,3,3,0
44317,207386-92-3,8-Hydroxyquinoline-5-sulfonic acid hydrate (1:x),345,7,7,4,4,0
40664,483-63-6,Crotamiton,608,10,10,3,3,0
41513,1121-76-2,4-Chloropyridine 1-oxide,345,0,0,0,0,0
41388,21282-97-3,2-(Methacryloyloxy)ethyl acetoacetate,345,2,2,1,1,0
41423,2235-00-9,N-Vinylcaprolactam,345,1,1,1,1,0
35790,67233-85-6,Sodium 2-methoxy-5-nitrophenolate,221,4,4,3,3,0
44409,2163-00-0,"1,6-Dichlorohexane",345,2,2,1,1,0
38814,2835-68-9,4-Aminobenzamide,345,0,0,0,0,0
44423,3724-43-4,N-(Chloromethylidene)-N-methylmethanaminium chloride,345,0,0,0,0,0
41396,513-53-1,2-Butanethiol,345,1,1,1,1,0
44951,52628-03-2,2-Hydroxyethyl methacrylate phosphate,345,0,0,0,0,0
41263,83-42-1,1-Chloro-2-methyl-3-nitrobenzene,345,0,0,0,0,0
37570,18691-97-9,Methabenzthiazuron,345,26,26,7,7,0
44355,103-49-1,Dibenzylamine,345,9,9,4,4,0
47053,4221-98-1,(R)-alpha-Phellandrene,345,21,2,4,1,3
38926,7579-36-4,Dibenzyl oxalate,345,0,0,0,0,0
44500,10147-40-7,Dodecane-1-sulfonyl chloride,221,3,3,2,2,0
37596,1014-70-6,Simetryn,345,4,4,3,3,0
41460,454-92-2,3-(Trifluoromethyl)benzoic acid,345,1,1,1,1,0
47469,110-95-2,"N,N,N',N'-Tetramethyltrimethylenediamine",345,2,2,2,2,0
34762,330-95-0,"1,3-Bis(4-nitrophenyl)urea 4,6-dimethylpyrimidin-2-ol (1:1)",221,16,5,3,1,2
21214,81-54-9,Purpurin,345,51,8,8,2,6
42440,83121-18-0,Teflubenzuron,345,8,8,3,3,0
41672,502-55-6,Diethyl dithiobis(thionoformate),423,8,8,5,5,0
44690,54914-85-1,"1,1'-[Ethane-1,2-diylbis(oxy)]bis(3-methylbenzene)",345,13,13,4,4,0
40800,25211-86-3,Etidronic acid monohydrate,345,8,0,3,0,3
41233,59572-10-0,"Tetrasodium 1,3,6,8-pyrenetetrasulfonate",221,0,0,0,0,0
47137,151-73-5,Betamethasone 21-phosphate disodium,357,15,15,5,5,0
44398,1497-49-0,"N-[5-(Phenylimino)-1,3-pentadien-1-yl]aniline hydrochloride (1:1)",345,11,11,5,5,0
20629,363-17-7,"N-(2-Fluorenyl)-2,2,2-trifluoroacetamide",357,39,39,8,8,0
20509,24448-94-0,"5,5-Dimethylbarbituric acid",345,6,0,2,0,2
29534,69045-83-6,"2,3-Dichloro-5-(trichloromethyl)pyridine",345,47,5,6,2,4
41439,84-54-8,2-Methylanthraquinone,345,31,31,7,7,0
44886,2420-87-3,"5,5'-Bi-2-benzofuran-1,1',3,3'-tetrone",345,29,0,6,0,6
27981,33509-43-2,"4-Amino-6-tert-butyl-3-thioxo-3,4-dihydro-1,2,4-triazin-5(2H)-one",345,4,4,3,3,0
41361,2683-43-4,"2,4-Dichloro-6-nitroaniline",345,12,12,5,5,0
35163,135-77-3,"1,2,4-Trimethoxybenzene",345,3,3,2,2,0
41983,77501-90-7,Fluoroglycofen-ethyl,345,37,6,8,2,6
41540,618-88-2,5-Nitroisophthalic acid,345,1,1,1,1,0
47454,18467-77-1,Diprogulic acid,345,2,2,2,2,0
42365,16489-90-0,"6-Ethoxy-2,2,4-trimethyl-1,2,3,4-tetrahydroquinoline",345,27,5,5,2,3
42143,2876-78-0,Methyl 1-naphthaleneacetate,345,10,10,4,4,0
44315,207569-02-6,"1,5-Naphthalenedisulfonic acid, disodium salt hydrate",345,2,2,1,1,0
41699,3766-60-7,Buturon,345,18,2,5,1,4
42263,1825-19-0,Pentachlorothioanisole,345,52,9,6,4,2
47056,102-87-4,"N,N-Didodecyl-1-dodecanamine",345,2,2,2,2,0
25609,107-31-3,Methyl formate,345,3,3,3,3,0
27805,19438-61-0,4-Methylphthalic anhydride,608,1,1,1,1,0
27579,4792-15-8,Pentaethylene glycol,608,3,3,3,3,0
44445,589-15-1,4-Bromobenzyl bromide,345,6,6,3,3,0
44849,16691-43-3,"3-Amino-1,2,4-triazole-5-thiol",345,7,7,4,4,0
22193,2495-37-6,Benzyl methacrylate,345,4,4,2,2,0
26130,1941-30-6,Tetrapropylammonium bromide,345,1,1,1,1,0
44215,138786-67-1,Pantoprazole sodium,423,16,16,5,5,0
40693,5080-50-2,Acetyl-L-carnitine hydrochloride,345,1,1,1,1,0
21022,60599-38-4,"1,1′-(Nitrosoimino)bis[2-propanone]",345,1,1,1,1,0
58655,63134-33-8,BPS-MPE4,221,73,10,7,4,3
27834,24615-84-7,2-Carboxyethyl acrylate,608,9,9,3,3,0
44835,146653-56-7,4-{2-Oxo-2-[3-(trifluoromethyl)phenyl]ethyl}benzonitrile,357,41,6,7,2,5
20357,31698-14-3,Cyclocytidine,438,37,33,4,4,0
20631,324-93-6,4'-Fluoro-4-aminodiphenyl,357,24,24,7,7,0
47029,306-91-2,Perfluorotetradecahydrophenanthrene,345,4,4,2,2,0
42451,6012-97-1,Tetrachlorothiophene,345,0,0,0,0,0
41372,88-86-8,"2,5-Dichloro-3-nitrobenzoic acid",345,4,4,2,2,0
44897,2612-29-5,"2-Ethylpropane-1,3-diol",345,0,0,0,0,0
41615,4658-28-0,Aziprotryne,345,17,1,4,1,3
41844,32449-92-6,Glucurolactone,423,1,1,1,1,0
41441,1878-49-5,(2-Methylphenoxy)acetic acid,345,3,3,2,2,0
41362,1777-82-8,"2,4-Dichlorobenzyl alcohol",608,3,3,2,2,0
20829,7021-09-2,2-Methoxy-2-phenylacetic acid,345,1,1,1,1,0
41519,14979-39-6,4-Methyl-3-heptanol,345,0,0,0,0,0
44948,51282-49-6,Methyl 5-chloro-2-nitrobenzoate,345,8,8,4,4,0
44973,67024-46-8,Propan-2-yl 2-ethylhexanoate,345,0,0,0,0,0
46976,103764-33-6,4-Methylumbelliferone hydrate,345,47,47,6,6,0
47084,1072-83-9,2-Acetylpyrrole,345,1,1,1,1,0
27803,19248-13-6,"N-Ethyl-N-(3-methylphenyl)ethane-1,2-diamine",608,38,3,7,1,6
27585,5026-74-4,4-(Diglycidylamino)phenyl glycidyl ether,623,184,30,9,6,3
24937,262-20-4,Phenoxathiin,608,28,3,6,2,4
26209,933-75-5,"2,3,6-Trichlorophenol",608,17,17,5,5,0
20841,11013-97-1,Methyl hesperidin,608,2,2,1,1,0
29286,7328-97-4,"1,1,2,2-(4,4',4'',4'''-Tetraglycidyloxyphenyl)ethane",608,91,25,8,6,2
24674,112-56-1,2-(2-Butoxyethoxy)ethyl thiocyanate,608,15,15,4,4,0
22305,1746-23-2,4-tert-Butylstyrene,345,3,3,1,1,0
38855,55117-15-2,1-Chloro-2-(chloromethyl)-3-fluorobenzene,345,12,12,4,4,0
21801,91-88-3,2-(N-Ethyl-m-toluidino)ethanol,345,9,9,3,3,0
27542,3709-43-1,"Disodium 2,2'-(ethene-1,2-diyl)bis(5-nitrobenzene-1-sulfonate)",608,4,4,2,2,0
44356,104-63-2,N-Benzylethanolamine,345,2,2,1,1,0
44320,660-68-4,Diethylamine hydrochloride,345,2,2,2,2,0
44498,10052-47-8,"N,N-Diethyl-N-methylethanaminium chloride",345,0,0,0,0,0
41575,110-99-6,Diglycolic acid,345,2,2,2,2,0
44763,10287-53-3,Parbenate,345,16,16,4,4,0
44847,1660-95-3,Tetraisopropyl methylenediphosphonate,530,8,8,3,3,0
44880,23305-64-8,2-[2-(2-Propoxyethoxy)ethoxy]ethanol,345,1,1,1,1,0
24670,1703-58-8,"1,2,3,4-Butanetetracarboxylic acid",608,1,1,1,1,0
25492,112-52-7,1-Chlorododecane,608,19,0,5,0,5
26120,54827-17-7,"3,3',5,5'-Tetramethylbenzidine",608,37,37,7,7,0
25138,138-89-6,"N,N-Dimethyl-4-nitrosoaniline",623,271,29,9,6,3
47891,2081-08-5,Bisphenol E,484,67,12,7,2,5
38756,459-57-4,4-Fluorobenzaldehyde,345,2,2,2,2,0
41091,54-95-5,Pentylenetetrazol,78,0,0,0,0,0
45240,56-94-0,Demecarium bromide,78,3,3,1,1,0
23463,150-30-1,DL-Phenylalanine,78,0,0,0,0,0
40461,59-52-9,Dimercaprol,78,13,0,5,0,5
33179,328-50-7,alpha-Ketoglutaric acid,341,0,0,0,0,0
45178,27686-84-6,Masoprocol,78,9,0,4,0,4
45082,118-10-5,Cinchonine,78,2,2,1,1,0
45186,41078-02-8,Enprofylline,78,0,0,0,0,0
40266,115-31-1,Thanite,78,2,2,1,1,0
45109,894-71-3,Nortriptyline hydrochloride,78,14,0,4,0,4
45108,NOCAS_45108,"1-(3-Carboxyphenyl)-2,5-dimethyl-1H-pyrrole-3-carboxylic acid, strychnidin-10-one (1:1)",78,0,0,0,0,0
43897,5627-46-3,Clobenztropine,78,40,7,7,4,3
35106,56-12-2,4-Aminobutanoic acid,78,0,0,0,0,0
45110,3737-33-5,Etymemazine hydrochloride,78,22,5,6,2,4
45112,102280-49-9,Tramazoline tosylate,78,2,2,1,1,0
25548,1229-35-2,Methdilazine hydrochloride,78,8,0,3,0,3
45079,5328-41-6,"D-Gluconic acid, barium salt",78,0,0,0,0,0
45078,3470-36-8,Calcium 5-ketogluconate,78,0,0,0,0,0
23171,59-63-2,Isocarboxazid,78,0,0,0,0,0
23209,59-92-7,Levodopa,78,1,1,1,1,0
45086,4995-43-1,Estradiol phosphate,78,6,6,3,3,0
45103,2870-71-5,Atropine methylbromide,78,2,2,1,1,0
45101,6106-81-6,Scopolamine N-oxide hydrobromide,156,0,0,0,0,0
42465,7722-88-5,Tetrasodium pyrophosphate,78,3,3,2,2,0
47857,68060-64-0,Rolitetracycline hydrochloride,78,0,0,0,0,0
45096,132-17-2,Benztropine methylsulfonate,78,8,2,3,1,2
45094,6266-73-5,Cholic acid piperazine (1:1),78,0,0,0,0,0
45091,129-74-8,Buclizine dihydrochloride,78,6,6,3,3,0
45120,38029-10-6,Pirbuterol hydrochloride,78,0,0,0,0,0
45236,53-84-9,NAD,78,0,0,0,0,0
23085,536-69-6,Fusaric acid,78,0,0,0,0,0
23589,3930-20-9,Sotalol,78,1,1,1,1,0
45180,62613-82-5,4-Hydroxy-2-oxo-1-pyrrolidineacetamide,78,0,0,0,0,0
45203,98631-95-9,Sobuzoxane,78,11,11,3,3,0
22685,61-75-6,Bretylium tosylate,78,0,0,0,0,0
45225,22560-50-5,Clodronic acid disodium salt,78,0,0,0,0,0
45226,85666-17-7,Furegrelate sodium,78,1,1,1,1,0
23658,5591-45-7,Thiothixene,78,18,0,5,0,5
21425,34661-75-1,Urapidil,78,0,0,0,0,0
45222,81801-12-9,Xamoterol,78,0,0,0,0,0
41153,68506-86-5,4-Amino-5-hexenoic acid,78,0,0,0,0,0
22941,4757-55-5,Dimetacrine,78,7,0,3,0,3
41104,609-36-9,DL-Proline,78,0,0,0,0,0
22632,4438-22-6,Atropine N-oxide,78,0,0,0,0,0
45114,1824-50-6,Benzylhydrochlorothiazide,78,0,0,0,0,0
45115,1847-24-1,Floxacillin sodium salt,78,0,0,0,0,0
23593,27007-85-8,Spiclomazine hydrochloride,78,38,3,7,1,6
45144,522-51-0,Dequalinium dichloride,78,13,0,4,0,4
45160,84243-58-3,Imazodan,78,2,2,2,2,0
45150,60940-34-3,Ebselen,78,13,2,4,1,3
45168,23707-33-7,Metrifudil,78,3,3,1,1,0
45216,118409-58-8,Tyrphostin 25,78,11,0,4,0,4
196931,4672-49-5,Ethylene dimethanesulfonate,12,0,0,0,0,0
38338,61949-76-6,(+/-)-cis-Permethrin,12,0,0,0,0,0
41683,2104-96-3,Bromofos,271,38,38,7,7,0
21127,63-92-3,Phenoxybenzamine hydrochloride,546,132,13,11,5,6
24291,13593-03-8,Quinalphos,534,42,9,6,4,2
24772,74-11-3,4-Chlorobenzoic acid,271,1,1,1,1,0
40270,3347-22-6,Dithianon,269,159,18,12,5,7
47569,2443-58-5,2-Hydroxyfluorene,281,63,6,8,3,5
27314,815-17-8,"3,3-Dimethyl-2-oxobutyric acid",268,0,0,0,0,0
47649,122-91-8,4-Methoxybenzyl formate,268,1,1,1,1,0
20296,20265-96-7,4-Chloroaniline hydrochloride,531,24,24,5,5,0
41761,123-03-5,Cetylpyridinium chloride,268,157,21,12,6,6
37571,950-35-6,Methylparaoxon,268,31,8,7,5,2
41617,101-27-9,Barban,268,126,19,8,6,2
35266,20711-10-8,(Z)-Tetradec-11-enyl acetate,268,0,0,0,0,0
34833,15165-79-4,Potassium 1-naphthaleneacetate,268,1,1,1,1,0
44559,26399-36-0,Profluralin,268,16,2,5,1,4
44974,6711-48-4,"N'-[3-(Dimethylamino)propyl]-N,N-dimethylpropane-1,3-diamine",268,2,2,2,2,0
42468,39196-18-4,"3,3-Dimethyl-1-(methylthio)butanone-O-(N-methylcarbamoyl)oxime",283,10,10,6,6,0
37626,90-98-2,"4,4'-Dichlorobenzophenone",268,4,4,2,2,0
32474,1982-49-6,Siduron,268,13,13,4,4,0
40686,22204-53-1,(+)-(S)-Naproxen,268,1,1,1,1,0
41851,1085-98-9,Dichlofluanid,266,138,27,11,7,4
41524,1124-33-0,4-Nitropyridine-1-oxide,266,47,3,7,2,5
44642,30124-94-8,Disperse Red 82,266,50,3,9,2,7
41681,13181-17-4,Bromofenoxim,266,71,9,9,6,3
40283,80-06-8,Chlorfenethol,278,78,7,11,4,7
47183,2224-49-9,Triethanolamine Laurate,266,22,0,6,0,6
42129,100-56-1,Phenylmercuric chloride,266,168,31,12,5,7
47132,505-79-3,3-(Methylthio)propyl isothiocyanate,266,28,5,7,3,4
41977,52756-22-6,Flamprop-isopropyl,266,40,8,7,3,4
44549,13967-50-5,Potassium dicyanoaurate,266,136,35,9,5,4
44613,2094-98-6,"1,1'-Diazene-1,2-diyldicyclohexanecarbonitrile",266,6,6,3,3,0
23775,630-93-3,Diphenylhydantoin sodium,266,6,6,3,3,0
42462,513-92-8,Tetraiodoethene,266,127,18,9,6,3
47530,1244-76-4,Hydroxyzine hydrochloride,266,67,11,9,4,5
42089,765-15-1,Lauryl thiocyanate,266,7,7,3,3,0
37522,10311-84-9,Dialifor,266,42,13,8,6,2
40265,29091-05-2,Dinitramine,266,64,10,10,4,6
29136,101-11-1,3-((Ethylphenylamino)methyl)benzenesulfonic acid,266,3,3,2,2,0
41883,1420-07-1,Dinoterb,266,88,13,9,5,4
44766,10361-79-2,Praseodymium trichloride,3,0,0,0,0,0
29705,7783-28-0,Diammonium hydrogen phosphate,3,0,0,0,0,0
21229,5160-02-1,C.I. Pigment Red 53,3,0,0,0,0,0
20548,2439-10-3,Dodecylguanidine acetate,266,15,0,5,0,5
34672,7553-56-2,Iodine,266,30,3,7,2,5
47766,96-19-5,"1,2,3-Trichloropropene",3,0,0,0,0,0
25553,110-49-6,2-Methoxyethyl acetate,3,0,0,0,0,0
21197,57-57-8,beta-Propiolactone,81,0,0,0,0,0
29668,6484-52-2,Ammonium nitrate,607,16,0,5,0,5
34836,7681-11-0,Potassium iodide,266,3,3,1,1,0
47662,140923-17-7,Iprovalicarb,266,8,8,3,3,0
47498,1162-06-7,Triphenyllead acetate,266,181,38,13,7,6
47003,7778-74-7,Potassium perchlorate,266,1,1,1,1,0
40727,76674-21-0,Flutriafol,266,9,9,3,3,0
41997,67-45-8,Furazolidone,266,22,7,6,4,2
52488,7452-79-1,Ethyl 2-methylbutyrate,3,0,0,0,0,0
44591,1515-72-6,"2-Butyl-1H-isoindole-1,3(2H)-dione",266,7,1,2,1,1
52635,941-98-0,1'-Acetonaphthone,3,0,0,0,0,0
24515,7790-98-9,Ammonium perchlorate,529,1,1,1,1,0
40279,21609-90-5,Leptophos,266,50,10,8,4,4
34875,179101-81-6,Pyridalyl,3,0,0,0,0,0
37478,41814-78-2,"2,7,8,9-Tricyclazole",266,12,12,6,6,0
34857,100646-51-3,Quizalofop-p-ethyl,3,0,0,0,0,0
29317,18479-58-8,"1,1,5-Trimethyl-6-heptenol",266,2,2,2,2,0
52604,89-81-6,Piperitone,3,0,0,0,0,0
51584,1128-08-1,Dihydrojasmone,3,0,0,0,0,0
42039,629-80-1,Hexadecanal,3,0,0,0,0,0
47244,1124-63-6,3-Cyclohexylpropan-1-ol,266,0,0,0,0,0
25264,104-28-9,Cinoxate,188,4,4,3,3,0
42034,13475-82-6,"2,2,4,6,6-Pentamethylheptane",3,0,0,0,0,0
25811,112-62-9,(Z)-9-Octadecenoic acid methyl ester,266,2,2,2,2,0
47176,4994-16-5,4-Phenyl-1-cyclohexene,266,1,1,1,1,0
27049,127-91-3,beta-Pinene,266,0,0,0,0,0
44378,13361-34-7,2-Ethylhexyl cyanoacetate,266,6,6,2,2,0
49684,93-18-5,2-Ethoxynaphthalene,3,0,0,0,0,0
44508,10361-37-2,Barium chloride,266,4,4,1,1,0
21865,29014-71-9,Dibutyl (2E)-but-2-enedioate,3,0,0,0,0,0
41209,138-87-4,beta-Terpineol,266,1,1,1,1,0
44837,1484-84-0,2-Piperidineethanol,266,1,1,1,1,0
26126,2782-91-4,"1,1,3,3-Tetramethyl-2-thiourea",3,1,1,1,1,0
59015,91-01-0,Benzhydrol,3,0,0,0,0,0
200412,524-40-3,Ricinine,3,0,0,0,0,0
47896,36861-47-9,Enzacamene,356,44,5,9,4,5
61315,934-34-9,Benzothiazolone,3,1,1,1,1,0
274236,615-22-5,2-(Methylthio)benzothiazole,3,2,2,2,2,0
274235,13190-34-6,DL-Goitrin,3,1,1,1,1,0
62153,2052-14-4,Butyl salicylate,3,1,1,1,1,0
24467,136-95-8,2-Aminobenzothiazole,266,9,9,5,5,0
274238,626-03-9,"2,4-Dihydroxypyridine",3,0,0,0,0,0
198757,62885-41-0,4-Hydroxy-3-methoxypyridine,3,0,0,0,0,0
228435,7781-98-8,Ethyl 3-hydroxybenzoate,3,0,0,0,0,0
26625,98-55-5,alpha-Terpineol,266,0,0,0,0,0
161811,14173-30-9,3-Hydroxy-2-(hydroxymethyl)pyridine hydrochloride,3,0,0,0,0,0
22923,15307-86-5,Diclofenac,3,0,0,0,0,0
41995,3878-19-1,Fuberidazole,266,24,8,6,4,2
40990,555-60-2,Carbonyl cyanide chlorophenylhydrazone,266,129,41,11,8,3
46989,153-94-6,D-Tryptophan,529,4,4,2,2,0
32751,65558-69-2,"1,3-Diiminobenz(f)isoindoline",266,150,11,11,5,6
23873,631-61-8,Ammonium acetate,3,0,0,0,0,0
44699,598-02-7,Diethyl hydrogen phosphate,3,0,0,0,0,0
23590,110871-86-8,Sparfloxacin,266,2,2,2,2,0
20099,10190-99-5,Sodium aristolochate-I,266,101,21,9,4,5
40147,33286-22-5,Diltiazem hydrochloride,3,0,0,0,0,0
52726,66851-46-5,Mono(3-carboxypropyl)phthalate,3,0,0,0,0,0
52725,65907-30-4,Furathiocarb,3,0,0,0,0,0
52714,5393-19-1,Octyl hydrogen phthalate,3,0,0,0,0,0
52729,7517-36-4,Monocyclohexyl phthalate,3,0,0,0,0,0
46994,2318-25-4,Ethyl 3-ethoxy-3-iminopropionate hydrochloride,266,9,0,3,0,3
20364,50-18-0,Cyclophosphamide,3,0,0,0,0,0
52696,2306-33-4,Monoethyl phthalate,3,0,0,0,0,0
44900,26896-48-0,Tricyclodecanedimethanol,266,10,0,5,0,5
20341,76-57-3,Codeine,266,2,2,2,2,0
58688,1068-22-0,Ammonium diethyl dithiophosphate,3,0,0,0,0,0
51628,123-48-8,"2,2,4,6,6-Pentamethylhept-3-ene",3,0,0,0,0,0
23954,12789-03-6,Technical chlordane,266,125,13,11,5,6
27482,2487-90-3,Trimethoxysilane,3,0,0,0,0,0
45072,6378-25-2,"2,4,5-Trichlorobenzenesulfonic acid",266,9,1,3,1,2
42574,15676-16-1,Sulpiride,266,11,0,4,0,4
31654,101043-37-2,Microcystin LR,3,0,0,0,0,0
24115,64-18-6,Formic acid,3,0,0,0,0,0
34141,102676-47-1,Fadrozole,3,0,0,0,0,0
42090,1541-67-9,Lauryldiethanolamine,266,131,9,10,5,5
42509,83-28-3,"2-Isovaleryl-1,3-indanedione",266,31,2,8,1,7
44623,2478-10-6,4-Hydroxybutyl prop-2-enoate,266,23,5,6,4,2
42084,4849-32-5,"N-(1,1-Dimethylethyl)-, 3-[[(dimethylamino)carbonyl]amino]phenyl ester",266,5,5,5,5,0
35481,3572-06-3,4-[4-(Acetyloxy)phenyl]-2-butanone,266,1,1,1,1,0
47035,3913-81-3,(2E)-2-Decenal,266,11,11,4,4,0
47476,6911-51-9,2-Thienyl disulfide,266,69,18,9,7,2
44322,929-73-7,Dodecylamine hydrochloride,266,132,6,11,3,8
42124,7774-29-0,Mercuric iodide,266,164,31,12,8,4
42260,66246-88-6,Penconazole,266,62,9,7,4,3
41910,17109-49-8,Edifenphos,266,33,33,7,7,0
44893,25354-97-6,2-Hexyldecanoic acid,266,37,3,7,2,5
32421,29457-72-5,Lithium perfluorooctanesulfonate,266,15,1,6,1,5
41619,71626-11-4,Benalaxyl,266,30,4,8,3,5
47568,41394-05-2,Metamitron,266,5,5,4,4,0
44525,122-64-5,Phenylmercuric lactate,266,162,27,12,6,6
41411,96686-51-0,2-Chloro-N-(2-methyl-4-bromophenyl)acetamide,266,128,10,7,5,2
47711,68916-76-7,"Oils, bran",266,7,7,6,6,0
44402,1694-31-1,tert-Butyl 3-oxobutanoate,266,1,1,1,1,0
47242,123333-56-2,"2,4-Diaminoanisole sulfate hydrate (1:1:x)",266,74,7,8,5,3
41600,36001-88-4,Amiprofos-methyl,278,35,35,7,7,0
42123,1600-27-7,Mercury(II) acetate,266,170,15,12,5,7
44982,70693-59-3,2-Amino-N-cyclohexyl-N-methylbenzenesulfonamide,278,22,0,4,0,4
44844,15930-66-2,3-(Octyloxy)propan-1-amine,266,25,7,6,3,3
21148,59-88-1,Phenylhydrazine hydrochloride,792,42,42,7,7,0
40738,113-52-0,Imipramine hydrochloride,266,60,8,9,5,4
44915,32329-20-7,"3-Methyl-3,4-dihydro-2H-1,4-benzoxazine",266,3,3,3,3,0
37553,15457-05-3,Fluorodifen,266,31,1,8,1,7
42441,1918-11-2,Terbucarb,266,5,5,3,3,0
42180,3567-62-2,"N-(3,4-Dichlorophenyl)-N'-methylurea",266,20,20,7,7,0
44585,14663-23-1,Dantrolene sodium,529,59,6,7,3,4
47683,55704-78-4,"2,5-Dimethyl-1,4-dithiane-2,5-diol",266,16,16,8,8,0
24638,2052-07-5,2-Bromobiphenyl,266,6,6,4,4,0
42140,21540-35-2,Methiuron,266,9,9,5,5,0
44589,1501-27-5,5-Methoxy-5-oxopentanoic acid,266,0,0,0,0,0
47108,1679-07-8,Cyclopentanethiol,266,0,0,0,0,0
42137,28730-17-8,Methfuroxam,281,41,1,7,1,6
47512,143983-91-9,Indium(III) chloride hydrate,266,7,7,5,5,0
41778,5836-10-2,Chloropropylate,266,92,9,11,4,7
42261,66063-05-6,Pencycuron,266,63,11,10,4,6
47681,4437-51-8,"3,4-Hexanedione",266,8,8,3,3,0
44388,36768-62-4,"2,2,6,6-Tetramethylpiperidin-4-amine",265,0,0,0,0,0
44405,1937-19-5,Aminoguanidine hydrochloride,265,6,6,4,4,0
44408,2038-03-1,2-Morpholinoethylamine,265,2,2,1,1,0
35186,1193-18-6,3-Methyl-2-cyclohexen-1-one,265,0,0,0,0,0
35206,2179-57-9,Diallyl disulfide,265,7,7,5,5,0
43950,149-45-1,Tiron,265,1,1,1,1,0
47096,142-64-3,Piperazine dihydrochloride,265,1,1,1,1,0
32536,39515-40-7,Cyphenothrin,265,9,9,3,3,0
44980,69852-45-5,3-{[3-(Dimethylamino)propyl]amino}propanenitrile,265,2,2,1,1,0
41451,2495-39-8,"2-Propene-1-sulfonic acid, sodium salt",265,0,0,0,0,0
40295,24579-73-5,Propamocarb,265,2,2,2,2,0
47428,67028-40-4,(4-Methylphenoxy) acetic acid ethyl ester,265,5,5,3,3,0
44931,3775-90-4,2-(tert-Butylamino)ethyl 2-methylprop-2-enoate,265,1,1,1,1,0
44858,18039-42-4,5-Phenyl-1H-tetrazole,265,9,0,3,0,3
42051,93-69-6,1-(o-Tolyl)biguanide,265,2,2,2,2,0
37748,1009-93-4,"2,2,4,4,6,6-Hexamethylcyclotrisilazane",265,4,4,2,2,0
34382,28434-01-7,Bioresmethrin,528,20,20,4,4,0
27084,140-93-2,Proxan-sodium,265,41,4,6,3,3
44565,4246-51-9,"3,3'-[Oxybis(ethane-2,1-diyloxy)]dipropan-1-amine",265,22,2,6,1,5
35592,72269-48-8,(E)-4-Tridecen-l-yl acetate,265,9,9,5,5,0
40735,180-84-7,"1,7-Dioxaspiro[5.5]undecane",265,0,0,0,0,0
35305,56578-18-8,(E)-5-Decen-1-ol,265,6,6,6,6,0
34729,1216-44-0,Methyl 9-hydroxy-9H-fluorene-9-carboxylate,265,5,5,2,2,0
40296,50-31-7,"2,3,6-Trichlorobenzoic acid",265,4,4,3,3,0
47155,138-15-8,L-Glutamic acid hydrochloride,265,5,5,2,2,0
35753,52304-36-6,Ethyl 3-(N-butylacetamido)propionate,265,3,3,2,2,0
35286,33189-72-9,(E)-11-Tetradecenyl acetate,265,5,5,5,5,0
44399,1571-33-1,Phenylphosphonic acid,265,0,0,0,0,0
35620,1196-01-6,"(1S,5S)-4,6,6-Trimethylbicyclo[3.1.1]hept-3-en-2-one",265,1,1,1,1,0
38831,10258-54-5,2-Methoxyethyl cyanoacetate,265,2,2,2,2,0
46051,608-66-2,D-Galactitol,526,0,0,0,0,0
48607,187164-19-8,Luliconazole,431,67,11,8,3,5
23740,42971-09-5,Vinpocetine,356,35,11,9,7,2
46482,112887-68-0,Raltitrexed,356,45,6,5,1,4
40980,179324-69-7,Bortezomib,353,162,67,9,8,1
47843,3810-80-8,Diphenoxylate hydrochloride,353,81,10,8,5,3
22901,1177-87-3,Dexamethasone acetate,353,24,24,5,5,0
23713,635-41-6,Trimetozine,341,0,0,0,0,0
23411,115-33-3,Oxyphenisatin acetate,341,58,2,7,2,5
23660,82-99-5,Thiphenamil,341,40,6,7,3,4
46276,3567-08-6,Glysobuzole,341,3,3,3,3,0
20245,103-03-7,2-Phenylhydrazinecarboxamide,604,14,14,5,5,0
22593,104-06-3,Amithiozone,341,1,1,1,1,0
23122,56-29-1,Hexobarbital,341,0,0,0,0,0
21084,11042-64-1,Gamma-Oryzanol,341,23,23,6,6,0
33989,64092-48-4,Sodium zomepirac,604,7,7,5,5,0
46670,93793-83-0,Roxatidine acetate hydrochloride,341,7,7,5,5,0
46263,119-13-1,D-delta-Tocopherol,341,0,0,0,0,0
45265,80-32-0,Sulfachloropyridazine,341,2,2,2,2,0
25258,1239-45-8,Ethidium bromide,604,237,73,9,6,3
22894,56-47-3,Deoxycorticosterone acetate,290,28,17,5,5,0
23024,965-90-2,Ethylestrenol,290,61,27,8,5,3
46919,212141-54-3,Vatalanib,278,46,9,8,3,5
45601,92953-10-1,Clofilium tosylate,278,49,15,7,5,2
46823,25122-57-0,Clobetasone butyrate,278,27,27,7,7,0
23155,83-73-8,Iodoquinol,278,35,8,6,4,2
45645,518-28-5,Podofilox,541,67,3,8,3,5
30432,2353-33-5,Decitabine,278,7,7,2,2,0
45848,69235-50-3,Acriflavine hydrochloride,278,118,12,11,5,6
45952,119413-54-6,Topotecan hydrochloride,278,91,34,9,4,5
45889,37693-01-9,Clofoctol,278,147,8,10,3,7
45941,61422-45-5,Carmofur,278,31,0,7,0,7
45914,5451-09-2,Aminolevulinic acid hydrochloride,278,3,3,2,2,0
20717,103-16-2,4-(Benzyloxyl)phenol,541,74,0,10,0,10
23333,83919-23-7,Mometasone furoate,278,50,14,8,5,3
46279,26130-02-9,Frentizole,278,46,9,8,4,4
21729,66-76-2,Dicumarol,278,40,7,7,4,3
44758,93957-55-2,Fluvastatin sodium,278,31,9,7,4,3
46017,34140-59-5,Trimebutine maleate,278,24,4,6,2,4
46140,3689-76-7,Chlormidazole,278,44,10,6,5,1
46092,103420-77-5,Devazepide,278,43,6,9,1,8
45359,1553-34-0,Metixene hydrochloride,278,76,6,10,6,4
47776,637-32-1,Proguanil hydrochloride,278,27,5,5,4,1
46908,5817-39-0,"3,3',5'-Triiodo-L-thyronine",278,11,11,4,4,0
40464,114977-28-5,Docetaxel,356,56,34,6,5,1
46602,70-00-8,Trifluridine,278,26,26,4,4,0
43777,1811-28-5,Proflavin hemisulfate,278,119,20,11,6,5
46740,66898-62-2,Talniflumate,278,15,15,8,8,0
45584,42461-84-7,Flunixin meglumine,278,24,2,8,2,6
45626,3440-28-6,Betamipron,278,9,9,2,2,0
22974,152-62-5,Dydrogesterone,278,29,29,6,6,0
23057,50-91-9,Floxuridine,278,39,14,5,4,1
45769,97612-24-3,Eticlopride hydrochloride,434,23,23,5,5,0
41133,149647-78-9,Vorinostat,356,88,30,9,5,4
45930,976-71-6,Canrenone,275,25,25,5,5,0
46024,135046-48-9,Clopidogrel hydrogen sulfate,275,22,22,6,6,0
46460,1310709-74-0,Halometasone hydrate,275,20,20,5,5,0
46094,107724-20-9,Eplerenone,275,4,4,2,2,0
46309,132203-70-4,Cilnidipine,275,62,10,8,5,3
46123,67121-76-0,Fluperlapine,275,21,2,7,2,5
46109,30103-44-7,Bumecaine,275,22,2,3,1,2
46148,71653-63-9,Riodipine,275,20,4,4,2,2
46465,67392-87-4,Drospirenone,275,29,14,6,4,2
23037,107868-30-4,Exemestane,275,21,21,6,6,0
23276,72-63-9,Methandrostenolone,275,27,27,5,5,0
46104,120210-48-2,Tenidap,275,57,11,8,4,4
40750,4419-39-0,Beclomethasone,275,23,23,6,6,0
46067,53-34-9,Fluprednisolone,353,29,29,6,6,0
45896,13609-67-1,Hydrocortisone 17-butyrate,275,15,15,5,5,0
23502,52-21-1,Prednisolone acetate,275,13,13,5,5,0
20796,89226-75-5,Manidipine dihydrochloride,275,66,7,9,3,6
46553,152-43-2,Quinestrol,275,63,14,7,5,2
22724,522-97-4,Canadine,275,26,26,6,6,0
23094,16320-04-0,Gestrinone,275,53,22,6,5,1
23794,434-07-1,Oxymetholone,538,165,42,8,5,3
45646,33564-31-7,Diflorasone diacetate,275,20,20,5,5,0
45676,NOCAS_45676,Loreclezole hydrochloride,275,11,11,4,4,0
40770,6898-97-1,"(Z,E)-Diethylstilbestrol",275,52,10,8,3,5
45306,338-98-7,Isoflupredone acetate,275,16,16,5,5,0
20714,50-23-7,Hydrocortisone,538,26,26,4,4,0
45642,152-58-9,Cortodoxone,275,19,19,4,4,0
46889,1239-29-8,Furazabol,275,67,15,7,3,4
21219,6151-25-3,Quercetin dihydrate,538,93,12,10,6,4
46853,94497-51-5,Tamibarotene,275,33,7,7,4,3
23179,75695-93-1,Isradipine,275,31,5,5,3,2
23669,55142-85-3,Ticlopidine,275,21,21,7,7,0
45365,2135-17-3,Flumethasone,275,17,17,5,5,0
48919,911-65-9,Etonitazene,275,65,12,10,5,5
41827,2759-71-9,Cypromid,275,31,1,6,1,5
48608,9066-59-5,Lysozyme hydrochloride,263,4,4,2,2,0
48606,64808-48-6,Lobenzarit sodium,263,13,0,4,0,4
48603,72590-77-3,Hydrocortisone buteprate,263,7,7,2,2,0
23019,77-67-8,Ethosuximide,263,0,0,0,0,0
22812,77-36-1,Chlorthalidone,263,2,2,2,2,0
46287,127-77-5,Sulfabenz,263,2,2,1,1,0
46286,94-19-9,Sulfaethidole,263,3,3,1,1,0
46285,33743-96-3,Proroxan,263,54,4,8,2,6
46284,4008-48-4,Nitroxoline,263,84,15,8,5,3
46283,21221-18-1,Flazalone,263,21,1,4,1,3
46282,177036-94-1,Ambrisentan,263,2,2,1,1,0
46281,76894-77-4,Dazmegrel,263,5,5,1,1,0
48597,83435-67-0,Delapril hydrochloride,263,19,0,3,0,3
48596,201530-41-8,Deferasirox,263,32,2,8,2,6
48592,113981-44-5,Cefozopran hydrochloride,263,0,0,0,0,0
48591,75498-96-3,Cefminox sodium,263,1,1,1,1,0
48590,111696-23-2,Cefetamet pivoxil HCl,263,4,4,2,2,0
20246,121-59-5,Carbarsone,526,0,0,0,0,0
48623,9002-96-4,Tocophersolan,263,51,6,6,2,4
48892,74341-78-9,"N-Ethyl-alpha-methyl-1,3-benzodioxole-5-ethanamine hydrochloride",263,5,5,2,2,0
48908,509-60-4,Dihydromorphine,263,5,5,4,4,0
48907,795-38-0,Dihydroisocodeine,263,3,3,3,3,0
20478,695-53-4,Dimethadione,526,3,3,3,3,0
23613,651-06-9,Sulfamethoxydiazine,263,1,1,1,1,0
47777,637-58-1,Pramoxine hydrochloride,263,9,9,5,5,0
22681,603-50-9,Bisacodyl,526,93,0,9,0,9
23536,603-00-9,Proxyphylline,263,0,0,0,0,0
22658,91-33-8,Benzthiazide,263,3,3,1,1,0
23591,90-39-1,Sparteine,263,1,1,1,1,0
23460,86-34-0,Phensuximide,263,0,0,0,0,0
45271,85-79-0,Dibucaine,263,30,3,6,2,4
47493,43218-56-0,Midodrine hydrochloride,526,6,6,1,1,0
45373,2773-92-4,Dimethisoquin hydrochloride,263,27,7,8,6,2
45372,2753-45-9,Mebeverine hydrochloride,263,12,3,5,2,3
45342,957-68-6,7-Aminocephalosporanic acid,263,2,2,1,1,0
45341,956-03-6,Meprylcaine hydrochloride,263,4,4,3,3,0
48898,520-52-5,Psilocybin,263,0,0,0,0,0
48877,36415-61-9,Ibogaine hydrochloride (1:x),263,52,6,8,5,3
48869,1892-80-4,Fenethylline hydrochloride,263,13,2,3,1,2
48899,520-53-6,Psilocin,263,34,4,8,3,5
48897,7558-73-8,"N,N-Dipropyltryptamine hydrochloride",263,18,2,6,1,5
48896,68677-26-9,"N,N-Dimethyltryptamine fumarate",263,8,8,5,5,0
48895,NOCAS_48895,"N,N-Diethyltryptamine fumarate",263,12,12,6,6,0
48894,487-93-4,Bufotenine,263,14,2,6,2,4
45382,3963-95-9,Methacycline hydrochloride,263,0,0,0,0,0
23716,3902-71-4,Trioxsalen,263,7,7,3,3,0
23481,3819-00-9,Piperacetazine,263,54,2,9,2,7
48904,1422-07-7,Codeine hydrochloride,263,44,1,7,1,6
23059,2022-85-7,Flucytosine,263,0,0,0,0,0
47781,1986-47-6,Tranylcypromine hydrochloride,263,4,4,1,1,0
31956,1786-81-8,Prilocaine hydrochloride,263,1,1,1,1,0
45361,1649-18-9,Azaperone,263,14,1,7,1,6
45357,1508-76-5,Procyclidine hydrochloride,263,11,2,3,2,1
45351,1220-83-3,Sulfamonomethoxine,263,0,0,0,0,0
47780,1212-72-2,"Benzeneethanamine, N,α,α-trimethyl-, sulfate (2:1)",263,1,1,1,1,0
45376,3160-91-6,Moroxidine hydrochloride,263,0,0,0,0,0
23128,3105-97-3,Hycanthone,263,104,9,9,4,5
45375,3093-35-4,Halcinonide,263,22,10,6,4,2
48883,29705-96-2,"4-Bromo-2,5-dimethoxyamphetamine hydrochloride",263,24,4,4,2,2
48882,50505-92-5,"R-(-)-2,5-Dimethoxy-4-bromoamphetamine hydrochloride",263,23,1,5,1,4
23231,50-37-3,Lysergide,341,36,10,8,5,3
48875,340-57-8,Mecloqualone,263,33,2,5,2,3
48873,20224-45-7,S-(-)-Secobarbital,263,2,2,2,2,0
45371,2668-66-8,Medrysone,263,23,23,6,6,0
45370,2508-79-4,Methyldopate hydrochloride,263,15,1,6,1,5
47782,2508-72-7,Antazoline hydrochloride,263,6,6,4,4,0
23608,2447-57-6,Sulfadoxine,263,6,0,2,0,2
45368,2438-72-4,Bufexamac,263,30,1,5,1,4
45366,2139-47-1,Nifenazone,263,5,5,3,3,0
45364,2062-84-2,Benperidol,263,13,1,5,1,4
45388,5575-21-3,Cefalonium,263,1,1,1,1,0
45386,5072-45-7,cis-Nanophine hydrochloride,263,1,1,1,1,0
45383,4093-35-0,Bromopride,263,5,5,2,2,0
45417,15622-65-8,"Indol-4(5H)-one, 3-ethyl-6,7-dihydro-2-methyl-5-(morpholinomethyl)-, monohydrochloride",263,3,3,1,1,0
45416,15421-84-8,Trapidil,263,2,2,1,1,0
21338,15318-45-3,Thiamphenicol,526,12,12,3,3,0
45413,14984-68-0,Cloperastine hydrochloride,263,34,8,8,4,4
47785,14976-57-9,Clemastine fumarate,263,72,4,11,2,9
45380,3759-92-0,Furaltadone hydrochloride,263,9,9,4,4,0
47784,3717-88-2,Flavoxate hydrochloride,263,8,8,4,4,0
47783,3598-37-6,Acetopromazine maleate,263,16,2,5,2,3
22835,3485-62-9,Clidinium bromide,263,1,1,1,1,0
45377,3416-26-0,Lidoflazine,263,82,3,9,3,6
48902,106133-22-6,1-Benzylpiperazine difumarate,263,1,1,1,1,0
48901,1934-71-0,1-Phenylcyclohexylamine hydrochloride,263,17,0,5,0,5
48900,2426-63-3,"5-Methoxy-N,N-diisopropyltryptamine hydrochloride",263,13,6,7,5,2
48928,60561-17-3,Sufentanil citrate,263,34,6,6,4,2
48927,69049-06-5,Alfentanil hydrochloride,263,4,4,2,2,0
48924,124819-25-6,(-)-Pentazocine succinate,263,22,1,7,1,6
48912,125-79-1,"4-Dimethylamino-2,2-diphenylvaleronitrile",263,22,1,7,1,6
48868,26194-77-4,(S)-(+)-N-Ethylamphetamine hydrochloride,263,1,1,1,1,0
48891,74341-83-6,"N-Hydroxy-3,4-methylenedioxyamphetamine hydrochloride",263,6,6,2,2,0
48886,24973-25-9,"2,5-Dimethoxyamphetamine hydrochloride",263,1,1,1,1,0
48884,50505-88-9,"R-(-)-2,5-Dimethoxy-4-methylamphetamine hydrochloride",263,12,2,5,2,3
20081,57-43-2,Amobarbital,263,0,0,0,0,0
23697,10310-32-4,Tribenoside,263,47,3,8,2,6
23516,6620-60-6,Proglumide,263,0,0,0,0,0
21093,6452-73-9,Oxprenolol hydrochloride,263,4,4,3,3,0
45394,6064-83-1,Salicylic acid dihydrogen phosphate,263,1,1,1,1,0
45393,5987-82-6,Benoxinate hydrochloride,263,14,5,4,2,2
45392,5985-00-2,Hydrocotarnine hydrobromide,263,3,3,1,1,0
45391,5874-97-5,Orciprenaline sulfate,263,5,5,2,2,0
45390,5870-29-1,Cyclopentolate hydrochloride,263,1,1,1,1,0
45389,5728-52-9,Felbinac,263,3,3,3,3,0
41070,24280-93-1,Mycophenolic acid,263,51,6,5,2,3
45444,23964-57-0,Articaine hydrochloride,263,1,1,1,1,0
45441,23327-57-3,Nefopam hydrochloride,263,2,2,2,2,0
45440,23288-49-5,Probucol,263,0,0,0,0,0
45412,14919-77-8,Benserazide hydrochloride,263,9,9,4,4,0
45410,14255-87-9,Parbendazole,263,40,0,7,0,7
45409,13710-19-5,Tolfenamic acid,263,38,1,7,1,6
45407,13171-25-0,Trimetazidine dihydrochloride,263,3,3,2,2,0
45405,10592-13-9,Doxycycline hydrochloride,263,13,13,4,4,0
22690,10457-90-6,Bromperidol,263,33,6,6,3,3
48872,3616-78-2,(-)-Fenfluramine hydrochloride,263,7,7,3,3,0
48871,3239-45-0,Dexfenfluramine hydrochloride,263,7,7,4,4,0
48915,3372-02-9,N-Normorphine hydrochloride,263,9,9,4,4,0
48914,6211-15-0,Morphine sulfate pentahydrate,263,5,5,3,3,0
48933,5156-58-1,Benzyl fentanyl hydrochloride,263,12,1,4,1,3
48930,78995-18-3,(±)-cis-3-Methyl fentanyl hydrochloride,263,48,9,5,4,1
48929,90736-23-5,para-Fluorofentanyl,263,13,2,4,2,2
48922,64-52-8,1-(2-Phenylethyl)-4-phenyl-4-acetoxypiperidine,263,29,5,5,3,2
48921,4968-48-3,1-Methyl-4-phenyl-4-propionoxypiperidine hydrochloride,263,1,1,1,1,0
20771,22071-15-4,Ketoprofen,526,5,5,2,2,0
45429,21736-83-4,Spectinomycin dihydrochloride,263,2,2,1,1,0
23095,21187-98-4,Gliclazide,263,0,0,0,0,0
45425,35898-87-4,Dilazep,263,43,2,8,1,7
45424,19562-30-2,Piromidic acid,263,3,3,1,1,0
23676,19387-91-8,Tinidazole,263,2,2,2,2,0
45422,18694-40-1,Epirizole,263,13,13,5,5,0
45420,16773-42-5,Ornidazole,263,0,0,0,0,0
45419,1944-12-3,Fenoterol hydrobromide,263,8,8,4,4,0
20615,41340-25-4,Etodolac,526,5,5,2,2,0
45469,40828-46-4,Suprofen,263,6,6,5,5,0
45466,37661-08-8,Bacampicillin hydrochloride,263,2,2,1,1,0
23043,36330-85-5,Fenbufen,263,4,4,4,4,0
45435,22881-35-2,Famprofazone,263,26,2,7,2,5
45434,22668-01-5,Etandazole,263,0,0,0,0,0
22932,22494-42-4,Diflunisal,263,16,16,7,7,0
45433,22457-89-2,Benfotiamine,263,4,4,2,2,0
48938,79278-88-9,Thiofentanyl hydrochloride,263,17,2,4,2,2
48937,117332-93-1,Thenylfentanyl hydrochloride,263,20,2,5,2,3
48936,131690-45-4,(±)-cis-3-Methyl thiofentanyl hydrochloride,263,45,8,7,4,3
48935,117332-94-2,alpha-Methyl thiofentanyl hydrochloride,263,28,7,6,5,1
48934,1473-95-6,beta-Hydroxy fentanyl hydrochloride,263,11,1,4,1,3
48890,60676-84-8,"5-Methoxy-3,4-methylenedioxyamphetamine hydrochloride",263,2,2,1,1,0
48888,50505-91-4,"(+)-2,5-Dimethoxy-4-ethylamphetamine hydrochloride",263,17,2,3,1,2
48880,5688-80-2,"3,4,5-Trimethoxyamphetamine hydrochloride",263,3,3,2,2,0
48879,832-92-8,Mescaline hydrochloride,263,3,3,2,2,0
48870,29493-77-4,(+/-)-cis-4-Methylaminorex,263,3,3,3,3,0
48866,72739-14-1,(-)- (S)-Cathinone hydrochloride,341,4,4,2,2,0
46925,6577-41-9,Oxapium iodide,263,16,5,5,2,3
23033,33125-97-2,Etomidate,263,6,6,2,2,0
23665,33005-95-7,Tiaprofenic acid,263,11,11,3,3,0
45452,64872-77-1,Butoconazole nitrate,263,75,13,9,6,3
47786,29560-58-5,Moricizine hydrochloride,263,11,11,4,4,0
44561,31677-93-7,Bupropion hydrochloride,526,11,11,4,4,0
40682,31431-39-7,Mebendazole,263,45,6,9,2,7
45448,30544-47-9,Etofenamate,263,22,0,5,0,5
20777,27912-14-7,Levobunolol hydrochloride,263,2,2,2,2,0
45447,27523-40-6,Isoconazole,263,89,9,9,4,5
23674,26839-75-8,(S)-Timolol,263,2,2,2,2,0
45472,42924-53-8,Nabumetone,263,16,16,5,5,0
23342,42200-33-9,Nadolol,263,0,0,0,0,0
45493,63074-08-8,Terazosin hydrochloride,263,7,7,4,4,0
45492,63245-28-3,Etifenin,263,0,0,0,0,0
44124,61413-54-5,4-(3-Cyclopentyloxy-4-methoxyphenyl)-2-pyrrolidone,263,2,2,2,2,0
45464,36167-63-2,Halofantrine hydrochloride,263,36,3,6,2,4
45462,34552-84-6,Isoxicam,263,3,3,3,3,0
45461,34381-68-5,Acebutolol hydrochloride,263,2,2,1,1,0
45459,33817-20-8,Pivampicillin,263,6,6,5,5,0
23096,33342-05-1,Gliquidone,263,12,12,5,5,0
48920,55096-75-8,L-αlpha-Noracetylmethadol hydrochloride,263,85,7,10,5,5
48918,2922-44-3,Dextromoramide tartrate,263,20,3,3,2,1
48916,53757-34-9,(-)-alpha-Methadol hydrochloride,263,13,2,3,1,2
48910,133005-40-0,(+)-Metazocine fumarate (2:1),263,9,9,3,3,0
23690,56211-40-6,Torsemide,263,3,3,2,2,0
23488,55837-27-9,Piretanide,263,3,3,2,2,0
22640,78110-38-0,Aztreonam,263,1,1,1,1,0
23143,64221-86-9,Imipenem,263,1,1,1,1,0
22984,74011-58-8,Enoxacin,263,0,0,0,0,0
21080,73590-58-6,Omeprazole,526,84,17,7,4,3
23163,73334-07-3,Iopromide,263,0,0,0,0,0
45480,53797-35-6,Ribostamycin sulfate,263,1,1,1,1,0
23479,51940-44-4,Pipemidic acid,263,0,0,0,0,0
45478,51781-21-6,Carteolol hydrochloride,263,0,0,0,0,0
22749,50370-12-2,Cefadroxil,263,1,1,1,1,0
45474,49697-38-3,Rimexolone,263,23,9,6,4,2
40672,43210-67-9,Fenbendazole,541,85,29,9,4,5
46922,35189-28-7,Norgestimate,263,93,27,9,7,2
46914,110221-44-8,Temocapril hydrochloride,263,1,1,1,1,0
46912,89396-94-1,Imidapril hydrochloride,263,0,0,0,0,0
46911,87233-62-3,Emedastine difumarate,263,2,2,2,2,0
46910,27589-33-9,Azosemide,263,9,9,5,5,0
23551,87333-19-5,Ramipril,263,0,0,0,0,0
45519,85798-08-9,Quinpirole hydrochloride,263,3,3,2,2,0
47787,84370-95-6,Clebopride maleate,263,14,3,5,2,3
45490,61318-91-0,Sulconazole nitrate,263,84,8,10,3,7
45488,60200-06-8,Clorsulon,341,1,1,1,1,0
23158,60166-93-0,Iopamidol,263,3,3,2,2,0
45486,59804-37-4,Tenoxicam,263,6,6,4,4,0
45485,59263-76-2,Meptazinol hydrochloride,263,4,4,2,2,0
45484,56391-57-2,Netilmicin sulfate,263,1,1,1,1,0
45513,81110-73-8,Racecadotril,263,6,6,2,2,0
22825,81098-60-4,Cisapride,263,30,9,6,3,3
45511,80474-14-2,Fluticasone propionate,263,15,15,6,6,0
45508,79547-78-7,Levocabastine hydrochloride,263,1,1,1,1,0
45506,78712-43-3,Ozagrel hydrochloride,263,2,2,1,1,0
45533,3200-06-4,Nafronyl oxalate,263,13,2,6,1,5
45531,138890-62-7,Brinzolamide,263,0,0,0,0,0
45530,130693-82-2,Dorzolamide hydrochloride,263,1,1,1,1,0
45527,98079-52-8,Lomefloxacin hydrochloride,341,4,4,2,2,0
45500,73231-34-2,Florfenicol,263,6,6,3,3,0
37680,70458-96-7,Norfloxacin,341,0,0,0,0,0
45497,65513-72-6,Glafenine hydrochloride,263,38,8,7,3,4
45496,65473-14-5,Naftifine hydrochloride,263,39,4,6,3,3
47788,93107-08-5,Ciprofloxacin hydrochloride,263,1,1,1,1,0
45523,92339-11-2,Iodixanol,263,0,0,0,0,0
45522,89796-99-6,Aceclofenac,263,8,8,5,5,0
45521,87771-40-2,Ioversol,263,0,0,0,0,0
46903,804-36-4,Nitrovin,263,154,25,11,5,6
47856,1235-82-1,Biperiden hydrochloride,341,19,3,4,2,2
46896,18917-95-8,"Magnesium, bis(salicylato)-, tetrahydrate",263,2,2,1,1,0
45547,137-88-2,Amprolium hydrochloride,263,1,1,1,1,0
45543,52-88-0,Methylatropine nitrate,263,3,3,2,2,0
45540,71395-14-7,Tocainide hydrochloride,263,14,0,3,0,3
45538,66309-69-1,Cefotiam dihydrochloride,263,1,1,1,1,0
47789,138-92-1,Betazole hydrochloride,263,0,0,0,0,0
41085,82419-36-1,Ofloxacin,263,0,0,0,0,0
45515,81732-46-9,Bambuterol hydrochloride,263,3,3,3,3,0
45514,81403-68-1,Alfuzosin hydrochloride,263,21,0,6,0,6
48582,147816-23-7,Flomox,526,5,5,1,1,0
48581,220620-09-7,Tigecycline,263,3,3,2,2,0
48580,361442-04-8,Saxagliptin,263,1,1,1,1,0
48576,74258-86-9,Alacepril,263,0,0,0,0,0
46888,16506-27-7,Bendamustine,263,16,16,5,5,0
46887,55870-64-9,Pentisomicin,263,2,2,2,2,0
20809,19767-45-4,Sodium 2-mercaptoethanesulfonate,526,2,2,1,1,0
46882,443-79-8,DL-Isoleucine,263,0,0,0,0,0
21958,118-61-6,Ethyl salicylate,341,0,0,0,0,0
45560,4330-99-8,Trimeprazine tartrate,263,47,6,9,5,4
45558,2347-80-0,Thioproperazine dimethanesulfonate,263,67,4,10,4,6
45526,96036-03-2,Meropenem,448,1,1,1,1,0
22629,95233-18-4,Atovaquone,263,42,16,5,5,0
40675,93479-97-1,Glimepiride,263,5,5,3,3,0
45534,3385-03-3,Flunisolide,263,10,10,5,5,0
46892,752-56-7,Riboflavin tetrabutyrate,263,65,2,11,2,9
46891,78266-06-5,Mebrofenin,263,0,0,0,0,0
21397,112665-43-7,"(+-)-7-(3,5,6-trimethyl-1,4-benzoquinon-2-yl)-7-phenylheptanoic acid",263,12,0,5,0,5
46890,67-16-3,Thiamine disulfide,263,2,2,2,2,0
37246,1115-70-4,Metformin hydrochloride,263,6,6,4,4,0
45348,1104-22-9,Meclozine dihydrochloride,263,24,5,7,3,4
45347,1094-08-2,Ethopropazine hydrochloride,263,13,13,7,7,0
45346,1084-65-7,Meticrane,263,2,2,1,1,0
45345,1070-11-7,Ethambutol dihydrochloride,263,0,0,0,0,0
47779,985-13-7,Ethaverine hydrochloride,263,49,4,8,4,4
45343,965-52-6,Nifuroxazide,263,66,12,7,5,2
45321,532-76-3,Hexylcaine hydrochloride,263,1,1,1,1,0
45320,532-59-2,Amylocaine hydrochloride,263,1,1,1,1,0
45556,1949-20-8,Oxalamine citrate,263,4,4,3,3,0
45555,1642-54-2,Diethylcarbamazine citrate,263,10,10,5,5,0
23386,1476-53-5,Novobiocin sodium,263,2,2,2,2,0
45551,642-78-4,Cloxacillin sodium,263,1,1,1,1,0
37649,138-14-7,Deferoxamine mesylate,263,6,6,4,4,0
45007,98-72-6,Nitarsone,526,5,5,2,2,0
22944,7601-55-0,Metocurine iodide,263,3,3,1,1,0
45574,24356-60-3,Cephapirin sodium,263,3,3,1,1,0
45572,7421-40-1,Carbenoxolone sodium,263,5,5,5,5,0
45570,7177-50-6,Nafcillin sodium monohydrate,263,4,4,4,4,0
45567,6385-02-0,"Sodium 2-((2,6-dichloro-3-methylphenyl)amino)benzoate",263,27,27,6,6,0
45565,6151-30-0,Quinacrine dihydrochloride dihydrate,263,113,5,11,3,8
20543,68-89-3,Dipyrone,526,5,5,3,3,0
45536,3737-09-5,Disopyramide,263,5,5,4,4,0
45597,74103-07-4,Ketorolac tromethamine,341,6,6,5,5,0
45595,64953-12-4,Moxalactam disodium,263,0,0,0,0,0
45562,5560-59-8,Alverine citrate,263,19,5,6,3,3
46864,62288-83-9,Desmopressin acetate,263,1,1,1,1,0
46861,143322-58-1,Eletriptan,263,12,12,6,6,0
46851,18507-89-6,Decoquinate,263,0,0,0,0,0
46850,57470-78-7,Celiprolol hydrochloride,263,1,1,1,1,0
46847,54556-98-8,Propiverine hydrochloride,263,41,4,7,2,5
46842,121032-29-9,Nelarabine,263,7,0,3,0,3
45590,56796-39-5,Cefmetazole sodium,263,1,1,1,1,0
37248,56392-17-7,Metoprolol tartrate,341,1,1,1,1,0
45588,54856-23-4,Betahistine mesylate,263,0,0,0,0,0
45587,71720-56-4,Fenoprofen calcium salt dihydrate,263,3,3,3,3,0
45583,41621-49-2,Ciclopirox olamine,263,64,9,8,2,6
45580,33402-03-8,Metaraminol bitartrate,263,1,1,1,1,0
45611,29617-43-4,"(1S,9R)-beta-Hydrastine",263,16,0,4,0,4
40236,501-30-4,Kojic acid,341,0,0,0,0,0
45607,27848-84-6,Nicergoline,263,27,6,6,3,3
45578,207801-27-2,Yohimbic acid monohydrate,263,1,1,1,1,0
45576,26159-34-2,Naproxen sodium,263,2,2,1,1,0
45575,26155-31-7,Morantel tartrate,263,6,6,3,3,0
46831,676-46-0,Disodium 2-hydroxybutanedioate,263,4,4,3,3,0
46828,1198-77-2,Monosodium urate,263,0,0,0,0,0
46821,3238-60-6,dl-Coniine,263,1,1,1,1,0
46820,6114-21-2,"Ethyl 9,12-octadecadienoic acid (9E,12E)",263,18,0,6,0,6
46817,145858-50-0,Liarozole hydrochloride,263,16,16,5,5,0
21424,66-22-8,Uracil,526,0,0,0,0,0
45600,83915-83-7,Lisinopril dihydrate,263,0,0,0,0,0
45598,77883-43-3,Doxazosin mesylate,263,23,0,5,0,5
45619,93106-60-6,Enrofloxacin,263,0,0,0,0,0
45618,72599-27-0,Miglustat,263,1,1,1,1,0
45594,64490-92-2,Tolmetin sodium dihydrate,263,14,5,6,4,2
45591,56974-61-9,Gabexate mesilate,263,4,4,3,3,0
46813,25875-51-8,Robenidine,263,86,4,8,3,5
46810,152946-68-4,Nolatrexed dihydrochloride,263,38,9,5,4,1
46804,77469-98-8,Pimobendan hydrochloride,263,45,3,7,3,4
46803,56741-95-8,Bropirimine,263,1,1,1,1,0
46799,103766-25-2,Gimeracil,263,0,0,0,0,0
40583,66104-23-2,Pergolide methanesulfonate,263,7,7,4,4,0
46772,99755-59-6,Rotigotine,263,40,3,10,2,8
45633,57524-89-7,Hydrocortisone valerate,263,15,15,4,4,0
45632,50-10-2,Oxyphenonium bromide,263,4,4,2,2,0
23283,57432-61-8,Methergine,263,4,4,2,2,0
42584,17692-51-2,"(+)-N-(Carboxy)-1-methyl-9,10-dihydrolysergamine benzyl ester",263,41,5,8,4,4
20557,476-66-4,Ellagic acid,263,2,2,2,2,0
46798,54240-36-7,Mabuterol hydrochloride,263,13,3,3,1,2
23672,35035-05-3,Timepidium bromide,263,9,9,4,4,0
46792,364782-34-3,Cinacalcet hydrochloride,263,151,7,11,3,8
45003,94055-76-2,Suplatast tosylate,263,1,1,1,1,0
47849,122111-03-9,"2'-Deoxy-2',2'-difluorocytidine monohydrochloride",263,30,19,4,4,0
40705,132-60-5,Cinchophen,526,9,9,4,4,0
45623,42835-25-6,Flumequine,263,0,0,0,0,0
44002,54739-18-3,Fluvoxamine,263,38,5,8,1,7
23188,74050-98-9,Ketanserin,263,12,1,5,1,4
40948,1716-12-7,Sodium 4-phenylbutyrate,263,2,2,2,2,0
45616,52468-60-7,Flunarizine,263,61,4,7,3,4
45615,105628-07-7,Fasudil hydrochloride,263,21,2,5,1,4
23426,70-70-2,Paroxypropione,263,2,2,2,2,0
45614,511-12-6,Dihydroergotamine,263,36,4,7,2,5
46786,171596-29-5,Tadalafil,263,8,8,4,4,0
22892,136817-59-9,Delavirdine,263,11,11,4,4,0
46780,133099-07-7,Darifenacin hydrobromide,263,27,1,5,1,4
47848,161735-79-1,Rasagiline mesylate,263,2,2,1,1,0
23180,84625-61-6,Itraconazole,263,39,7,6,4,2
46770,57653-26-6,"N-(3-Chlorophenyl)-N'-(4,5-dihydro-1-methyl-4-oxo-1H-imidazol-2-yl)urea",341,9,9,4,4,0
46768,2217-44-9,Iodophthalein sodium,263,33,0,7,0,7
46767,90162-60-0,Isbufylline,263,1,1,1,1,0
47846,59467-96-8,Midazolam hydrochloride,263,19,19,6,6,0
22576,23930-19-0,Alphaxalone,263,10,10,3,3,0
45631,60628-96-8,Bifonazole,263,79,15,9,5,4
23021,452-35-7,Ethoxzolamide,263,10,10,4,4,0
45625,20559-55-1,Oxibendazole,263,30,0,7,0,7
45624,17692-31-8,Dropropizine,263,1,1,1,1,0
45307,356-12-7,Fluocinonide,263,15,11,5,5,0
23347,55096-26-9,Nalmefene,263,2,2,2,2,0
22982,75847-73-3,Enalapril,263,0,0,0,0,0
22980,483-18-1,Emetine,263,81,21,8,4,4
22940,42399-41-7,(+)-Diltiazem,263,24,1,5,1,4
22883,20830-81-3,Daunorubicin,263,114,46,10,6,4
23307,361-37-5,Methysergide,263,13,13,5,5,0
47790,1176-08-5,Phenyltoloxamine citrate,263,17,3,6,2,4
45640,14007-64-8,Butetamate,263,3,3,2,2,0
45638,54767-75-8,Suloctidil,263,151,6,10,3,7
45636,13739-02-1,Diacerein,263,16,0,4,0,4
45635,848-53-3,Homochlorcyclizine,263,77,4,9,3,6
20274,302-22-7,Chlormadinone acetate,526,97,30,10,6,4
22748,53994-73-3,Cefaclor,263,0,0,0,0,0
22635,2169-64-4,6-Azaribine,263,38,6,6,3,3
20021,616-91-1,N-Acetyl-L-cysteine,526,5,5,4,4,0
23853,62476-59-9,Acifluorfen sodium,526,5,5,2,2,0
48941,230615-23-3,Varenicline dihydrochloride,263,5,5,2,2,0
48932,1443-44-3,alpha-Methylfentanyl hydrochloride,263,5,5,2,2,0
48905,53152-21-9,Buprenorphine hydrochloride,263,150,7,11,5,6
23568,751-97-3,Rolitetracycline,263,1,1,1,1,0
22868,742-20-1,Cyclopenthiazide,263,5,5,3,3,0
26064,723-46-6,Sulfamethoxazole,526,1,1,1,1,0
22975,479-18-5,Dyphylline,263,0,0,0,0,0
45310,467-55-0,(+)-Hecogenin,263,0,0,0,0,0
23532,466-06-8,Proscillaridin,263,77,0,8,0,8
45663,90293-01-9,Bifemelane,263,59,7,11,4,7
45662,156727-74-1,"4-[(R)-[(2S,5R)-2,5-Dimethyl-4-(2-propen-1-yl)-1-piperazinyl](3-methoxyphenyl)methyl]-N,N-diethylbenzamide",263,24,3,6,2,4
22558,58-61-7,Adenosine,263,3,3,2,2,0
45647,382-67-2,Desoximetasone,263,19,19,6,6,0
21162,92-13-7,Pilocarpine,263,1,1,1,1,0
46756,638-94-8,Desonide,263,12,12,5,5,0
46755,72496-41-4,Pirarubicin,263,107,22,11,5,6
23497,52549-17-4,Pranoprofen,263,1,1,1,1,0
47844,56839-43-1,Eperisone hydrochloride,263,13,13,6,6,0
44000,20229-30-5,Metitepine,263,89,6,10,4,6
45656,23210-56-2,Ifenprodil,263,10,10,4,4,0
42579,510-74-7,AMI-193,263,59,13,10,7,3
46739,103878-83-7,Lazabemide hydrochloride,263,2,2,1,1,0
46738,136381-85-6,Lintitript,263,25,25,7,7,0
45655,51411-04-2,Alrestatin,263,3,3,3,3,0
45654,70788-28-2,Flurofamide,263,4,4,3,3,0
45653,1166-34-3,Cinanserin,263,21,1,4,1,3
22734,77-23-6,Carbetapentane,263,18,5,4,2,2
45652,54239-37-1,Cimaterol,263,4,4,2,2,0
45651,123040-69-7,Azasetron,263,9,9,6,6,0
40526,487-79-6,Kainic acid,263,12,12,3,3,0
45649,338-69-2,D-Alanine,263,2,2,2,2,0
45648,38090-53-8,(E)-4-amino-2-butenoic acid,263,3,3,2,2,0
42583,23672-07-3,N-{[(2S)-1-Ethylpyrrolidin-2-yl]methyl}-2-methoxy-5-sulfamoylbenzamide,263,1,1,1,1,0
45666,5051-62-7,Guanabenz,263,30,0,5,0,5
22842,533-45-9,Clomethiazole,263,0,0,0,0,0
21179,6673-35-4,Practolol,263,8,0,5,0,5
21193,54-80-8,Pronethalol,263,7,7,3,3,0
45668,80125-14-0,Remoxipride,263,2,2,1,1,0
45690,98769-84-7,Reboxetine mesylate,263,11,2,3,1,2
45688,95847-70-4,Ipsapirone,263,4,4,3,3,0
45687,84225-95-6,Raclopride,263,3,3,2,2,0
45661,98774-23-3,Tesmilifene,263,33,5,8,3,5
45660,207572-66-5,Pirlindole mesylate,263,14,1,4,1,3
45659,98330-05-3,Anpirtoline,263,2,2,2,2,0
40540,50903-99-6,L-Nitroarginine methyl ester,263,0,0,0,0,0
23718,486-12-4,Triprolidine,263,9,9,7,7,0
46748,121288-39-9,Loxoribine,263,1,1,1,1,0
44267,82586-52-5,Moexipril hydrochloride,263,4,4,3,3,0
22719,81409-90-7,Cabergoline,263,12,2,4,1,3
46744,71119-11-4,Bucindolol,263,30,2,5,2,3
46743,127625-29-0,Fananserin,263,25,25,6,6,0
46742,41575-94-4,Carboplatin,263,8,8,5,5,0
23298,3575-80-2,Methylperone,263,5,5,3,3,0
45700,668-94-0,"4,5-Diphenylimidazole",263,22,22,5,5,0
45698,29876-14-0,Nicotredole,263,10,10,3,3,0
21096,102-77-2,N-Oxydiethylene-2-benzothiazylsulfenamide,263,12,12,5,5,0
45697,2901-75-9,Afalanine,263,0,0,0,0,0
45695,21434-91-3,Capobenic acid,263,0,0,0,0,0
45677,94535-50-9,Levcromakalim,341,0,0,0,0,0
42602,162408-66-4,GR 103691,263,17,0,5,0,5
45674,102394-31-0,AF-DX 116,263,3,3,2,2,0
45673,72332-33-3,Procaterol,263,6,6,3,3,0
45670,160415-07-6,SCH 50911,263,0,0,0,0,0
45669,58493-49-5,(Z)-N-[(4-Hydroxy-3-methoxyphenyl)methyl]octadec-9-enamide,263,44,7,7,2,5
45710,27511-99-5,Eterobarb,263,3,3,2,2,0
45709,106017-08-7,Rufloxacin hydrochloride,263,5,5,3,3,0
42592,1135280-78-2,Altanserin hydrochloride,263,50,8,9,3,6
45686,99617-34-2,Zacopride hydrochloride,263,3,3,2,2,0
45685,72420-38-3,Acifran,263,0,0,0,0,0
45683,111686-79-4,Remacemide hydrochloride,263,8,8,4,4,0
43895,112192-04-8,Roxindole,263,30,7,7,5,2
45682,85371-64-8,Pinacidil monohydrate,263,5,5,2,2,0
48161,75859-03-9,Rimcazole dihydrochloride,263,89,5,11,4,7
45680,84088-42-6,Roquinimex,263,1,1,1,1,0
45702,1027-14-1,Trimecaine monohydrochloride,263,2,2,2,2,0
45701,147059-75-4,Trovafloxacin mesylate,263,39,1,5,1,4
46715,54-96-6,"3,4-Diaminopyridine",263,1,1,1,1,0
46714,79660-72-3,Fleroxacin,263,0,0,0,0,0
20804,148-82-3,Melphalan,526,95,16,9,3,6
32005,65646-68-6,4-Hydroxyphenyl retinamide,526,259,29,13,5,8
40554,71320-77-9,Moclobemide,341,6,6,3,3,0
45692,65141-46-0,Nicorandil,263,1,1,1,1,0
22614,58-00-4,Apomorphine,263,73,4,8,3,5
46734,118499-70-0,Ipidacrine hydrochloride hydrate,263,6,6,2,2,0
46727,201677-61-4,Sivelestat sodium tetrahydrate,263,5,5,4,4,0
46726,33237-74-0,Aprindine hydrochloride,263,73,11,9,6,3
46725,58579-51-4,Anagrelide hydrochloride,341,7,7,4,4,0
46724,90494-79-4,Xaliproden hydrochloride,263,14,14,7,7,0
46721,3735-85-1,Mefeserpine,263,15,15,5,5,0
47842,115964-29-9,Tosufloxacin toluenesulfonic acid,263,18,18,4,4,0
46697,127045-41-4,Pazufloxacin,263,0,0,0,0,0
24392,556-08-1,Acedoben,526,1,1,1,1,0
32627,40596-69-8,Methoprene,526,17,17,5,5,0
33757,55981-09-4,Nitazoxanide,526,182,30,10,8,2
20358,7585-39-9,beta-Cyclodextrin,526,8,0,4,0,4
45707,35944-74-2,Metomidate hydrochloride,263,4,4,1,1,0
45705,54188-38-4,Metralindole,263,5,5,3,3,0
41047,99011-02-6,Imiquimod,263,12,1,4,1,3
45704,112811-59-3,Gatifloxacin,263,1,1,1,1,0
31797,129618-40-2,Nevirapine,526,6,6,3,3,0
44768,10381-75-6,8-Bromotheophylline,263,3,3,2,2,0
20238,59721-29-8,Camostat mesylate,263,1,1,1,1,0
46691,118292-40-3,Tazarotene,263,37,5,7,3,4
46690,78613-35-1,Amorolfine,263,52,6,8,3,5
46689,6981-18-6,Ormetoprim,263,6,6,2,2,0
46688,32266-10-7,Hexoprenaline sulfate,263,18,3,5,2,3
46687,113712-98-4,Tenatoprazole,263,16,16,5,5,0
46685,116649-85-5,Ramatroban,263,2,2,1,1,0
46706,1188-38-1,N-Carbamyl-L-glutamic acid,263,2,2,1,1,0
46705,666-99-9,Agaric acid,263,55,1,8,1,7
21775,83-34-1,3-Methylindole,263,1,1,1,1,0
46699,6933-90-0,Clorprenaline hydrochloride,263,1,1,1,1,0
46698,120011-70-3,Donepezil hydrochloride,263,19,7,5,2,3
23427,2152-34-3,Pemoline,263,0,0,0,0,0
46678,148016-81-3,Doripenem,263,5,5,3,3,0
46677,23182-46-9,Pipethanate ethylbromide,263,6,6,4,4,0
46675,231277-92-2,Lapatinib,263,81,6,9,4,5
46673,188627-80-7,Eptifibatide,263,4,4,2,2,0
23036,54350-48-0,Etretinate,263,39,39,6,6,0
46696,1193386-64-9,Vardenafil citrate,263,3,3,2,2,0
46695,127294-70-6,Balofloxacin,263,1,1,1,1,0
47840,129101-54-8,Rivastigmine tartrate,263,9,9,5,5,0
46693,122892-31-3,Itopride hydrochloride,263,3,3,1,1,0
44208,122852-69-1,Alosetron hydrochloride,263,6,6,3,3,0
46692,161967-81-3,Grepafloxacin hydrochloride,263,1,1,1,1,0
26067,144-83-2,Sulfapyridine,263,1,1,1,1,0
23615,144-82-1,Sulfamethizole,526,4,4,1,1,0
45297,141-94-6,Hexetidine,263,50,2,7,2,5
45296,138-37-4,Mafenide hydrochloride,263,0,0,0,0,0
23132,135-09-1,Hydroflumethiazide,263,2,2,2,2,0
22609,521-17-5,Androstenediol,263,11,11,4,4,0
46665,132866-11-6,Lercanidipine hydrochloride,263,50,9,9,4,5
46663,82186-77-4,Lumefantrine,263,54,2,7,2,5
46662,135159-51-2,Sarpogrelate hydrochloride,263,31,1,5,1,4
47839,475207-59-1,Sorafenib tosylate,263,103,16,9,5,4
25371,151-67-7,Halothane,526,1,1,1,1,0
33468,538-71-6,Domiphen bromide,526,269,24,12,4,8
47775,581-88-4,Debrisoquin sulfate,263,1,1,1,1,0
45328,579-56-6,Isoxsuprine hydrochloride,263,7,7,4,4,0
47774,554-92-7,Trimethobenzamide hydrochloride,263,5,5,2,2,0
45326,553-08-2,Thonzonium bromide,263,95,10,10,3,7
22973,548-73-2,Droperidol,263,19,3,4,3,1
45324,537-12-2,Diperodon hydrochloride,263,30,4,6,3,3
45323,536-43-6,Dyclonine hydrochloride,263,52,5,7,2,5
45300,149-16-6,Butacaine,263,7,7,4,4,0
25085,108-18-9,Diisopropylamine,526,2,2,2,2,0
25437,4350-09-8,L-5-Hydroxytryptophan,526,11,11,3,3,0
26018,22888-70-6,Silybin,526,67,4,9,2,7
20650,149-91-7,Gallic acid,526,43,4,7,2,5
47838,134-80-5,Diethylpropion hydrochloride,263,1,1,1,1,0
22725,139481-59-7,Candesartan,263,34,9,7,5,2
46652,33490-33-4,Capreomycin IB,341,1,1,1,1,0
22595,68302-57-8,Amlenanox,263,21,21,6,6,0
46651,532-11-6,Anethole trithione,263,29,4,7,2,5
22649,5003-48-5,Benorylate,263,5,5,3,3,0
23736,50700-72-6,Vecuronium bromide,263,5,5,2,2,0
23222,13010-47-4,Lomustine,263,0,0,0,0,0
46648,112965-21-6,Calcipotriene,263,93,15,8,4,4
20146,120-78-5,"2,2'-Dithiobisbenzothiazole",263,8,8,4,4,0
25370,80-13-7,Halazone,526,20,0,6,0,6
20120,123524-52-7,Azelnidipine,263,139,12,11,5,6
46623,100299-08-9,Pemirolast potassium,263,1,1,1,1,0
46619,65899-73-2,Tioconazole,263,105,13,10,6,4
20094,118-92-3,Anthranilic acid,526,2,2,1,1,0
46644,23255-99-4,Bendazac sodium,263,1,1,1,1,0
47837,113-07-5,Doxapram hydrochloride,263,5,5,3,3,0
46641,3286-46-2,Bisibutiamine,263,7,7,4,4,0
46640,81872-10-8,Zofenopril,263,0,0,0,0,0
46639,88069-67-4,Pilsicainide,263,9,1,3,1,2
46638,30299-08-2,Clinofibrate,263,0,0,0,0,0
46634,41826-92-0,Trepibutone,263,5,5,4,4,0
46633,59-58-5,Prosultiamine,263,41,3,6,2,4
23313,135-07-9,Methyclothiazide,263,7,7,4,4,0
20328,117-10-2,Danthron,526,17,17,6,6,0
25814,65-86-1,Orotic acid,526,10,10,5,5,0
20581,938-73-8,2-Ethoxybenzamide,526,19,1,5,1,4
22543,103-84-4,N-Acetylaminobenzene,526,0,0,0,0,0
20696,628-02-4,Hexanamide,526,2,2,2,2,0
46631,10402-53-6,Eprazinone dihydrochloride,263,15,15,6,6,0
46628,106463-17-6,Tamsulosin hydrochloride,263,10,10,6,6,0
23496,104632-26-0,Pramipexole,263,4,4,2,2,0
23724,10405-02-4,Trospium chloride,263,2,2,1,1,0
21223,132907-72-3,Ramosetron hydrochloride,263,15,2,6,2,4
23702,112-24-3,"N1,N2-Bis(2-aminoethyl)-1,2-ethanediamine",526,4,4,2,2,0
20810,50-44-2,6-Mercaptopurine,526,96,2,7,1,6
20086,104-46-1,Anethole,526,5,5,2,2,0
22089,621-42-1,3-Acetamidophenol,526,0,0,0,0,0
24449,109-57-9,Allylthiourea,526,7,7,2,2,0
46589,50865-01-5,Protoporphyrin disodium,263,26,6,7,4,3
44280,130-95-0,Quinine,263,8,8,4,4,0
45741,76541-72-5,Mifobate,263,0,0,0,0,0
25866,132-20-7,Pheniramine maleate,526,4,4,2,2,0
25299,6197-30-4,"2-Ethylhexyl-2-cyano-3,3-diphenylacrylate",526,54,20,7,4,3
43714,85622-93-1,Temozolomide,263,1,1,1,1,0
47835,125-86-0,Caramiphen edisylate,263,7,7,3,3,0
46610,135729-62-3,Palonosetron hydrochloride,263,24,2,4,1,3
20369,4342-03-4,Dacarbazine,526,7,7,3,3,0
25757,55-86-7,Nitrogen mustard hydrochloride,526,171,22,10,7,3
45735,1343-78-8,Cochineal,263,29,0,7,0,7
46580,21245-01-2,Padimate,263,14,14,4,4,0
46579,25526-93-6,Alovudine,263,2,2,2,2,0
46576,605-91-4,Carbocyanine,263,134,17,12,4,8
45748,34118-92-8,Acecainide hydrochloride,263,1,1,1,1,0
46606,147228-81-7,Benzyldimethyltetradecylammonium chloride dihydrate,263,102,12,12,5,7
46604,55750-06-6,Imidocarb dipropionate,263,8,8,4,4,0
47833,26786-32-3,Lofepramine hydrochloride,263,28,1,6,1,5
40662,57808-65-8,Closantel,263,69,13,8,5,3
46600,115550-35-1,Marbofloxacin,263,1,1,1,1,0
46599,91296-86-5,Difloxacin hydrochloride,263,7,7,3,3,0
46594,41468-25-1,Pyridoxal 5'-phosphate monohydrate,263,1,1,1,1,0
44247,585-86-4,Lactitol,263,6,6,3,3,0
39721,3055-99-0,Polyoxyethylene (9) lauryl ether,263,116,12,9,4,5
46591,905-97-5,"3,3'-Diethylthiacarbocyanine iodide",263,122,19,11,2,9
34540,52508-35-7,Dikegulac sodium,263,0,0,0,0,0
45745,91940-87-3,Zatebradine hydrochloride,263,4,4,4,4,0
45744,119431-25-3,Eliprodil,263,42,5,7,3,4
43892,98323-83-2,Carmoxirole,263,1,1,1,1,0
45743,35943-35-2,Tricirbine,263,32,7,6,3,3
45742,128312-51-6,Cinalukast,263,22,0,7,0,7
45763,1421-65-4,"L-3,4-Dihydroxyphenylalanine methyl ester hydrochloride",263,11,0,4,0,4
45762,137160-11-3,Aptiganel hydrochloride,263,16,1,4,1,3
50423,30964-13-7,"1,5-Dicaffeoylquinic acid",263,6,6,3,3,0
46585,3753-81-9,"1,3-Bis(4-carboxyphenoxy)propane",263,1,1,1,1,0
46584,2037-95-8,Carsalam,263,0,0,0,0,0
38852,27503-81-7,Ensulizole,526,61,3,3,2,1
46570,22994-85-0,Benznidazole,263,0,0,0,0,0
46569,6968-72-5,Mepiroxol,263,1,1,1,1,0
46565,84392-17-6,Xenalipin,263,6,6,3,3,0
46563,3412-76-8,"1,2-Ethanediamine, N1,N2-bis(phenylmethyl)-, hydrochloride (1:2)",263,8,8,5,5,0
46561,79467-22-4,Bipenamol,263,8,8,2,2,0
43761,587-90-6,"4,4'-Dinitrodiphenylurea",263,29,10,5,3,2
47797,57852-57-0,Idarubicin hydrochloride,263,113,45,11,6,5
35138,98-50-0,(4-Aminophenyl)arsonic acid,526,2,2,2,2,0
22586,37517-28-5,Amikacin,263,1,1,1,1,0
40243,79559-97-0,Sertraline hydrochloride,263,102,5,11,3,8
45746,150375-75-0,Relcovaptan,263,9,1,3,1,2
43814,112108-01-7,Ecopipam,263,26,3,5,2,3
22947,363-24-6,Dinoprostone,263,11,11,5,5,0
45765,96020-91-6,Eflornithine hydrochloride monohydrate,263,0,0,0,0,0
23315,672-87-7,Metyrosine,263,0,0,0,0,0
45783,5370-01-4,"1-Methyl-2-(2,6-xylyloxy)ethylammonium chloride",263,2,2,1,1,0
45781,2551-76-0,Stilonium iodide,341,47,10,6,1,5
45779,156-57-0,Cysteamine hydrochloride,263,0,0,0,0,0
44204,116666-63-8,Mibefradil dihydrochloride,263,135,8,11,4,7
45778,17780-75-5,"N-Methyl-N-propargyl-3-(2,4-dichlorophenoxy)propylamine hydrochloride",263,17,17,6,6,0
45777,50924-49-7,5-Hydroxy-1-beta-D-ribofuranosylimidazole-4-carboxamide,263,10,0,1,0,1
45756,36067-72-8,Azepexole hydrochloride,263,1,1,1,1,0
45753,56715-13-0,R-(+)-Atenolol,263,0,0,0,0,0
45752,909-39-7,Opipramol dihydrochloride,341,34,4,5,2,3
45750,75529-73-6,Amperozide hydrochloride,263,57,3,8,3,5
46572,140-87-4,Cyacetacide,263,1,1,1,1,0
46558,615-74-7,2-Chloro-5-methylphenol,263,2,2,1,1,0
41852,116-52-9,Dichloralurea,263,0,0,0,0,0
46555,38083-17-9,Climbazole,263,19,19,5,5,0
41080,150824-47-8,(E)-Nitenpyram,263,0,0,0,0,0
48383,502-54-5,"2,3-Dihydroxypropyl octanoate",263,6,0,1,0,1
45798,94749-08-3,Salmeterol xinafoate,263,60,13,7,5,2
23603,71-27-2,Succinylcholine chloride,263,0,0,0,0,0
45771,75507-68-5,Flupirtine maleate,341,17,17,6,6,0
22967,3094-09-5,Doxifluridine,263,22,22,4,4,0
45770,5053-08-7,Fenspiride hydrochloride,263,4,4,3,3,0
45768,15639-50-6,Safingol,263,25,1,2,1,1
45767,35838-58-5,Etazolate hydrochloride,263,10,10,4,4,0
23385,128-62-1,Noscapine,263,28,5,5,2,3
23612,127-79-7,Sulfamerazine,263,0,0,0,0,0
45287,127-71-9,Sulfabenzamide,263,2,2,1,1,0
25818,126-27-2,Oxethazaine,263,39,4,6,3,3
45813,119615-63-3,Olprinone hydrochloride,263,0,0,0,0,0
45812,64887-14-5,Urapidil hydrochloride,263,1,1,1,1,0
45811,104076-39-3,Zolantidine dimaleate,263,48,3,7,2,5
45810,2062-77-3,Trifluperidol hydrochloride,263,21,2,5,2,3
45807,4272-74-6,N-alpha-p-Tosyl-L-lysine chloromethyl ketone hydrochloride,263,32,0,7,0,7
45806,78416-81-6,Trequinsin hydrochloride,263,75,14,10,7,3
45776,56010-88-9,4-Methyl-1H-pyrazole hydrochloride,263,0,0,0,0,0
46560,423-55-2,1-Bromoheptadecafluorooctane,263,0,0,0,0,0
45794,104344-23-2,Bisoprolol fumarate,341,3,3,1,1,0
45792,62-68-0,Proadifen hydrochloride,263,58,4,7,2,5
45791,4789-68-8,Octoclothepine maleate,263,88,5,9,4,5
45790,32795-47-4,"8-Ammonio-1,2,3,4-tetrahydro-2-methyl-4-phenylisoquinolinium maleate",263,3,3,1,1,0
20818,135-23-9,Methapyrilene hydrochloride,526,22,22,8,8,0
45788,550-99-2,Naphazoline hydrochloride,263,1,1,1,1,0
23699,133-67-5,Trichlormethiazide,263,1,1,1,1,0
45316,522-48-5,Tetrahydrozoline hydrochloride,263,1,1,1,1,0
45315,521-78-8,Trimipramine hydrogen maleate,263,41,7,9,5,4
23031,519-37-9,Etofylline,263,5,0,1,0,1
45312,481-06-1,alpha-Santonin,263,2,2,2,2,0
22837,130-26-7,Clioquinol,526,128,17,8,5,3
45292,129-77-1,Crapinon,263,7,7,4,4,0
45291,129-20-4,Oxyphenbutazone,263,80,10,9,4,5
42622,1197334-04-5,SB 206553 hydrochloride,263,16,16,5,5,0
45805,56776-01-3,Tulobuterol hydrochloride,263,1,1,1,1,0
45804,1098-60-8,Triflupromazine hydrochloride,263,87,5,11,4,7
45802,52-49-3,Trihexyphenidyl hydrochloride,263,12,12,7,7,0
51440,5464-78-8,1-(2-Methoxyphenyl)piperazine hydrochloride,263,0,0,0,0,0
47828,3505-38-2,Carbinoxamine maleate,263,2,2,2,2,0
46550,10049-83-9,Pyrithioxin dihydrochloride,263,5,5,1,1,0
44424,3731-52-0,3-(Aminomethyl)pyridine,526,3,3,1,1,0
24961,77-58-7,Dibutyltin dilaurate,263,39,0,6,0,6
23540,101-26-8,Pyridostigmine bromide,263,6,6,2,2,0
46545,886-38-4,Diphenylcyclopropenone,263,98,5,8,3,5
22546,546-88-3,Acetohydroxamic acid,263,5,5,3,3,0
45815,61129-30-4,Zimeldine dihydrochloride hydrate,263,9,9,4,4,0
45833,4618-18-2,Lactulose,263,0,0,0,0,0
45832,87-33-2,"Isosorbide 2,5-dinitrate",263,0,0,0,0,0
37236,66-84-2,Glucosamine hydrochloride,263,1,1,1,1,0
45857,5588-16-9,Althiazide,263,7,7,5,5,0
23150,440-58-4,Iodamide,263,4,4,2,2,0
45825,50-98-6,Ephedrine hydrochloride,263,2,2,2,2,0
45820,4800-94-6,Carbenicillin disodium,263,1,1,1,1,0
46543,2398-81-4,Nicotinic acid 1-oxide,263,1,1,1,1,0
46541,940-69-2,DL-Lipoamide,263,4,4,3,3,0
46539,5743-49-7,Calcium levulinate,263,2,2,2,2,0
46536,34592-47-7,L-Thioproline,263,1,1,1,1,0
46535,543-82-8,2-Amino-6-methylheptane,263,2,2,2,2,0
46534,1188-37-0,N-Acetyl-L-glutamic acid,263,0,0,0,0,0
41743,85-83-6,C.I. Solvent Red 24,263,13,0,5,0,5
45847,97-44-9,Acetarsol,263,0,0,0,0,0
45845,6411-75-2,2-Aminoheptane sulfate,263,1,1,1,1,0
46523,611-71-2,D-(-)-Mandelic acid,263,2,2,2,2,0
22133,886-86-2,Ethyl 3-aminobenzoate methanesulfonic acid salt,263,3,3,2,2,0
45874,62893-20-3,Cefoperazone sodium,263,0,0,0,0,0
23078,63585-09-1,Foscarnet trisodium,263,4,4,3,3,0
45843,90-01-7,Salicyl alcohol,263,0,0,0,0,0
23442,63-98-9,Phenacemide,263,1,1,1,1,0
45836,121-81-3,Nitromide,263,4,4,4,4,0
45835,7246-14-2,Methicillin sodium hydrate,263,2,2,2,2,0
45860,13636-18-5,Fendiline hydrochloride,263,109,7,11,3,8
45859,548-66-3,Drofenine hydrochloride,263,44,6,7,4,3
45881,1715-30-6,Alexidine dihydrochloride,263,154,2,9,2,7
45880,50-42-0,Adiphenine hydrochloride,263,8,8,3,3,0
23480,125-51-9,Pipenzolate bromide,263,1,1,1,1,0
45879,57-08-9,Acexamic acid,263,0,0,0,0,0
45878,4940-39-0,Chromocarb,263,0,0,0,0,0
45854,23642-66-2,Benfluorex hydrochloride,263,35,5,7,2,5
45852,36504-56-0,Iproniazid sulfate,263,4,4,3,3,0
45851,2295-58-1,Flopropione,263,8,8,3,3,0
45850,461-05-2,Carnitine hydrochloride,263,0,0,0,0,0
45849,521-74-4,Broxyquinoline,263,61,13,7,5,2
46531,586-98-1,Piconol,263,5,5,4,4,0
46529,60812-23-9,Decominol hydrochloride,263,101,8,11,3,8
46526,614-18-6,Ethyl nicotinate,263,1,1,1,1,0
46525,2174-64-3,Flamenol,263,4,4,3,3,0
25390,143-27-1,Hexadecylamine,263,14,0,2,0,2
46512,96-27-5,1-Thioglycerol,526,4,4,3,3,0
46511,306-94-5,Perflunafene,263,4,4,2,2,0
45897,319-89-1,Tetroquinone,263,5,5,3,3,0
21114,6724-53-4,Perhexiline maleate,263,131,14,11,5,6
45871,53716-49-7,Carprofen,263,5,5,3,3,0
45870,1188-21-2,Acetyl-L-leucine,263,0,0,0,0,0
45868,3644-61-9,Tolperisone hydrochloride,341,12,12,6,6,0
23254,59-47-2,Mephenesin,263,2,2,2,2,0
45864,25953-17-7,Minaprine dihydrochloride,263,4,4,2,2,0
45863,13187-06-9,Pimethixene maleate,263,53,6,9,5,4
45862,3413-64-7,Mefexamide hydrochloride,263,2,2,2,2,0
26549,90-80-2,Gluconolactone,526,1,1,1,1,0
45883,60414-06-4,Amiprilose hydrochloride,263,0,0,0,0,0
26878,111-48-8,"2,2'-Thiobisethanol",526,4,4,1,1,0
45906,3615-24-5,Ramifenazone,263,2,2,1,1,0
45901,102-29-4,Resorcinol monoacetate,263,3,3,2,2,0
45899,53370-90-4,Exalamide,263,34,0,8,0,8
23485,54-91-1,Pipobroman,263,3,3,2,2,0
45898,122-16-7,Sulfanitran,263,16,1,4,1,3
23101,70-18-8,Glutathione,263,0,0,0,0,0
22611,117-37-3,Anisindione,263,6,6,4,4,0
20095,84-65-1,Anthraquinone,263,4,4,4,4,0
23157,66108-95-0,Iohexol,263,1,1,1,1,0
31903,98-98-6,Picolinic acid,526,1,1,1,1,0
46513,111-01-3,Squalane,263,0,0,0,0,0
46501,79094-20-5,Daltroban,263,2,2,2,2,0
46499,74697-28-2,Cloricromen hydrochloride,263,15,15,7,7,0
22866,2624-43-3,Cyclofenil,263,16,16,5,5,0
23169,138402-11-6,Irbesartan,263,11,2,4,1,3
40687,105816-04-4,Nateglinide,263,1,1,1,1,0
45916,NOCAS_45916,Carvedilol tartrate,263,76,5,9,3,6
23269,1665-48-1,Metaxalone,263,1,1,1,1,0
44829,70356-09-1,"1-(4-tert-Butylphenyl)-3-(4-methoxyphenyl)propane-1,3-dione",526,44,1,8,1,7
45892,520-27-4,Diosmin,263,2,2,1,1,0
45891,543-15-7,Heptaminol hydrochloride,263,0,0,0,0,0
26147,63-56-9,Thonzylamine hydrochloride,263,5,5,3,3,0
45887,104376-79-6,Ceftriaxone disodium salt hemiheptahydrate,263,2,2,2,2,0
45886,611-75-6,Bromhexine hydrochloride,263,44,6,9,3,6
45909,125-52-0,Oxyphencyclimine hydrochloride,263,10,3,3,2,1
45907,25122-46-7,Clobetasol propionate,263,31,8,6,3,3
40653,80573-04-2,Balsalazide,263,8,0,2,0,2
23667,5630-53-5,Tibolone,263,33,33,6,6,0
46491,39809-25-1,Penciclovir,263,3,3,1,1,0
46490,26750-81-2,Alibendol,263,3,3,3,3,0
44218,145821-59-6,Tiagabine hydrochloride,263,3,3,2,2,0
46487,142340-99-6,Adefovir dipivoxil,263,34,8,6,4,2
46510,33996-58-6,Etiracetam,263,1,1,1,1,0
47825,125317-39-7,Vinorelbine tartrate,263,71,38,9,7,2
46507,78-41-1,Triparanol,263,123,9,10,5,5
46506,106308-44-5,Rufinamide,263,0,0,0,0,0
46505,2448-68-2,Pipamperone dihydrochloride,263,7,7,4,4,0
46504,38821-52-2,Indoramin hydrochloride,263,18,1,6,1,5
46503,38398-32-2,Ganaxolone,263,5,5,3,3,0
46502,108929-04-0,Epinastine hydrochloride,263,11,1,5,1,4
45922,86541-74-4,Benazepril hydrochloride,263,97,7,10,5,5
45921,186826-86-8,Moxifloxacin hydrochloride,263,0,0,0,0,0
44226,181695-72-7,Valdecoxib,263,13,0,3,0,3
23395,96829-58-2,Orlistat,263,26,9,5,4,1
23323,72432-03-2,Miglitol,263,0,0,0,0,0
23227,114798-26-4,Losartan,263,7,7,4,4,0
45942,58066-85-6,Miltefosine,263,14,1,7,1,6
41793,2971-90-6,Clopidol,263,0,0,0,0,0
23737,93413-69-5,Venlafaxine,263,1,1,1,1,0
22549,85-36-9,Acetrizoic acid,263,3,3,1,1,0
40647,24584-09-6,Dexrazone,263,2,2,2,2,0
46495,130656-51-8,Nifekalant hydrochloride,263,2,2,2,2,0
22655,104-31-4,Benzonatate,263,12,0,5,0,5
45955,145158-71-0,Tegaserod,263,108,2,11,2,9
45953,100286-90-6,Irinotecan hydrochloride,263,46,3,8,3,5
23416,102625-70-7,Pantoprazole,263,10,10,4,4,0
45948,210353-53-0,Gemifloxacin mesylate,263,6,6,3,3,0
45946,82626-48-0,Zolpidem,263,14,0,4,0,4
46486,140462-76-6,Olopatadine hydrochloride,263,2,2,1,1,0
45927,84485-00-7,Sibutramine hydrochloride,263,14,3,4,1,3
44289,154323-57-6,Almotriptan,263,2,2,2,2,0
44223,163222-33-1,Ezetimibe,263,30,3,8,1,7
23038,104227-87-4,Famciclovir,263,1,1,1,1,0
45937,90098-04-7,Rebamipide,263,0,0,0,0,0
45935,70458-95-6,Pefloxacin mesylate,263,3,3,1,1,0
45934,3366-95-8,Secnidazole,263,0,0,0,0,0
43913,6804-07-5,Carbadox,263,17,1,4,1,3
45933,139264-17-8,Zolmitriptan,263,2,2,1,1,0
23636,144701-48-4,Telmisartan,263,24,2,7,2,5
23607,122-11-2,Sulfadimethoxine,263,0,0,0,0,0
45304,5051-22-9,Dexpropranolol,263,9,9,4,4,0
23110,303-45-7,Gossypol,263,133,2,10,2,8
47773,303-25-3,Cyclizine hydrochloride,263,5,5,3,3,0
25896,154-41-6,alpha-(1-Aminoethyl)benzyl alcohol hydrochloride,263,2,2,1,1,0
22541,152-72-7,Acenocoumarol,263,5,5,3,3,0
45281,116-43-8,Succinylsulfathiazole,263,5,0,1,0,1
45280,115-46-8,Azacyclonol,263,7,7,3,3,0
46463,59937-28-9,Malotilate,263,18,0,5,0,5
23329,68693-11-8,Modafinil,263,1,1,1,1,0
45945,79307-93-0,Azelastine hydrochloride,263,56,4,8,3,5
45943,64211-46-7,Oxiconazole nitrate,263,116,8,11,3,8
46485,137234-62-9,Voriconazole,263,4,4,1,1,0
46484,125-60-0,Fenpiverinium bromide,263,1,1,1,1,0
46483,124858-35-1,Nadifloxacin,263,4,4,3,3,0
46481,106685-40-9,Adapalene,263,61,19,6,5,1
46480,123447-62-1,Prulifloxacin,263,7,7,2,2,0
23529,479-92-5,Propyphenazone,263,0,0,0,0,0
46478,60282-87-3,Gestodene,263,32,32,7,7,0
46475,14368-24-2,Trocimine,263,6,6,3,3,0
46474,99464-64-9,Ampiroxicam,263,10,10,5,5,0
45940,14222-60-7,Prothionamide,263,3,3,1,1,0
45939,91296-87-6,Sarafloxacin hydrochloride,263,0,0,0,0,0
45996,489-84-9,Guaiazulene,263,4,4,2,2,0
38686,83-40-9,2-Hydroxy-3-methylbenzoic acid,263,0,0,0,0,0
22801,773-76-2,Chloroxine,263,80,10,9,5,4
20898,50-07-7,Mitomycin C,263,97,17,7,4,3
45964,515-69-5,Bisabolol,263,7,7,3,3,0
45963,621-23-8,"1,3,5-Trimethoxybenzene",263,2,2,1,1,0
45960,72-48-0,Alizarin,263,26,0,7,0,7
45958,27591-97-5,Tilorone,263,60,7,7,2,5
45957,481-49-2,Cepharanthine,263,80,9,10,4,6
46472,90729-43-4,Ebastine,263,115,4,11,3,8
46470,88678-31-3,Liranaftate,263,22,22,6,6,0
48379,98717-15-8,Ropivacaine hydrochloride,263,2,2,1,1,0
21442,83480-29-9,Voglibose,263,0,0,0,0,0
46468,82034-46-6,Loteprednol etabonate,263,21,13,6,5,1
46464,673-31-4,Phenprobamate,263,4,4,2,2,0
46453,168273-06-1,Rimonabant,263,68,5,8,5,3
46451,154361-50-9,Capecitabine,263,0,0,0,0,0
46450,151767-02-1,Montelukast sodium,263,26,0,6,0,6
46449,129273-38-7,Perospirone hydrochloride,263,43,1,8,1,7
46461,1248-42-6,Pitofenone hydrochloride,263,9,9,4,4,0
46459,27724-96-5,Cetraxate hydrochloride,263,3,3,3,3,0
47799,544-62-7,"3-(Octadecyloxy)-1,2-propanediol",263,11,4,5,3,2
45985,1180-71-8,Limonin,263,6,6,4,4,0
45983,68-94-0,Hypoxanthine,263,0,0,0,0,0
45975,169590-41-4,Deracoxib,263,8,8,4,4,0
45973,130-16-5,Cloxyquin,263,57,16,7,4,3
46000,546-06-5,Conessine,263,8,0,1,0,1
23628,103628-46-2,Sumatriptan,263,1,1,1,1,0
46019,574-25-4,Thioinosine,263,59,0,6,0,6
23388,132539-06-1,Olanzapine,263,17,2,3,1,2
47801,121268-17-5,Alendronate sodium,263,1,1,1,1,0
45993,58-63-9,Inosine,263,0,0,0,0,0
22888,81-23-2,Dehydrocholic acid,263,1,1,1,1,0
45989,6138-56-3,Tripelennamine citrate,263,7,7,6,6,0
45987,60-27-5,Creatinine,263,0,0,0,0,0
22584,32887-01-7,Amdinocillin,263,3,3,2,2,0
23051,30748-29-9,Feprazone,263,41,11,7,4,3
46458,2998-57-4,Estramustine,263,23,23,5,5,0
46457,202409-33-4,Etoricoxib,263,4,4,2,2,0
23369,2011-67-8,Nimetazepam,263,6,6,4,4,0
46456,192725-17-0,Lopinavir,263,74,1,8,1,7
46454,183321-74-6,Erlotinib,263,37,2,7,1,6
23071,17617-23-1,Flurazepam,263,11,11,5,5,0
44206,120638-55-3,Bromfenac sodium sesquihydrate,263,4,4,3,3,0
46434,118288-08-7,Lafutidine,263,6,6,5,5,0
46433,115256-11-6,Dofetilide,263,13,13,7,7,0
46432,112398-08-0,Danofloxacin,263,4,4,2,2,0
46007,13426-94-3,N-Methylbenzylamine hydrochloride,263,1,1,1,1,0
21994,133-11-9,Phenyl 4-aminosalicylate,263,21,21,7,7,0
23546,111974-69-7,Quetiapine,263,8,8,4,4,0
46003,219861-08-2,Escitalopram oxalate,263,4,4,3,3,0
40679,35212-22-7,Ipriflavone,526,49,16,6,2,4
22906,81-13-0,Dexpanthenol,263,0,0,0,0,0
22986,51-43-4,(-)-Epinephrine,263,7,7,3,3,0
46020,66-72-8,Pyridoxal,263,2,2,1,1,0
25328,518-47-8,Fluorescein sodium,263,42,3,7,2,5
23640,91161-71-6,Terbinafine,263,26,1,4,1,3
23691,36282-47-0,Tramadol hydrochloride,263,1,1,1,1,0
47804,1538-09-6,Benzathine penicillin G,263,0,0,0,0,0
46016,996-19-0,Aminoguanidine hemisulfate,263,1,1,1,1,0
46015,2627-69-2,Acadesine,263,1,1,1,1,0
23572,552-94-3,Salsalate,263,1,1,1,1,0
46445,141505-33-1,Levosimendan,460,146,22,12,7,5
23749,139110-80-8,Zanamivir,263,0,0,0,0,0
46443,136434-34-9,Duloxetine hydrochloride,263,99,4,10,2,8
46442,2765-97-1,Pargeverine hydrochloride,263,8,8,4,4,0
44217,144143-96-4,Eprosartan mesylate,263,0,0,0,0,0
46440,13189-98-5,Fudosteine,263,1,1,1,1,0
46439,116314-67-1,Entacapone,263,37,1,7,1,6
46437,123318-82-1,Clofarabine,263,37,24,6,5,1
46423,49864-70-2,Azaclorzine,263,15,1,3,1,2
46422,23651-95-8,Droxidopa,263,6,6,4,4,0
47822,1707-14-8,Phenmetrazine hydrochloride,263,1,1,1,1,0
46421,98-67-9,4-Hydroxyphenylsulfonic acid,263,3,3,1,1,0
46420,692-13-7,Buformin,263,9,9,4,4,0
46419,1693-37-4,Parapropamol,263,1,1,1,1,0
22783,153-61-7,Cephalothin,263,6,6,4,4,0
22968,69975-86-6,Doxofylline,263,1,1,1,1,0
47803,859-18-7,Lincomycin hydrochloride,263,0,0,0,0,0
44196,100643-71-8,Desloratadine,263,56,7,10,3,7
46023,68291-97-4,Zonisamide,263,0,0,0,0,0
22904,33755-46-3,Dexamethasone valerate,263,17,17,5,5,0
46034,56180-94-0,Acarbose,263,5,5,2,2,0
29671,7414-83-7,Etidronate disodium,263,0,0,0,0,0
23730,60-18-4,L-Tyrosine,263,1,1,1,1,0
26935,112-92-5,1-Octadecanol,263,0,0,0,0,0
46041,122-46-3,m-Cresyl acetate,263,1,1,1,1,0
46038,102518-79-6,Huperzine A,263,4,4,1,1,0
23372,146-22-5,Nitrazepam,263,3,3,2,2,0
46045,537-55-3,N-Acetyl-L-tyrosine,263,0,0,0,0,0
46030,89785-84-2,Tazobactam sodium,263,27,27,5,5,0
23746,107753-78-6,Zafirlukast,263,46,2,7,2,5
46430,106560-14-9,Fropenem,263,3,3,2,2,0
46429,103890-78-4,Lacidipine,263,102,18,10,6,4
46428,101530-10-3,Lanoconazole,263,21,6,5,1,4
46427,101477-54-7,Lomerizine dihydrochloride,263,101,3,9,3,6
46426,57460-41-0,Talinolol,263,6,6,2,2,0
46425,547-44-4,Sulfacarbamide,263,4,4,2,2,0
46424,1223-36-5,Clofexamide,263,6,6,3,3,0
41547,89-68-9,6-Chlorothymol,526,69,4,8,2,6
44878,2315-68-6,Propyl benzoate,526,1,1,1,1,0
22935,484-23-1,Dihydralazine,263,7,7,3,3,0
22643,57-44-3,Barbital,263,3,3,1,1,0
46418,56-89-3,L-Cystine,263,7,7,4,4,0
46417,58473-74-8,Cinromide,263,5,5,2,2,0
20261,302-17-0,Chloral hydrate,526,2,2,2,2,0
23453,83-12-5,Phenindione,263,0,0,0,0,0
23611,80-35-3,Sulfamethoxypyridazine,263,0,0,0,0,0
23030,40054-69-1,Etizolam,263,16,0,4,0,4
48598,59198-70-8,Diflucortolone valerate,263,21,21,6,6,0
47807,1215-83-4,Clobutinol hydrochloride,263,2,2,2,2,0
22644,302-40-9,Benactyzine,263,3,3,2,2,0
23414,40391-99-9,Pamidronic acid,263,2,2,2,2,0
22738,2387-59-9,Carbocysteine,263,1,1,1,1,0
41217,57-15-8,"1,1,1-Trichloro-2-methyl-2-propanol",263,1,1,1,1,0
23621,71-67-0,Sulfobromophthalein,263,6,6,4,4,0
46042,13081-34-0,Polyethylene glycol mono(dodecylthio) ether,263,3,3,2,2,0
23102,77-21-4,Glutethimide,263,0,0,0,0,0
47806,108341-18-0,Norepinephrine bitartrate monohydrate,263,9,9,3,3,0
23352,360-70-3,Nandrolone decanoate,263,13,13,5,5,0
42324,2610-86-8,Potassium warfarin,263,6,6,3,3,0
46047,129-81-7,Iodoantipyrine,263,0,0,0,0,0
22417,94-25-7,Butyl 4-aminobenzoate,526,38,2,4,1,3
30588,94-07-5,p-Synephrine,526,3,3,1,1,0
45293,132-69-4,Benzydamine hydrochloride,263,26,3,7,3,4
47772,132-18-3,Diphenylpyraline hydrochloride,263,8,8,4,4,0
22382,84-17-3,Dienestrol,263,48,16,7,4,3
23472,84-80-0,Phytonadione,263,5,5,3,3,0
23678,1953-02-2,Tiopronin,263,2,2,1,1,0
29160,123-94-4,Glycerol 1-monostearate,526,3,3,3,3,0
46415,54-30-8,Camylofin,263,9,9,4,4,0
46414,140608-64-6,Muromonab-CD3,263,1,1,1,1,0
46412,72-19-5,L-Threonine,263,0,0,0,0,0
46410,33996-33-7,Oxaceprol,263,4,4,2,2,0
46409,87940-60-1,Eprobemide,263,1,1,1,1,0
48574,115-24-2,Sulfonmethane,263,0,0,0,0,0
46406,13898-58-3,Benzoylpas,263,5,5,2,2,0
46405,553-17-3,Guaiacol carbonate,263,9,9,4,4,0
46404,6961-46-2,Idrocilamide,263,20,0,4,0,4
23340,128794-94-5,Mycophenolate mofetil,263,55,11,7,4,3
46389,59160-29-1,Lidofenin,263,1,1,1,1,0
46081,552-22-7,Thymol iodide,263,7,7,5,5,0
23587,68367-52-2,Sorbinil,263,0,0,0,0,0
23677,24237-54-5,Tinoridine,263,30,4,8,1,7
46060,94-23-5,Parethoxycaine,263,5,5,2,2,0
22897,17598-65-1,Deslanoside,263,73,3,6,2,4
47811,747-36-4,Hydroxychloroquine sulfate,263,4,4,2,2,0
46071,27262-48-2,Levobupivacaine hydrochloride,263,3,3,1,1,0
23586,64506-49-6,Sofalcone,263,58,2,7,2,5
46069,86-75-9,Benzoxiquine,263,70,15,8,3,5
46066,133-10-8,Sodium 4-aminosalicylate,263,1,1,1,1,0
22753,25953-19-9,Cefazolin,263,2,2,2,2,0
46403,32462-30-9,Oxfenicine,263,0,0,0,0,0
46402,6236-05-1,Nifuroxime,263,8,8,5,5,0
46401,5541-67-3,Tiliquinol,263,60,11,8,5,3
46400,15518-87-3,Myralact,263,50,2,9,2,7
46399,3270-71-1,Nifuraldezone,263,30,1,5,1,4
46398,67-28-7,Nihydrazone,263,32,1,6,1,5
46396,43119-47-7,DL-alpha Tocopheryl nicotinate,263,1,1,1,1,0
46395,1027-87-8,Tolpentamide,263,1,1,1,1,0
46394,1038-59-1,Glyoctamide,263,3,3,2,2,0
46392,555-90-8,Nicothiazone,263,1,1,1,1,0
46391,140-40-9,Nithiamide,263,2,2,2,2,0
41897,3696-28-4,Dipyrithione,263,116,6,10,3,7
46390,515-64-0,Sulfisomidine,263,2,2,1,1,0
46083,129722-12-9,Aripiprazole,263,98,3,10,3,7
46101,20004-62-0,Geliomycin,263,82,4,8,2,6
46100,28888-44-0,"6,7-Dimethoxyquinazoline-2,4(1H,3H)-dione",263,2,2,2,2,0
40652,63968-64-9,Artemisinin,263,20,9,5,4,1
23549,56-54-2,Quinidine,526,35,8,7,5,2
46076,171599-83-0,Sildenafil citrate,263,11,1,4,1,3
47813,1501-84-4,Rimantadine hydrochloride,263,2,2,2,2,0
46073,495-69-2,Hippuric acid,263,0,0,0,0,0
46388,490-55-1,Amiphenazole,263,3,3,2,2,0
24926,81-11-8,"4,4'-Diamino-2,2'-stilbenedisulfonic acid",263,0,0,0,0,0
46386,579-23-7,Cyclovalone,263,123,14,10,5,5
46385,31386-24-0,Amindocate,263,28,1,6,1,5
46384,94746-78-8,Molracetam,263,0,0,0,0,0
46383,1954-79-6,Mecloralurea,263,0,0,0,0,0
40757,74772-77-3,Ciglitizone,263,45,4,8,3,5
26933,112-90-3,(Z)-9-Octadecenylamine,263,29,1,3,1,2
21744,71-73-8,Thiopental sodium,263,3,3,2,2,0
22780,15686-71-2,Cephalexin,263,1,1,1,1,0
44210,124832-27-5,Valacyclovir hydrochloride,263,5,5,3,3,0
23687,124937-51-5,(R)-(+)-Tolterodine,263,26,3,9,3,6
46088,82752-99-6,Nefazodone hydrochloride,341,92,9,10,5,5
46086,138729-47-2,Eszopiclone,263,1,1,1,1,0
40657,101828-21-1,Butenafine,263,25,1,5,1,4
46108,5663-71-8,2-(Aminocarbonyl)phenyl acetate,263,1,1,1,1,0
46107,17692-71-6,Vanitiolide,263,0,0,0,0,0
46130,17289-49-5,Tetridamine,263,1,1,1,1,0
23050,18046-21-4,Fentiazac,419,30,30,7,7,0
46128,82956-11-4,Nafamostat mesylate,263,6,6,5,5,0
40234,84504-69-8,Irsogladine maleate,263,1,1,1,1,0
46127,92623-83-1,Pravadoline,263,23,23,6,6,0
48421,315-80-0,Dibenzepin hydrochloride,263,4,4,4,4,0
46126,70989-04-7,(S)-Mephenytoin,263,1,1,1,1,0
46096,539-15-1,Hordenine,263,0,0,0,0,0
46095,26305-03-3,Pepstatin,263,0,0,0,0,0
46093,161605-73-8,Fanapanel,263,0,0,0,0,0
46091,109826-26-8,Zaldaride,263,66,3,9,2,7
46090,98206-09-8,Eltoprazine hydrochloride,263,1,1,1,1,0
27104,142-91-6,"Hexadecanoic acid, 1-methylethyl ester",526,1,1,1,1,0
47815,151-06-4,Chlorphentermine hydrochloride,263,4,4,3,3,0
42614,58-46-8,Tetrabenazine,263,8,8,3,3,0
46142,83471-41-4,Pincainide,263,3,3,2,2,0
46117,2424-71-7,Metocinium iodide,263,3,3,2,2,0
46114,58338-59-3,Dianiline,263,43,4,8,2,6
46113,7007-96-7,Crotoniazide,263,19,0,5,0,5
46988,3374-22-9,DL-Cysteine,263,1,1,1,1,0
46110,104-22-3,Benzylsulfamide,263,3,3,1,1,0
46131,577-91-3,Iodoalphionic acid,263,6,6,4,4,0
34662,58594-72-2,Imazalil sulfate,263,52,8,8,3,5
32278,57-22-7,(+)-Vincristine,263,48,21,7,5,2
44107,1553-60-2,Ibufenac,263,13,0,2,0,2
22851,2058-52-8,Clothiapine,263,16,16,6,6,0
46119,42879-47-0,Pranolium chloride,263,4,4,3,3,0
40726,23696-28-8,Olaquindox,263,3,3,2,2,0
46152,18493-30-6,Metochalcone,263,48,6,8,3,5
46151,53808-88-1,Lonazolac,263,4,4,4,4,0
46150,2210-77-7,Pyrrocaine,263,1,1,1,1,0
23011,1213-06-5,Ethebenecid,263,0,0,0,0,0
46147,64204-55-3,Esaprazole,263,0,0,0,0,0
46145,5843-53-8,Clobenzorex hydrochloride,263,13,13,5,5,0
46163,71475-35-9,Lozilurea,263,1,1,1,1,0
46162,69542-93-4,Pivagabine,263,0,0,0,0,0
46161,147-58-0,2-Iodohippuric acid,263,1,1,1,1,0
46159,952-54-5,Morphazinamide,263,0,0,0,0,0
46158,42779-82-8,Clopirac,263,9,9,3,3,0
46360,35891-70-4,(+)-Myriocin,341,6,6,1,1,0
46137,31386-25-1,Indocate,263,60,6,9,3,6
46136,547-91-1,Loretin,263,2,2,2,2,0
46134,68-90-6,Benziodarone,263,63,7,10,5,5
46132,115436-72-1,Risedronate sodium,263,0,0,0,0,0
26279,482-89-3,Indigo,526,9,9,6,6,0
46349,829-74-3,Levonordefrin,263,23,1,4,1,3
46348,407-41-0,Dexfosfoserine,263,0,0,0,0,0
46347,328-38-1,(2R)-2-Amino-4-methylpentanoic acid,263,0,0,0,0,0
46345,5959-95-5,D-Glutamine,263,0,0,0,0,0
22560,61-19-8,Adenosine 5'-phosphate,263,17,1,5,1,4
46344,145-63-1,Suramin,263,5,5,3,3,0
46343,6493-06-7,(+/-)-Lisofylline,263,2,2,2,2,0
46341,69014-14-8,Tiotidine,263,2,2,1,1,0
23089,65-29-2,Gallamine triethiodide,263,3,3,1,1,0
41075,114-80-7,Neostigmine bromide,263,5,5,2,2,0
45053,60-26-4,"N,N,N,N',N',N'-Hexamethylhexane-1,6-diaminium",263,0,0,0,0,0
22886,541-22-0,"1,10-Decanediaminium, N,N,N,N',N',N'-hexamethyl-, dibromide",263,4,4,2,2,0
46157,17969-20-9,Fenclozic acid,263,0,0,0,0,0
40656,496-67-3,Bromisovalum,263,1,1,1,1,0
46153,671-95-4,Clofenamide,263,1,1,1,1,0
46179,152-47-6,Sulfalene,263,0,0,0,0,0
46176,33414-36-7,Ftorpropazine,263,11,1,3,1,2
46174,886-08-8,Norletimol,263,3,3,2,2,0
46332,69-27-2,Chlorisondamine chloride,263,5,5,3,3,0
22718,149-64-4,Butylscopolammonium bromide,263,1,1,1,1,0
22582,115-79-7,Ambenonium chloride,263,6,6,2,2,0
22730,51-83-2,Carbachol,263,4,4,2,2,0
22676,590-63-6,Bethanechol chloride,263,3,3,3,3,0
46326,96744-75-1,"N-Methyl-N-((5R,7S,8S)-7-(1-pyrrolidinyl)-1-oxaspiro(4.5)dec-8-yl)benzeneacetamide",263,16,2,2,1,1
23490,15574-96-6,Pizotyline,263,31,5,8,4,4
46324,64795-35-3,Mesulergine,263,4,4,3,3,0
46321,101626-70-4,Talipexole,263,1,1,1,1,0
46320,159701-44-7,"(-)-(5S,8R)-Lisuride",263,7,7,4,4,0
46357,26095-59-0,Otilonium bromide,263,71,2,11,1,10
46351,25162-00-9,D-Nicotine,263,0,0,0,0,0
40678,58186-27-9,Idebenone,263,69,7,8,3,5
46196,652-67-5,Isosorbide,263,1,1,1,1,0
46195,35619-65-9,Tritiozine,263,0,0,0,0,0
46193,17411-19-7,Dicarbine,263,2,2,1,1,0
46190,537-17-7,Amanozine,263,2,2,2,2,0
46216,109543-76-2,Romazarit,263,3,3,2,2,0
46215,1824-58-4,Ethiazide,263,1,1,1,1,0
23679,51322-75-9,Tizanidine,263,2,2,2,2,0
46207,112885-42-4,Mosapride citrate,263,29,8,5,3,2
23748,151319-34-5,Zaleplon,263,1,1,1,1,0
22833,37148-27-9,Clenbuterol,263,14,4,3,1,2
46318,102992-93-8,(+/-) -Niguldipine hydrochloride (1:x),263,118,7,9,5,4
46188,16543-10-5,Fosenazide,263,3,3,1,1,0
46181,90-54-0,Etafenone,263,26,3,6,2,4
46180,33414-30-1,Ftormetazine,263,76,8,10,6,4
46313,16590-41-3,Naltrexone,263,2,2,2,2,0
23349,465-65-6,Naloxone,263,1,1,1,1,0
23205,152-02-3,Levallorphan,263,11,11,4,4,0
46310,53772-82-0,cis-Flupentixol,263,98,2,10,2,8
47818,2391-03-9,Dexbrompheniramine maleate,263,11,1,5,1,4
47819,51773-92-3,Mefloquine hydrochloride,263,128,8,11,4,7
46307,1216920-18-1,Falnidamol dihydrochloride,263,109,7,8,3,5
47817,NOCAS_47817,Trimetrexate trihydrochloride,263,72,14,8,3,5
46305,143482-60-4,Pinokalant hydrochloride,263,41,7,5,3,2
46300,19368-18-4,Ftaxilide,263,0,0,0,0,0
23170,94-14-4,Isocaine,263,9,9,2,2,0
46233,541-79-7,Carbocloral,263,0,0,0,0,0
22684,62658-63-3,Bopindolol,263,16,3,5,1,4
46201,113617-63-3,Orbifloxacin,263,4,4,3,3,0
46200,5355-16-8,Diaveridine,263,2,2,1,1,0
46226,16915-70-1,Nifursol,263,30,3,7,3,4
46225,844-26-8,Bithionoloxide,263,46,1,8,1,7
32378,82-66-6,Diphacinone,263,25,25,6,6,0
46222,17692-39-6,Fomocaine,263,35,3,6,1,5
46221,321-55-1,Haloxon,263,31,5,7,2,5
46235,15599-52-7,Broquinaldol,263,46,2,9,2,7
46299,94-12-2,Risocaine,263,4,4,3,3,0
46297,96-62-8,Dinsed,263,13,13,7,7,0
46296,37561-27-6,Fenoverine,263,15,15,4,4,0
46295,968-63-8,Butinoline,263,16,16,6,6,0
46294,3563-01-7,Aprofene,263,16,3,4,2,2
46289,15574-49-9,Mecarbinate,263,9,9,4,4,0
46288,10001-13-5,Pexantel,263,0,0,0,0,0
46315,97466-90-5,Quinelorane,263,15,0,4,0,4
46271,24886-52-0,Pipofezine,263,10,10,4,4,0
46270,18109-81-4,Butamirate citrate,263,5,5,2,2,0
46244,1146-98-1,Bromindione,263,9,9,4,4,0
46267,2898-13-7,Sulazepam,263,18,18,4,4,0
46266,84379-13-5,Bretazenil,263,9,9,4,4,0
22326,153-18-4,Rutin,526,22,2,5,1,4
45002,93-47-0,Verazide,263,5,5,1,1,0
46277,3810-35-3,Tenonitrozole,263,70,12,9,5,4
46275,3563-14-2,Sulfasuccinamide,263,0,0,0,0,0
46274,6402-23-9,Ethacridine lactate hydrate,263,69,6,9,4,5
46273,664-95-9,Glycyclamide,263,2,2,1,1,0
46272,495-84-1,Salicylaldehyde isonicotinoylhydrazone,263,53,10,8,5,3
46229,36141-82-9,Diamfenetide,263,2,2,1,1,0
46227,22662-39-1,Rafoxanide,263,56,15,7,5,2
23470,85-73-4,Phthalylsulfathiazole,263,0,0,0,0,0
23252,76-90-4,Mepenzolate bromide,263,5,5,3,3,0
23548,73-49-4,Quinethazone,263,1,1,1,1,0
22647,73-48-3,Bendroflumethiazide,263,5,5,2,2,0
23462,50-60-2,Phentolamine,263,16,16,6,6,0
23174,7492-32-2,Isopropamide,263,6,6,2,2,0
22870,68-41-7,Cycloserine,263,1,1,1,1,0
45248,63-45-6,Primaquine diphosphate,263,17,2,5,2,3
22948,62-97-5,Diphemanil methylsulfate,263,2,2,2,2,0
23271,62-51-1,Methacholine chloride,263,5,5,4,4,0
45245,61-80-3,5-Chloro-2-benzoxazolamine,263,2,2,2,2,0
22590,61-78-9,Aminohippuric acid,263,0,0,0,0,0
45262,77-04-3,Pyrithyldione,263,1,1,1,1,0
48620,6809-52-5,Teprenone,263,6,6,3,3,0
48618,28002-18-8,Sulbenicillin disodium,263,0,0,0,0,0
43782,103177-37-3,Pranlukast,263,17,0,7,0,7
21321,64-75-5,Tetracycline hydrochloride,526,19,19,5,5,0
45252,64-73-3,Demeclocycline hydrochloride,263,5,5,2,2,0
46264,59-06-3,Ethopabate,263,1,1,1,1,0
46260,98-79-3,Pidolic acid,263,0,0,0,0,0
48627,155213-67-5,Ritonavir,341,63,2,7,1,6
48616,927-19-5,"Dipotassium 2,3-dihydroxypropyl phosphate",263,0,0,0,0,0
23727,57-94-3,(+)-Tubocurarine chloride hydrochloride,257,2,2,2,2,0
46202,51037-30-0,Acipimox,234,0,0,0,0,0
36760,61825-94-3,Oxaliplatin,171,34,34,5,5,0
23492,18378-89-7,Plicamycin,171,61,29,6,4,2
46915,81129-83-1,Cilastatin sodium,156,0,0,0,0,0
23279,72-44-6,Methaqualone,156,8,0,2,0,2
32020,24346-00-7,S-Adenosylmethionine chloride,156,1,1,1,1,0
46736,145781-92-6,Goserelin acetate,156,0,0,0,0,0
46758,519-09-5,Benzoylecgonine,156,0,0,0,0,0
23187,6740-88-1,Ketamine,156,0,0,0,0,0
22659,86-13-5,Benztropine,156,9,9,2,2,0
42322,7492-30-0,Potassium ricinoleate,156,16,3,5,1,4
23670,40180-04-9,Ticrynafen,156,0,0,0,0,0
20113,51-55-8,(+/-)-Atropine,419,3,3,2,2,0
45605,124-87-8,Picrotoxin,156,1,1,1,1,0
46836,74217-46-2,1-(4-Hydroxyphenyl)-2-methyl-2-methylaminoethanol hydrochloride,156,0,0,0,0,0
20669,471-53-4,Glycyrrhetinic acid,419,75,3,9,1,8
22565,830-89-7,Albutoin,156,0,0,0,0,0
22742,50935-04-1,Carubicin,156,81,48,7,6,1
46455,191114-48-4,Telithromycin,156,11,0,2,0,2
46099,115-37-7,Thebaine,156,4,4,2,2,0
46062,101-93-9,Phenacaine,156,6,6,1,1,0
46022,58-25-3,Chlordiazepoxide,156,6,6,4,4,0
21069,68-23-5,Norethynodrel,93,10,10,4,4,0
22553,55079-83-9,Acitretin,93,16,16,6,6,0
45831,31842-01-0,Indoprofen,93,4,4,2,2,0
46178,61570-90-9,Tioxidazole,93,20,20,6,6,0
46112,84-12-8,Phanquinone,93,30,13,6,4,2
45773,87862-25-7,3-Iodobenzylguanidine hemisulfate,171,10,10,2,2,0
45782,61-16-5,Methoxamine hydrochloride,93,4,4,2,2,0
47800,9041-93-4,Bleomycin sulfate,171,36,36,5,5,0
23693,53902-12-8,"N-(3′,4′-Dimethoxycinnamoyl)anthranilic acid",93,10,10,5,5,0
46782,54048-10-1,Etonogestrel,93,14,14,4,4,0
46342,128-20-1,Pregnanolone,93,7,7,3,3,0
46192,1093-58-9,Clostebol,93,13,13,4,4,0
45545,129-16-8,Mercurochrome,93,6,6,3,3,0
46904,3039-71-2,3beta-(2-Diethylaminoethoxy)androst-5-en-17-one hydrochloride,93,4,4,2,2,0
45468,39878-70-1,Talampicillin hydrochloride,93,1,1,1,1,0
45399,7104-38-3,Methotrimeprazine maleate,93,6,6,3,3,0
40625,1393-48-2,Thiostrepton,93,24,2,5,2,3
48578,146464-95-1,Pralatrexate,93,26,3,5,1,4
48617,25126-32-3,Sincalide,171,4,4,2,2,0
48622,174484-41-4,Tipranavir,93,7,7,4,4,0
21181,2955-38-6,Prazepam,353,54,3,8,2,6
21368,8001-35-2,Toxaphene,353,179,35,11,8,3
22315,26538-44-3,Zearalanol,353,89,31,9,6,3
20380,853-23-6,Dehydroepiandrosterone 3-acetate,353,55,16,8,4,4
46259,2829-19-8,Rolicyprine,78,0,0,0,0,0
46258,3321-80-0,alpha-Hydroxy-alpha-phenyl-benzeneacetic acid 1-methyl-3-piperidinyl ester,78,0,0,0,0,0
46257,350-12-9,Sulbentine,78,7,7,3,3,0
46256,2623-33-8,Diacetamate,78,0,0,0,0,0
46255,103-31-1,4-Styrylpyridine,156,9,9,6,6,0
46254,893-01-6,Tenylidone,78,9,9,5,5,0
46253,5591-49-1,Anilamate,78,9,9,4,4,0
46252,84-08-2,Pyrathiazine,78,7,0,3,0,3
46251,5684-90-2,Penthrichloral,78,0,0,0,0,0
46223,94-10-0,Ethoxazene,78,14,5,4,3,1
46220,7654-03-7,Benmoxin,78,3,3,2,2,0
41774,145-94-8,Chlorindanol,78,2,2,1,1,0
46243,1823-31-0,"2,2-Di-4-tolylpropane",78,0,0,0,0,0
42244,526-18-1,Osalmid,78,5,5,3,3,0
46242,1641-17-4,Mexenone,341,30,6,10,3,7
46241,7617-74-5,3-(Dodecyloxy)propylamine,78,0,0,0,0,0
26270,66-75-1,Uracil mustard,78,4,4,3,3,0
46240,3562-99-0,Menbutone,78,0,0,0,0,0
46239,1707-15-9,Metazide,78,1,1,1,1,0
41697,126-22-7,Butonate,78,3,3,1,1,0
46238,102-05-6,"N,N-Dibenzylmethylamine",78,0,0,0,0,0
46237,2607-31-0,Halethazole hydrochloride,78,22,5,5,2,3
46236,573-20-6,Acetomenaphthone,78,23,0,7,0,7
23345,20594-83-6,Nalbuphine,78,1,1,1,1,0
47820,100678-32-8,Cifenline succinate,78,0,0,0,0,0
22571,33178-86-8,Alinidine,78,1,1,1,1,0
46308,102-98-7,Phenylmercury borate,78,49,14,7,5,2
46306,72318-55-9,Indorenate hydrochloride,78,1,1,1,1,0
40465,6217-54-5,Cervonic acid,78,4,4,2,2,0
41023,10417-94-4,Timnodonic acid,78,2,2,2,2,0
21260,55721-11-4,"24R,25-Dihydroxyvitamin D3",78,29,0,6,0,6
22722,32222-06-3,Calcitriol,78,33,0,6,0,6
22721,19356-17-3,Calcifediol,78,34,0,6,0,6
46232,4015-32-1,Quazodine,78,0,0,0,0,0
46231,5711-40-0,Bromebric acid,78,19,3,6,2,4
46230,38103-61-6,Tolamolol,78,0,0,0,0,0
46228,1146-99-2,Clorindione,78,0,0,0,0,0
46224,NOCAS_46224,alpha-L-Lyxo-hex-5-ulofuranosyl alpha-D-glucopyranoside,78,0,0,0,0,0
46191,16852-81-6,Benzoclidine,78,0,0,0,0,0
46189,79455-30-4,Nicaraven,78,0,0,0,0,0
46218,80-92-2,Pregnandiol,78,5,5,3,3,0
46217,22204-91-7,Lifibrate,78,1,1,1,1,0
46214,106941-25-7,Adefovir,78,0,0,0,0,0
46213,549-68-8,Octaverine,78,18,2,6,1,5
46212,50673-97-7,Colestolone,78,5,5,2,2,0
46211,957-56-2,Fluindione,78,0,0,0,0,0
46210,2529-45-5,Flurogestone acetate,78,5,5,2,2,0
46208,75963-52-9,Nuclomedone,78,1,1,0,0,0
46206,41717-30-0,Befuraline,78,3,3,1,1,0
46205,10023-54-8,Aminoquinol,78,11,1,4,1,3
46319,302-27-2,Aconitine,78,0,0,0,0,0
20897,59122-46-2,Misoprostol,78,5,5,2,2,0
46177,60-89-9,Pecazine,78,9,0,3,0,3
46175,30223-48-4,Fluacizine,78,9,2,2,1,1
46173,14051-33-3,Benzetimide,78,2,2,1,1,0
46327,467-15-2,Norcodeine,78,0,0,0,0,0
46325,93302-47-7,Naloxone methyliodide,78,0,0,0,0,0
46323,60-79-7,Ergometrine,78,3,3,2,2,0
46322,17479-19-5,Dihydroergocristine,156,18,1,3,0,3
23196,17575-20-1,Lanatoside A,78,21,1,4,1,3
46199,121808-62-6,Pidotimod,78,0,0,0,0,0
46198,5721-91-5,Testosterone decanoate,78,7,7,3,3,0
46197,1234-30-6,Etocarlide,78,2,2,1,1,0
46194,534-84-9,Pimeclone,78,3,3,1,1,0
46354,104987-11-3,Tacrolimus,78,12,4,4,1,3
46353,142880-36-2,Ilomastat,78,6,0,2,0,2
46352,75747-14-7,Tanespimycin,78,28,23,6,5,1
46346,319-78-8,D-Isoleucine,78,0,0,0,0,0
22559,56-65-5,Adenosine triphosphate,78,2,2,1,1,0
23181,71827-03-7,Ivermectin B1a,78,35,0,5,0,5
23415,15500-66-0,Pancuronium bromide,78,0,0,0,0,0
46187,10447-39-9,Quifenadine,78,6,6,3,3,0
46186,2856-81-7,Azabuperone,78,3,3,1,1,0
46185,2779-55-7,Opiniazide,78,0,0,0,0,0
46184,3867-15-0,1-Piperidinocyclohexanecarbonitrile,78,0,0,0,0,0
46183,800-22-6,Chloracizine,78,14,2,3,1,2
46182,95-27-2,Diamthazole,78,4,4,2,2,0
46172,42553-65-1,Crocin,78,1,1,1,1,0
46171,1499-55-4,5-Methyl hydrogen L-glutamate,78,0,0,0,0,0
46170,506-26-3,Gamolenic acid,78,0,0,0,0,0
46169,555-44-2,Tripalmitin,78,0,0,0,0,0
46168,21500-98-1,Tenocyclidine,78,0,0,0,0,0
46167,2201-39-0,Rolicyclidine,78,20,4,6,2,4
46166,2165-19-7,Guanoxan,78,0,0,0,0,0
46165,2423-66-7,Quindoxin,78,0,0,0,0,0
46164,50528-97-7,Xilobam,78,0,0,0,0,0
23032,54504-70-0,Etofylline clofibrate,78,4,4,2,2,0
46160,14062-23-8,Felbinac ethyl,78,1,1,1,1,0
40208,14897-39-3,Rifamycin SV sodium salt,341,62,11,7,4,3
46361,35834-26-5,Rosaramicin,156,38,2,6,1,5
46358,115103-85-0,MK-571 sodium,78,35,3,7,3,4
46356,72741-87-8,Swainsonine,78,0,0,0,0,0
46139,15687-23-7,Guaiactamine,78,2,2,1,1,0
46138,744-80-9,Benzobarbital,78,2,2,2,2,0
46135,22148-75-0,N-Formylamphetamine,78,0,0,0,0,0
46133,70374-39-9,Lornoxicam,78,3,3,1,1,0
46363,7059-24-7,Chromomycin A3,78,19,2,6,1,5
46156,15686-72-3,Tibrofan,78,26,4,6,3,3
46155,963-39-3,Demoxepam,78,0,0,0,0,0
46154,64379-93-7,Cinflumide,78,0,0,0,0,0
46146,17279-39-9,Dimetamfetamine,78,0,0,0,0,0
20911,3771-19-5,Nafenopin,78,3,3,2,2,0
40620,69056-38-8,Sapropterin dihydrochloride,78,0,0,0,0,0
20115,34031-32-8,Auranofin,78,49,11,7,3,4
46122,40666-16-8,(±)-Fluprostenol,78,1,1,1,1,0
22946,551-11-1,Dinoprost,78,1,1,1,1,0
46121,17737-65-4,Clonixin,78,5,5,4,4,0
46120,24678-13-5,Lenperone,78,3,3,1,1,0
34266,55720-26-8,Aviglycine hydrochloride,78,1,1,1,1,0
27170,527-07-1,Sodium D-gluconate,78,0,0,0,0,0
46144,3703-79-5,Bamethan,78,0,0,0,0,0
46143,3030-53-3,Clofenoxyde,78,8,8,3,3,0
46102,27661-27-4,Benaxibine,78,0,0,0,0,0
46097,551-16-6,6-Aminopenicillanic acid,78,0,0,0,0,0
23413,33069-62-4,Paclitaxel,78,20,15,4,4,0
27396,1338-41-6,Anhydrosorbitol stearate,78,0,0,0,0,0
46118,32295-18-4,Tosifen,78,0,0,0,0,0
46116,515-57-1,Maleylsulfathiazole,78,0,0,0,0,0
46115,14149-43-0,Trimethidinium methyl sulfate,78,0,0,0,0,0
46106,859-07-4,Cefaloram,78,0,0,0,0,0
20469,21626-89-1,Diftalone,78,0,0,0,0,0
22574,432-60-0,Allylestrenol,78,10,10,4,4,0
36409,62-33-9,Calcium disodium ethylenediaminetetraacetate,78,0,0,0,0,0
34669,72963-72-5,Imiprothrin,78,1,1,1,1,0
42668,118072-93-8,Zoledronate,78,0,0,0,0,0
46085,121123-17-9,Cefprozil monohydrate,78,1,1,1,1,0
46084,91832-40-5,Cefdinir,156,0,0,0,0,0
22814,632-69-9,Acid Red 94 disodium salt,78,22,0,6,0,6
20038,22131-79-9,Alclofenac,78,6,6,3,3,0
21133,89667-40-3,Isbogrel,78,0,0,0,0,0
46103,120824-08-0,Linotroban,78,0,0,0,0,0
46059,943-89-5,4-Methoxy-(2E)-cinnamic acid,78,0,0,0,0,0
23088,59-23-4,D-​Galactose,78,0,0,0,0,0
23097,25046-79-1,Glisoxepide,78,0,0,0,0,0
23044,458-24-2,Fenfluramine,78,1,1,1,1,0
46064,640-68-6,D-Valine,78,0,0,0,0,0
46063,NOCAS_46063,Allococaine hydrochloride,78,0,0,0,0,0
22577,28981-97-7,Alprazolam,78,8,8,4,4,0
46397,532-40-1,Thiamine monophosphate,78,0,0,0,0,0
46393,60668-24-8,Alafosfalin,78,0,0,0,0,0
22862,456-59-7,Cyclandelate,78,8,8,4,4,0
27381,1323-39-3,"1,2-Propylene glycol monostearate",78,5,0,1,0,1
23302,53-36-1,Methylprednisolone acetate,78,8,8,4,4,0
46078,22664-55-7,Metipranolol,78,7,7,3,3,0
23643,80-53-5,Terpin,78,0,0,0,0,0
21309,846-50-4,Temazepam,341,15,15,4,4,0
23225,846-49-1,Lorazepam,78,1,1,1,1,0
40609,1464-42-2,Selenomethionine,78,0,0,0,0,0
46055,71617-10-2,Amiloxate,78,1,1,1,1,0
20821,59-51-8,DL-Methionine,78,0,0,0,0,0
46054,303-98-0,Ubidecarenone,156,4,4,3,3,0
23232,56-87-1,L-​Lysine,78,0,0,0,0,0
46413,1910-68-5,Methisazone,78,14,0,5,0,5
46411,76-20-0,Sulfonethylmethane,78,0,0,0,0,0
46407,539-21-9,Ambazone,78,15,5,5,2,3
23247,481-85-6,Menadiol,263,114,5,10,4,6
46061,161814-49-9,Amprenavir,78,2,2,1,1,0
47802,NOCAS_47802,Hydrocodone phosphate (2:3) monohydrate,78,0,0,0,0,0
31096,58-95-7,D-alpha-Tocopheryl acetate,78,0,0,0,0,0
22401,57-88-5,Cholesterol,78,0,0,0,0,0
26053,3810-74-0,Streptomycin sulfate (2:3),78,0,0,0,0,0
23176,16051-77-7,Isosorbide 5-mononitrate,78,0,0,0,0,0
27286,661-19-8,1-Docosanol,78,0,0,0,0,0
22816,573-58-0,C.I. Direct Red 28,341,81,2,10,2,8
47895,134-09-8,Menthyl anthranilate,341,140,11,10,4,6
23258,115-38-8,Mephobarbital,78,1,1,1,1,0
46036,808-48-0,Desoxycorticosterone pivalate,78,4,4,2,2,0
23365,15351-13-0,Nicofuranose,78,0,0,0,0,0
23565,144034-80-0,Rizatriptan,78,0,0,0,0,0
22727,514-78-3,Canthaxanthin,78,3,3,2,2,0
23661,50-89-5,Thymidine,78,1,1,1,1,0
20253,7235-40-7,beta-Carotene,78,0,0,0,0,0
23435,76-74-4,Pentobarbital,78,0,0,0,0,0
46013,12192-57-3,Aurothioglucose,78,7,7,3,3,0
46446,142217-69-4,Entecavir,78,3,3,1,1,0
46444,136470-78-5,Abacavir,78,3,3,3,3,0
46438,12650-69-0,Mupirocin,78,3,3,1,1,0
46435,120410-24-4,Biapenem,78,2,2,2,2,0
23644,968-93-4,Testolactone,78,4,4,2,2,0
40783,40716-66-3,trans-Nerolidol,78,0,0,0,0,0
43909,111470-99-6,Amlodipine besylate,156,47,2,6,2,4
41045,31282-04-9,Hygromycin B,156,3,3,1,1,0
45992,552-79-4,(-)-Methylephedrine,78,0,0,0,0,0
45988,337-47-3,Thiamylal sodium,78,0,0,0,0,0
46452,164656-23-9,Dutasteride,78,7,7,3,3,0
40129,143491-57-0,Emtricitabine,78,0,0,0,0,0
46012,61177-44-4,Clavulanate lithium,78,2,2,2,2,0
46011,108050-54-0,Tilmicosin,78,0,0,0,0,0
46010,42228-92-2,Acivicin,78,25,5,6,3,3
46009,13870-90-1,Coenzyme B12,78,1,1,1,1,0
46008,113-73-5,Gramicidin S,78,34,10,7,5,2
45962,81496-81-3,alpha-Dihydroartemisinin,78,18,11,4,3,1
45961,306-21-8,Hydroxyamphetamine hydrobromide,78,0,0,0,0,0
45959,473-32-5,Chaulmosulfone,78,0,0,0,0,0
46471,90274-24-1,Ractopamine hydrochloride,78,1,1,1,1,0
42681,88495-63-0,Artesunate,78,13,9,4,3,1
40651,71963-77-4,Artemether,78,4,4,2,2,0
46462,67814-76-0,Isepamicin sulfate,78,4,4,3,3,0
45984,528-50-7,Cellobiose,78,0,0,0,0,0
45980,5508-58-7,Andrographolide,78,8,2,2,1,1
45979,488-82-4,D-Arabinitol,78,0,0,0,0,0
45978,6192-62-7,Tomatidine hydrochloride,78,1,1,1,1,0
45976,486-79-3,Dipyrocetyl,78,0,0,0,0,0
45972,2050-87-5,Diallyl trisulfide,78,3,3,3,3,0
40413,17406-45-0,alpha-Tomatine,78,45,0,7,0,7
45998,80621-81-4,Rifaximin,78,4,4,1,1,0
45929,7085-55-4,Troxerutin,78,0,0,0,0,0
45956,11006-34-1,Chlorophyllide Cu complex sodium salt,78,12,0,3,0,3
45954,NOCAS_45954,Oseltamivir tartrate,78,2,0,1,0,1
45951,196597-26-9,Ramelteon,78,6,6,2,2,0
45950,148553-50-8,Pregabalin,78,1,1,1,1,0
45944,5610-40-2,Securinine,78,18,2,6,1,5
46479,82159-09-9,Epalrestat,78,7,1,4,1,3
43952,68786-66-3,Triclabendazole,78,34,3,7,2,5
46477,34214-51-2,Floxacillin sodium hydrate,78,0,0,0,0,0
46476,41748-47-4,Bentiromide sodium,78,0,0,0,0,0
45969,679809-58-6,Enoxaparin sodium,78,0,0,0,0,0
22915,34493-98-6,Dibekacin,78,2,2,1,1,0
45967,1415-73-2,Aloin A,78,2,2,2,2,0
45965,83-75-0,Quinine ethyl carbonate,78,4,4,2,2,0
22829,81103-11-9,Clarithromycin,341,1,1,1,1,0
31566,1722-62-9,Mepivicaine hydrochloride,78,0,0,0,0,0
23638,29767-20-2,Teniposide,78,25,8,6,4,2
23576,81-27-6,Sennoside A,78,0,0,0,0,0
46497,56124-62-0,Valrubicin,78,30,11,6,5,1
46494,124508-66-3,Triptorelin pamoate,78,0,0,0,0,0
46489,165800-03-3,Linezolid,78,2,2,2,2,0
45928,147098-20-2,Rosuvastatin calcium,78,4,4,2,2,0
23735,137862-53-4,Valsartan,78,0,0,0,0,0
45925,97519-39-6,Ceftibuten,78,0,0,0,0,0
45924,144689-63-4,Olmesartan medoxomil,78,3,3,2,2,0
45938,74610-55-2,Tylosin tartrate,156,3,3,1,1,0
23692,87679-37-6,Trandolapril,156,0,0,0,0,0
45890,15176-29-1,Edoxudine,78,0,0,0,0,0
45888,1195-16-0,Citiolone,341,0,0,0,0,0
45910,2622-26-6,Periciazine,78,14,14,4,4,0
22873,2098-66-0,Cyproterone,78,6,6,2,2,0
45905,51022-69-6,Amcinonide,78,7,7,4,4,0
45904,26159-36-4,Naproxol,78,1,1,1,1,0
45903,220119-17-5,Selamectin,78,3,0,2,0,2
45902,55721-31-8,Salinomycin sodium,78,15,5,4,2,2
45900,11121-32-7,Mepartricin,78,5,5,4,4,0
31603,13909-09-6,Semustine,78,1,1,1,1,0
46509,266359-83-5,Reparixin,78,3,3,1,1,0
46508,182959-33-7,2-{[(2E)-2-(1-Azabicyclo[2.2.2]oct-3-ylidene)-2-fluoroethyl]oxy}-9H-carbazole,78,14,0,6,0,6
23681,22345-47-7,Tofisopam,78,1,1,1,1,0
46500,55028-72-3,Cloprostenol sodium,78,1,1,1,1,0
46498,63547-13-7,Adrafinil,78,0,0,0,0,0
45867,4245-41-4,Estradiol acetate,275,46,20,7,4,3
45865,118-57-0,Acetaminosalol,78,0,0,0,0,0
45885,4991-65-5,Thioxolone,78,0,0,0,0,0
45877,924-49-2,4-Amino-3-hydroxybutyric acid,78,1,1,1,1,0
46521,15301-40-3,Actinoquinol,78,3,3,2,2,0
21246,632-99-5,C.I. Basic Violet 14,341,56,4,7,1,6
46520,18598-63-5,Methyl L-cysteinate hydrochloride,78,1,1,1,1,0
46518,5892-10-4,Bismuth(III) carbonate,78,2,2,1,1,0
46517,4023-02-3,Praxadine hydrochloride,78,0,0,0,0,0
21232,915-67-3,Amaranth,341,13,3,2,1,1
44474,93-54-9,1-Phenyl-1-propanol,78,0,0,0,0,0
45895,25999-20-6,Lasalocid sodium,78,38,9,6,4,2
45856,1461-15-0,Oftasceine,78,7,7,3,3,0
45855,7512-17-6,N-Acetylglucosamine,78,0,0,0,0,0
46530,1509-34-8,L-Alloisoleucine,78,1,1,1,1,0
46528,2390-68-3,Didecyldimethylammonium bromide,78,43,5,6,2,4
46527,868-59-7,Ethyl L-cysteinate hydrochloride,78,1,1,1,1,0
31210,108-16-7,Dimepranol,78,1,1,1,1,0
20342,477-30-5,Colcemid,78,8,8,4,4,0
46524,59-26-7,"N,N-Diethylnicotinamide",78,1,1,1,1,0
21756,77-75-8,3-Methyl-1-pentyn-3-ol,78,0,0,0,0,0
47076,16919-19-0,Ammonium hexafluorosilicate,78,1,1,1,1,0
22782,50-59-9,Cephaloridine,78,0,0,0,0,0
45873,26016-98-8,Fosfomycin calcium,78,0,0,0,0,0
45872,6489-61-8,Metampicillin sodium,78,0,0,0,0,0
23198,17575-22-3,Lanatoside C,78,18,1,3,1,2
45828,536-93-6,Eucatropine hydrochloride,341,3,3,2,2,0
23004,979-32-8,Estradiol valerate,78,17,17,5,5,0
45824,5490-27-7,Dihydrostreptomycin sulfate,78,1,1,1,1,0
45822,8068-28-8,Colistimethate sodium,78,3,3,1,1,0
35542,27668-52-6,"N,N-Dimethyl-N-(3-(trimethoxysilyl)propyl) octadecan-1-aminium chloride",78,5,5,3,3,0
46542,94-44-0,Benzyl nicotinate,78,4,4,1,1,0
46540,1114-34-7,D-Lyxose,78,0,0,0,0,0
46538,5794-04-7,(-)-Camphene,78,0,0,0,0,0
46537,1304-76-3,Bismuth oxide (Bi2O3),78,0,0,0,0,0
46532,4044-65-9,p-Phenylene bis(isothiocyanate),78,4,4,3,3,0
45846,1404-88-2,Tyrothricin,78,47,9,7,3,4
45839,1405-20-5,Polymixin B sulfate,78,0,0,0,0,0
45861,58-58-2,Puromycin dihydrochloride,78,39,3,6,2,4
45795,70018-51-8,Quazinone,78,0,0,0,0,0
45789,14721-76-7,Methylcarbamylcholine chloride,78,1,1,1,1,0
45809,37686-84-3,Terguride,78,4,4,2,2,0
45803,39624-66-3,Trepipam maleate,78,1,1,1,1,0
45800,71771-90-9,Denopamine,78,0,0,0,0,0
46551,7199-29-3,Cyheptamide,78,0,0,0,0,0
46549,34273-10-4,Saralasin,78,0,0,0,0,0
46548,355-42-0,Perfluorohexane,78,0,0,0,0,0
45814,115626-53-4,Tropisetron methyliodide,78,0,0,0,0,0
45830,5321-32-4,Hetacillin potassium,78,0,0,0,0,0
45766,70641-51-9,Edelfosine,78,5,0,4,0,4
45764,78590-17-7,Sodium prasterone sulfate dihydrate,78,1,1,1,1,0
45787,163000-63-3,Neboglamine,78,0,0,0,0,0
45786,1049737-99-6,Sodium (2E)-4-(4-chlorophenyl)-4-hydroxybut-2-enoate hydrate,78,0,0,0,0,0
45785,77086-22-7,Dizocilpine maleate,156,1,1,1,1,0
45780,53308-83-1,Tilarginine acetate,234,0,0,0,0,0
45775,NOCAS_45775,Itriglumide sodium,78,1,1,1,1,0
45774,82691-32-5,Iofetamine hydrochloride,78,5,5,2,2,0
47829,1263-89-4,Paromomycin sulfate,78,1,1,1,1,0
46556,86811-58-7,Fluazuron,78,5,5,3,3,0
22938,67-96-9,Dihydrotachysterol,78,6,6,3,3,0
46552,6233-83-6,Oxytocin acetate,78,3,3,2,2,0
41021,312-84-5,D-Serine,78,0,0,0,0,0
21278,959-24-0,Sotalol hydrochloride,341,4,4,4,4,0
45796,89874-80-6,R(+)-3-PPP hydrochloride,78,0,0,0,0,0
45757,36504-94-6,Butaclamol hydrochloride,78,14,1,4,1,3
45755,69304-47-8,Brivudine,78,1,1,1,1,0
37186,54301-15-4,4'-(Acridin-9-ylamino)-3'-methoxymethanesulfonanilide hydrochloride,78,43,15,7,4,3
45751,2079-89-2,3-Aminopropionitrile fumarate,78,0,0,0,0,0
45749,73218-79-8,Apraclonidine hydrochloride,78,0,0,0,0,0
46574,109-95-5,Ethyl nitrite,78,2,2,2,2,0
46573,305-85-1,"2,6-Diiodo-4-nitrophenol",78,29,3,6,2,4
46571,98-69-1,4-Ethylbenzenesulfonic acid,78,4,4,3,3,0
46568,2207-75-2,Potassium oxonate,78,0,0,0,0,0
46566,111-81-9,Methyl 10-undecenoate,78,0,0,0,0,0
46564,2438-05-3,4-Propylbenzoic acid,78,0,0,0,0,0
46562,53636-17-2,(S)-(+)-1-Dimethylamino-2-propanol,78,0,0,0,0,0
42631,96850-13-4,"(1R,3S)-3-(3,4-Dichlorophenyl)-N-methyl-2,3-dihydro-1H-inden-1-amine;hydrochloride",78,11,0,5,0,5
45772,66985-17-9,Ipratropium bromide hydrate,156,0,0,0,0,0
20700,645-35-2,L-Histidine hydrochloride,78,1,1,1,1,0
33983,7681-38-1,Sodium hydrogen sulfate,341,0,0,0,0,0
20340,10026-24-1,Cobalt sulfate heptahydrate,341,18,18,5,5,0
21258,6533-68-2,Scopolamine hydrobromide trihydrate,341,2,2,2,2,0
32061,7789-12-0,Sodium dichromate dihydrate,341,131,22,8,6,2
46586,6099-90-7,"1,3,5-Trihydroxybenzene dihydrate",78,0,0,0,0,0
46583,1315-04-4,Antimony(V) sulfide,78,0,0,0,0,0
46581,20098-14-0,Idramantone,78,0,0,0,0,0
46578,3861-73-2,Anazolene sodium,78,12,0,3,0,3
46577,3087-16-9,Acid green 50,78,13,0,3,0,3
39229,79-10-7,Acrylic acid,78,0,0,0,0,0
46575,16376-36-6,beta-Chloralose,78,0,0,0,0,0
48981,33818-15-4,Citicoline sodium,156,0,0,0,0,0
45759,65391-42-6,Bestatin hydrochloride,78,6,0,2,0,2
45758,1021868-82-5,"2-[(2-Methyl-1-benzothiophen-3-yl)methyl]-4,5-dihydro-1H-imidazole;oxalic acid",78,3,3,1,1,0
46597,129979-57-3,Argipressin acetate,78,4,4,3,3,0
25853,79-21-0,Peracetic acid,78,0,0,0,0,0
46596,13242-44-9,"N,N-Dimethylcysteamine hydrochloride",78,1,1,1,1,0
24622,14882-18-9,Bismuth subsalicylate,78,0,0,0,0,0
25324,1195-79-5,alpha-Fenchone,78,0,0,0,0,0
46593,502-65-8,all-trans-Lycopene,78,10,10,4,4,0
46592,223769-64-0,Hydroxystilbamidine bis(methanesulfonate),78,3,3,1,1,0
46588,99-26-3,Bismuth subgallate,78,7,7,3,3,0
50425,131-48-6,Aceneuramic acid,78,0,0,0,0,0
47831,NOCAS_47831,Levamisole resinate,78,0,0,0,0,0
45740,117414-74-1,Midafotel,78,0,0,0,0,0
20886,298-59-9,Methylphenidate hydrochloride,341,1,1,1,1,0
46607,207233-91-8,"Sodium 2,3-dimercaptopropanesulfonate hydrate",78,3,3,1,1,0
25331,70-34-8,"1-Fluoro-2,4-dinitrobenzene",341,74,8,8,4,4
20566,106-89-8,Epichlorohydrin,341,1,1,1,1,0
46605,15091-98-2,Sodium triphosphate hydrate (5:1:6),78,0,0,0,0,0
46603,29849-82-9,sn-Glycerol 3-phosphate bis(cyclohexylammonium),78,0,0,0,0,0
22956,148-18-5,Sodium diethyldithiocarbamate,341,71,11,7,5,2
46601,38099-82-0,"D-Fructose 1,6-bisphosphate trisodium",78,3,3,2,2,0
41613,60207-31-0,Azaconazole,341,12,12,3,3,0
25983,87-66-1,Pyrogallol,341,39,5,7,4,3
46618,138844-81-2,Ibandronate sodium,78,0,0,0,0,0
46617,61849-14-7,Epoprostenol sodium,78,0,0,0,0,0
40666,30652-11-0,Deferiprone,78,0,0,0,0,0
22626,5169-78-8,Tipepidine,78,1,1,1,1,0
46615,5205-82-3,Bevonium metilsulfate,78,0,0,0,0,0
20562,13838-16-9,Enflurane,341,1,1,1,1,0
46613,678-26-2,Perfluoropentane,78,0,0,0,0,0
46250,485-34-7,Neocinchophen,78,6,6,3,3,0
46609,69558-55-0,Thymopentin,78,0,0,0,0,0
46608,52432-72-1,Oxeladin citrate,78,8,8,3,3,0
24715,1306-19-0,Cadmium oxide,341,1,1,1,1,0
46630,70797-11-4,Cefpiramide,78,1,1,1,1,0
22562,56287-74-2,Afloqualone,78,6,6,4,4,0
46626,10161-34-9,Trenbolone acetate,78,12,12,4,4,0
46624,75530-68-6,Nilvadipine,78,14,0,5,0,5
23566,119302-91-9,Rocuronium bromide,78,4,4,2,2,0
46621,88889-14-9,Fosinopril sodium,78,0,0,0,0,0
41115,61379-65-5,Rifapentine,78,37,5,7,2,5
23835,149845-06-7,Saquinavir mesylate,341,176,6,11,5,6
30707,20562-02-1,alpha-Solanine,341,144,19,11,6,5
22774,55268-75-2,Cefuroxime,419,4,4,3,3,0
24555,495-48-7,Azoxybenzene,341,18,18,5,5,0
21383,79-01-6,Trichloroethylene,341,0,0,0,0,0
21482,67-64-1,Acetone,341,0,0,0,0,0
21731,67-56-1,Methanol,341,0,0,0,0,0
46643,68401-82-1,Ceftizoxime sodium,78,0,0,0,0,0
46642,61270-78-8,Cefonicid sodium,78,2,2,1,1,0
46637,51410-30-1,Pirenoxine sodium,78,1,1,1,1,0
46636,66852-54-8,Halobetasol propionate,78,12,12,4,4,0
22898,54024-22-5,Desogestrel,78,29,8,6,2,4
23261,57-53-4,Meprobamate,341,0,0,0,0,0
21276,7681-52-9,Sodium hypochlorite,78,0,0,0,0,0
24508,96-50-4,2-Aminothiazole,341,3,3,3,3,0
25846,109-66-0,Pentane,341,1,1,1,1,0
23947,75-15-0,Carbon disulfide,341,3,3,1,1,0
22918,488-41-5,Dibromomannitol,341,2,2,2,2,0
30607,105-57-7,Acetal,341,0,0,0,0,0
46654,136087-85-9,Fidarestat,78,0,0,0,0,0
46653,17097-76-6,Calcium hopantenate,78,0,0,0,0,0
23316,51481-65-3,Mezlocillin,78,1,1,1,1,0
46649,106861-44-3,Mivacurium chloride,78,1,1,1,1,0
46647,6000-74-4,Hydrocortisone sodium phosphate,78,6,6,2,2,0
46646,75738-58-8,Cefmenoxime hydrochloride,78,0,0,0,0,0
46660,150399-23-8,Pemetrexed disodium,78,3,3,1,1,0
46659,126544-47-6,Ciclesonide,78,12,12,5,5,0
46658,75443-99-1,Aclarubicin hydrochloride,78,37,21,7,5,2
46657,5146-68-9,N-Hydroxymethylsuccinimide,78,0,0,0,0,0
46656,14344-58-2,Bicisate dihydrochloride,78,0,0,0,0,0
25455,110-46-3,3-Methylbutyl nitrite,341,1,1,1,1,0
20206,109-69-3,1-Chlorobutane,341,2,2,1,1,0
33389,302-95-4,Sodium deoxycholate,341,60,1,8,1,7
46683,82318-06-7,Deslorelin acetate,78,46,5,7,2,5
46682,55726-47-1,Enocitabine,78,13,13,4,4,0
46674,137071-32-0,Pimecrolimus,78,5,5,3,3,0
48625,81938-43-4,Zofenopril calcium,78,0,0,0,0,0
23650,2611-61-2,Thiamphenicol glycinate hydrochloride,78,3,3,1,1,0
22329,481-30-1,Epitestosterone,78,12,12,4,4,0
20250,56-23-5,Carbon tetrachloride,341,1,1,1,1,0
48631,13422-55-4,Mecobalamin,78,13,1,4,1,3
34085,9002-93-1,Triton X 100,341,91,21,9,4,5
20306,67-66-3,Chloroform,341,11,0,5,0,5
23771,4097-22-7,"2',3'-Dideoxyadenosine",341,6,6,2,2,0
46694,104931-87-5,Arbekacin sulfate,78,1,1,1,1,0
46686,153259-65-5,Cilomilast,78,0,0,0,0,0
37684,28728-55-4,Polybrene,78,2,2,1,1,0
45244,61-57-4,Niridazole,78,0,0,0,0,0
33960,72559-06-9,Rifabutin,341,70,5,9,5,4
25948,7778-50-9,Potassium dichromate,341,133,17,8,6,2
30760,83905-01-5,Azithromycin,341,15,7,4,2,2
46708,NOCAS_46708,Polyethylene glycol (20) hexadecyl ether,78,46,8,7,3,4
46707,55134-13-9,Narasin,78,28,6,6,3,3
45250,64-65-3,Bemegride,78,0,0,0,0,0
46703,103597-45-1,Bisoctrizole,78,0,0,0,0,0
46702,80370-57-6,Ceftiofur,78,0,0,0,0,0
46701,55297-95-5,Tiamulin,78,11,4,3,3,0
46700,516-92-7,"(3alpha,5beta)-Cholestan-3-ol",78,0,0,0,0,0
50426,202138-50-9,Tenofovir disoproxil fumarate,341,5,5,4,4,0
45711,1480-19-9,Fluanisone,78,4,4,2,2,0
45708,1882-26-4,Pyricarbate,78,0,0,0,0,0
45706,525-61-1,Quinocide,78,13,0,4,0,4
46719,298-83-9,Nitroblue tetrazolium dichloride,78,45,2,6,2,4
22732,51460-26-5,Carbazochrome sodium sulfonate,78,3,0,1,0,1
46716,78967-07-4,Mofezolac,78,1,1,1,1,0
41689,5486-03-3,Buquinolate,78,0,0,0,0,0
26151,4345-03-3,d-alpha-Tocopheryl succinate,341,28,9,6,5,1
40965,18339-16-7,Androstenone,78,5,5,4,4,0
46713,3493-12-7,DL-Methionine methylsulfonium chloride,78,0,0,0,0,0
46712,86832-68-0,Carumonam sodium,78,0,0,0,0,0
37672,156-54-7,Sodium butyrate,78,0,0,0,0,0
26268,72-57-1,C.I. Direct Blue 14,78,16,0,3,0,3
46710,4779-94-6,Norfenefrine hydrochloride,78,1,1,1,1,0
46709,533-28-8,Piperocaine hydrochloride,78,2,2,1,1,0
45679,183814-30-4,Formoterol hemifumarate dihydrate,78,3,3,1,1,0
45699,67268-43-3,Giparmen,78,4,4,2,2,0
45696,1984-15-2,Medronic acid,78,0,0,0,0,0
45694,4394-05-2,Nixylic acid,78,2,2,2,2,0
45693,4394-04-1,Metanixin,78,8,8,4,4,0
45691,86347-15-1,Medetomidine hydrochloride,78,4,4,3,3,0
46735,68890-66-4,Piroctone olamine,78,31,6,7,3,4
46733,1641-74-3,Nicametate citrate,78,0,0,0,0,0
46732,36589-58-9,"Disodium propane-1,3-disulfonate",78,0,0,0,0,0
46730,86329-79-5,Cefodizime sodium,78,0,0,0,0,0
46729,102778-59-6,Coenzyme A trilithium dihydrate,78,1,1,1,1,0
46728,207844-01-7,Mitiglinide calcium dihydrate,78,0,0,0,0,0
46723,84366-81-4,Flavin adenine dinucleotide disodium,78,5,5,4,4,0
46722,3936-02-5,Dexamethazone metasulfobenzoate sodium,78,7,7,3,3,0
46720,63-89-8,Colfosceril palmitate,78,0,0,0,0,0
45650,1783-96-6,D-Aspartic acid,78,0,0,0,0,0
45665,72702-95-5,Ponalrestat,78,0,0,0,0,0
22815,314-13-6,C.I. Direct Blue 53,156,23,0,4,0,4
45658,827-61-2,Aceclidine,78,0,0,0,0,0
42618,85181-40-4,"Tropanyl 3,5-dimethylbenzoate",78,4,4,2,2,0
46749,127-40-2,Lutein A,78,19,1,4,1,3
34873,8003-34-7,Pyrethrins,78,6,6,3,3,0
48624,16283-36-6,Zinc salicylate,78,0,0,0,0,0
46737,30123-17-2,Tianeptine sodium,78,2,2,2,2,0
46249,7492-29-7,Clazolam,78,12,12,3,3,0
45678,26833-87-4,Omacetaxine mepesuccinate,156,53,0,7,0,7
45675,110347-85-8,Selfotel,78,0,0,0,0,0
45671,116861-00-8,Isamoltan,78,0,0,0,0,0
23325,85650-52-8,Mirtazapine,78,2,2,2,2,0
45689,87248-13-3,Vapiprost hydrochloride,78,4,4,2,2,0
42612,75272-39-8,Nemonapride,78,4,4,2,2,0
23219,90-69-7,Lobeline,78,3,3,2,2,0
37069,52-67-5,D-Penicillamine,78,0,0,0,0,0
46760,76-58-4,Ethylmorphine,78,0,0,0,0,0
20572,29975-16-4,Estazolam,78,0,0,0,0,0
46759,22316-47-8,Clobazam,78,0,0,0,0,0
46248,13946-02-6,Iproheptine,78,0,0,0,0,0
47845,119039-59-7,D-Amphetamine-d3 hemisulfate,78,0,0,0,0,0
46757,71731-58-3,Tiquizium bromide,78,5,5,2,2,0
46754,303-42-4,Methenolone enanthate,78,9,9,4,4,0
44214,136310-93-5,Tiotropium bromide,78,4,4,2,2,0
46752,91421-42-0,Rubitecan,78,36,15,6,4,2
46751,101312-92-9,Valnemulin,78,13,3,3,1,2
46750,9004-61-9,Hyaluronic acid,78,0,0,0,0,0
22735,28860-95-9,Carbidopa,78,4,4,2,2,0
22687,25614-03-3,Bromocriptine,78,14,14,6,6,0
40459,362-74-3,Bucladesine,78,0,0,0,0,0
45639,78218-09-4,Dazoxiben,78,0,0,0,0,0
45637,636-47-5,Stallimycin,78,0,0,0,0,0
25556,76-38-0,Methoxyflurane,78,0,0,0,0,0
23294,30685-43-9,Methyldigoxin,78,23,0,5,0,5
46766,468-59-7,Betaprodine,78,1,1,1,1,0
46765,5378-52-9,1-Phenyl-1H-tetrazole,78,0,0,0,0,0
46764,2235-90-7,alpha-Ethyltryptamine,78,2,2,2,2,0
46763,28911-01-5,Triazolam,78,2,2,2,2,0
21327,1972-08-3,Tetrahydrocannabinol,78,31,2,7,1,6
46247,5879-67-4,Oletimol,78,0,0,0,0,0
47847,57-29-4,Nalorphine hydrochloride,78,0,0,0,0,0
46761,561-27-3,"3,6-Diacetylmorphine",78,0,0,0,0,0
23049,437-38-7,Fentanyl,78,6,6,3,3,0
22612,80-50-2,Anisotropine methylbromide,156,3,3,2,2,0
46246,24353-88-6,Lorbamate,78,0,0,0,0,0
20383,131-01-1,Deserpidine,156,41,4,7,1,6
46787,101831-37-2,Diclazuril,78,24,1,6,1,5
46245,23597-82-2,Hexyl nicotinate,78,0,0,0,0,0
40667,55-91-4,Diisopropyl fluorophosphate,78,0,0,0,0,0
46785,101152-94-7,Milnacipran hydrochloride,78,0,0,0,0,0
46784,175865-59-5,Valganciclovir hydrochloride,78,1,1,1,1,0
46783,180468-39-7,Solifenacin hydrochloride,78,5,5,2,2,0
46269,59-39-2,Piperoxan,78,1,1,1,1,0
46779,206361-99-1,Darunavir,78,1,1,1,1,0
46778,111358-88-4,Lestaurtinib,78,45,21,7,5,2
46777,226700-81-8,Fosamprenavir calcium,78,0,0,0,0,0
46773,23674-86-4,Difluprednate,78,9,9,4,4,0
45630,79416-27-6,Methyl aminolevulinate hydrochloride,78,0,0,0,0,0
22998,50-50-0,Estradiol benzoate,78,12,12,4,4,0
23743,437-74-1,Xanthinol niacinate,78,0,0,0,0,0
46800,NOCAS_46800,Cefuzonam hydrochloride,78,0,0,0,0,0
46268,66644-81-3,Veralipride,78,1,1,1,1,0
45608,131-03-3,Rauwolscine,78,1,1,1,1,0
45606,357-70-0,Galanthamine,78,1,1,1,1,0
46265,96-84-4,Iophenoxic acid,78,1,1,1,1,0
46796,6054-98-4,Olsalazine sodium,78,0,0,0,0,0
46795,122841-12-7,Cefoselis sulfate,78,0,0,0,0,0
46262,154-87-0,Thiamine Diphosphate,78,0,0,0,0,0
46793,38916-34-6,Somatostatin,78,0,0,0,0,0
25491,120-40-1,"N,N-Bis(2-hydroxyethyl)dodecanamide",78,4,4,2,2,0
46791,1300-94-3,Amylmetacresol,78,7,7,5,5,0
46790,607-90-9,Propyl salicylate,78,0,0,0,0,0
46788,53016-31-2,Norelgestromin,78,23,11,6,3,3
23533,24305-27-9,Protirelin,78,0,0,0,0,0
45604,129497-78-5,Verteporfin,78,18,2,5,1,4
45603,123171-59-5,Cefepime chloride hydrochloride hydrate,78,0,0,0,0,0
45602,2181-04-6,Potassium canrenoate,78,7,7,3,3,0
45599,78439-06-2,Ceftazidime pentahydrate,78,0,0,0,0,0
45596,73816-42-9,Meclocycline sulfosalicylate,78,5,5,3,3,0
46991,64485-93-4,Cefotaxime sodium,78,0,0,0,0,0
22630,64228-81-5,Atracurium besylate,78,5,5,3,3,0
46814,68792-52-9,Disodium 5-methyltetrahydrofolate,78,0,0,0,0,0
23145,3599-32-4,Indocyanine green,78,10,1,3,1,2
46808,465-39-4,Bufogenin,78,17,0,3,0,3
46807,144-68-3,Zeaxanthin,78,30,3,6,1,5
46806,15262-86-9,Testosterone isocaproate,78,13,13,4,4,0
46805,7753-60-8,Anecortave acetate,78,4,4,2,2,0
22569,41294-56-8,Alfacalcidol,78,20,4,5,2,3
46830,NOCAS_46830,Strychnine benzyl chloride,78,3,3,3,3,0
46829,9005-27-0,Hydroxyethyl starch,78,3,3,2,2,0
46827,115956-13-3,Dolasetron mesylate,78,5,5,2,2,0
46826,9002-12-4,Uricase from Bacillus fastidiosus,78,2,2,2,2,0
46825,529-96-4,Pyridoxamine 5′-phosphate,78,0,0,0,0,0
46824,3211-76-5,Selenium-L-methionine,78,1,1,1,1,0
46822,89-46-3,Menthyl salicylate,78,2,2,2,2,0
46819,9013-34-7,Diethylaminoethyl-sephacel,78,0,0,0,0,0
20752,26675-46-7,Isoflurane,341,1,1,1,1,0
46818,583-03-9,Fenipentol,78,1,1,1,1,0
43763,103300-74-9,Taltirelin,78,0,0,0,0,0
46816,18656-38-7,DL-Dimyristoylphosphatidylcholine,78,1,1,1,1,0
46815,16816-67-4,Pantethine,78,0,0,0,0,0
46261,61914-43-0,Glucuronamide,78,0,0,0,0,0
46839,14885-29-1,Ipronidazole,78,0,0,0,0,0
45586,52239-63-1,Thiethylperazine malate,78,4,4,2,2,0
45585,52152-93-9,Cefsulodin sodium salt hydrate,78,1,1,1,1,0
45582,38562-01-5,Dinoprost tromethamine,78,0,0,0,0,0
45581,37091-65-9,Azlocillin sodium,78,0,0,0,0,0
45579,30034-03-8,Cefamandole sodium,78,0,0,0,0,0
23729,7246-21-1,Sodium tyropanoate,78,1,1,1,1,0
48270,7225-61-8,Metrizoate sodium,78,0,0,0,0,0
48271,1221-56-3,Ipodate sodium,78,1,1,1,1,0
46837,1055-55-6,Bunamidine hydrochloride,78,46,3,7,2,5
46835,10563-70-9,Melitracen hydrochloride,78,8,0,2,0,2
46834,2748-88-1,Miripirium chloride,78,27,4,7,2,5
46833,7262-75-1,Lefetamine,78,2,2,2,2,0
47850,4544-15-4,Piperilate hydrochloride,78,2,2,2,2,0
46832,3166-62-9,Benzactyzine methobromide,78,0,0,0,0,0
23061,127-31-1,Fludrocortisone,353,25,25,5,5,0
46859,26328-04-1,Cinepazide maleate,78,2,2,2,2,0
46858,5412-37-3,2-Dodecylisoquinolinium tosylate,78,39,14,7,4,3
47852,2975-34-0,Carphenazine dimaleate,78,17,3,6,1,5
47851,5714-00-1,Acetophenazine dimaleate,78,12,0,3,0,3
46857,116-45-0,Sulfabromomethazine,78,0,0,0,0,0
46856,23152-29-6,Virginiamycin S1,78,0,0,0,0,0
46855,4564-87-8,Carbomycin A,78,14,4,4,2,2
46852,26097-80-3,Cambendazole,78,19,19,5,5,0
46849,68377-91-3,Arotinolol hydrochloride,78,3,3,2,2,0
22955,514-73-8,Dithiazanine iodide,78,41,10,7,3,4
46846,1178-29-6,Metoserpate hydrochloride,78,0,0,0,0,0
46845,1225-60-1,Isothipendyl hydrochloride,78,3,3,2,2,0
46844,31477-60-8,Ormeloxifene,78,23,6,5,2,3
46843,22733-60-4,Siccanin,78,32,0,6,0,6
46841,2740-04-7,Dimefline hydrochloride,78,3,3,3,3,0
22789,791-35-5,Chlophedianol,78,3,3,2,2,0
46870,24279-91-2,Carboquone,78,34,19,6,5,1
46869,6168-86-1,Isometheptene hydrochloride,78,3,3,1,1,0
45573,22373-78-0,Monensin sodium,156,22,4,4,3,1
45571,7279-75-6,Isoetharine mesylate,78,0,0,0,0,0
45569,6700-34-1,Dextromethorphan hydrobromide monohydrate,78,1,1,1,1,0
45568,6398-98-7,Amodiaquin dihydrochloride dihydrate,78,6,0,2,0,2
45566,6153-33-9,"Mebhydrolin 1,5-naphtalenedisulfonate",78,3,3,2,2,0
36999,6035-45-6,Calcium folinate pentahydrate,78,0,0,0,0,0
45563,5714-90-9,Levopropoxyphene napsylate,78,0,0,0,0,0
46868,515-49-1,Sulfathiourea,78,0,0,0,0,0
46867,1018-71-9,Pyrrolnitrin,78,25,2,7,1,6
46866,6834-98-6,Pentamycin,156,0,0,0,0,0
46865,777-11-7,Haloprogin,78,26,4,7,2,5
46863,1217623-74-9,Halofuginone hydrochloride,78,0,0,0,0,0
46862,152044-54-7,Epothilone B,78,15,15,4,4,0
44239,43229-80-7,Formoterol hemifumarate,78,3,3,1,1,0
45557,2169-75-7,Deptropine citrate,78,5,5,2,2,0
37235,1405-41-0,Gentamicin sulfate,78,0,0,0,0,0
45552,751-94-0,Fusidate sodium,78,0,0,0,0,0
45550,108032-11-7,Bergenin monohydrate,78,0,0,0,0,0
42224,90-03-9,o-(Chloromercuri)phenol,78,49,7,7,3,4
46879,1254-35-9,Oxabolone cipioncate,78,7,7,3,3,0
41279,99-00-3,1-Piperazinecarbodithioic acid,78,0,0,0,0,0
26173,299-75-2,Treosulfan,78,3,3,1,1,0
46878,95734-82-0,Nedaplatin,78,0,0,0,0,0
46876,83314-01-6,Bryostatin 1,78,10,10,4,4,0
46875,31121-11-6,3-Anilinopropan-1-ol,78,0,0,0,0,0
23280,50-11-3,Metharbital,78,0,0,0,0,0
48628,84-97-9,Perazine,78,11,0,4,0,4
46872,623-07-4,4-Chloromercuriphenol,156,87,15,7,3,4
46871,510-35-0,Santonic acid,78,0,0,0,0,0
23027,36637-18-0,Etidocaine,78,1,1,1,1,0
45544,69-43-2,Prenylamine lactate,78,10,0,3,0,3
40622,67-03-8,Thiamine hydrochloride,78,0,0,0,0,0
45542,52-62-0,Pentolinium ditartrate,78,0,0,0,0,0
23701,4310-35-4,Tridihexethyl chloride,78,0,0,0,0,0
45539,14176-50-2,Tiletamine hydrochloride,78,0,0,0,0,0
45537,4360-12-7,Ajmaline,78,0,0,0,0,0
45535,66734-13-2,Alclometasone dipropionate,78,7,7,4,4,0
46886,71609-19-3,Trifluomeprazine 2-butenedioate,78,10,0,4,0,4
46885,3804-89-5,Isoniazid sodium methanesulfonate,78,0,0,0,0,0
46883,2259-85-0,Decanohydroxamic acid,78,9,9,4,4,0
46881,33159-27-2,Ecabet,78,0,0,0,0,0
46880,114899-77-3,Trabectedin,156,47,37,6,6,0
45561,4697-14-7,Ticarcillin disodium,78,0,0,0,0,0
23545,3546-41-6,Pyrvinium pamoate,78,33,6,7,3,4
45559,2624-44-4,Ethamsylate,78,0,0,0,0,0
23552,135062-02-1,Repaglinide,78,3,3,2,2,0
45529,99592-39-9,Sertaconazole nitrate,78,4,4,3,3,0
39657,21679-14-1,Fludarabine,341,36,36,6,6,0
46906,522-40-7,Fosfestrol,78,4,4,3,3,0
46905,14992-59-7,Sodium dibunate,156,10,10,4,4,0
48626,82989-25-1,Tazanolast,78,0,0,0,0,0
44023,2140-46-7,25-Hydroxycholesterol,78,3,3,1,1,0
26044,111-02-4,(E)-Squalene,156,0,0,0,0,0
46902,486-67-9,Mersalyl acid,78,4,4,2,2,0
46901,22465-48-1,Hydroxocobalamin acetate,78,8,0,3,0,3
29335,26266-57-9,Sorbitan monohexadecanoate,78,0,0,0,0,0
46898,58306-30-2,Febantel,78,16,16,4,4,0
46895,59643-91-3,Imexon,78,0,0,0,0,0
46894,9007-43-6,Cytochrome C,78,0,0,0,0,0
45546,132-93-4,Phenethicillin potassium,78,0,0,0,0,0
23166,59017-64-0,Ioxaglic acid,78,0,0,0,0,0
45502,73771-04-7,Prednicarbate,78,7,7,3,3,0
40617,73384-60-8,Sulmazole,78,0,0,0,0,0
22762,69712-56-7,Cefotetan,78,0,0,0,0,0
45498,67915-31-5,Terconazole,78,11,0,4,0,4
46924,13254-33-6,Carpronium chloride,78,0,0,0,0,0
46923,40516-48-1,Tretinoin tocoferil,78,4,4,4,4,0
46921,63358-49-6,Aspoxicillin,78,0,0,0,0,0
46920,380315-80-0,Tenovin-1,78,19,19,5,5,0
46918,796104-87-5,Strontium ranelate heptahydrate,78,1,1,1,1,0
48642,61036-62-2,Teicoplanin,78,1,1,0,0,0
46913,148849-67-6,Ivabradine hydrochloride,78,3,3,1,1,0
46909,98753-19-6,Cefpirome sulfate,78,0,0,0,0,0
22754,79350-37-1,Cefixime,78,0,0,0,0,0
23721,2751-09-9,Troleandomycin,78,0,0,0,0,0
45465,37321-09-8,Apramycin,78,0,0,0,0,0
45463,35457-80-8,Midecamycin,78,3,3,1,1,0
45460,34097-16-0,Clocortolone pivalate,78,6,6,3,3,0
48917,49570-63-0,(+)-alpha-Methadol hydrochloride,78,4,4,2,2,0
48906,14648-14-7,N-Norcodeine hydrochloride,78,0,0,0,0,0
48878,850140-15-7,"2,5-Dimethoxy-4-propylthiophenethylamine hydrochloride",78,23,5,6,3,3
48876,118-68-3,Etryptamine acetate,78,6,6,3,3,0
48867,76333-53-4,(R)-(+)-Cathinone hydrochloride,78,0,0,0,0,0
46926,69-25-0,Eledoisin,78,0,0,0,0,0
45479,53179-09-2,Sisomicin sulfate,78,1,1,1,1,0
45476,51022-98-1,Butirosin disulfate,78,2,2,1,1,0
45494,64019-93-8,Dipivefrin hydrochloride,78,5,5,2,2,0
22760,60925-61-3,Ceforanide,78,0,0,0,0,0
23554,24815-24-5,Rescinnamine,78,4,4,3,3,0
45443,23930-37-2,Alfadolone acetate,78,0,0,0,0,0
45442,23828-92-4,Ambroxolhydrochloride,78,4,4,3,3,0
45439,23256-30-6,Nifurtimox,78,0,0,0,0,0
45438,23239-51-2,Ritodrine hydrochloride,78,0,0,0,0,0
23319,22916-47-8,Miconazole,78,9,9,5,5,0
48889,42011-76-7,"(-)-2,5-Dimethoxy-4-ethylamphetamine hydrochloride",78,5,5,2,2,0
48931,78995-09-2,trans-3-Methylfentanyl hydrochloride,78,5,5,2,2,0
48926,58918-34-6,(-)-Phenazocine hydrobromide,78,12,1,3,1,2
48925,63903-74-2,(+)-Phenazocine hydrobromide,78,11,4,3,2,1
23680,32986-56-4,Tobramycin,78,0,0,0,0,0
45453,32887-03-9,Pivmecillinam hydrochloride,78,0,0,0,0,0
23310,31112-62-6,Metrizamide,78,0,0,0,0,0
48619,122341-38-2,Temoporfin,341,142,0,8,0,8
45467,38363-32-5,Penbutolol sulfate,78,5,5,2,2,0
45414,15180-03-7,Alcuronium chloride,78,0,0,0,0,0
45408,13539-59-8,Azapropazone,78,0,0,0,0,0
45406,11032-49-8,Vitamin K2,78,4,4,2,2,0
48913,1639-60-7,Propoxyphene hydrochloride,78,5,5,2,2,0
48865,300-42-5,dl-Methamphetamine hydrochloride,78,0,0,0,0,0
48911,120693-79-0,(-)-Metazocine fumarate (1:1),78,6,6,2,2,0
48909,1502-95-0,(-)-Heroin hydrochloride,78,2,2,1,1,0
48887,50505-85-6,"(2S)-1-(2,5-Dimethoxyphenyl)propan-2-amine hydrogen chloride (1:1)",78,1,1,1,1,0
48885,50505-89-0,"(S)-(+)-2,5-Dimethoxy-4-methylamphetamine hydrochloride",78,2,2,2,2,0
45432,22195-34-2,Guanadrel sulfate,78,0,0,0,0,0
23398,21738-42-1,Oxamniquine,78,0,0,0,0,0
45428,21462-39-5,Clindamycin hydrochloride,78,0,0,0,0,0
40579,20554-84-1,Parthenolide,78,23,5,6,2,4
23183,16846-24-5,Josamycin,78,2,2,1,1,0
47524,25389-94-0,Kanamycin A sulfate,341,15,15,5,5,0
45367,2363-58-8,Epitiostanol,78,8,8,4,4,0
45385,4910-46-7,N-Acetyl-L-aspartyl-L-glutamic acid,78,0,0,0,0,0
45384,4574-60-1,Atropine-N-oxide hydrochloride,78,0,0,0,0,0
22861,3485-14-1,Cyclacillin,78,0,0,0,0,0
48923,124819-26-7,(+)-Pentazocine succinate,78,4,4,2,2,0
48881,50505-93-6,"S-(+)-2,5-Dimethoxy-4-bromoamphetamine hydrochloride",78,6,0,2,0,2
48940,502-85-2,Sodium Oxybate,78,0,0,0,0,0
48874,22328-94-5,R-(+)-Secobarbital,78,2,2,1,1,0
26339,59-02-9,alpha-Vitamin E,419,3,3,2,2,0
45402,8025-81-8,Spiramycin,78,1,1,1,1,0
21163,7681-93-8,Natamycin,78,0,0,0,0,0
46234,101-71-3,Diphenan,78,4,4,2,2,0
45398,7060-74-4,Oleandomycin phosphate,78,0,0,0,0,0
23149,16034-77-8,Iocetamic acid,78,1,1,0,0,0
45332,58045-23-1,Zuclopenthixol dihydrochloride,78,6,6,3,3,0
45330,602-41-5,Thiocolchicoside,78,0,0,0,0,0
45350,1197-18-8,Tranexamic acid,78,0,0,0,0,0
45344,992-21-2,Lymecycline,78,0,0,0,0,0
47778,897-15-4,Dothiepin hydrochloride,78,10,10,4,4,0
22803,886-74-8,Chlorphenesin carbamate,78,0,0,0,0,0
46298,6319-06-8,Noreximide,78,0,0,0,0,0
48939,152885-09-1,(+)-Epibatidine hydrochloride,78,0,0,0,0,0
22839,2030-63-9,Clofazimine,78,10,0,3,0,3
45360,1620-21-9,Chlorcyclizine hydrochloride,78,8,0,3,0,3
45356,1508-65-2,Oxybutynin hydrochloride,78,8,0,2,0,2
45355,1405-87-4,Bacitracin,156,1,1,1,1,0
45354,1404-93-9,Vancomycin hydrochloride,156,1,1,1,1,0
46292,13410-86-1,Aconiazide,78,0,0,0,0,0
45352,1264-72-8,Colistin sulfate,78,0,0,0,0,0
45305,322-79-2,Triflusal,78,0,0,0,0,0
44328,520-26-3,Hesperidin,78,0,0,0,0,0
23281,554-57-4,Methazolamide,78,0,0,0,0,0
45325,550-83-4,Propoxycaine hydrochloride,78,0,0,0,0,0
45322,534-87-2,Etilefrine hydrochloride,78,0,0,0,0,0
45318,531-75-9,Esculin,78,19,19,4,4,0
48585,88475-69-8,Beraprost sodium,78,1,1,1,1,0
48584,40077-57-4,Aviptadil,78,2,2,2,2,0
48583,104075-48-1,Atipamezole hydrochloride,78,8,8,4,4,0
48333,133814-19-4,Mivacurium,78,0,0,0,0,0
48579,128517-07-7,Romidepsin,78,47,18,7,6,1
46291,551-27-9,Propicillin,78,0,0,0,0,0
48577,16870-37-4,Amogastrin,78,0,0,0,0,0
48575,50-57-7,Lypressin,156,0,0,0,0,0
22578,745-65-3,Alprostadil,78,10,10,4,4,0
22847,636-54-4,Clopamide,78,0,0,0,0,0
46290,37883-00-4,Viomycin sulfate (1:x),78,0,0,0,0,0
46280,82168-26-1,Adafenoxate,78,0,0,0,0,0
23020,86-35-1,Ethotoin,78,0,0,0,0,0
23629,84-36-6,Syrosingopine,78,5,5,2,2,0
48599,56-59-7,Felypressin,78,0,0,0,0,0
35491,5538-94-3,Dioctyldimethylammonium chloride,156,36,6,7,1,6
48595,3858-89-7,Chloroprocaine hydrochloride,78,0,0,0,0,0
48594,41136-22-5,Ceftezole sodium,156,0,0,0,0,0
48593,118443-89-3,Cefquinome sulfate,78,1,1,1,1,0
48589,101827-46-7,Butenafine hydrochloride,78,2,2,2,2,0
48588,52712-76-2,Bunazosin hydrochloride,78,2,2,1,1,0
48587,65002-17-7,Bucillamine,156,0,0,0,0,0
48586,2667-89-2,Bisbentiamine,78,5,5,2,2,0
22922,120-97-8,Dichlorphenamide,78,4,4,2,2,0
20260,474-25-9,Chenodeoxycholic acid,341,45,1,9,1,8
21899,109-06-8,2-Methylpyridine,341,0,0,0,0,0
48621,149845-07-8,Tiludronate disodium,78,0,0,0,0,0
48630,152751-57-0,Sevelamer hydrochloride,78,0,0,0,0,0
48629,88768-40-5,Cilazapril,78,0,0,0,0,0
48615,107667-60-7,Polaprezinc,78,1,1,1,1,0
48614,53251-94-8,Pinaverium bromide,78,8,8,2,2,0
48613,70384-29-1,Peplomycin sulfate,78,17,17,5,5,0
48612,4784-40-1,Oxomemazine hydrochloride,78,1,1,1,1,0
48611,38051-02-4,1-[2-({[5-(diethylamino)-2-{(e)-[4-(dimethylsulfamoyl)phenyl]diazenyl}phenyl]sulfonyl}amino)ethyl]pyridinium chloride,78,1,1,1,1,0
48610,13997-19-8,Nequinate,78,0,0,0,0,0
48609,66803-19-8,Micronomicin sulfate,78,0,0,0,0,0
48605,144481-98-1,Landiolol hydrochloride,341,0,0,0,0,0
48604,37280-56-1,Leucomycin tartrate,156,10,10,3,3,0
48602,2105-43-3,Fursultiamine hydrochloride,78,3,3,1,1,0
48601,194798-83-9,Fosfluconazole,78,0,0,0,0,0
44130,68-35-9,Sulfadiazine,78,0,0,0,0,0
21396,127-48-0,Trimethadione,341,1,1,1,1,0
23744,14293-44-8,Xipamide,263,1,1,1,1,0
23350,434-22-0,Nandrolone,616,70,70,6,6,0
24499,123-30-8,4-Aminophenol,604,194,39,10,7,3
26190,4252-78-2,"2,2',4'-Trichloroacetophenone",604,158,17,11,2,9
47897,87-81-0,D-Tagatose,526,4,4,2,2,0
48852,118635-52-2,Mepranoprofen arbamel,526,35,1,6,1,5
39241,100-52-7,Benzaldehyde,419,1,1,1,1,0
33512,76-43-7,Fluoxymestrone,353,24,24,5,5,0
23081,57-48-7,D-Fructose,341,1,1,1,1,0
48647,122795-43-1,Gadodiamide hydrate,341,0,0,0,0,0
23109,596-51-0,Glycopyrrolate bromide,341,8,0,2,0,2
48967,106516-24-9,Sertindole,341,131,12,12,5,7
48974,105219-56-5,Apafant,341,1,1,1,1,0
48600,91503-79-6,Flurbiprofen axetil,341,4,4,2,2,0
48662,120066-54-8,Gadoteridol,341,2,2,2,2,0
21284,100-42-5,Styrene,341,1,1,1,1,0
21854,103-83-3,"N,N-Dimethylbenzylamine",341,2,2,1,1,0
21767,79-20-9,Methyl acetate,341,1,1,1,1,0
48814,33765-68-3,Oxendolone,290,37,13,6,2,4
48863,850-52-2,Altrenogest,290,56,19,6,5,1
33538,39025-24-6,Guggulsterone E,290,76,18,10,6,4
48831,57574-09-1,Amineptine,278,9,9,4,4,0
48786,167820-10-2,"N-[(3R)-1-(2-Fluorophenyl)-4-oxo-3,4,6,7-tetrahydro[1,4]diazepino[6,7,1-hi]indol-3-yl]-1H-indole-2-carboxamide",278,53,6,9,4,5
48796,79714-31-1,Risarestat,278,19,19,6,6,0
23725,30751-05-4,Troxipide,278,9,2,3,2,1
48792,NOCAS_48792,"{4-[4-(Acetylamino)-2-oxopyrimidin-1(2H)-yl]-1,3-dioxolan-2-yl}methyl benzoate",278,16,16,5,5,0
33674,495-85-2,Methysticin,278,14,14,4,4,0
48778,2020-25-9,Phenyl 11-iodo-10-undecynoate,278,13,0,3,0,3
29315,17540-75-9,"4-(Butan-2-yl)-2,6-di-tert-butylphenol",278,25,6,8,4,4
21191,952-23-8,Proflavin hydrochloride,278,127,47,11,9,2
24236,32536-52-0,Octabromodiphenyl ether,278,31,0,6,0,6
24300,7783-00-8,Selenious acid,278,78,26,8,7,1
48812,94739-29-4,Lemildipine,275,83,5,8,3,5
48961,131740-09-5,Flavopiridol hydrochloride,275,76,2,10,2,8
22858,50-04-4,Cortisone acetate,275,5,5,4,4,0
23353,62-90-8,Nandrolone phenpropionate,275,24,24,7,7,0
48649,86780-90-7,Aranidipine,275,29,5,5,2,3
48690,868540-17-4,Carfilzomib,275,112,28,8,6,2
20983,5522-43-0,1-Nitropyrene,275,31,15,7,6,1
49050,91599-74-5,rac Benidipine hydrochloride,275,51,5,8,3,5
48686,50-03-3,Hydrocortisone acetate,275,15,15,4,4,0
48801,15387-18-5,Fezatione,275,27,27,8,8,0
49068,49763-96-4,Stiripentol,275,16,16,5,5,0
49135,104054-27-5,Atipamezole,263,23,23,7,7,0
48653,141626-36-0,Dronedarone,263,149,3,12,3,9
22764,35607-66-0,Cefoxitin,263,0,0,0,0,0
48655,63516-07-4,Flutropium bromide,263,4,4,3,3,0
48656,599179-03-0,Vicriviroc maleate,263,6,6,4,4,0
48657,198481-33-3,Bazedoxifene acetate,263,107,26,10,7,3
48659,616202-92-7,Lorcaserin,263,5,5,2,2,0
48660,518048-05-0,Raltegravir,263,0,0,0,0,0
48661,90038-01-0,Detomidine hydrochloride,263,20,8,4,2,2
48674,104-32-5,Propamidine,263,10,10,4,4,0
48676,124756-23-6,Binospirone mesylate,263,24,4,7,2,5
48666,86197-47-9,Dopexamine,263,31,4,6,3,3
48669,72822-13-0,Dapiprazole hydrochloride,263,5,5,3,3,0
48671,491-59-8,Chrysarobin,263,20,20,6,6,0
48672,4822-44-0,Thioglycolic acid anilide,263,19,19,5,5,0
25278,2941-64-2,S-Ethyl chlorothioformic acid,263,7,7,4,4,0
27567,4300-97-4,3-Chloropivaloyl chloride,263,10,10,5,5,0
25637,1975-50-4,2-Methyl-3-nitrobenzoic acid,263,19,0,5,0,5
20483,54150-69-5,"2,4-Dimethoxyaniline hydrochloride",263,7,7,3,3,0
20117,3131-60-0,6-Azacytidine,263,25,25,4,4,0
27936,27813-02-1,Hydroxypropyl methacrylate,263,0,0,0,0,0
21646,328-42-7,2-Oxobutanedioic acid,263,0,0,0,0,0
27905,26544-38-7,(Tetrapropenyl)succinic anhydride,263,5,5,3,3,0
22130,874-42-0,"2,4-Dichlorobenzaldehyde",263,0,0,0,0,0
21657,1009-61-6,"1,4-Diacetylbenzene",263,1,1,1,1,0
33401,2743-38-6,Dibenzoyl-L-tartaric acid,263,1,1,1,1,0
29152,119-10-8,1-Methoxy-4-methyl-2-nitrobenzene,263,2,2,1,1,0
21679,918-00-3,"1,1,1-Trichloropropanone",263,85,20,9,6,3
20298,108-90-7,Chlorobenzene,263,2,2,2,2,0
23292,93-30-1,Methoxyphenamine,263,1,1,1,1,0
41056,74-79-3,L-Arginine,263,1,1,1,1,0
23393,99614-02-5,Ondansetron,263,5,5,3,3,0
23440,82834-16-0,Perindopril,263,1,1,1,1,0
48696,963-14-4,Sulfaethoxypyridazine,263,1,1,1,1,0
48698,7281-04-1,Benzyldodecyldimethylammonium bromide,263,130,15,12,5,7
48679,87151-85-7,Spiradoline,263,17,2,5,1,4
48680,300-39-0,"3,5-Diiodo-L-tyrosine",263,2,2,2,2,0
48684,369-77-7,Cloflucarban,263,126,7,10,3,7
48685,1092351-67-1,PP242,263,83,9,10,4,6
22950,972-02-1,Diphenidol,263,7,7,3,3,0
22227,5407-04-5,Dimethylaminopropyl chloride hydrochloride,263,2,2,1,1,0
20276,77439-76-0,3-Chloro-4-(dichloromethyl)-5-hydroxy-2(5H)-furanone,263,83,6,9,2,7
47973,5613-46-7,"4,4'-Propane-2,2-diylbis(2,6-dimethylphenol)",263,134,33,11,6,5
21267,533-31-3,Sesamol,263,17,17,6,6,0
24127,142-82-5,Heptane,263,2,2,1,1,0
25591,105-59-9,N-Methyldiethanolamine,263,2,2,1,1,0
20167,108-60-1,bis(2-Chloro-1-methylethyl) ether,263,2,2,1,1,0
27844,25134-21-8,"1,2,3,6-Tetrahydromethyl-3,6-methanophthalic anhydride",263,1,1,1,1,0
25972,17369-59-4,3-Propylidenephthalide,263,3,3,3,3,0
21636,79-31-2,2-Methylpropanoic acid,263,3,3,2,2,0
41828,115-93-5,Cythioate,263,16,5,5,3,2
48691,198904-31-3,Atazanavir,263,22,1,4,1,3
48692,69388-79-0,Pivoxil Sulbactam,263,20,20,4,4,0
48693,7413-36-7,Nifenalol,263,1,1,1,1,0
48694,5467-78-7,Fenamol,263,1,1,1,1,0
48695,79069-94-6,Fanetizole,263,28,28,7,7,0
22843,911-45-5,Clomiphene,263,102,15,10,7,3
48710,99-45-6,"1-(3,4-Dihydroxyphenyl)-2-(methylamino)ethanone",263,5,5,2,2,0
48713,67-78-7,Triamcinolone diacetate,263,12,12,5,5,0
23425,61869-08-7,(-)-Paroxetine,263,53,5,8,3,5
48704,87-79-6,L-(-)-Sorbose,263,6,0,1,0,1
48706,4023-65-8,trans-Aconitic acid,263,1,1,1,1,0
26240,7779-30-8,"1-(2,6,6-Trimethyl-2-cyclohexen-1-yl)-1-penten-3-one",263,9,0,3,0,3
21685,1125-21-9,"2,6,6-Trimethyl-2-cyclohexene-1,4-dione",263,0,0,0,0,0
20517,306-37-6,"1,2-Dimethylhydrazine dihydrochloride",263,5,5,3,3,0
25689,83-66-9,Musk ambrette,263,10,10,6,6,0
21319,127-18-4,Tetrachloroethylene,263,2,2,2,2,0
21652,1002-84-2,Pentadecanoic acid,263,9,9,4,4,0
34087,60-19-5,Tyramine hydrochloride,263,4,4,2,2,0
33445,10563-29-8,Dimethyldipropylenetriamine,263,8,8,4,4,0
27878,25584-83-2,Hydroxypropyl acrylate,263,8,8,5,5,0
21638,594-72-9,"1,1-Dichloro-1-nitroethane",263,0,0,0,0,0
21287,108-30-5,Succinic anhydride,263,0,0,0,0,0
25759,2645-07-0,4-Nitrohippuric acid,263,1,1,1,1,0
27802,19224-26-1,Propylene glycol dibenzoate,263,5,5,3,3,0
20833,1634-04-4,Methyl tert-butyl ether,263,0,0,0,0,0
21546,107-94-8,3-Chloropropanoic acid,263,1,1,1,1,0
20678,517-28-2,Hematoxylin,263,54,1,10,1,9
26082,630-16-0,"1,1,1,2-Tetrabromoethane",263,22,2,6,2,4
27636,6863-58-7,Bis(2-butyl) ether,263,0,0,0,0,0
24976,50-45-3,"2,3-Dichlorobenzoic acid",263,2,2,1,1,0
21384,75-69-4,Trichlorofluoromethane,263,4,4,3,3,0
20155,622-78-6,Benzyl isothiocyanate,263,51,3,7,2,5
22404,835-11-0,"2,2'-Dihydroxybenzophenone",263,18,4,5,2,3
25481,75-33-2,Isopropyl mercaptan,263,1,1,1,1,0
21598,111-16-0,Heptanedioic acid,263,2,2,1,1,0
20213,13010-08-7,N-Butyl-N'-nitro-N-nitrosoguanidine,263,36,3,6,1,5
24683,7756-96-9,Butyl anthranilate,263,11,1,4,1,3
32813,3970-62-5,"2,2-Dimethyl-3-pentanol",263,3,3,2,2,0
21165,110-89-4,Piperidine,263,2,2,2,2,0
48716,153439-40-8,Fexofenadine hydrochloride,263,0,0,0,0,0
23364,5868-05-3,Niceritrol,263,5,5,3,3,0
48717,107793-72-6,Ioxilan,263,1,1,1,1,0
48721,20684-06-4,Bamifylline Hydrochloride,263,4,4,2,2,0
23756,26615-21-4,Zotepine,263,42,5,7,3,4
48722,27959-26-8,Nicomolol,263,4,4,2,2,0
25939,346-18-9,Polythiazide,263,12,0,4,0,4
48732,114607-46-4,Acitazanolast,263,1,1,1,1,0
48735,84611-23-4,Erdosteine,263,0,0,0,0,0
48725,64241-34-5,Cadralazine,263,7,7,3,3,0
23356,69049-73-6,Nedocromil,263,6,0,2,0,2
23255,70-07-5,Mephenoxalone,263,0,0,0,0,0
48727,94-37-1,Dicyclopentamethylenethiuram disulfide,263,88,21,9,5,4
29691,7727-54-0,Diammonium peroxydisulfate,263,1,1,1,1,0
24554,1562-94-3,"4,4'-Dimethoxyazoxybenzene",263,19,19,6,6,0
29186,542-02-9,Acetoguanamine,263,7,7,2,2,0
20083,7177-48-2,Ampicillin trihydrate,263,1,1,1,1,0
21631,1072-67-9,5-Methyl-3-isoxazolamine,263,3,3,2,2,0
25342,764-42-1,Fumaronitrile,263,42,2,8,2,6
24880,286-20-4,Cyclohexene oxide,263,2,2,2,2,0
24521,994-05-8,tert-Amyl methyl ether,263,3,3,2,2,0
27227,592-45-0,"1,4-Hexadiene",263,1,1,1,1,0
24108,56425-91-3,Flurprimidol,263,17,17,5,5,0
25113,108-09-8,"1,3-Dimethylbutylamine",263,1,1,1,1,0
33382,23541-50-6,Daunomycin hydrochloride,263,147,74,10,8,2
48728,92-31-9,Tolonium chloride,263,98,23,9,6,3
24853,8021-39-4,"Creosote, wood",263,2,2,2,2,0
30604,14375-45-2,(RS)-Abscisic acid,263,1,1,1,1,0
33493,609-14-3,Ethyl-2-methyl acetoacetate,263,1,1,1,1,0
29670,6864-37-5,Bis(4-amino-3-methylcyclohexyl)methane,263,28,7,5,3,2
21104,76-01-7,Pentachloroethane,263,1,1,1,1,0
25167,483-84-1,"8-Hydroxy-5,7-dinitro-2-naphthalenesulfonic acid",263,23,0,3,0,3
48737,482-44-0,Imperatorin,263,20,7,5,3,2
29189,593-85-1,Guanidine carbonate,263,2,2,1,1,0
48739,29701-07-3,Bekanamycin sulfate,263,3,3,2,2,0
22994,134-36-1,Erythromycin propionate,263,30,1,6,1,5
48740,526-99-8,Mucic acid,263,0,0,0,0,0
24246,32534-81-9,Pentabromodiphenyl ether,263,26,8,7,4,3
29250,3048-64-4,Vinylnorbornene,263,1,1,1,1,0
25483,4861-85-2,Isopropyl phenylacetate,263,2,2,1,1,0
25657,612-60-2,7-Methylquinoline,263,2,2,1,1,0
25404,41122-70-7,4-Hexyl-4'-cyanobiphenyl,263,11,11,5,5,0
27228,592-51-8,4-Pentenenitrile,263,2,2,1,1,0
26444,77-85-0,"2-(Hydroxymethyl)-2-methyl-1,3-propanediol",263,2,2,1,1,0
48744,555-77-1,"2-Chloro-N,N-bis(2-chloroethyl)ethanamine",263,25,4,8,2,6
48745,114856-44-9,Oberadilol,263,20,5,7,2,5
48746,254877-67-3,Ataciguat,263,56,5,9,4,5
24370,540-84-1,"2,2,4-Trimethylpentane",263,6,6,2,2,0
21129,103-72-0,"Isothiocyanic acid, phenyl ester",263,13,13,4,4,0
24441,7493-63-2,Allyl anthranilate,263,6,6,3,3,0
33673,2365-48-2,Methyl thioglycolate,263,12,12,8,8,0
26325,51-66-1,4'-Methoxyacetanilide,263,2,2,1,1,0
21772,80-52-4,"1,8-Diamino-p-menthane",263,3,3,2,2,0
27120,149-44-0,Sodium hydroxymethanesulfinate,263,0,0,0,0,0
21879,107-12-0,Propionitrile,263,2,2,1,1,0
26537,89-65-6,Isoascorbic acid,263,0,0,0,0,0
24001,127-20-8,Dalapon-sodium,263,0,0,0,0,0
21868,106-42-3,p-Xylene,263,0,0,0,0,0
20901,79-11-8,Chloroacetic acid,263,2,2,2,2,0
24858,NOCAS_24858,"m,p-Cresol mixture",263,2,2,1,1,0
29652,1663-39-4,tert-Butyl acrylate,263,2,2,1,1,0
21398,137-17-7,"2,4,5-Trimethylaniline",263,5,5,1,1,0
21608,589-38-8,3-Hexanone,263,2,2,2,2,0
32759,481-40-3,"1,4,5-Trihydroxynaphthalene",263,5,5,4,4,0
29211,1141-38-4,"2,6-Naphthalenedicarboxylic acid",263,1,1,1,1,0
48785,150408-73-4,Pranazepide,263,15,15,7,7,0
27328,870-72-4,Sodium hydroxymethanesulfonate,263,2,2,1,1,0
25276,13360-63-9,N-Ethyl-N-butylamine,263,3,3,1,1,0
21584,504-20-1,Phorone,263,1,1,1,1,0
26000,478-43-3,Rhein,263,10,10,7,7,0
47970,654058-04-5,"1,3-Dimethylimidazolium dimethyl phosphate",263,0,0,0,0,0
24942,21285-46-1,"(2E)-2,3-Dibromo-2-butene-1,4-diol",263,3,3,1,1,0
25312,100-74-3,N-Ethylmorpholine,263,4,4,3,3,0
47971,262297-13-2,1-Butyl-3-methylimidazolium hydrogensulfate,263,5,5,3,3,0
47972,6138-23-4,Trehalose dihydrate,263,3,3,2,2,0
21741,71-41-0,1-Pentanol,263,1,1,1,1,0
21317,630-20-6,"1,1,1,2-Tetrachloroethane",263,0,0,0,0,0
48797,2001-81-2,Diponium bromide,263,16,1,4,1,3
48798,128420-61-1,Minopafant,263,122,6,10,2,8
48799,80879-63-6,Emiglitate,263,1,1,1,1,0
48800,21590-92-1,Etomidoline,263,11,0,4,0,4
48773,251565-85-2,Tesaglitazar,263,6,6,4,4,0
48774,127985-21-1,Iomazenil,263,0,0,0,0,0
48776,263248-42-6,Zanapezil fumarate (1:x),263,42,10,7,5,2
48777,16488-48-5,Depolipon,263,10,10,5,5,0
48780,150683-30-0,Tolvaptan,263,20,1,4,1,3
48781,21216-78-4,Anacolin,263,6,6,2,2,0
48782,51022-74-3,Biliscopin,263,1,1,1,1,0
48783,187269-40-5,Bimosiamose,263,0,0,0,0,0
48811,103377-41-9,Monatepil,263,60,2,9,2,7
48815,1766-91-2,Penflutizide,263,8,8,4,4,0
48817,149838-23-3,Doranidazole,263,1,1,1,1,0
48787,97683-31-3,Egualen sodium,263,2,2,2,2,0
48788,103725-47-9,Betiatide,263,0,0,0,0,0
48789,13402-08-9,Acetylpheneturide,263,0,0,0,0,0
48790,132810-10-7,Blonanserin,263,15,3,6,3,3
48791,145918-75-8,Troxacitabine,263,30,15,5,4,1
48793,616-96-6,Dicethiamine hydrochloride,263,2,2,1,1,0
48794,14261-75-7,Cloforex,263,6,6,2,2,0
48795,69956-77-0,Pelubiprofen,263,11,11,5,5,0
25045,4074-88-8,Diethylene glycol diacrylate,263,102,18,8,5,3
21576,513-88-2,"1,1-Dichloropropanone",263,1,1,1,1,0
21618,99-94-5,4-Methylbenzoic acid,263,4,0,1,0,1
21762,78-92-2,2-Butanol,263,1,1,0,0,0
25740,121-90-4,3-Nitrobenzoyl chloride,263,2,2,1,1,0
48802,103922-33-4,Pibutidine,263,13,0,4,0,4
48803,123258-84-4,Itasetron,263,2,2,2,2,0
48804,101001-34-7,Pamicogrel,263,21,4,7,2,5
48805,101973-77-7,Esonarimod,263,1,1,1,1,0
48806,120958-90-9,Dalcotidine,263,7,0,3,0,3
48807,114417-20-8,Alilusem potassium,263,7,1,2,1,1
48808,3979-76-8,Mebanazine sulfate,263,5,5,2,2,0
48809,14417-88-0,Melinamide,263,23,2,8,1,7
48810,134865-33-1,Meluadrine,263,5,5,2,2,0
48822,631-27-6,Glyclopyramide,263,0,0,0,0,0
48823,156137-99-4,Rapacuronium bromide,263,5,5,3,3,0
48825,1421-14-3,Propanidid,263,3,3,3,3,0
48826,21721-92-6,Nitrefazole,263,1,1,1,1,0
48827,25803-14-9,Clometacine,263,3,3,2,2,0
48828,31224-92-7,Pifoxime,263,14,14,5,5,0
24478,29927-08-0,"2-Amino-5,6-dimethylbenzothiazole",263,23,23,6,6,0
24580,574-06-1,Benzoin acetate,263,9,9,5,5,0
26710,104-93-8,1-Methoxy-4-methylbenzene,263,2,2,1,1,0
33098,6338-41-6,5-(Hydroxymethyl)-2-furoic acid,263,2,2,1,1,0
47968,223437-11-4,1-Butyl-1-methylpyrrolidinium bis(trifluoromethanesulfonyl)imide,263,6,6,4,4,0
47969,2174-16-5,Trolamine salicylate,263,4,4,3,3,0
25449,645-00-1,1-Iodo-3-nitrobenzene,263,3,3,3,3,0
26729,106-31-0,Butanoic anhydride,263,2,2,1,1,0
48837,3818-37-9,Phenoxypropazine,263,1,1,1,1,0
48838,22661-76-3,Amoproxan,263,5,5,2,2,0
48839,14008-48-1,Bisoxatin acetate,263,34,11,6,5,1
23103,1492-02-0,Glybuzole,263,5,5,4,4,0
48840,7296-30-2,Safrazine hydrochloride,263,4,4,1,1,0
48841,185517-21-9,(2R)-2-Propyloctanoic acid,263,6,6,4,4,0
48842,57132-53-3,Proglumetacin,263,82,5,9,3,6
48843,546-71-4,Ethyl 4-nitrophenyl ethylphosphonate,263,25,25,7,7,0
23508,4630-95-9,Prifinium bromide,263,10,10,4,4,0
23616,3772-76-7,Sulfamethomidine,263,0,0,0,0,0
48818,27877-51-6,Tolindate,263,19,19,5,5,0
48819,123548-56-1,Acreozast,263,1,1,1,1,0
20312,117279-73-9,Israpafant,263,125,5,11,3,8
48820,139233-53-7,Zelandopam,263,38,1,7,1,6
48821,82547-58-8,Cefteram,263,0,0,0,0,0
48849,14587-50-9,Difeterol,263,73,8,9,5,4
48850,41653-21-8,Sulcaine,263,10,10,4,4,0
48851,25439-20-7,"N,N-Dimethyl-2-(2-phenylacetamido)acetamide",263,0,0,0,0,0
48853,5486-77-1,Alloclamide,263,10,10,4,4,0
48854,841-73-6,Bucolome,263,0,0,0,0,0
48855,110958-19-5,Fasoracetam,263,0,0,0,0,0
48856,116287-13-9,Lanperisone hydrochloride,263,26,5,5,2,3
48829,31188-99-5,4'-Piperidinylcarbonylmethoxyacetophenone,263,6,6,2,2,0
48830,34645-84-6,Fenclofenac,263,2,2,1,1,0
48833,76568-02-0,Flosequinan,263,0,0,0,0,0
48834,75820-08-5,Zipadamide,263,0,0,0,0,0
48835,86-12-4,Thenalidine,263,31,2,7,2,5
48836,87760-53-0,Tandospirone,263,7,2,2,1,1
48858,33401-94-4,Pyrantel tartrate,263,7,7,4,4,0
48859,6170-42-9,Chloropyramine hydrochloride,263,15,4,7,4,3
48860,83-07-8,Ampyrone,263,1,1,1,1,0
48861,96-82-2,Lactobionic acid,263,0,0,0,0,0
48844,7195-27-9,Mefruside,263,3,3,2,2,0
48845,99665-00-6,Flomoxef,263,0,0,0,0,0
48846,89419-40-9,Mosapramine,263,100,11,10,6,4
48847,127254-12-0,Sitafloxacin,263,1,1,1,1,0
23722,7077-34-1,Trolnitrate,263,2,2,2,2,0
48848,642-83-1,Aceglatone,263,12,12,4,4,0
23932,1689-99-2,Bromoxynil octanoate,263,48,0,8,0,8
25642,96-98-0,3-Nitro-p-toluic acid,263,1,1,1,1,0
34070,76-02-8,Trichloroacetyl chloride,263,1,1,1,1,0
21658,123-38-6,Propanal,263,0,0,0,0,0
27158,501-53-1,Benzyl chloroformate,263,1,1,1,1,0
26422,75-75-2,Methanesulfonic acid,263,1,1,1,1,0
26600,96-49-1,"1,3-Dioxolan-2-one",263,1,1,1,1,0
25997,472-86-6,13-cis-Retinal,263,96,10,10,6,4
25070,147-47-7,"1,2-Dihydro-2,2,4-trimethylquinoline",263,6,6,3,3,0
48943,267243-28-7,Canertinib,263,91,10,7,6,1
48944,606143-52-6,Selumetinib,263,16,3,3,1,2
48945,212631-79-3,C.I. 1040,263,87,11,9,3,6
48947,387867-13-2,Tandutinib,263,62,7,7,3,4
44029,170364-57-5,Enzastaurin,263,38,6,8,4,4
48948,1032350-13-2,MK 2206 dihydrochloride,263,83,20,9,4,5
48965,59703-84-3,Piperacillin sodium,263,0,0,0,0,0
48954,51952-41-1,Gonadorelin hydrochloride,263,4,4,2,2,0
48957,285983-48-4,Doramapimod,263,33,7,8,3,5
36514,1224-92-6,5alpha-Androstan-3beta-ol,263,16,16,6,6,0
42613,71675-85-9,Amisulpride,263,4,4,3,3,0
48959,2490-97-3,N2-Acetyl-L-glutamine,263,0,0,0,0,0
21379,634-93-5,"2,4,6-Trichloroaniline",263,8,0,4,0,4
29230,2160-93-2,tert-Butyldiethanolamine,263,0,0,0,0,0
27595,5324-84-5,Sodium 1-octanesulfonate,263,1,1,1,1,0
33402,1623-08-1,Dibenzyl phosphate,263,6,6,4,4,0
28010,40876-98-0,Sodium diethyl oxaloacetate,263,6,1,2,1,1
26715,105-39-5,Ethyl chloroacetate,263,1,1,1,1,0
25329,462-06-6,Fluorobenzene,263,0,0,0,0,0
33332,70831-56-0,L-Cichoric acid,263,11,2,5,2,3
42514,87-99-0,Xylitol,263,2,2,2,2,0
21672,545-06-2,Trichloroacetonitrile,263,3,3,2,2,0
26661,100-50-5,3-Cyclohexene-1-carboxaldehyde,263,3,3,1,1,0
23786,624-83-9,Methyl isocyanate,263,3,3,2,2,0
47967,174899-82-2,1-Ethyl-3-methylimidazolium bis(trifluoromethanesulfonyl)imide,263,6,6,4,4,0
48960,50978-11-5,Diatrizoic acid dihydrate,263,0,0,0,0,0
36508,520-85-4,Medroxyprogesterone,263,26,12,6,5,1
22007,142-96-1,Butyl ether,263,3,3,2,2,0
24625,622-20-8,"1,2-Bis(phenylthio)ethane",263,14,14,3,3,0
47965,145022-44-2,1-Ethyl-3-methylimidazolium trifluoromethanesulfonate,263,4,4,3,3,0
47966,84-76-4,"1,2-Benzenedicarboxylic acid, dinonyl ester",263,9,9,5,5,0
26220,63213-29-6,"2,4,5-Triethoxyacetophenone",263,35,2,5,2,3
25245,7320-37-8,"1,2-Epoxyhexadecane",263,1,1,1,1,0
29733,15356-60-2,"(1S,2R,5S)-(+)-Menthol",263,0,0,0,0,0
24500,98-37-3,2-Amino-1-phenol-4-sulfonic acid,263,2,2,2,2,0
21291,7757-82-6,Sodium sulfate anhydrous,263,0,0,0,0,0
48975,76420-72-9,Enalapril acid,263,6,0,3,0,3
21660,6262-42-6,Tetrachlorocyclopropene,263,1,1,1,1,0
24473,95-85-2,2-Amino-4-chlorophenol,263,49,4,8,3,5
25617,822-36-6,4-Methylimidazole,263,4,4,1,1,0
48978,60-31-1,Acetylcholine chloride,263,4,4,2,2,0
48983,84878-61-5,Maduramicin ammonium,263,96,19,9,6,3
27007,123-62-6,Propanoic anhydride,263,1,1,1,1,0
21690,112-37-8,Undecanoic acid,263,9,9,6,6,0
33433,587-63-3,Dihydrokavain,263,9,9,3,3,0
27186,541-41-3,Ethyl chloroformate,263,0,0,0,0,0
20200,540-51-2,2-Bromo-1-ethanol,263,5,5,3,3,0
24507,6201-87-2,5-Amino-3-sulfosalicylic acid,263,3,3,2,2,0
20550,62-31-7,Dopamine hydrochloride,263,39,6,6,5,1
25738,552-16-9,2-Nitrobenzoic acid,263,7,7,3,3,0
27096,142-30-3,"2,5-Dimethyl-3-hexyne-2,5-diol",263,0,0,0,0,0
21341,96-69-5,"4,4'-Thiobis(6-tert-butyl-m-cresol)",263,159,11,11,5,6
47964,370865-89-7,"1H-​Imidazolium, 3-​ethyl-​1-​methyl-​, salt with N-​cyanocyanamide (1:1)",263,1,1,1,1,0
26306,95-78-3,"2,5-Dimethylaniline",263,6,6,2,2,0
24462,121-47-1,3-Aminobenzenesulfonic acid,263,2,2,1,1,0
34042,14866-33-2,Tetra-N-octylammonium bromide,263,162,36,11,8,3
25998,116-31-4,Retinal,263,151,14,11,6,5
27358,1074-82-4,"Potassium 1,3-dioxo-1,3-dihydroisoindol-2-ide",263,1,1,1,1,0
25269,120-37-6,3-Ethylamino-4-methylphenol,263,19,19,6,6,0
47962,101-53-1,4-Benzylphenol,263,40,2,8,2,6
27507,2905-65-9,Methyl 3-chlorobenzoate,263,0,0,0,0,0
48988,14096-51-6,Dichloro(ethylenediamine)platinum(II),263,13,13,8,8,0
22540,53164-05-9,Acemetacin,263,3,3,3,3,0
48992,5534-95-2,Pentagastrin,263,1,1,1,1,0
25307,1191-41-9,Ethyl linolenate,263,26,0,7,0,7
21458,59820-43-8,HC Yellow 4,263,22,0,2,0,2
26888,111-78-4,"1,5-Cyclooctadiene",263,0,0,0,0,0
24747,982-57-0,Chloramphenicol sodium succinate,263,9,0,2,0,2
22785,38821-53-3,Cephradine,263,1,1,1,1,0
48998,72-80-0,"5,7-Dichloro-8-hydroxy-2-methylquinoline",263,33,6,8,2,6
48999,3736-81-0,Diloxanide furoate,263,8,8,4,4,0
49002,13412-64-1,Dicloxacillin sodium salt monohydrate,263,3,3,2,2,0
49003,81161-17-3,Esmolol hydrochloride,263,3,3,2,2,0
25862,621-33-0,3-Ethoxyaniline,263,6,6,2,2,0
21988,NOCAS_21988,"1-Chloro-2-propanol, technical grade (~75% 1-chloro-2-propanol; ~25% 2-chloro-1-propanol)",263,1,1,1,1,0
29604,91-15-6,"1,2-Benzenedicarbonitrile",263,1,1,1,1,0
26609,97-72-3,Isobutyric anhydride,263,0,0,0,0,0
25863,94-70-2,2-Ethoxyaniline,263,9,0,2,0,2
20681,111-68-2,Heptylamine,263,2,2,2,2,0
24608,4196-86-5,Pentaerythrityl tetrabenzoate,263,46,3,8,2,6
27425,1679-64-7,Methyl hydrogen terephthalate,263,1,1,1,1,0
24923,1187-42-4,DAMN,263,9,9,6,6,0
25770,5131-58-8,"4-Nitro-1,3-benzenediamine",263,24,0,3,0,3
25538,6112-76-1,6-Mercaptopurine monohydrate,263,58,1,7,1,6
29263,4316-74-9,Sodium 2-(methylamino)ethanesulfonate,263,1,1,1,1,0
49006,125-04-2,Hydrocortisone 21-hemisuccinate sodium salt,263,12,12,3,3,0
49007,50847-11-5,Ibudilast,263,9,9,5,5,0
23153,606-17-7,"Adipic acid di(3-carboxy-2,4,6-triiodoanilide)",263,3,3,2,2,0
40436,60-92-4,Cyclic AMP,263,3,3,1,1,0
47961,42019-78-3,4-Hydroxy-4'-chlorobenzophenone,263,53,1,8,1,7
25768,610-66-2,(2-Nitrophenyl)acetonitrile,263,3,3,2,2,0
27487,2524-04-1,"O,O-Diethyl chlorothiophosphate",263,14,14,6,6,0
21486,732304-21-1,"1,​2,​3-​Benzenetricarboxylic acid, hydrate (1:x)",263,2,2,1,1,0
21140,615-28-1,"1,2-Phenylenediamine dihydrochloride",263,60,18,12,7,5
49015,84-02-6,Prochlorperazine dimaleate salt,263,95,7,11,5,6
40246,59973-80-7,Sulindac sulfone,263,9,9,7,7,0
23971,91-58-7,2-Chloronaphthalene,263,11,0,2,0,2
33701,111-18-2,"N,N,N',N'-Tetramethyl-1,6-hexanediamine",263,2,2,2,2,0
20023,107-02-8,Acrolein,263,2,2,2,2,0
20275,101-79-1,[4-(4-Chlorophenoxy)phenyl]amine,263,31,2,8,2,6
49018,28868-76-0,Dimethyl chloromalonate,263,4,4,4,4,0
49021,26864-56-2,Penfluridol,263,151,2,10,2,8
49022,5875-06-9,Proparacaine hydrochloride,263,6,6,3,3,0
27338,926-57-8,"1,3-Dichloro-2-butene",263,2,2,2,2,0
24781,393-75-9,"4-Chloro-3,5-dinitrobenzotrifluoride",263,33,0,4,0,4
29280,6632-68-4,"6-Amino-1,3-dimethyl-5-nitrosouracil",263,4,4,3,3,0
24661,106-38-7,4-Bromotoluene,263,2,2,2,2,0
24947,3322-93-8,"1,2-Dibromo-4-(1,2-dibromoethyl)cyclohexane",263,25,5,9,3,6
20533,123-91-1,"1,4-Dioxane",263,2,2,1,1,0
47960,2664-63-3,"4,4'-Thiodiphenol",263,50,1,9,1,8
27452,1984-58-3,"2,5-Dichloroanisole",263,4,4,2,2,0
25165,605-71-0,"1,5-Dinitronaphthalene",263,10,3,5,3,2
24589,98-08-8,Benzotrifluoride,263,1,1,1,1,0
27400,1445-45-0,"1,1,1-Trimethoxyethane",263,1,1,1,1,0
24463,88-21-1,Orthanilic acid,263,1,1,1,1,0
21524,107-14-2,Chloroacetonitrile,263,8,8,3,3,0
27537,3586-14-9,1-Methyl-3-phenoxybenzene,263,10,0,4,0,4
30189,90-41-5,2-Biphenylamine,263,12,12,4,4,0
21924,110-86-1,Pyridine,263,1,1,1,1,0
25046,112-73-2,Diethylene glycol dibutyl ether,263,1,1,1,1,0
49032,147-93-3,2-Thiosalicylic acid,263,2,2,2,2,0
49034,10338-51-9,Salidroside,263,6,6,3,3,0
49035,220991-20-8,Lumiracoxib,263,12,12,5,5,0
23137,68-88-2,Hydroxyzine,263,24,13,7,6,1
49036,5502-69-2,Dexchlorpheniramine hydrochloride,263,8,8,5,5,0
22926,77-19-0,Dicyclomine,263,45,3,9,2,7
49037,127308-98-9,Zamifenacin fumarate,263,26,3,7,2,5
20667,56-40-6,Glycine,263,1,1,1,1,0
49038,56-06-4,"2,4-Diamino-6-hydroxypyrimidine",263,0,0,0,0,0
49039,16142-27-1,3-Morpholinosydnonimine hydrochloride,263,1,1,1,1,0
27167,515-40-2,Neophyl chloride,263,2,2,2,2,0
20244,563-41-7,Semicarbazide hydrochloride,263,2,2,1,1,0
32998,1119-62-6,"3,3'-Dithiodipropionic acid",263,4,4,2,2,0
49052,200707-85-3,Cetirizine amide dihydrochloride,263,6,6,3,3,0
49055,109732-56-1,Dimethyl(2-phenoxyethyl)-2-thenylammonium iodide,263,8,1,3,1,2
49059,144598-75-4,Paliperidone,263,5,5,3,3,0
49060,133454-47-4,Iloperidone,263,22,2,6,2,4
23260,1247-42-3,Meprednisone,263,8,8,3,3,0
23293,77-41-8,Methsuximide,263,0,0,0,0,0
49040,1217457-81-2,(S)-(+)-Dimethindene maleate,263,10,10,7,7,0
49041,39731-05-0,SDZ 21009,263,26,2,5,2,3
49042,178600-17-4,ZD 2079,263,15,15,4,4,0
23595,24916-51-6,Spiramycin II,263,10,10,3,3,0
49044,21312-10-7,N-Acetyl sulfamethoxazole,263,0,0,0,0,0
49045,173399-03-6,Aliskiren hydrochloride,263,3,3,2,2,0
49046,82626-01-5,Alpidem,263,26,0,7,0,7
49047,170729-80-3,Aprepitant,263,111,2,10,2,8
49048,65576-45-6,Asenapine,263,25,5,8,4,4
49049,319460-85-0,Axitinib,263,89,34,9,8,1
24742,8001-79-4,Castor oil,263,5,5,2,2,0
21633,97-61-0,2-Methylpentanoic acid,263,5,5,2,2,0
27966,31138-65-5,Monosodium D-glucoheptonate,263,2,2,1,1,0
26203,89-69-0,"2,4,5-Trichloronitrobenzene",263,7,7,5,5,0
33649,105-34-0,Methyl cyanoacetate,263,3,3,2,2,0
25839,13014-18-1,"2,4-Dichloro-1-(trichloromethyl)benzene",263,14,0,5,0,5
24504,521-31-3,Luminol,263,2,2,2,2,0
29017,71888-89-6,"1,2-Benzenedicarboxylic acid, di-C6-8-branched alkyl esters, C7-rich",263,6,6,2,2,0
21925,110-88-3,"1,3,5-Trioxane",263,0,0,0,0,0
33096,38716-68-6,5-(Hydroxymethyl-2-furoyl)glycine,263,1,1,1,1,0
33469,82854-37-3,Echinacoside,263,18,2,4,2,2
47959,320-60-5,"2,4-Dichloro-1-(trifluoromethyl)benzene",263,5,5,2,2,0
26169,104-85-8,1-Cyano-4-methylbenzene,263,0,0,0,0,0
27521,3132-99-8,3-Bromobenzaldehyde,263,0,0,0,0,0
49051,918639-10-8,Bosutinib methanoate,263,116,18,12,5,7
20444,25168-26-7,"2,4-D isooctyl ester",263,5,5,1,1,0
27146,352-93-2,Diethyl sulfide,263,20,1,5,1,4
33334,27994-11-2,Cimicifugoside,263,9,9,5,5,0
25006,591-35-5,"3,5-Dichlorophenol",263,34,3,7,2,5
24498,95-55-6,2-Aminophenol,263,70,20,8,7,1
49064,143388-64-1,Naratriptan hydrochloride,263,1,1,1,1,0
49065,169293-50-9,rac Nebivolol hydrochloride,263,104,2,11,2,9
49066,171228-49-2,Posaconazole,263,70,8,9,4,5
49067,389574-19-0,Prasugrel hydrochloride,263,7,7,2,2,0
49069,74135-10-7,Sodium sucrose octasulfate,263,1,1,1,1,0
26961,119-33-5,4-Methyl-2-nitrophenol,263,4,4,2,2,0
49078,49627-27-2,Sulindac sulfide,263,28,4,7,4,3
49080,66871-56-5,Lidamidine,263,0,0,0,0,0
23605,68373-14-8,Sulbactam,263,17,17,4,4,0
49082,19216-56-9,Prazosin,263,33,0,6,0,6
49083,542-15-4,Anilinium nitrate,263,5,5,2,2,0
23262,29216-28-2,Mequitazine,263,94,6,11,5,6
21065,611-23-4,2-Nitrosotoluene,263,5,5,3,3,0
20463,617-84-5,Diethylformamide,263,2,2,1,1,0
20646,110-00-9,Furan,263,0,0,0,0,0
24644,71133-14-7,Bromodichloroacetic acid,263,1,1,1,1,0
20129,67-52-7,Barbituric acid,263,0,0,0,0,0
27048,127-68-4,Sodium 3-nitrobenzenesulfonate,263,8,0,3,0,3
25819,103-50-4,Dibenzyl ether,263,0,0,0,0,0
25807,2493-84-7,4-Octyloxybenzoic acid,263,36,6,8,4,4
21751,75-89-8,"2,2,2-Trifluoroethanol",263,0,0,0,0,0
25565,55-55-0,4-(Methylamino)phenol hemisulfate,263,136,31,10,7,3
33595,500-64-1,(+)-Kavain,263,9,9,3,3,0
25001,576-24-9,"2,3-Dichlorophenol",263,7,7,4,4,0
26101,935-95-5,"2,3,5,6-Tetrachlorophenol",263,76,8,8,6,2
27295,693-07-2,2-Chloroethyl ethyl sulfide,263,4,4,3,3,0
21668,75-96-7,Tribromoacetic acid,263,6,6,4,4,0
20753,64519-82-0,Isomalt,263,2,2,1,1,0
21484,88-99-3,Phthalic acid,263,2,2,1,1,0
32878,625-69-4,"2,4-Pentanediol",263,1,1,1,1,0
49076,74711-43-6,Zaltoprofen,263,5,5,3,3,0
24222,556-88-7,Nitroguanidine,263,0,0,0,0,0
24412,537-92-8,N-Acetyl-m-toluidine,263,6,0,2,0,2
25058,93-05-0,"N,N-Diethyl-4-aminoaniline",263,106,14,10,6,4
29127,97-64-3,Ethyl lactate,263,2,2,1,1,0
25114,793-24-8,6PPD,263,125,13,10,5,5
21619,590-86-3,3-Methylbutanal,263,1,1,1,1,0
47956,31127-54-5,"2,3,4,4'-Tetrahydroxybenzophenone",263,32,0,7,0,7
26097,879-39-0,"2,3,4,5-Tetrachloronitrobenzene",263,25,5,7,4,3
24642,5589-96-8,Bromochloroacetic acid,263,5,5,3,3,0
26572,95-31-8,N-tert-Butyl-2-benzothiazolesulfenamide,263,21,21,7,7,0
20707,34176-52-8,2-Hydrazino-4-phenylthiazole,263,49,18,10,8,2
21637,598-91-4,Dibromonitromethane,263,28,1,6,1,5
24509,29676-71-9,2-Amino-4-thiazoleacetic acid,263,6,6,4,4,0
25063,6225-06-5,"N,N-Dimethylpentanamide",263,0,0,0,0,0
33803,770-05-8,2-Amino-1-(4-hydroxyphenyl)ethanol hydrochloride,263,1,1,1,1,0
25240,930-22-3,"1,2-Epoxy-3-butene",263,1,1,1,1,0
24064,131-89-5,Dinex,263,89,24,9,6,3
26418,75-66-1,tert-Butyl mercaptan,263,0,0,0,0,0
26984,121-86-8,2-Chloro-1-methyl-4-nitrobenzene,263,1,1,1,1,0
29195,626-56-2,3-Methylpiperidine,263,27,3,6,2,4
20149,613-94-5,Benzoyl hydrazine,263,15,15,5,5,0
20835,6294-89-9,Methyl carbazate,263,1,1,1,1,0
24505,504-29-0,2-Aminopyridine,263,0,0,0,0,0
24454,102-28-3,3-Aminoacetanilide,263,9,9,5,5,0
25078,2107-76-8,"5,7-Dihydroxy-4-methylcoumarin",263,35,4,8,4,4
27254,624-41-9,2-Methylbutyl acetate,263,0,0,0,0,0
24862,2210-79-9,o-Cresyl glycidyl ether,263,0,0,0,0,0
25640,5437-38-7,3-Methyl-2-nitrobenzoic acid,263,1,1,1,1,0
26167,620-22-4,3-Methylbenzonitrile,263,2,2,2,2,0
31497,926-06-7,Isopropyl methanesulfonate,263,2,2,1,1,0
24303,630-10-4,Selenourea,263,5,5,3,3,0
26219,4568-28-9,Triethanolamine stearate,263,32,9,7,4,3
26954,118-29-6,N-(Hydroxymethyl)phthalimide,263,2,2,2,2,0
27449,1975-78-6,Decanenitrile,263,1,1,1,1,0
29169,141-24-2,Methyl ricinoleate,263,3,3,1,1,0
20128,144-02-5,Sodium barbital,263,0,0,0,0,0
21461,5970-45-6,Zinc(II) acetate dihydrate,263,1,1,1,1,0
24866,1552-42-7,Crystal Violet lactone,263,58,3,6,1,5
26148,546-80-5,alpha-Thujone,263,0,0,0,0,0
25304,5397-31-9,3-((2-Ethylhexyl)oxy)propylamine,263,19,2,7,1,6
25743,619-23-8,3-Nitrobenzyl chloride,263,4,4,3,3,0
31209,NOCAS_31209,tert-Butyl hydroperoxide (70% Solution in Water),263,2,2,2,2,0
20878,91-57-6,2-Methylnaphthalene,263,2,2,2,2,0
20173,542-88-1,bis(Chloromethyl) ether,263,2,2,2,2,0
24185,79-22-1,Methyl chlorocarbonate,263,0,0,0,0,0
47955,178631-04-4,1-Methyl-3-octylimidazolium bis(trifluoromethylsulfonyl)imide,263,56,14,10,4,6
26905,112-15-2,2-(2-Ethoxyethoxy)ethyl acetate,263,0,0,0,0,0
27418,1572-52-7,2-Methyleneglutaronitrile,263,2,2,2,2,0
29150,115-70-8,"2-Amino-2-ethyl-1,3-propanediol",263,1,1,1,1,0
39238,2104-09-8,2-Amino-4-(p-nitrophenyl)thiazole,263,11,11,5,5,0
21410,6138-79-0,Triprolidine hydrochloride monohydrate,263,26,4,7,3,4
24637,108-86-1,Bromobenzene,263,1,1,1,1,0
24997,3209-22-1,"2,3-Dichloronitrobenzene",263,2,2,2,2,0
24529,536-90-3,3-Methoxyaniline,263,11,11,4,4,0
25744,612-23-7,2-Nitrobenzyl chloride,263,50,0,7,0,7
24791,90-13-1,1-Chloronaphthalene,263,3,3,3,3,0
47954,792188-85-3,Diethylmethylsulfonium bis(trifluoromethylsulfonyl)imide,263,5,5,4,4,0
25542,79-41-4,Methacrylic acid,263,0,0,0,0,0
27394,1338-24-5,Naphthenic acids,263,15,15,6,6,0
29122,93-97-0,Benzoic anhydride,263,1,1,1,1,0
39227,53-96-3,2-Acetylaminofluorene,263,26,26,9,9,0
21366,622-51-5,p-Tolylurea,263,1,1,1,1,0
24800,108-43-0,3-Chlorophenol,263,1,1,1,1,0
25391,142-83-6,"(2E,4E)-2,4-Hexadienal",263,5,5,3,3,0
25641,3113-71-1,3-Methyl-4-nitrobenzoic acid,263,2,2,1,1,0
24787,2818-69-1,5-Chloro-2-methyl-1H-benzimidazole,263,7,7,4,4,0
25422,532-28-5,alpha-Hydroxybenzeneacetonitrile,263,3,3,2,2,0
25733,610-15-1,2-Nitrobenzamide,263,1,1,1,1,0
20198,75-27-4,Bromodichloromethane,263,0,0,0,0,0
30384,89-63-4,4-Chloro-2-nitroaniline,263,7,7,4,4,0
47953,654057-97-3,Trihexyltetradecylphosphonium bromide,263,166,23,12,8,4
25308,97-63-2,Ethyl methacrylate,263,1,1,1,1,0
26824,109-79-5,1-Butanethiol,263,1,1,1,1,0
27352,1002-69-3,1-Chlorodecane,263,1,1,1,1,0
28842,68915-31-1,Sodium polyphosphate,263,1,1,1,1,0
29710,10025-87-3,Phosphoric trichloride,263,1,1,1,1,0
21431,108-05-4,Vinyl acetate,263,2,2,1,1,0
33276,29911-27-1,Butyl dipropasol solvent,263,2,2,1,1,0
25494,122608-93-9,Dodecyl glycidyl ether,263,5,5,3,3,0
21503,74-97-5,Bromochloromethane,263,0,0,0,0,0
33447,996-35-0,"N,N-Dimethylisopropylamine",263,0,0,0,0,0
25156,96-31-1,"N,N'-Dimethylurea",263,1,1,1,1,0
26766,107-40-4,"2,4,4-Trimethyl-2-pentene",263,1,1,1,1,0
27405,1476-11-5,"(2Z)-1,4-Dichlorobut-2-ene",263,6,0,2,0,2
28008,40601-76-1,Cyanox CY 1790,263,29,1,7,1,6
29690,7727-21-1,Potassium persulfate,263,1,1,1,1,0
24442,106-95-6,Allyl bromide,263,2,2,1,1,0
21810,95-51-2,2-Chloroaniline,263,2,2,1,1,0
25628,603-83-8,2-Methyl-3-nitroaniline,263,3,3,2,2,0
24991,540-59-0,"1,2-Dichloroethylene",263,0,0,0,0,0
25004,87-65-0,"2,6-Dichlorophenol",263,1,1,1,1,0
25136,99-12-7,"1,3-Dimethyl-5-nitrobenzene",263,3,3,1,1,0
21917,110-54-3,n-Hexane,263,0,0,0,0,0
24965,79-36-7,Dichloroacetyl chloride,263,1,1,1,1,0
26724,105-76-0,Dibutyl maleate,263,9,9,5,5,0
27291,681-84-5,Tetramethyl orthosilicate,263,6,6,3,3,0
29665,4169-04-4,2-Phenoxy-1-propanol,263,4,4,1,1,0
20602,120-93-4,Ethylene urea,263,3,3,2,2,0
20326,NOCAS_20326,Chromic oxide pigment,263,2,2,1,1,0
25053,106-20-7,2-Ethyl-N-(2-ethylhexyl)-1-hexanamine,263,2,2,1,1,0
25593,13114-72-2,"N'-Methyl-N,N-diphenylurea",263,5,5,4,4,0
24455,122-80-5,4-Aminoacetanilide,263,6,6,3,3,0
24977,50-84-0,"2,4-Dichlorobenzoic acid",263,1,1,1,1,0
20491,60-11-7,C.I. Solvent Yellow 2,263,50,13,8,5,3
25746,86-00-0,"2-Nitro-1,1'-biphenyl",263,4,4,2,2,0
25794,98-46-4,1-Nitro-3-(trifluoromethyl)benzene,263,0,0,0,0,0
21387,93-72-1,"2-(2,4,5-Trichlorophenoxy)propionic acid",263,6,6,4,4,0
26713,105-16-8,2-(Diethylamino)ethyl methacrylate,263,1,1,1,1,0
27253,623-91-6,(2E)-2-Butenedioic acid diethyl ester,263,2,2,2,2,0
20546,79-40-3,Dithiooxamide,263,7,7,6,6,0
47952,304680-36-2,1-Methyl-3-octylimidazolium hexafluorophosphate,263,47,6,10,3,7
25041,105-58-8,Diethyl carbonate,263,3,3,2,2,0
33754,2210-25-5,N-Isopropylacrylamide,263,3,3,3,3,0
25969,503-30-0,"1,3-Propylene oxide",263,0,0,0,0,0
32811,595-37-9,"2,2-Dimethylbutanoic acid",263,0,0,0,0,0
24970,83-38-5,"2,6-Dichlorobenzaldehyde",263,2,2,2,2,0
25558,97-32-5,4-Methoxy-3-nitro-N-phenylbenzamide,263,27,1,7,1,6
21036,10595-95-6,N-Nitroso-N-methylethylamine,263,1,1,1,1,0
26702,104-38-1,"2,2'-[1,4-Phenylenebis(oxy)]diethanol",263,1,1,1,1,0
27239,609-93-8,"4-Methyl-2,6-dinitrophenol",263,31,1,7,1,6
27829,23783-42-8,"2,5,8,11-Tetraoxatridecan-13-ol",263,1,1,1,1,0
29602,85-60-9,"4,4'-Butane-1,1-diylbis(2-tert-butyl-5-methylphenol)",263,157,8,10,4,6
47950,374683-44-0,Trihexyltetradecylphosphonium hexafluorophosphate,263,151,29,10,7,3
24774,88-16-4,2-Chlorobenzotrifluoride,263,2,2,1,1,0
47951,178631-05-5,1-Hexyl-3-methylimidazolium iodide,263,35,2,7,2,5
26714,105-30-6,2-Methyl-1-pentanol,263,4,4,3,3,0
25534,494-90-6,Menthofuran,263,6,6,2,2,0
25402,592-41-6,1-Hexene,263,0,0,0,0,0
20689,67-72-1,Hexachloroethane,263,0,0,0,0,0
25076,81-55-0,"1,8-Dihydroxy-4,5-dinitroanthraquinone",263,150,11,11,7,4
20946,92-55-7,5-Nitro-2-furanmethanediol diacetate,263,127,11,10,4,6
22131,882-33-7,Diphenyl disulfide,263,23,1,7,1,6
26655,100-29-8,1-Ethoxy-4-nitrobenzene,263,103,11,9,5,4
27201,554-12-1,Methyl propanoate,263,2,2,2,2,0
27790,17564-64-6,"2-(Chloromethyl)-1H-isoindole-1,3(2H)-dione",263,2,2,2,2,0
29312,16712-64-4,6-Hydroxy-2-naphthoic acid,263,1,1,1,1,0
20459,685-91-6,"N,N-Diethylacetamide",263,1,1,1,1,0
21139,541-69-5,"1,3-Benzenediamine dihydrochloride",263,10,10,6,6,0
47949,304680-35-1,1-Hexyl-3-methylimidazolium hexafluorophosphate,263,28,0,6,0,6
25298,104-75-6,2-Ethylhexylamine,263,4,4,3,3,0
25722,121-89-1,3-Nitroacetophenone,263,4,4,3,3,0
25716,485-47-2,Ninhydrin,263,64,5,9,3,6
24497,591-27-5,3-Aminophenol,263,8,8,4,4,0
25758,646-14-0,1-Nitrohexane,263,0,0,0,0,0
47946,403842-84-2,1-Methyl-3-octylimidazolium trifluoromethanesulfonate,263,49,7,10,3,7
21817,96-13-9,"2,3-Dibromopropanol",263,2,2,1,1,0
29061,88230-35-7,"Hexanol, acetate, branched and linear",263,0,0,0,0,0
26606,97-39-2,"1,3-Di-o-tolylguanidine",263,6,6,2,2,0
27178,534-15-6,"1,1-Dimethoxyethane",263,1,1,1,1,0
27658,7795-95-1,1-Octanesulfonyl chloride,263,3,3,2,2,0
29279,6362-79-4,Sodium 5-sulfoisophthalate,263,0,0,0,0,0
20400,785-30-8,"4,4'-Diaminobenzanilide",263,9,9,5,5,0
47947,216299-72-8,1-Methyl-3-propylimidazolium bis(trifluoromethylsulfonyl)imide,263,2,2,2,2,0
47948,171058-17-6,1-Hexyl-3-methylimidazolium chloride,263,25,2,5,1,4
25749,119-75-5,2-Nitrodiphenylamine,263,9,9,3,3,0
22371,58-22-0,Testosterone,263,36,15,5,3,2
34091,638-29-9,Valeryl chloride,263,2,2,2,2,0
31532,8008-26-2,Lime oil,263,1,1,1,1,0
24488,95-84-1,2-Amino-4-methylphenol,263,57,8,8,6,2
20745,76180-96-6,"2-Amino-3-methyl-3H-imidazo[4,5-f]quinoline",263,22,1,5,1,4
29629,923-26-2,2-Hydroxypropyl 2-methylacrylate,263,0,0,0,0,0
47943,244193-52-0,1-Methyl-3-octylimidazolium tetrafluoroborate,263,44,7,7,3,4
27163,506-59-2,N-Methylmethanamine hydrochloride,263,1,1,1,1,0
47944,258864-54-9,Trihexyltetradecylphosphonium chloride,263,163,16,12,8,4
29260,3699-54-5,Hydroxyethyl imidazolidinone,263,0,0,0,0,0
20367,52-89-1,l-Cysteine hydrochloride,263,3,3,3,3,0
47945,3115-68-2,Tetrabutylphosphonium bromide,263,18,4,5,2,3
24953,102-81-8,2-N-Dibutylaminoethanol,263,2,2,1,1,0
26205,20098-48-0,"3,4,5-Trichloronitrobenzene",263,10,0,5,0,5
26089,634-90-2,"1,2,3,5-Tetrachlorobenzene",263,1,1,1,1,0
25112,79-29-8,"2,3-Dimethylbutane",263,1,1,1,1,0
25005,95-77-2,"3,4-Dichlorophenol",263,18,18,7,7,0
20684,319-84-6,"alpha-1,2,3,4,5,6-Hexachlorocyclohexane",263,29,2,9,2,7
21820,96-22-0,3-Pentanone,263,1,1,1,1,0
26528,88-53-9,2-Amino-5-chloro-4-methylbenzenesulfonic acid,263,2,2,1,1,0
27143,329-01-1,3-(Trifluoromethyl)phenyl isocyanate,263,31,2,6,1,5
29249,3030-47-5,"1,1,4,7,7-Pentamethyldiethylenetriamine",263,0,0,0,0,0
20330,87-29-6,Cinnamyl anthranilate,263,55,6,10,2,8
20985,607-35-2,8-Nitroquinoline,263,4,4,3,3,0
27546,3748-13-8,m-Bis(1-methylvinyl)benzene,263,0,0,0,0,0
24597,102-16-9,Benzyl phenylacetate,263,6,6,3,3,0
25409,118-08-1,Hydrastine,263,22,1,4,1,3
26204,18708-70-8,"2,4,6-Trichloronitrobenzene",263,5,0,2,0,2
32869,446-35-5,"1-Nitro-2,4-difluorobenzene",263,2,2,2,2,0
21495,79-08-3,Bromoacetic acid,263,1,1,1,1,0
21283,8001-50-1,Strobane,263,123,18,11,7,4
21749,75-57-0,Tetramethylammonium chloride,263,1,1,1,1,0
26515,85-42-7,Hexahydrophthalic anhydride,263,0,0,0,0,0
27116,144-79-6,Chloro(methyl)diphenylsilane,263,21,3,7,2,5
27565,4253-34-3,Methylsilanetriyl triacetate,263,3,3,2,2,0
29236,2495-25-2,Tridecyl methacrylate,263,3,3,2,2,0
20933,553-53-7,Nicotinic acid hydrazide,263,9,9,4,4,0
21565,7581-97-7,"2,3-Dichlorobutane",263,0,0,0,0,0
20470,101-90-6,Diglycidyl resorcinol ether,263,87,16,8,4,4
26202,17700-09-3,"2,3,4-Trichloronitrobenzene",263,8,2,4,2,2
22415,575-43-9,"1,6-Dimethylnaphthalene",263,1,1,1,1,0
24481,94-45-1,2-Amino-6-ethoxybenzothiazole,263,18,18,7,7,0
21615,124-63-0,Methanesulfonyl chloride,263,2,2,1,1,0
26472,79-04-9,Chloroacetyl chloride,263,3,3,3,3,0
27092,141-97-9,Ethyl acetoacetate,263,0,0,0,0,0
27529,3282-30-2,"2,2-Dimethylpropanoyl chloride",263,2,2,2,2,0
29224,1758-73-2,Amino(imino)methanesulfinic acid,263,0,0,0,0,0
20231,331-39-5,"3,4-Dihydroxycinnamic acid",263,3,3,3,3,0
20893,315-18-4,Mexacarbate,263,21,21,7,7,0
21545,598-78-7,2-Chloropropanoic acid,263,1,1,1,1,0
20865,101-14-4,"4,4'-Methylenebis(2-chloroaniline)",263,56,5,8,2,6
25804,111-66-0,1-Octene,263,3,3,2,2,0
20053,17026-81-2,3-Amino-4-ethoxyacetanilide,263,15,2,5,1,4
25967,57018-52-7,1-tert-Butoxy-2-propanol,263,2,2,1,1,0
26208,933-78-8,"2,3,5-Trichlorophenol",263,47,4,8,3,5
47940,223436-99-5,1-Ethyl-1-methylpyrrolidinium bis(trifluoromethylsulfonyl)imide,263,2,2,2,2,0
47941,4186-68-9,1-Ethyl-1-methylpyrrolidinium iodide,263,17,4,4,2,2
26441,77-76-9,"2,2-Dimethoxypropane",263,1,1,1,1,0
27037,126-33-0,Sulfolane,263,1,1,1,1,0
27506,2905-62-6,"3,5-Dichlorobenzoyl chloride",263,0,0,0,0,0
47942,223437-05-6,1-Methyl-1-propylpyrrolidinium bis(trifluoromethylsulfonyl)imide,263,3,3,3,3,0
20211,88-26-6,"2,6-Di-tert-butyl-4-(hydroxymethyl)phenol",263,33,4,8,3,5
20861,452-86-8,4-Methylcatechol,263,70,6,8,4,4
21499,78-76-2,2-Bromobutane,263,1,1,1,1,0
26059,110-61-2,Succinonitrile,263,0,0,0,0,0
25318,1629-58-9,Ethyl vinyl ketone,263,0,0,0,0,0
25330,393-52-2,2-Fluorobenzoyl chloride,263,3,3,3,3,0
33519,627-63-4,Fumaryl chloride,263,3,3,3,3,0
47930,350493-08-2,"1-Butyl-2,3-dimethylimidazolium bis(trifluoromethylsulfonyl)imide",263,5,5,4,4,0
47931,475575-45-2,"1-Butyl-2,3-dimethylimidazolium bromide",263,6,6,5,5,0
47932,186088-50-6,1-Butylpyridinium hexafluorophosphate,263,2,2,1,1,0
47933,874-80-6,1-Butylpyridinium bromide,263,3,3,2,2,0
47934,74440-81-6,1-Hexylpyridinium bromide,263,35,5,6,3,3
47935,6220-15-1,1-Hexylpyridinium chloride,263,43,3,6,1,5
47936,797789-00-5,1-Hexylpyridinium hexafluorophosphate,263,29,0,7,0,7
47937,330671-29-9,1-Butyl-1-methylpyrrolidinium hexafluorophosphate,263,1,1,1,1,0
47938,56511-17-2,1-Butyl-1-methylpyrrolidinium iodide,263,4,0,1,0,1
47939,370865-80-8,1-Butyl-1-methylpyrrolidinium dicyanamide,263,2,2,2,2,0
26124,27215-51-6,"N,N,N',N'-Tetramethyl-p-phenylenediamine",263,33,5,8,3,5
30138,110-13-4,"2,5-Hexanedione",263,0,0,0,0,0
21874,106-94-5,1-Bromopropane,263,1,1,1,1,0
25064,367-25-9,"2,4-Difluoroaniline",263,0,0,0,0,0
21709,55-21-0,Benzamide,263,0,0,0,0,0
25751,625-48-9,2-Nitroethanol,263,2,2,2,2,0
33564,1619-16-5,Hydroxyvalerenic acid,263,4,4,3,3,0
25774,3682-19-7,6-Nitrophthalhydrazide,263,0,0,0,0,0
25765,554-84-7,3-Nitrophenol,263,6,6,5,5,0
25635,100-15-2,N-Methyl-4-nitroaniline,263,31,0,4,0,4
26145,110-02-1,Thiophene,263,0,0,0,0,0
24030,156-59-2,"(Z)-1,2-Dichloroethylene",263,0,0,0,0,0
33047,3446-89-7,4-(Methylthio)benzaldehyde,263,1,1,1,1,0
24875,5493-45-8,"Bis(2,3-epoxypropyl) cyclohexane-1,2-dicarboxylate",263,30,4,7,2,5
25309,62-50-0,Ethyl methanesulfonate,263,0,0,0,0,0
25454,7779-65-9,Isoamyl cinnamate,263,8,8,5,5,0
24881,930-68-7,2-Cyclohexen-1-one,263,0,0,0,0,0
24113,944-22-9,Fonofos,263,15,15,8,8,0
47929,36443-80-8,1-Benzyl-3-methylimidazolium chloride,263,15,1,6,1,5
21930,111-26-2,Hexylamine,263,4,4,3,3,0
22159,1647-16-1,"1,9-Decadiene",263,36,0,6,0,6
25480,4016-14-2,Isopropyl glycidyl ether,263,3,3,2,2,0
24971,6287-38-3,"3,4-Dichlorobenzaldehyde",263,2,2,2,2,0
26423,75-76-3,Tetramethylsilane,263,0,0,0,0,0
27019,124-10-7,Methyl tetradecanoate,263,1,1,1,1,0
27490,2530-87-2,(3-Chloropropyl)trimethoxysilane,263,6,6,2,2,0
29203,869-24-9,1-Chloro-2-(diethylamine)ethane hydrochloride,263,12,12,7,7,0
20156,3012-37-1,Benzyl thiocyanate,263,11,11,4,4,0
20857,443-72-1,N-Methyl-9H-purin-6-amine,263,5,5,3,3,0
21488,554-95-0,"1,3,5-Benzenetricarboxylic acid",263,1,1,1,1,0
24658,100-39-0,alpha-Bromotoluene,263,1,1,1,1,0
20434,110-57-6,"(2E)-1,4-Dichlorobut-2-ene",263,3,3,3,3,0
21939,111-86-4,1-Octanamine,263,1,1,1,1,0
25447,17376-04-4,2-Iodoethylbenzene,263,12,1,3,1,2
32722,41253-21-8,"1,2,4-Triazole, sodium salt",263,3,3,2,2,0
33281,5743-04-4,Cadmium acetate dihydrate,263,114,50,10,7,3
26308,95-64-7,"3,4-Dimethylaniline",263,9,9,3,3,0
21547,78-95-5,1-Chloropropan-2-one,263,1,1,1,1,0
26448,77-99-6,"2-Ethyl-2-(hydroxymethyl)-1,3-propanediol",263,1,1,1,1,0
27509,2935-90-2,Methyl 3-mercaptopropionate,263,1,1,1,1,0
29218,1585-07-5,1-Bromo-4-ethylbenzene,263,0,0,0,0,0
20875,302-15-8,Methylhydrazine sulfate,263,2,2,2,2,0
21526,16045-92-4,Chlorobutanedioic acid,263,7,7,3,3,0
26667,100-69-6,2-Vinylpyridine,263,0,0,0,0,0
20015,114-83-0,1-Acetyl-2-phenylhydrazine,263,21,1,4,1,3
24646,1817-73-8,"2-Bromo-4,6-dinitroaniline",263,26,2,7,2,5
25723,577-59-3,2-Nitroacetophenone,263,1,1,1,1,0
24471,6358-07-2,2-Amino-4-chloro-5-nitrophenol,263,48,7,8,6,2
21318,79-34-5,"1,1,2,2-Tetrachloroethane",263,5,0,2,0,2
21289,95-06-7,Sulfallate,263,18,18,8,8,0
26505,81-84-5,"1H,3H-Naphtho(1,8-cd)pyran-1,3-dione",263,14,14,7,7,0
27109,143-23-7,"N-(6-Aminohexyl)hexane-1,6-diamine",263,9,9,3,3,0
29231,2163-42-0,"2-Methylpropane-1,3-diol",263,0,0,0,0,0
20914,86-86-2,1-Naphthaleneacetamide,263,1,1,1,1,0
21561,683-72-7,"2,2-Dichloroacetamide",263,0,0,0,0,0
25587,101-39-3,2-Methylcinnamic aldehyde,263,0,0,0,0,0
33008,102-36-3,"3,4-Dichlorophenyl isocyanate",263,21,2,7,2,5
26161,118-90-1,2-Methylbenzoic acid,263,3,3,1,1,0
24470,19952-47-7,4-Chlorobenzothiazol-2-ylamine,263,17,17,7,7,0
25851,4635-87-4,3-Pentenenitrile,263,6,0,2,0,2
25574,589-18-4,4-Methylbenzyl alcohol,263,1,1,1,1,0
25732,645-09-0,3-Nitrobenzamide,263,1,1,1,1,0
47869,171869-95-7,Palmatine chloride hydrate,263,29,5,7,2,5
21752,75-97-8,"3,3-Dimethyl-2-butanone",263,3,3,2,2,0
26519,85-69-8,Butyl 2-ethylhexyl phthalate,263,9,9,4,4,0
27122,149-73-5,Trimethoxymethane,263,0,0,0,0,0
27570,4454-05-1,"3,4-Dihydro-2-methoxy-2H-pyran",263,5,5,3,3,0
29300,9005-67-8,Polysorbate 60,263,7,7,3,3,0
20303,999-81-5,Chlormequat chloride,263,0,0,0,0,0
20761,78-79-5,Isoprene,263,2,2,2,2,0
25183,102-07-8,"1,3-Diphenylurea",263,29,7,7,3,4
47871,460345-16-8,1-Methyl-3-hexylimidazolium trifluoromethylsulfonate,263,29,3,5,1,4
33876,103-63-9,Phenethyl bromide,263,4,4,3,3,0
25633,119-32-4,4-Methyl-3-nitroaniline,263,8,8,4,4,0
22220,4901-51-3,"2,3,4,5-Tetrachlorophenol",263,83,21,8,6,2
20287,95-79-4,5-Chloro-2-methylaniline,263,4,4,1,1,0
21886,107-45-9,tert-Octylamine,263,1,1,1,1,0
27148,354-58-5,"1,1,1-Trichloro-2,2,2-trifluoroethane",263,0,0,0,0,0
21235,3520-42-1,C.I. Acid Red 52,263,58,0,9,0,9
29254,3302-10-1,"3,5,5-Trimethylhexanoic acid",263,0,0,0,0,0
21070,244-63-3,Norharman,263,24,24,6,6,0
47870,69056-62-8,Tributylmethylphosphonium methyl sulfate,263,5,5,3,3,0
21132,2198-59-6,"N-Phenyl-1,4-benzenediamine hydrochloride",263,47,6,8,5,3
47872,61755-34-8,1-(2-Hydroxyethyl)-3-methylimidazolium chloride,263,0,0,0,0,0
24414,103-89-9,N-Acetyl-p-toluidine,263,1,1,1,1,0
25924,120-57-0,Piperonal,263,1,1,1,1,0
24639,2113-57-7,3-Bromobiphenyl,263,7,1,3,1,2
24885,80-30-8,N-Cyclohexyl-4-methylbenzenesulfonamide,263,17,17,4,4,0
21320,961-11-5,Tetrachlorovinphos,263,56,7,8,4,4
21949,115-19-5,2-Methyl-3-butyn-2-ol,263,1,1,1,1,0
27174,529-33-9,"1,2,3,4-Tetrahydronaphthalen-1-ol",263,1,1,1,1,0
27639,6881-94-3,2-(2-Propoxyethoxy)ethanol,263,0,0,0,0,0
29267,5089-70-3,(3-Chloropropyl)(triethoxy)silane,263,8,8,4,4,0
20390,3148-73-0,"N,N'-Diacetylhydrazine",263,0,0,0,0,0
21120,2257-09-2,(2-Isothiocyanatoethyl)benzene,263,60,7,9,4,5
20468,628-36-4,"1,2-Diformylhydrazine",263,1,1,1,1,0
47873,64697-40-1,1-Methyl-3-octylimidazolium chloride,263,53,13,9,3,6
21860,104-88-1,4-Chlorobenzaldehyde,263,3,3,2,2,0
25742,122-04-3,4-Nitrobenzoyl chloride,263,3,3,2,2,0
25013,2213-63-0,"2,3-Dichloroquinoxaline",263,10,10,5,5,0
23997,68085-85-8,alpha-Cyhalothrin,263,21,3,6,2,4
22010,143-28-2,cis-Oleyl alcohol,263,1,1,1,1,0
27188,542-10-9,"1,1-Ethanediol diacetate",263,0,0,0,0,0
27764,14433-76-2,"N,N-Dimethyldecan-1-amide",263,10,0,3,0,3
29281,6742-54-7,n-Undecylbenzene,263,1,1,1,1,0
20419,1067-33-0,Dibutyltin diacetate,263,95,25,7,5,2
29606,107-86-8,3-Methylbut-2-enal,263,2,2,1,1,0
20540,102-09-0,Diphenylcarbonate,263,7,0,2,0,2
20587,105-36-2,Ethyl bromoacetate,263,4,4,2,2,0
20300,124-48-1,Chlorodibromomethane,263,3,3,2,2,0
25654,2381-21-7,1-Methylpyrene,263,27,1,7,1,6
32954,594-61-6,2-Hydroxyisobutyric acid,263,4,4,3,3,0
27300,693-95-8,4-Methylthiazole,263,1,1,1,1,0
27319,823-40-5,"2,6-Toluenediamine",263,13,13,6,6,0
21823,97-02-9,"2,4-Dinitroaniline",263,22,1,5,1,4
27714,9004-98-2,9-Octadecen-1-ol-ethylene oxide copolymer,263,144,20,10,5,5
26664,100-53-8,Benzenemethanethiol,263,8,8,4,4,0
27229,593-81-7,Trimethylamine hydrochloride,263,1,1,1,1,0
27822,22591-21-5,Dichloropinacolin,263,1,1,1,1,0
29655,2403-88-5,"2,2,6,6-Tetramethyl- 4-piperidinol",263,1,1,1,1,0
21212,99-50-3,"3,4-Dihydroxybenzoic acid",263,2,2,2,2,0
25840,13014-24-9,"1,2-Dichloro-4-(trichloromethyl)benzene",263,23,0,3,0,3
24574,24370-25-0,2-Benzimidazolylurea,263,12,0,4,0,4
25474,505-32-8,Isophytol,263,6,6,4,4,0
32832,600-05-5,"2,3-Dibromopropionic acid",263,10,10,5,5,0
21159,85-44-9,Phthalic anhydride,263,0,0,0,0,0
26619,98-09-9,Benzenesulfonyl chloride,263,1,1,1,1,0
24341,26471-62-5,Toluene diisocyanate,263,16,16,6,6,0
22910,50-99-7,D-Glucose,263,1,1,1,1,0
26711,105-05-5,"1,4-Diethylbenzene",263,0,0,0,0,0
27244,616-21-7,"1,2-Dichlorobutane",263,0,0,0,0,0
27857,25265-77-4,Texanol,263,1,1,1,1,0
29679,7646-78-8,Tetrachlorostannane,263,5,5,2,2,0
20101,11096-82-5,Aroclor 1260,263,35,8,7,5,2
21873,106-63-8,Isobutyl acrylate,263,1,1,1,1,0
25850,13284-42-9,2-Pentenenitrile,263,0,0,0,0,0
26292,25013-15-4,Vinyltoluene,263,3,3,3,3,0
24981,51-36-5,"3,5-Dichlorobenzoic acid",263,4,4,2,2,0
26304,87-59-2,"2,3-Xylidine",263,6,6,4,4,0
25661,98-83-9,alpha-Methylstyrene,263,7,7,4,4,0
27950,28961-43-5,Trimethylolpropane ethoxylate triacrylate,263,110,15,7,6,1
24696,97-88-1,Butyl methacrylate,263,0,0,0,0,0
26716,105-45-3,Methyl acetoacetate,263,1,1,1,1,0
27262,628-13-7,Pyridine hydrochloride,263,0,0,0,0,0
29695,7758-94-3,Ferrous chloride,263,2,2,2,2,0
20708,619-67-0,4-Hydrazinobenzoic acid,263,11,11,4,4,0
47874,4640-01-1,Methyl triclosan,263,19,19,7,7,0
25639,13506-76-8,2-Methyl-6-nitrobenzoic acid,263,2,2,1,1,0
24886,287-92-3,Cyclopentane,263,2,2,1,1,0
24503,52253-69-7,2-Amino-4-phenylthiazole hydrobromide hydrate,263,15,15,4,4,0
25693,607-91-0,Myristicin,263,9,2,2,1,1
24447,7493-72-3,Allyl nonanoate,263,4,4,3,3,0
25761,881-03-8,1-Nitro-2-methylnaphthalene,263,5,5,2,2,0
24736,99-48-9,Carveol,263,3,3,3,3,0
29474,68609-96-1,"Alkyl (C8,C10) glycidyl ether",263,8,8,3,3,0
25079,110-96-3,2-Methyl-N-(2-methylpropyl)-1-propanamine,263,0,0,0,0,0
26740,106-79-6,Dimethyl decanedioate,263,3,3,1,1,0
27309,763-69-9,Ethyl 3-ethoxypropionate,263,1,1,1,1,0
27974,32210-23-4,4-tert-Butylcyclohexyl acetate,263,1,1,1,1,0
29762,54574-82-2,2-[4-(Dibutylamino)-2-hydroxybenzoyl]benzoic acid,263,83,12,11,5,6
20742,144-48-9,Iodoacetamide,263,21,3,3,1,2
21363,638-03-9,3-Methylaniline hydrochloride,263,10,10,4,4,0
21492,140-29-4,Benzyl cyanide,263,2,2,1,1,0
21562,3018-12-0,Dichloroacetonitrile,263,14,14,5,5,0
25569,527-85-5,2-Methylbenzamide,263,2,2,1,1,0
26212,609-19-8,"3,4,5-Trichlorophenol",263,81,15,8,6,2
25776,89-40-7,4-Nitrophthalimide,263,4,4,2,2,0
25149,99-98-9,"N,N-Dimethyl-p-phenylenediamine",263,93,16,11,8,3
23937,507-20-0,t-Butylchloride,263,2,2,2,2,0
29806,69669-44-9,"Benzenesulfonic acid, C10-14-alkyl derivs., sodium salts",263,76,2,9,2,7
26775,107-96-0,3-Mercaptopropanoic acid,263,0,0,0,0,0
27329,872-05-9,1-Decene,263,1,1,1,1,0
28013,41663-84-7,N-Methyl-4-nitrophthalimide,263,3,3,1,1,0
20024,3054-95-3,Acrolein diethylacetal,263,0,0,0,0,0
20756,1453-82-3,Isonicotinamide,263,0,0,0,0,0
26309,108-69-0,"3,5-Dimethylaniline",263,6,6,2,2,0
24487,1477-42-5,2-Amino-4-methylbenzothiazole,263,5,5,3,3,0
25464,3173-53-3,Isocyanatocyclohexane,263,3,3,2,2,0
25611,534-22-5,2-Methylfuran,263,3,3,2,2,0
24998,611-06-3,"2,4-Dichloro-1-nitrobenzene",263,4,4,3,3,0
20437,75-34-3,"1,1-Dichloroethane",263,1,1,1,1,0
25975,89-82-7,R-(+)-Pulegone,263,2,2,2,2,0
20626,54143-56-5,Flecainide acetate,263,20,1,5,1,4
25423,111-41-1,N-(Hydroxyethyl)ethylenediamine,263,3,3,2,2,0
26851,110-67-8,3-Methoxypropionitrile,263,0,0,0,0,0
27368,1152-61-0,N-[(Benzyloxy)carbonyl]-L-aspartic acid,263,3,3,3,3,0
29062,88917-22-0,Dipropyleneglycol methyl ether acetate,263,1,1,1,1,0
24110,69409-94-5,Fluvalinate,263,27,27,7,7,0
20789,7791-18-6,Magnesium chloride hexahydrate,263,6,6,5,5,0
47876,80226-00-2,(-)-Enterodiol,263,15,15,5,5,0
24641,1522-92-5,"3-Bromo-2,2-bis(bromomethyl)propanol",263,4,4,3,3,0
25249,3234-28-4,"1,2-Epoxytetradecane",263,4,4,3,3,0
25570,613-93-4,N-Methylbenzamide,263,3,3,2,2,0
24822,75-77-4,Chlorotrimethylsilane,263,2,2,2,2,0
24912,91-17-8,Decalin,263,1,1,1,1,0
47875,103173-73-5,1-Ethylpyridinium hexafluorophosphate,263,1,1,1,1,0
27716,9005-07-6,Polyoxyethylene dioleate,263,11,11,3,3,0
26899,111-97-7,"3,3'-Thiodipropionitrile",263,1,1,1,1,0
27413,1562-00-1,Sodium 2-hydroxyethanesulfonate,263,0,0,0,0,0
47877,121057-90-7,1-Ethyl-1-methylpyrrolidinium hexafluorophosphate,263,9,9,4,4,0
20825,5834-17-3,2-Methoxy-3-aminodibenzofuran,263,31,2,7,1,6
21463,14324-55-1,Zinc diethyldithiocarbamate,263,145,41,11,7,4
27543,3710-84-7,"N,N-Diethylhydroxylamine",263,1,1,1,1,0
25724,100-19-6,4-Nitroacetophenone,263,4,4,2,2,0
20153,100-44-7,Benzyl chloride,263,1,1,1,1,0
22057,542-75-6,"1,3-Dichloropropene",263,2,2,1,1,0
30955,76-22-2,Camphor,263,0,0,0,0,0
25037,91-68-9,3-Diethylaminophenol,263,14,14,5,5,0
22306,8065-48-3,Demeton,263,13,13,5,5,0
24269,506-61-6,Potassium silver cyanide,263,164,11,11,5,6
26931,112-86-7,Erucic acid,263,0,0,0,0,0
27427,1704-62-7,2-(2-(Dimethylamino)ethoxy)ethanol,263,1,1,1,1,0
25888,1074-12-0,Phenylglyoxal,263,18,18,7,7,0
24395,108-24-7,Acetic anhydride,263,0,0,0,0,0
26195,108-70-3,"1,3,5-Trichlorobenzene",263,0,0,0,0,0
25849,109-67-1,1-Pentene,263,0,0,0,0,0
26830,110-03-2,"2,5-Dimethylhexane-2,5-diol",263,0,0,0,0,0
26275,110-59-8,Valeronitrile,263,0,0,0,0,0
24484,5464-79-9,2-Amino-4-methoxybenzothiazole,263,6,6,4,4,0
24692,7665-72-7,tert-Butyl glycidyl ether,263,0,0,0,0,0
24640,92-66-0,4-Bromobiphenyl,263,1,1,1,1,0
24334,10102-45-1,Thallium nitrate,263,26,4,6,1,5
26366,68-36-0,"1,4-Bis(trichloromethyl)benzene",263,11,11,6,6,0
20733,21416-67-1,Razoxane,263,15,15,4,4,0
27467,2402-79-1,"2,3,5,6-Tetrachloropyridine",263,2,2,1,1,0
22256,13608-87-2,"2',3',4'-Trichloroacetophenone",263,3,3,2,2,0
24710,141-75-3,Butyryl chloride,263,2,2,2,2,0
25763,15121-84-3,2-(2-Nitrophenyl)ethanol,263,0,0,0,0,0
33390,15345-89-8,Desmethoxyyangonin,263,20,3,6,1,5
26207,15950-66-0,"2,3,4-Trichlorophenol",263,28,4,8,3,5
21841,100-61-8,N-Methylaniline,263,2,2,1,1,0
21060,100-75-4,N-Nitrosopiperidine,263,0,0,0,0,0
25180,101-68-8,"4,4'-Diphenylmethane diisocyanate",263,10,10,4,4,0
26139,102-08-9,Thiocarbanilide,263,48,0,8,0,8
26175,1025-15-6,Triallyl isocyanurate,263,6,6,2,2,0
25338,103-70-8,Formanilide,263,0,0,0,0,0
21222,105-11-3,p-Benzoquinone dioxime,263,23,3,9,3,6
30317,10599-70-9,"3-Acetyl-2,5-dimethylfuran",263,2,2,2,2,0
24702,3101-60-8,tert-Butyl phenyl glycidyl ether,263,10,0,3,0,3
24915,3179-47-3,Decyl methacrylate,263,14,4,4,1,3
47922,827027-25-8,Choline bis(trifluoromethylsulfonyl)imde,263,10,0,3,0,3
34089,3569-10-6,Valerenic acid,263,32,1,7,1,6
48644,223652-90-2,Garenoxacin mesylate hydrate,263,1,1,1,1,0
21027,1116-54-7,N-Nitrosodiethanolamine,263,1,1,1,1,0
23917,111-91-1,Bis(2-chloroethoxy)methane,263,0,0,0,0,0
25764,100-27-6,2-(4-Nitrophenyl)ethanol,263,0,0,0,0,0
24771,118-91-2,2-Chlorobenzoic acid,263,1,1,1,1,0
25903,119-39-1,1(2H)-Phthalazinone,263,0,0,0,0,0
24413,120-66-1,N-Acetyl-o-toluidine,263,0,0,0,0,0
21145,122-60-1,Phenyl glycidyl ether,263,1,1,1,1,0
21446,1330-20-7,Xylenes,263,2,2,2,2,0
24770,535-80-8,3-Chlorobenzoic acid,263,0,0,0,0,0
24599,538-74-9,Benzyl sulfide,263,7,7,3,3,0
25775,5466-84-2,4-Nitrophthalic anhydride,263,1,1,1,1,0
25703,551-06-4,alpha-Naphylisothiocyanate,263,82,12,8,5,3
26112,1684-40-8,"1,2,3,4-Tetrahydro-9-acridinamine hydrochloride",263,22,22,5,5,0
24921,1761-71-3,"4,4'-Diaminodicyclohexylmethane",263,15,2,4,2,2
25653,18640-74-9,2-Isobutylthiazole,263,1,1,1,1,0
24896,2008-39-1,"(2,4-Dichlorophenoxy)acetic acid dimethylamine",263,2,2,1,1,0
25706,20702-77-6,Neohesperidin dihydrochalcone,263,3,3,2,2,0
33163,2243-76-7,Alizarin Yellow R,263,55,8,8,3,5
25242,2404-44-6,"1,2-Epoxydecane",263,0,0,0,0,0
25100,2439-35-2,2-(Dimethylamino)ethyl acrylate,263,1,1,1,1,0
25431,101-18-8,3-Hydroxy-N-phenylaniline,263,27,0,7,0,7
20888,611-32-5,8-Methylquinoline,263,2,2,1,1,0
24038,616-23-9,"2,3-Dichloro-1-propanol",263,1,1,1,1,0
22086,619-80-7,4-Nitrobenzamide,263,1,1,1,1,0
24483,6219-89-2,4-(4-Amino-3-methylanilino)phenol,263,95,10,11,6,5
20090,62-53-3,Aniline,263,1,1,1,1,0
20967,627-05-4,1-Nitrobutane,263,0,0,0,0,0
24864,4170-30-3,Crotonaldehyde,263,2,2,1,1,0
25577,4403-61-6,2-Methyl-2-butenenitrile,263,1,1,1,1,0
32891,4659-45-4,"2,6-Dichlorobenzoyl chloride",263,2,2,2,2,0
26074,4938-72-1,"Isobutyl (2,4,5-trichlorophenoxy)acetate",263,6,6,2,2,0
24979,50-30-6,"2,6-Dichlorobenzoic acid",263,2,2,1,1,0
24978,50-79-3,"2,5-Dichlorobenzoic acid",263,3,3,1,1,0
24980,51-44-5,"3,4-Dichlorobenzoic acid",263,1,1,1,1,0
25087,523-87-5,Dimenhydrinate,263,27,1,7,1,6
22050,529-19-1,2-Tolunitrile,263,0,0,0,0,0
25111,75-83-2,"2,2-Dimethylbutane",263,1,1,1,1,0
24690,762-75-4,tert-Butyl formate,263,1,1,1,1,0
25479,768-52-5,N-Isopropylaniline,263,1,1,1,1,0
25051,78-38-6,Diethyl ethylphosphonate,263,1,1,1,1,0
20448,78-87-5,"1,2-Dichloropropane",263,2,2,1,1,0
29910,563-58-6,"1,1-Dichloropropene",263,2,2,1,1,0
25634,578-46-1,5-Methyl-2-nitroaniline,263,5,5,2,2,0
24659,591-17-3,3-Bromotoluene,263,4,4,2,2,0
24437,591-87-7,Allyl acetate,263,3,3,3,3,0
24798,594-71-8,2-Chloro-2-nitropropane,263,2,2,2,2,0
24797,600-25-9,1-Chloro-1-nitropropane,263,2,2,1,1,0
22079,608-71-9,Pentabromophenol,263,79,26,9,6,3
25741,610-14-0,2-Nitrobenzoyl chloride,263,2,2,1,1,0
24764,89-98-5,2-Chlorobenzaldehyde,263,5,0,1,0,1
26115,91-21-4,"1,2,3,4-Tetrahydroisoquinoline",263,7,7,3,3,0
25315,92-59-1,N-Ethyl-N-phenyl benzylamine,263,22,0,5,0,5
20071,92-67-1,4-Biphenylamine,263,19,1,5,1,4
24878,931-97-5,Cyclohexanone cyanohydrin,263,1,1,1,1,0
20032,628-94-4,Adipamide,263,0,0,0,0,0
25604,637-92-3,Ethyl t-butyl ether,263,0,0,0,0,0
26049,645-49-8,cis-Stilbene,263,3,3,2,2,0
25580,67634-00-8,Allyl 2-(isopentyloxy)acetate,263,0,0,0,0,0
20538,74-31-7,"N,N'-Diphenyl-p-phenylenediamine",263,49,4,9,3,6
20199,74-96-4,Bromoethane,263,1,1,1,1,0
30197,75-26-3,2-Bromopropane,263,4,4,2,2,0
39232,106-92-3,Allyl glycidyl ether,263,1,1,1,1,0
24014,594-18-3,Dibromodichloromethane,263,0,0,0,0,0
27970,31906-04-4,4-(4-Hydroxy-4-methylpentyl)cyclohex-3-ene-1-carbaldehyde,263,9,9,3,3,0
25671,78-94-4,Methyl vinyl ketone,263,1,1,1,1,0
26083,79-27-6,"1,1,2,2-Tetrabromoethane",263,1,1,1,1,0
25310,80-39-7,N-Ethyl-4-methylbenzenesulfonamide,263,4,4,3,3,0
20844,80-62-6,Methyl methacrylate,263,0,0,0,0,0
33825,82985-35-1,3-(Trimethoxysilyl)-N-[3-(trimethoxysilyl)propyl]propan-1-amine,263,0,0,0,0,0
25040,85-98-3,"N,N'-Diethylcarbanilide",263,19,1,5,1,4
24815,87-60-5,3-Chloro-2-methylaniline,263,1,1,1,1,0
24956,101-96-2,"N,N'-Bis(1-methylpropyl)-1,4-benzenediamine",263,149,12,11,6,5
25137,89-58-7,"1,4-Dimethyl-2-nitrobenzene",263,1,1,1,1,0
24362,598-77-6,"1,1,2-Trichloropropane",263,5,0,1,0,1
24660,95-46-5,2-Bromotoluene,263,2,2,1,1,0
26305,95-68-1,"2,4-Dimethylaniline",263,4,4,2,2,0
24967,95-82-9,"2,5-Dichloroaniline",263,5,5,3,3,0
20413,96-12-8,"1,2-Dibromo-3-chloropropane",263,1,1,1,1,0
30258,96-47-9,2-Methyltetrahydrofuran,263,5,5,3,3,0
24773,98-15-7,3-Chlorobenzotrifluoride,263,0,0,0,0,0
25725,99-09-2,3-Nitroaniline,263,2,2,1,1,0
25629,99-52-5,2-Methyl-4-nitroaniline,263,25,1,3,1,2
21437,100-40-3,4-Vinylcyclohexene,263,0,0,0,0,0
25854,594-42-3,Perchloromethyl mercaptan,263,4,4,2,2,0
26373,71-48-7,Cobalt(II) acetate,263,8,8,4,4,0
26432,75-98-9,"2,2-Dimethylpropanoic acid",263,3,3,3,3,0
26450,78-10-4,Tetraethyl orthosilicate,263,6,6,3,3,0
26512,84-77-5,Didecyl phthalate,263,0,0,0,0,0
21168,120-62-7,Piperonyl sulfoxide,263,80,3,9,2,7
47878,4884-68-8,Hydrastinine hydrochloride,263,46,46,6,6,0
20558,316-42-7,Emetine dihydrochloride,263,85,28,9,6,3
20097,140-57-8,Aramite,263,4,0,1,0,1
21377,76-13-1,"1,1,2-Trichloro-1,2,2-trifluoroethane",263,2,2,1,1,0
23966,78-86-4,2-Chlorobutane,263,1,1,1,1,0
24077,505-29-3,"1,4-Dithiane",263,4,4,3,3,0
26941,115-27-5,Chlorendic anhydride,263,1,1,1,1,0
26979,121-45-9,Trimethyl phosphite,263,1,1,1,1,0
27113,144-19-4,"2,2,4-Trimethyl-1,3-pentanediol",263,7,0,2,0,2
21789,88-68-6,2-Aminobenzamide,263,1,1,1,1,0
21979,123-54-6,"2,4-Pentanedione",263,0,0,0,0,0
22128,868-77-9,2-Hydroxyethyl methacrylate,263,0,0,0,0,0
23028,2809-21-4,Etidronic acid,263,4,4,2,2,0
24952,111-92-2,N-Butyl-1-butanamine,263,1,1,1,1,0
25286,110-71-4,Ethylene glycol dimethyl ether,263,5,0,2,0,2
25466,29964-84-9,Isodecyl methacrylate,263,1,1,1,1,0
27416,1569-69-3,Cyclohexanethiol,263,1,1,1,1,0
27436,1779-48-2,Phenylphosphinic acid,263,0,0,0,0,0
27471,2425-54-9,1-Chlorotetradecane,263,1,1,1,1,0
27515,3048-65-5,"3a,4,7,7a-Tetrahydroindene",263,2,2,1,1,0
27551,3965-55-7,"Sodium 3,5-bis(methoxycarbonyl)benzenesulfonate",263,1,1,1,1,0
26527,88-51-7,4-Amino-6-chlorotoluene-3-sulphonic acid,263,2,2,1,1,0
26605,97-30-3,Methyl alpha-D-glucopyranoside,263,0,0,0,0,0
26631,98-88-4,Benzoyl chloride,263,1,1,1,1,0
26676,101-63-3,"1,1'-Oxybis(4-nitrobenzene)",263,11,5,5,3,2
26718,105-56-6,Ethyl cyanoacetate,263,2,2,1,1,0
26765,107-39-1,"2,4,4-Trimethyl-1-pentene",263,1,1,1,1,0
26872,111-36-4,Butyl isocyanate,263,1,1,1,1,0
29143,107-83-5,2-Methylpentane,263,4,4,2,2,0
29158,122-96-3,"1,4-Piperazinediethanol",263,0,0,0,0,0
29194,622-96-8,4-Ethyltoluene,263,0,0,0,0,0
29207,931-19-1,2-Methylpyridine 1-oxide,263,0,0,0,0,0
29220,1603-41-4,6-Amino-3-methylpyridine,263,2,2,1,1,0
29233,2421-28-5,Benzophenonetetracarboxylic dianhydride,263,1,1,1,1,0
27137,301-02-0,(9Z)-Octadec-9-enamide,263,13,0,3,0,3
27159,502-44-3,Caprolactone,263,4,4,3,3,0
27175,529-34-0,"1,2,3,4-Tetrahydronaphthalen-1-one",263,4,4,3,3,0
27197,547-64-8,Methyl 2-hydroxypropanoate,263,3,3,3,3,0
27234,598-98-1,Methyl pivalate,263,1,1,1,1,0
27247,617-94-7,2-Phenylpropan-2-ol,263,0,0,0,0,0
27265,629-11-8,"1,6-Hexanediol",263,0,0,0,0,0
27310,764-41-0,"1,4-Dichloro-2-butene",263,2,2,2,2,0
27343,939-97-9,4-tert-Butylbenzaldehyde,263,1,1,1,1,0
27370,1185-55-3,Trimethoxymethylsilane,263,4,4,2,2,0
20054,6109-97-3,3-Amino-9-ethylcarbazole hydrochloride,263,46,9,8,4,4
20131,10326-27-9,Barium chloride dihydrate,263,5,5,2,2,0
20157,20570-96-1,Benzylhydrazine dihydrochloride,263,19,19,6,6,0
27577,4767-03-7,3-Hydroxy-2-(hydroxymethyl)-2-methylpropanoic acid,263,1,1,1,1,0
27641,6938-94-9,Diisopropyl adipate,263,7,7,3,3,0
27768,14643-87-9,Zinc acrylate,263,21,2,7,2,5
27823,22984-54-9,Methyltri(2-butanoneoximyl)silane,263,5,5,3,3,0
27933,27554-26-3,Diisooctyl phthalate,263,8,8,3,3,0
28001,38103-06-9,"4,4'-(4,4'-Isopropylidenediphenoxy)bisphthalic dianhydride",263,4,4,3,3,0
28120,63721-05-1,"Methyl 3,3-dimethylpent-4-enoate",263,8,0,3,0,3
29120,92-88-6,"4,4'-Biphenyldiol",263,51,6,9,4,5
20757,55-22-1,Isonicotinic acid,263,2,2,1,1,0
20802,108-78-1,Melamine,263,1,1,1,1,0
20826,934-00-9,3-Methoxycatechol,263,52,6,8,5,3
20859,98-85-1,alpha-Methylbenzyl alcohol,263,1,1,1,1,0
20922,81-16-3,2-Amino-1-naphthalenesulfonic acid,263,15,15,4,4,0
29247,2948-46-1,"1,4-Bis(2-hydroxy-2-propyl)benzene",263,0,0,0,0,0
29255,3399-22-2,"Dimethyl trans-cyclohexane-1,4-dicarboxylate",263,1,1,1,1,0
29275,5856-63-3,(R)-2-Aminobutan-1-ol,263,1,1,1,1,0
29287,7529-22-8,4-Methylmorpholine 4-oxide,263,1,1,1,1,0
29338,27060-75-9,1-Bromo-4-methoxy-2-methylbenzene,263,2,2,1,1,0
29619,333-20-0,Potassium thiocyanate,263,1,1,1,1,0
29662,3542-36-7,Dichloro(dioctyl)stannane,263,64,9,8,5,3
29683,7664-93-9,Sulfuric acid,263,1,1,1,1,0
29707,7791-25-5,Sulfuryl chloride,263,0,0,0,0,0
29815,86089-17-0,"Tridecylamine, branched and linear",263,34,4,8,1,7
21448,21436-96-4,"2,4-Dimethylaniline hydrochloride",263,5,5,1,1,0
21493,719-22-2,"2,6-Bis-(1,1-dimethylethyl)-2,5-cyclohexadiene-1,4-dione",263,9,9,5,5,0
21530,822-87-7,2-Chlorocyclohexanone,263,1,1,1,1,0
21563,137-19-9,"4,6-Dichloro-1,3-benzenediol",263,20,20,8,8,0
20325,67-48-1,"2-Hydroxy-N,N,N-trimethylethan-1-aminium chloride",263,2,2,2,2,0
20363,1192-28-5,Cyclopentanone oxime,263,6,0,2,0,2
20398,39156-41-7,C.I. Oxidation Base 12A,263,104,19,9,7,2
20452,81-21-0,Dicyclopentadiene dioxide,263,0,0,0,0,0
20598,1072-53-3,"Ethylene glycol, cyclic sulfate",263,0,0,0,0,0
20668,3741-38-6,Glycol sulfite,263,1,1,1,1,0
20709,24589-77-3,4-Hydrazinobenzoic acid hydrochloride,263,13,13,5,5,0
20749,4247-02-3,Isobutylparaben,263,38,6,8,3,5
21667,115-17-3,Tribromoacetaldehyde,263,118,12,10,4,6
21671,594-65-0,"2,2,2-Trichloroacetamide",263,3,3,3,3,0
21684,638-53-9,Tridecanoic acid,263,15,0,5,0,5
21688,112-44-7,Undecanal,263,3,3,2,2,0
20984,613-50-3,6-Nitroquinoline,263,6,6,4,4,0
21158,88-96-0,Phthalamide,263,22,0,4,0,4
21216,59-33-6,Pyrilamine maleate,263,12,12,7,7,0
21253,128-44-9,Sodium saccharin,263,2,2,2,2,0
21365,540-23-8,4-Methylaniline hydrochloride,263,12,12,4,4,0
47887,6521-29-5,Pentylparaben,263,59,6,10,3,7
47888,321746-49-0,Triethylsulfonium bis(trifluoromethanesulfonyl)imide,263,7,7,3,3,0
21581,597-43-3,"2,2-Dimethylbutanedioic acid",263,1,1,1,1,0
21585,681-57-2,"2,2-Dimethylpentanedioic acid",263,2,2,2,2,0
21599,629-08-3,Heptanenitrile,263,9,9,5,5,0
21610,99-06-9,3-Hydroxybenzoic acid,263,1,1,1,1,0
21620,625-28-5,Isovaleronitrile,263,1,1,1,1,0
21632,617-62-9,2-Methylpentanedioic acid,263,2,2,1,1,0
21634,565-61-7,3-Methyl-2-pentanone,263,4,4,3,3,0
21644,505-48-6,Octanedioic acid,263,3,3,2,2,0
21647,1821-02-9,Alpha-Ketovaleric acid,263,3,3,2,2,0
21659,141-82-2,Propanedioic acid,263,3,3,2,2,0
25345,623-15-4,Furfural acetone,263,2,2,2,2,0
25503,7149-26-0,Linalyl anthranilate,263,1,1,1,1,0
25830,75-95-6,Pentabromoethane,263,43,2,8,1,7
25745,100-14-1,4-Nitrobenzyl chloride,263,6,6,5,5,0
26125,3333-52-6,Tetramethylsuccinonitrile,263,1,1,1,1,0
47880,13020-57-0,3-Hydroxybenzophenone,263,16,16,5,5,0
38875,131-54-4,"2,2'-Dihydroxy-4,4'-dimethoxybenzophenone",263,37,6,8,3,5
47881,1470-57-1,2-Hydroxy-5-methylbenzophenone,263,13,13,8,8,0
47883,2664-60-0,Dodecylparaben,263,50,6,9,2,7
47884,331717-63-6,1-Ethyl-3-methylimidazolium thiocyanate,263,1,1,1,1,0
47885,38713-56-3,Nonylparaben,263,120,10,11,5,6
47886,41351-30-8,"4′-Hydroxy-2,4-dimethoxybenzophenone",263,22,22,6,6,0
22425,611-99-4,"4,4'-Dihydoxybenzophenone",263,20,20,5,5,0
47907,227617-70-1,"1-Butyl-2,3-dimethylimidazolium hexafluorophosphate",263,5,5,4,4,0
47908,108203-70-9,"1-Butyl-2,3-dimethylimidazolium iodide",263,9,9,5,5,0
47909,402846-78-0,"1-Butyl-2,3-dimethylimidazolium tetrafluoroborate",263,5,5,4,4,0
47910,448245-52-1,1-Butyl-3-methylimidazolium dicyanamide,263,2,2,2,2,0
47911,174501-64-5,1-Butyl-3-methylimidazolium hexafluorophosphate,263,4,4,3,3,0
47912,342789-81-5,1-Butyl-3-methylimidazolium methanesulfonate,263,12,12,4,4,0
22485,14868-03-2,"Bis(4-hydroxyphenyl)-2,2-dichloroethylene",263,69,18,9,6,3
47893,1943-97-1,"4,4'-Octahydro-1H-4,7-methanoindene-5,5-diyldiphenol",263,129,13,11,6,5
47894,85-19-8,Benzophenone 7,263,25,2,7,1,6
43919,149-32-6,Erythritol,263,0,0,0,0,0
47898,58543-16-1,Rebaudioside A,263,0,0,0,0,0
26091,76-12-0,"1,2-Difluoro-1,1,2,2-tetrachloroethane",263,1,1,1,1,0
25649,2531-84-2,2-Methylphenanthrene,263,12,12,3,3,0
47923,61546-01-8,1-Hexadecyl-3-methylimidazolium chloride,263,139,22,12,5,7
47924,22113-87-7,Methylammonium nitrate,263,1,1,1,1,0
47925,85100-78-3,1-Hexyl-3-methylimidazolium bromide,263,31,3,6,1,5
47926,375395-33-8,Methyltrioctylammonium bis(trifluoromethylsulfonyl)imide,263,134,28,10,8,2
47927,22113-88-8,Propylammonium nitrate,263,1,1,1,1,0
47928,65039-10-3,1-Allyl-3-methylimidazolium chloride,263,2,2,1,1,0
24831,14639-25-9,Chromium picolinate,263,1,1,1,1,0
47899,344774-05-6,Triisobutylmethylphosphonium tosylate,263,4,4,2,2,0
47900,23906-97-0,Tetraoctylphosphonium bromide,263,166,24,12,8,4
41180,65039-09-0,1-Ethyl-3-methylimidazolium chloride,263,1,1,1,1,0
47901,22113-86-6,Ethylammonium nitrate,263,1,1,1,1,0
47902,53226-35-0,2-Hydroxyethylammonium formate,263,1,1,1,1,0
47903,30781-73-8,Dimethylammonium nitrate,263,2,2,2,2,0
47904,121107-18-4,Methyltrioctylammonium trifluoromethanesulfonate,263,158,21,11,7,4
47905,405514-94-5,Tributylmethylammonium bis(trifluoromethylsulfonyl)imide,263,12,12,6,6,0
47906,98892-75-2,"1-Butyl-2,3-dimethylimidazolium chloride",263,6,6,4,4,0
48632,16777-42-7,l-Oxyfedrine hydrochloride,263,50,4,6,3,3
47914,344790-87-0,1-Butyl-3-methylimidazolium thiocyanate,263,0,0,0,0,0
47915,244193-56-4,1-Decyl-3-methylimidazolium tetrafluoroborate,263,68,23,9,6,3
47916,412009-62-2,1-Decyl-3-methylimidazolium trifluoromethanesulfonate,263,75,20,9,4,5
47917,404001-48-5,1-Dodecyl-3-methylimidazolium bis(trifluoromethylsulfonyl)imide,263,135,36,12,7,5
47918,114569-84-5,1-Dodecyl-3-methylimidazolium chloride,263,147,38,12,7,5
47919,219947-93-0,1-Dodecyl-3-methylimidazolium hexafluorophosphate,263,139,42,12,8,4
47920,258273-75-5,Butyltrimethylammonium bis(trifluoromethylsulfonyl)imide,263,10,0,5,0,5
47921,155371-19-0,1-Ethyl-3-methylimidazolium hexafluorophosphate,263,19,4,3,1,2
48635,150915-40-5,Tirofiban hydrochloride monohydrate,263,0,0,0,0,0
22636,3964-81-6,Azatadine,263,6,6,4,4,0
48636,51-77-4,Gefarnate,263,3,3,2,2,0
48637,54533-86-7,Nizofenone fumarate,263,22,6,7,4,3
48638,78281-72-8,Nepafenac,263,3,3,2,2,0
44128,10418-03-8,Stanozolol,197,52,12,6,5,1
57689,2236-31-9,Estriol tripropionate,197,17,17,5,5,0
57690,2265-64-7,Dexamethasone isonicotinate,197,14,14,5,5,0
57697,2508-47-6,"(16alpha, 17beta)-Estra-1,3,5(10)-triene-3,16,17-triol 16,17-diacetate 3-benzoate",197,13,13,5,5,0
57823,7642-64-0,Nandrolone furylpropionate,197,24,12,7,4,3
57852,912-57-2,Nandrolone cyclohexylpropionate,197,17,17,5,5,0
57715,31868-18-5,Mexazolam,197,21,3,5,2,3
57677,1986-53-4,Bolandiol dipropionate,197,17,12,5,4,1
49414,494-19-9,"10,11-Dihydro-5H-dibenz[b,f]azepine",460,63,9,12,3,9
57685,21440-97-1,Brofoxine,197,6,6,2,2,0
57730,39219-28-8,Promestriene,197,8,8,3,3,0
57631,123013-22-9,Amelometasone,197,14,14,5,5,0
57840,84-19-5,Dienestrol diacetate,197,22,22,5,5,0
57832,784-38-3,2-Amino-5-chloro-2'-fluorobenzophenone,197,23,1,7,1,6
57656,1584-62-9,2-Bromo-4'-chloro-2'-(2-fluorobenzoyl)acetanilide,197,8,8,4,4,0
57854,92-39-7,2-Chlorophenothiazine,197,11,11,4,4,0
57661,167221-71-8,Clevidipine,197,8,8,3,3,0
57857,979-02-2,Dehydropregnenolone acetate,197,8,8,4,4,0
57824,76-47-1,Hydrocortamate,197,8,8,4,4,0
57640,137-86-0,Octotiamine,185,2,2,1,1,0
57602,171049-14-2,Lotrafiban,185,0,0,0,0,0
57688,2226-11-1,Bornelone,185,10,10,4,4,0
44299,93390-81-9,Fosphenytoin,185,0,0,0,0,0
57767,53882-12-5,Lodoxamide,185,0,0,0,0,0
57712,313348-27-5,Lexiscan,185,1,1,1,1,0
57647,14929-11-4,Cholesolvin,185,5,5,3,3,0
57722,35604-67-2,Viloxazine hydrochloride,185,3,3,1,1,0
57807,69123-90-6,Fiacitabine,185,0,0,0,0,0
57781,5919-74-4,"2,3-Dihydroxypropyl methacrylate",185,0,0,0,0,0
57858,98123-83-2,Epsiprantel,185,6,6,3,3,0
57790,63906-52-5,Thiocyanoacetic acid sodium salt,185,0,0,0,0,0
57811,71574-35-1,Glyceryl 1-(2-aminobenzoate),185,0,0,0,0,0
22688,118-23-0,Bromodiphenhydramine,185,25,2,7,2,5
57755,501-68-8,Beclamide,185,1,1,1,1,0
57700,28315-93-7,5-Hydroxy-1-tetralone,185,2,2,2,2,0
57679,20662-53-7,Benzimidazolone,185,2,2,1,1,0
57739,4093-29-2,Methyl 4-acetamido-o-anisate,185,1,1,1,1,0
42002,136-44-7,Lisadimate,185,3,3,1,1,0
57657,1609-66-1,Norfentanyl,185,2,2,2,2,0
57848,86487-64-1,Setoperone,185,14,1,5,1,4
57693,23049-93-6,Enfenamic acid,185,8,8,3,3,0
57850,89371-44-8,Imidaprilat,185,0,0,0,0,0
57727,13445-60-8,dl-Furfenorex,185,2,2,1,1,0
22715,35941-65-2,Butriptyline,185,22,4,6,3,3
57817,73803-48-2,Tripamide,185,4,4,2,2,0
57614,105613-48-7,Exametazime,185,1,1,1,1,0
57619,108852-90-0,Nemorubicin,185,65,8,10,3,7
57753,496775-61-2,Eltrombopag,185,47,1,8,1,7
57662,167465-36-3,LY335979 trihydrochloride,185,51,3,8,2,6
57669,17814-85-6,(4-Carboxybutyl)triphenylphosphonium bromide,185,0,0,0,0,0
57650,15351-09-4,Metamfepramone,185,2,2,1,1,0
57716,32838-28-1,Butoctamide semisuccinate,185,12,0,3,0,3
57743,42024-98-6,Mazaticol,185,8,1,5,1,4
57655,146961-77-5,Alatrofloxacin mesylate,185,11,1,5,1,4
57763,53684-49-4,Bufetolol,185,1,1,1,1,0
57681,211915-06-9,Dabigatran etexilate,185,66,5,9,3,6
57898,4274-38-8,2-Amino-4-(trifluoromethyl)benzenethiol hydrochloride,185,40,10,7,6,1
57847,86408-72-2,Ecabet sodium,185,1,1,1,1,0
57620,110816-79-0,Cromoglicate lisetil,185,4,4,1,1,0
57825,76738-96-0,Resocortol butyrate,185,15,7,4,4,0
32374,104653-34-1,Difethialone,185,48,8,7,3,4
57827,77181-69-2,Bravavir,185,0,0,0,0,0
57705,300-22-1,Medazomide,185,0,0,0,0,0
57761,52605-52-4,1-(3-Chlorophenyl)-4-(3-chloropropyl)piperazine hydrochloride,185,12,12,6,6,0
57798,65847-85-0,Morniflumate,185,13,0,5,0,5
57644,141200-24-0,Darglitazone,185,19,3,5,3,2
57734,39512-50-0,1-(2-Chlorophenyl)piperazine,185,2,2,1,1,0
57806,68576-86-3,Enciprazine,185,2,2,1,1,0
57768,54029-12-8,Albendazole oxide,185,15,0,6,0,6
52860,787-93-9,Ameltolide,185,1,1,1,1,0
57789,63610-08-2,Indobufen,185,10,10,3,3,0
57836,808-26-4,Sancycline,185,15,15,5,5,0
57809,70-10-0,Ticlatone,185,63,18,8,4,4
57678,202189-78-4,Bilastine,185,1,1,1,1,0
57780,56917-29-4,Fluretofene,185,3,3,1,1,0
57778,5634-42-4,Tocamphyl,185,1,1,1,1,0
57622,1146-95-8,Etifelmine hydrochloride,185,28,3,8,1,7
57626,118635-68-0,Ipenoxazone hydrochloride,185,8,3,3,1,2
57710,31127-82-9,Iodoxamic Acid,185,0,0,0,0,0
57795,6506-37-2,Nimorazole,185,1,1,1,1,0
57629,120081-14-3,Goralatide,185,0,0,0,0,0
57787,62140-67-4,Methyl 5-(ethylsulfonyl)-o-anisate,185,0,0,0,0,0
57666,175481-36-4,Lacosamide,185,1,1,1,1,0
57708,306-20-7,Fenaclon,185,2,2,1,1,0
57652,155270-99-8,Istradefylline,185,14,0,4,0,4
57709,30709-69-4,Tizoprolic acid,185,0,0,0,0,0
57639,137215-12-4,Odiparcil,185,0,0,0,0,0
57625,118244-44-3,Prednisolone farnesylate,185,41,3,6,3,3
57670,179474-81-8,Prucalopride,185,5,5,2,2,0
43848,30187-90-7,Xibenolol,185,2,2,1,1,0
57821,75887-54-6,Artemotil,185,14,14,5,5,0
57714,3158-91-6,"2-Chlorodibenz(b,f)-1,4-oxazepin-11(10H)-one",185,11,11,6,6,0
57843,84803-46-3,"4-(4-Chlorophenyl)piperidine-2,6-dione",185,1,1,1,1,0
57646,147086-81-5,"(4S,6s)-5,6-dihydro-6-methyl-4h-thieno[2,3-b]thiopyran-4-ol 7,7-dioxide",185,0,0,0,0,0
57674,1939-27-1,3-Trifluoromethylisobutyranilide,185,3,3,3,3,0
57855,92-54-6,Phenylpiperazine,185,0,0,0,0,0
57797,65571-68-8,Lofemizole,185,10,10,2,2,0
57762,535-65-9,Glybuthiazol,185,0,0,0,0,0
57765,53786-45-1,Ethyl 4-(2-amino-4-chloroanilino)piperidine-1-carboxylate,185,14,1,6,1,5
57684,2144-08-3,"2,3,4-Trihydroxybenzaldehyde",185,24,0,6,0,6
57641,137975-06-5,Mozavaptan,185,21,3,6,2,4
57728,38234-21-8,Fertirelin,185,2,2,2,2,0
57672,18174-58-8,Pipoxolan hydrochloride,185,15,3,7,2,5
57791,64486-18-6,"(2Z)-{2-[(Chloroacetyl)amino]-1,3-thiazol-4-yl}(methoxyimino)acetic acid",185,1,1,1,1,0
57766,53786-46-2,"Ethyl 4-(5-chloro-2,3-dihydro-2-oxo-1h-benzimidazol-2-yl)piperidine-1-carboxylate",185,24,0,6,0,6
57802,67199-66-0,Daniquidone,185,50,11,9,4,5
57803,67765-04-2,Enefexine,185,2,2,1,1,0
57756,502-59-0,Octamylamine,185,1,1,1,1,0
57630,1222-57-7,Zolimidine,185,26,8,5,5,0
57760,519-88-0,Ambucetamide,185,5,5,2,2,0
57606,100-36-7,2-Aminoethyldiethylamine,185,0,0,0,0,0
57771,548-00-5,Ethyl biscoumacetate,185,7,7,3,3,0
57808,6928-85-4,4-Methyl-1-piperazinamine,185,0,0,0,0,0
57786,620-20-2,"alpha,3-Dichlorotoluene",185,1,1,1,1,0
57667,17630-75-0,5-Chlorooxindole,185,6,6,4,4,0
57764,53786-28-0,5-Chloro-1-(4-piperidyl)-1H-benzimidazol-2(3H)-one,185,3,3,2,2,0
57785,61516-73-2,Ethyl 2-oxopyrrolidin-2-ylacetate,185,1,1,1,1,0
57732,3943-89-3,Ethyl protocatechuate,185,6,6,5,5,0
27026,124-28-7,"N,N-Dimethyl-1-octadecanamine",185,1,1,1,1,0
57816,73590-85-9,Omeprazole sulfide,185,11,2,3,1,2
57723,366789-02-8,Rivaroxaban,185,10,1,3,1,2
57612,1050-48-2,Benzilonium bromide,185,3,3,1,1,0
22657,63-12-7,Benzquinamide,185,3,3,2,2,0
57711,3115-05-7,"N-(3-Amino-2,4,6-triiodobenzoyl)-N-phenyl-beta-alanine",185,3,3,2,2,0
57834,79-64-1,Dimethisteron,185,25,6,7,4,3
57615,107097-80-3,Loxiglumide,185,2,2,1,1,0
57784,6092-18-8,Cycotiamine,185,2,2,1,1,0
57773,55779-18-5,Arprinocid,185,1,1,1,1,0
57660,16673-34-0,N-(2-(4-sulfamoyl)phenyl)ethyl-5-chloro-2-methoxybenzamide,185,4,4,1,1,0
57637,13338-63-1,"3,4,5-Trimethoxyphenylacetonitrile",185,1,1,1,1,0
57645,1458-18-0,"Methyl 3-amino-5,6-dichloropyrazine-2-carboxylate",185,84,7,8,4,4
57757,5081-87-8,"3-(2-Chloroethyl)quinazoline-2,4(1H,3H)-dione",185,1,1,1,1,0
57737,40188-45-2,3'-Acetyl-4'-hydroxybutyranilide,185,2,2,2,2,0
57745,43076-61-5,4'-Tert-butyl-4-chlorobutyrophenone,185,7,7,3,3,0
57692,22720-75-8,2-Acetylbenzo[b]thiophene,185,1,1,1,1,0
43850,5050-41-9,1-(2-Chloroethyl)pyrrolidine,185,0,0,0,0,0
57707,30319-05-2,3-Bromo-2-methylthiophene,185,0,0,0,0,0
57616,1075-89-4,"8-Azaspiro[4.5]decane-7,9-dione",185,0,0,0,0,0
44436,517-23-7,3-Acetyldihydro-2(3H)-furanone,448,1,1,1,1,0
57751,4945-47-5,Bamipine,185,11,2,8,2,6
57810,7036-58-0,Propoxate,185,5,5,2,2,0
57659,163252-36-6,Clevudine,185,0,0,0,0,0
57829,774-40-3,Ethyl mandelate,185,0,0,0,0,0
57740,4093-31-6,Methyl 4-acetamido-5-chloro-2-methoxybenzoate,185,2,2,2,2,0
57738,40807-61-2,4-Phenylpiperidin-4-ol,185,1,1,1,1,0
57833,78834-75-0,Ethyl 7-chloro-2-oxoheptanoate,185,4,4,1,1,0
57680,2107-69-9,"5,6-Dimethoxyindan-1-one",185,2,2,2,2,0
57720,33924-48-0,Methyl 5-chloro-o-anisate,185,1,1,1,1,0
57687,22252-43-3,7-Aminodeacetoxycephalosporanic acid,185,0,0,0,0,0
57822,76283-09-5,4-Bromo-1-(bromomethyl)-2-fluoro-benzene,185,1,1,1,1,0
57793,64920-29-2,Ethyl 2-oxo-4-phenylbutyrate,185,4,4,1,1,0
57694,23680-84-4,"4-Amino-2-chloro-6,7-dimethoxyquinazoline",185,3,3,2,2,0
57736,40187-51-7,5-Acetylsalicylamide,185,0,0,0,0,0
57804,67914-60-7,4-(4-Acetylpiperazin-4-yl)phenol,185,4,4,3,3,0
57775,5588-21-6,Cintriamide,185,1,1,1,1,0
57812,72479-26-6,Fenticonazole,185,19,19,7,7,0
57759,509-78-4,Dimenoxadol,185,9,9,3,3,0
57799,66304-03-8,Epicainide,185,3,3,2,2,0
57782,599-88-2,Sulfaperin,185,0,0,0,0,0
22850,10389-73-8,Clortermine,185,4,4,2,2,0
57777,56326-98-8,1-(4-Fluorophenyl)-4-oxocyclohexanecarbonitrile,185,2,2,2,2,0
57699,27469-60-9,1-(Bis(4-fluorophenyl)methyl)piperazine,185,17,5,5,3,2
57725,3721-95-7,Cyclobutanecarboxylic acid,185,0,0,0,0,0
57731,393-11-3,3-Trifluoromethyl-4-nitroanilide,185,4,4,3,3,0
51715,14205-39-1,Methyl 3-aminocrotonate,185,2,2,1,1,0
57735,40172-95-0,1-(2-Furoyl)piperazine,185,0,0,0,0,0
57845,85-90-5,Methylchromone,185,2,2,2,2,0
57841,84449-80-9,4-(2-Piperidinoethoxy)benzoic acid hydrochloride(1:1),185,1,1,1,1,0
57627,119356-77-3,Dapoxetine,185,55,6,9,3,6
57801,66644-80-2,"2,3-Dimethoxy-5-sulphamoylbenzoic acid",185,0,0,0,0,0
57772,55453-87-7,Isoxepac,185,1,1,1,1,0
57839,83991-25-7,Ambasilide,185,7,7,3,3,0
57624,114-91-0,Metyridine,185,0,0,0,0,0
57607,100-76-5,Quinuclidine,185,0,0,0,0,0
57826,7706-67-4,Dimecrotic acid,185,0,0,0,0,0
57682,21228-13-7,Dorastine,185,33,1,6,1,5
57813,7303-78-8,Imidoline,185,3,3,2,2,0
57800,66532-85-2,Propacetamol,185,1,1,1,1,0
57609,1028-33-7,Pentifylline,185,4,0,2,0,2
49400,1210-35-1,Dibenzosuberone,448,31,31,7,7,0
57642,138112-76-2,Agomelatine,185,5,5,2,2,0
57721,3453-33-6,6-Methoxy-2-naphthalaldehyde,185,3,3,2,2,0
57658,1620-98-0,"3,5-Di-tert-butyl-4-hydroxybenzaldehyde",185,4,4,3,3,0
57621,112984-60-8,Ulifloxacin,185,1,1,1,1,0
57752,4965-33-7,7-Chloro-2-methylquinoline,185,1,1,1,1,0
57696,2380-94-1,4-Hydroxyindole,185,5,5,3,3,0
57796,652-37-9,Acefylline,185,3,3,1,1,0
57698,26116-12-1,1-Ethylpyrrolidin-2-ylmethylamine,185,0,0,0,0,0
57783,6065-63-0,Diethyl dipropylmalonate,185,0,0,0,0,0
57846,86393-33-1,Fluoroquinolonic acid,185,2,2,2,2,0
57733,39512-49-7,4-(4-Chlorophenyl)-4-piperidinol,185,1,1,1,1,0
57691,22663-37-2,1-(4-Chlorobenzenesulfonyl)urea,185,0,0,0,0,0
57744,42399-49-5,"(2S,3s)-3-hydroxy-2-(4-methoxyphenyl)-2,3-dihydro-1,5-benzothiazepin-4(5h)-one",185,9,9,3,3,0
57663,16883-16-2,3-Phenyl-5-methylisoxazole-4-carbonyl chloride,185,5,0,1,0,1
57704,29976-53-2,Ethyl 4-oxo-1-piperidinecarboxylate,185,6,0,1,0,1
57649,153168-05-9,Pleconaril,185,17,1,5,1,4
57831,7761-45-7,Methodichlorophen,185,31,0,6,0,6
57838,83783-69-1,1-(4-Fluorobenzyl)-1H-benzimidazol-2-amine,185,30,6,5,3,2
57849,88426-33-9,Buparvaquone,185,43,9,8,5,3
57779,56718-70-8,"2,3-Epoxypropyl 4-(2-methoxyethyl)phenyl ether",185,0,0,0,0,0
57856,94158-44-8,"1,1-Dimethoxy-2-(2-methoxyethoxy)ethane",185,0,0,0,0,0
57632,13035-61-5,"1,2,3,5-Tetraacetyl-.-d-ribofuranose",185,0,0,0,0,0
57729,3874-54-2,4-Chloro-4'-fluorobutyrophenone,185,3,3,3,3,0
57706,302-97-6,Etienic acid,185,3,3,3,3,0
57636,13255-50-0,N-isopropyl-4-formylbenzamide,185,5,5,2,2,0
57617,1078-19-9,6-Methoxy-alpha-tetralone,185,1,1,1,1,0
22610,144-14-9,Anileridine,185,7,7,4,4,0
57788,6320-03-2,o-Chlorothiophenol,185,0,0,0,0,0
57828,7724-76-7,Riboprine,185,49,5,7,3,4
57747,4462-55-9,"3-(2,6-Dichlorophenyl)-5-methylisoxazole-4-carbonyl chloride",185,4,4,1,1,0
57794,64987-03-7,"Ethyl (2-formamido-1,3-thiazol-4-yl)glyoxylate",185,2,2,1,1,0
57815,73573-42-9,Rescimetol,185,46,4,6,3,3
36489,3704-09-4,Mibolerone,185,13,7,5,3,2
21335,91-79-2,Thenyldiamine,185,1,1,1,1,0
57742,1322-14-1,Calcium undecylenate,185,3,3,3,3,0
57668,1225-20-3,Iothalamate sodium,185,0,0,0,0,0
23606,17784-12-2,Sulfacytine,185,1,1,1,1,0
57805,68238-36-8,Isosulfan blue,185,39,0,9,0,9
23010,113-18-8,Ethchlorvynol,185,0,0,0,0,0
57623,114772-53-1,4'-Methylbiphenyl-2-carbonitrile,185,5,5,2,2,0
57769,54396-44-0,3-(Trifluoromethyl)-o-toluidine,185,1,1,1,1,0
57686,21732-17-2,1H-Tetrazol-1-acetic acid,185,0,0,0,0,0
57749,47739-98-0,Clocapramine,185,105,4,11,3,8
22683,30392-40-6,Bitolterol,185,45,9,10,6,4
57653,156601-79-5,Nepaprazole,185,16,1,5,1,4
57664,171714-84-4,Darusentan,185,0,0,0,0,0
57608,1008-65-7,Fenadiazole,185,1,1,1,1,0
57741,41340-36-7,7-Ethyltryptophol,185,2,2,1,1,0
57643,139-62-8,Cyclomethycaine,185,33,1,9,1,8
57844,85801-02-1,Indomethacin farnesil,185,10,0,4,0,4
57835,80734-02-7,Lenampicillin hydrochloride,185,1,1,1,1,0
57701,289893-25-0,Arimoclomol,185,1,1,1,1,0
57610,103475-41-8,Tepoxalin,185,42,7,8,4,4
57654,15687-14-6,Embutramide,185,2,2,1,1,0
57776,56177-80-1,2-Ethoxy-5-fluorouracil,185,1,1,1,1,0
57754,5006-66-6,6-Hydroxynicotinic acid,185,0,0,0,0,0
57718,33045-52-2,Methyl 5-sulfamoyl-o-anisate,185,0,0,0,0,0
57665,17243-57-1,Mefenorex,185,3,3,2,2,0
23630,115-44-6,Talbutal,185,1,1,1,1,0
57601,3459-20-9,Glymidine sodium,185,1,1,1,1,0
57842,84466-05-7,Amidoflumet,185,8,0,4,0,4
23148,10397-75-8,Iocarmic acid,185,1,1,1,1,0
57830,77-51-0,Isoaminile,185,2,2,1,1,0
57683,2127-01-7,Chlorexolone,185,6,0,2,0,2
43747,116308-55-5,Watanidipine,185,8,8,3,3,0
57820,74639-40-0,Docarpamine,185,2,2,1,1,0
57724,3686-58-6,Tolycaine,185,2,2,2,2,0
57633,130726-68-0,Neticonazole,185,51,7,8,3,5
57814,73310-10-8,Ethyl eicosapentaenoate,185,4,4,3,3,0
57651,154-82-5,Simetride,185,31,4,6,2,4
43839,68252-19-7,Pirmenol,185,3,3,2,2,0
57671,180200-68-4,Tilmacoxib,185,15,1,4,1,3
23140,64622-45-3,Ibuprofen piconol,185,12,0,4,0,4
57717,329-63-5,"(R,S)-Epinephrine hydrochloride",185,10,10,4,4,0
23626,61-56-3,Sulthiame,185,0,0,0,0,0
57818,74512-12-2,Omoconazole,185,37,6,7,2,5
57676,19504-77-9,Variotin,185,1,1,1,1,0
57702,292618-32-7,Gimatecan,185,73,19,8,5,3
57673,184036-34-8,Sitaxentan,185,11,11,6,6,0
57774,5579-81-7,Isalon,185,2,2,1,1,0
22704,14556-46-8,Bupranolol,185,4,4,3,3,0
22646,2179-37-5,Bencyclane,185,9,9,7,7,0
57618,1081-50-1,Isoniazid pyruvate,185,2,2,2,2,0
57695,23779-99-9,Floctafenine,185,21,1,6,1,5
57748,467-85-6,Normethadone,185,6,6,4,4,0
57853,91618-36-9,Ibafloxacine,185,0,0,0,0,0
57746,4378-36-3,Fenbutrazate,185,12,3,4,1,3
23620,80-74-0,Sulfisoxazole acetal,185,1,1,1,1,0
57819,74517-78-5,Indecainide,185,4,4,2,2,0
57648,151287-22-8,Tobicillin,185,3,3,2,2,0
57750,485-89-2,Oxycinchophen,185,15,1,5,1,4
57719,331741-94-7,Muraglitazar,185,12,2,5,2,3
57713,31431-43-3,Cyclobendazole,185,20,0,6,0,6
42517,557-09-5,Zinc dioctanoate,185,2,2,2,2,0
57603,NOCAS_57603,R-Lotrafiban,185,0,0,0,0,0
22854,24166-13-0,Cloxazolam,185,7,7,2,2,0
57628,119-48-2,Dimorpholamine,185,16,1,5,1,4
23505,7681-14-3,Prednisolone tebutate,185,27,6,5,4,1
57837,81632-85-1,"Sodium 3, 4-dimethylphenyl-glyoxylate",185,1,1,1,1,0
57638,133-58-4,Nitromersol,185,118,17,11,6,5
57851,90-86-8,Cinnamedrine,185,11,4,5,2,3
23221,31036-80-3,Lofexidine,185,9,9,4,4,0
57604,20701-77-3,Aminopentamide sulfate,185,3,3,2,2,0
57703,29608-49-9,Almitrine dimethanesulfonate,185,11,11,6,6,0
57613,10539-19-2,Moxaverine,185,23,2,7,2,5
57611,103775-14-0,Moexiprilat,185,2,2,1,1,0
57635,13912-80-6,Nicoboxil,185,4,4,1,1,0
57634,131-67-9,Phthalofyne,185,0,0,0,0,0
57770,54400-59-8,Butamisole,185,2,2,1,1,0
57726,3738-06-5,Phenylacetylglycine dimethylamide,185,0,0,0,0,0
57758,50838-36-3,Tolciclate,185,14,14,5,5,0
20976,126-85-2,Nitrogen mustard N-oxide,185,1,1,1,1,0
22981,38957-41-4,Emorfazone,185,1,1,1,1,0
23239,64-55-1,Mebutamate,185,0,0,0,0,0
48658,61941-56-8,Amfenac sodium,156,3,3,2,2,0
22766,87239-81-4,Cefpodoxime proxetil,156,11,11,4,4,0
48677,24729-96-2,Clindamycin phosphate,156,0,0,0,0,0
48449,835-31-4,Naphazoline,156,0,0,0,0,0
49070,23694-17-9,Sultopride hydrochloride,156,2,2,1,1,0
48950,58546-54-6,Gomisin A,156,7,0,1,0,1
48736,119-41-5,Efloxate,156,4,4,1,1,0
44288,483-20-5,"5,5'-Indigotindisulfonic acid",156,1,1,1,1,0
48711,1811-31-0,N-Acetylgalactosamine,156,0,0,0,0,0
37577,113507-06-5,Moxidectin,156,67,1,5,1,4
48645,117091-64-2,Etoposide phosphate,156,39,10,5,3,2
48646,22199-08-2,Sulfadiazine silver,156,5,5,2,2,0
48665,55077-30-0,Aclatonium napadisilate,156,1,1,1,1,0
49053,152-53-4,Cycloguanil hydrochloride,93,14,3,4,1,3
48958,69004-04-2,Toltrazuril sulfone,93,12,12,4,4,0
48742,6559-91-7,4'-Demethylepipodophyllotoxin,93,13,7,5,3,2
48715,17692-43-2,Picodralazine,93,4,4,4,4,0
48688,898128-45-5,2-[(4-Chloro-3-methylphenyl)amino]benzoic acid,93,21,21,6,6,0
48675,6893-26-1,D-Glutamic acid,78,0,0,0,0,0
48689,25447-66-9,Dihydroergocryptine,78,6,1,2,1,1
48678,5794-24-1,D-Asparagine hydrate,78,3,3,1,1,0
49074,59917-39-4,Vindesine sulfate salt,78,16,6,6,2,4
49077,71109-09-6,Quadrisol,78,1,1,1,1,0
49079,7722-44-3,Colistin A,78,0,0,0,0,0
48291,386-17-4,Iodophthalein,78,22,0,6,0,6
45033,10118-90-8,Minocycline,78,4,4,2,2,0
49062,1050-79-9,Moperone,78,4,4,1,1,0
48634,5611-51-8,Triamcinolone hexacetonide,78,4,4,3,3,0
48654,104757-53-1,Barnidipine hydrochloride,78,13,0,3,0,3
23478,52212-02-9,Pipecuronium bromide,78,0,0,0,0,0
22555,87848-99-5,Acrivastine,78,0,0,0,0,0
49063,192927-63-2,Moxifloxacin hydrochloride monohydrate,78,3,3,1,1,0
41074,1405-10-3,Neomycin sulfate,78,0,0,0,0,0
23673,57648-21-2,Timiperone,78,8,8,3,3,0
49071,120373-24-2,Unoprostone isopropyl ester,78,30,3,6,1,5
49072,375815-87-5,Varenicline tartrate,78,0,0,0,0,0
22692,57801-81-7,Brotizolam,78,9,9,4,4,0
49054,50357-61-4,Dibromopropamidine dihydrochloride,78,10,10,4,4,0
49056,158930-17-7,Frovatriptan Succinate monohydrate,78,0,0,0,0,0
49057,107007-99-8,Granisetron hydrochloride,78,1,1,1,1,0
49058,39800-16-3,4-Hydroperoxy cyclophosphamide,78,2,2,1,1,0
49061,78649-41-9,Iomeprol,78,0,0,0,0,0
23571,89365-50-4,Salmeterol,78,15,3,3,1,2
41046,78919-13-8,Iloprost,78,2,2,2,2,0
49043,154229-18-2,Abiraterone acetate,78,6,6,3,3,0
22902,55541-30-5,Dexamethasone dipropionate,78,13,13,5,5,0
37207,2156-56-1,Sodium dichloroacetate,341,0,0,0,0,0
49023,331753-56-1,Potassium antimony(III) tartrate hydrate,78,14,0,4,0,4
49024,5982-97-8,1-(2-Ethylcrotonoyl)urea,78,1,1,1,1,0
49025,11052-19-0,"Glycyrrhizic acid, monosodium salt",78,1,1,1,1,0
49026,500-42-5,Chlorazanil,78,1,1,1,1,0
49027,90-22-2,Diethylmethyl(2-3-methyl-2-phenylvaleryloxy)-ethyl)ammonium bromide,78,3,3,1,1,0
49028,104-29-0,Chlorphenesin,78,0,0,0,0,0
49029,60325-46-4,Sulprostone,78,0,0,0,0,0
49030,6035-47-8,Hydroxymethanesulfinic acid monosodium salt dihydrate,78,1,1,1,1,0
49031,54-28-4,(+)-gamma-Tocopherol,78,0,0,0,0,0
49033,87440-45-7,Taprostene sodium salt,78,2,2,2,2,0
49019,466-97-7,Normorphine,78,1,1,1,1,0
40688,1400-61-9,Nystatin,78,0,0,0,0,0
49020,26982-21-8,Poly-L-ornithine hydrochloride,78,0,0,0,0,0
49013,208992-74-9,Fiduxosin hydrochloride,78,23,1,3,1,2
49016,101526-62-9,Sematilide monohydrochloride,78,0,0,0,0,0
23303,2375-03-3,Methylprednisolone sodium succinate,78,7,7,4,4,0
49017,6292-91-7,Tenamfetamine hydrochloride,78,0,0,0,0,0
49008,83519-04-4,Ilmofosine,78,3,3,2,2,0
49009,74381-53-6,Leuprolide acetate,78,0,0,0,0,0
49010,23465-76-1,Caroverine,78,5,5,2,2,0
49011,7313-87-3,(+)-Cyclazocine,78,0,0,0,0,0
49012,1927-06-6,Choline bromide,78,0,0,0,0,0
48995,33564-30-6,Cefoxitin sodium salt,78,0,0,0,0,0
48996,521-35-7,Cannabinol,78,41,2,7,1,6
22751,42540-40-9,Cefamandole nafate,78,0,0,0,0,0
48997,143-98-6,Dextrorphan tartrate,78,1,1,1,1,0
49000,1088-11-5,Desmethyldiazepam,78,5,5,2,2,0
49001,53581-53-6,Brolamfetamine hydrobromide,78,6,0,2,0,2
22993,1264-62-6,Erythromycin ethylsuccinate,78,0,0,0,0,0
49004,66794-74-9,Encainide hydrochloride,78,2,0,1,0,1
49005,2002-29-1,Flumethasone pivalate,78,10,10,4,4,0
27513,3039-83-6,Sodium ethenesulfonate,341,0,0,0,0,0
48990,14586-35-7,Cholin acetate,78,0,0,0,0,0
48991,90779-69-4,Atosiban,78,0,0,0,0,0
48993,69648-38-0,(R)-Butaprost,78,14,1,4,1,3
48986,39377-38-3,Sodium aurothiomalate hydrate,78,0,0,0,0,0
48987,87-28-5,2-Hydroxyethyl salicylate,78,1,1,1,1,0
48976,7424-09-1,Mannuronic acid lactone,78,1,1,1,1,0
48977,133305-88-1,Eprinomectin B1a,78,38,3,7,1,6
48979,207671-44-1,Quinine hemisulfate salt monohydrate,78,6,6,3,3,0
48980,1173-88-2,Oxacillin sodium salt,78,0,0,0,0,0
48982,117704-25-3,Doramectin,78,30,0,6,0,6
48984,130-85-8,Pamoic acid,78,6,6,4,4,0
48985,3758-34-7,17beta-Estradiol 17-propionate,78,24,10,5,3,2
48968,7082-21-5,Terodiline hydrochloride,78,4,4,2,2,0
48969,863-61-6,Menatetrenone,78,7,7,4,4,0
23436,53910-25-1,Pentostatin,78,1,1,0,0,0
43988,111011-63-3,Efonidipine,78,11,11,4,4,0
48970,37517-26-3,Pipothiazine palmitate,78,2,2,1,1,0
48971,123663-49-0,Iguratimod,78,0,0,0,0,0
48972,27025-41-8,Oxiglutatione,78,9,9,4,4,0
48973,521-11-9,Mestanolone,78,10,10,3,3,0
48962,58409-70-4,"1,3-Dihydroxypropan-2-yl dihydrogen phosphate calcium salt",78,0,0,0,0,0
48963,1109-28-0,Maltotriose,78,4,4,2,2,0
48964,2920-86-7,Prednisolone 21-hemisuccinate,78,5,5,2,2,0
48966,54182-58-0,Sucrose octasulfate-aluminum complex,78,0,0,0,0,0
22752,51627-14-6,Cefatrizine,78,0,0,0,0,0
48259,16679-58-6,Desmopressin,78,0,0,0,0,0
48955,25122-41-2,Clobetasol,78,11,11,4,4,0
48956,62013-04-1,Dirithromycin,78,0,0,0,0,0
22624,55779-06-1,Astromicin,78,1,1,1,1,0
44272,94841-17-5,Spirapril hydrochloride,78,0,0,0,0,0
48942,1778-02-5,3beta-Acetoxy-5-pregnene-20-one,78,4,4,2,2,0
44024,391210-10-9,PD 0325901,78,1,1,1,1,0
48946,157716-52-4,Perifosine,78,1,1,1,1,0
48949,376348-65-1,Maraviroc,78,0,0,0,0,0
23381,51-98-9,Norethindrone acetate,78,17,17,5,5,0
48952,14636-12-5,Terlipressin,78,0,0,0,0,0
48953,52205-73-9,Estramustine phosphate sodium,78,16,16,4,4,0
48857,103639-04-9,Ondansetron hydrochloride dihydrate,78,0,0,0,0,0
23005,7280-37-7,Estropipate,78,4,4,3,3,0
31428,8067-24-1,Dihydroergotoxine mesylate,78,8,1,2,0,2
48862,7492-31-1,Isometheptene mucate,78,0,0,0,0,0
22672,5593-20-4,Betamethasone dipropionate,78,14,14,6,6,0
48832,63845-42-1,Indalpine hydrochloride,78,6,6,3,3,0
48824,13522-19-5,"(2beta,3alpha,5alpha,16beta,17beta)-3-Acetoxy-2,16-di(1-piperidinyl)androstan-17-yl propionate",78,4,4,1,1,0
48813,143343-83-3,Toborinone,78,0,0,0,0,0
48816,14838-45-0,Perisoxal citrate,78,1,1,1,1,0
48772,19881-18-6,Nitroscanate,78,29,3,7,2,5
48775,106134-33-2,Ro 22-9194,78,2,2,2,2,0
48779,180064-38-4,Minodronic acid,78,0,0,0,0,0
48784,243120-89-0,"Diethyl 2,2'-(hexane-1,6-diylbis{6'-[(2,3,4,6-tetra-O-acetyl-a-D-mannopyranosyl)oxy]biphenyl-3',3-diyl})diacetate",78,0,0,0,0,0
48764,218600-53-4,Bardoxolone methyl,78,44,4,7,2,5
48765,337-03-1,Flugestone,78,6,6,3,3,0
48766,35440-53-0,Sodium decanehydroxamate,78,2,2,2,2,0
48767,NOCAS_48767,Phentoloxamine PAS,78,5,5,2,2,0
48768,902261-63-6,"5-(Piperidin-1-ylmethyl)-3,7-dihydro-4H-pyrrolo[2,3-d]pyrimidin-4-one",78,0,0,0,0,0
48769,620-99-5,Phenacaine hydrochloride,78,3,3,1,1,0
48771,88598-74-7,Levomequitazine,78,2,2,2,2,0
48751,17506-66-0,Oxypertine hydrochloride,78,5,5,2,2,0
48752,907169-79-3,"3,7-Bis(3,4-dimethoxyphenyl)tetrahydro-1H,5H-[1,2,4]triazolo[1,2-a][1,2,4]triazole-1,5-dithione",78,14,3,5,1,4
48753,317-52-2,Hexafluorenium dibromide,78,3,3,1,1,0
48754,116-49-4,Amoebicon,78,0,0,0,0,0
48755,8015-61-0,Aloin,78,4,2,2,1,1
23623,144-75-2,Adesulfone sodium,78,0,0,0,0,0
48697,7047-84-9,Aluminum monostearate,78,1,1,1,1,0
48756,18559-59-6,Trimethoquinol,78,0,0,0,0,0
48757,35941-71-0,Tiaramide hydrochloride,78,0,0,0,0,0
48758,1977-11-3,Perlapine,78,4,4,2,2,0
48759,24600-36-0,Fominoben hydrochloride,78,4,4,2,2,0
23123,115-63-9,Hexocyclium metilsulfate,78,0,0,0,0,0
48760,132-35-4,Proxazole citrate,78,3,3,1,1,0
48761,85468-01-5,Gusperimus trihydrochloride,78,3,3,1,1,0
48762,5982-61-6,Ethoheptazine hydrochloride,78,0,0,0,0,0
48763,759437-26-8,Ubistatin A,78,3,3,2,2,0
23185,4696-76-8,Kanamycin B,78,0,0,0,0,0
48743,117467-28-4,Cefditorin pivoxil,78,0,0,0,0,0
48169,129300-27-2,Fabesetron,78,9,0,4,0,4
23076,7456-24-8,Fonazine,78,6,0,2,0,2
48747,33643-49-1,(+)-Ketamine,78,0,0,0,0,0
47810,33643-46-8,Esketamine,78,0,0,0,0,0
48748,114-85-2,Bethanidine sulfate (2:1),78,0,0,0,0,0
48749,655-35-6,Chromonar hydrochloride,78,0,0,0,0,0
48750,32784-82-0,Improsulfan tosylate,78,0,0,0,0,0
40395,75899-68-2,(2E)-4-Hydroxy-2-nonenal,78,0,0,0,0,0
48738,36587-93-6,"1,1'-Tetramethylenediguanidine sulfate",78,4,4,3,3,0
48741,372965-00-9,"1,1-Diethyl-2-hydroxy-2-nitrosohydrazine diethylamine",78,0,0,0,0,0
48310,69-81-8,Carbazochrome,78,3,0,1,0,1
48729,58367-01-4,DL-Glucose,78,0,0,0,0,0
48730,5534-09-8,Beclazone,78,14,14,6,6,0
48731,54646-38-7,Dithiazanine chloride,78,33,6,6,2,4
48734,25507-04-4,Clindamycin palmitate hydrochloride,78,0,0,0,0,0
22768,51762-05-1,Cefroxadine,78,0,0,0,0,0
48726,98418-47-4,Metoprolol succinate,78,6,6,3,3,0
48718,121961-22-6,Loracarbef monohydrate,78,3,3,2,2,0
48719,1255-35-2,Fluprednidene acetate,78,6,6,3,3,0
48720,125-65-5,Pleuromutilin,78,3,3,1,1,0
23422,1597-82-6,Paramethasone acetate,78,7,7,4,4,0
23734,2430-27-5,Valpromide,78,0,0,0,0,0
48723,36304-84-4,Dimemorfan phosphate,78,3,3,1,1,0
48724,51146-56-6,Dexibuprofen,78,0,0,0,0,0
48709,19455-21-1,Potassium pentanoate,78,0,0,0,0,0
23000,113-38-2,Estradiol dipropionate,78,17,11,5,3,2
48681,17316-67-5,Butafosfan,78,0,0,0,0,0
48712,1255-49-8,Testosterone phenylpropionate,78,13,13,4,4,0
23197,17575-21-2,Lanatoside B,78,22,2,4,1,3
23584,474-40-8,Citrostadienol,78,0,0,0,0,0
48714,83275-56-3,Tiracizine,78,5,5,2,2,0
40547,130-37-0,Menadione sodium bisulfite,78,26,1,7,1,6
22875,60-23-1,Cysteamine,78,2,2,1,1,0
48682,83150-76-9,Octreotide,78,0,0,0,0,0
48699,530-43-8,Chloramphenicol palmitate,78,4,4,3,3,0
48700,633-03-4,Brilliant Green,78,42,11,7,5,2
48701,4261-68-1,N-(2-chloroethyl)-N-(propan-2-yl)propan-2-amine hydrochloride,78,1,1,1,1,0
48702,NOCAS_48702,Diisopropylaminomethyl-polystyrene,78,3,3,1,1,0
48703,35418-55-4,"(7S)-7-(Hexadecanoyloxy)-4-hydroxy-N,N,N-trimethyl-10-oxo-3,5,9-trioxa-4-phosphapentacosan-1-aminium 4-oxide",78,0,0,0,0,0
48705,35531-88-5,Carbenicillin indanyl,78,1,1,1,1,0
44014,87-00-3,dl-Homatropine,78,0,0,0,0,0
48707,144-67-2,Physalien,78,2,2,2,2,0
48708,2898-12-6,Medazepam,78,16,16,6,6,0
48683,1142337-10-7,"Eprinomectin (B1a, B1b mixture)",78,37,3,6,1,5
23526,101-40-6,(+/-) Propylhexedrine,78,1,1,1,1,0
23084,804-30-8,Fursultiamine,78,6,6,4,4,0
48633,42864-78-8,Bevantolol hydrochloride,78,4,4,2,2,0
34214,54573-75-0,1-Hydroxyvitamin D2,78,22,0,5,0,5
48663,10040-45-6,Picosulfate sodium,78,0,0,0,0,0
48643,119169-78-7,Epristeride,78,4,4,2,2,0
43734,113852-37-2,Cidofovir,78,2,2,2,2,0
48687,37132-72-2,Fotretamine,78,6,6,3,3,0
48648,103909-75-7,Maxacalcitol,78,13,13,3,3,0
48652,122647-32-9,Ibutilide fumarate,78,4,4,2,2,0
48641,83105-70-8,Sultamicillin tosylate,78,5,5,2,2,0
48639,136790-76-6,"(11alpha)-16,16-Difluoro-11-hydroxy-9,15-dioxoprostan-1-oic acid",78,0,0,0,0,0
48664,3836-23-5,Noristerat,78,26,11,5,4,1
22671,5534-02-1,Betamethasone butyrate propionate,78,12,12,5,5,0
23001,4956-37-0,Estradiol enanthate,78,12,12,3,3,0
48667,4891-15-0,Estramustine phosphate,78,17,17,4,4,0
48668,9004-38-0,Cellulose acetate phthalate,78,0,0,0,0,0
26881,111-60-4,2-Hydroxyethyl octadecanoate,78,1,1,1,1,0
48349,113-79-1,Vasopressin tannate,78,0,0,0,0,0
21462,136-23-2,Zinc dibutyldithiocarbamate,341,132,3,10,3,7
48670,198470-85-8,Parecoxib sodium,78,1,1,1,1,0
22796,1961-77-9,Chlormadinone,78,20,20,5,5,0
48640,131918-61-1,Paricalcitol,78,7,1,4,1,3
20659,56-86-0,L-Glutamic acid,78,0,0,0,0,0
26107,17831-71-9,Tetraethylene glycol diacrylate,526,192,22,8,5,3
20624,14484-64-1,Ferbam,278,123,57,11,8,3
49283,362043-46-7,1-Decyl-3-methylimidazolium hexafluorophosphate,278,84,29,10,5,5
49219,145022-45-3,1-Ethyl-3-methylimidazolium methanesulfonate,278,4,4,3,3,0
49238,1906-79-2,1-Ethylpyridinium bromide,278,68,19,7,5,2
49430,84-79-7,Lapachol,278,87,37,8,5,3
33539,39025-23-5,Z-Guggulsterone,275,45,14,6,6,0
22160,1689-82-3,4-Hydroxyazobenzene,275,93,8,10,4,6
49539,NOCAS_49539,NTP Mix84 ER AR1 18-EQP,263,23,23,6,6,0
26633,98-94-2,"N,N-Dimethylcyclohexylamine",263,2,2,1,1,0
26796,108-65-6,1-Methoxy-2-propyl acetate,263,5,5,4,4,0
25117,624-92-0,Methyl disulfide,263,10,0,4,0,4
20315,76-06-2,Trichloronitromethane,263,2,2,1,1,0
26612,97-85-8,Isobutyl isobutyrate,263,7,7,3,3,0
20279,563-47-3,3-Chloro-2-methylpropene,526,0,0,0,0,0
26157,91-08-7,"Toluene-2,6-diisocyanate",263,5,5,2,2,0
27223,590-01-2,Butyl propionate,263,5,5,3,3,0
26837,110-19-0,Isobutyl acetate,263,0,0,0,0,0
21601,116-16-5,"1,1,1,3,3,3-Hexachloro-2-propanone",263,2,2,1,1,0
26894,111-88-6,1-Octanethiol,263,1,1,1,1,0
21198,318-98-9,Propranolol hydrochloride,526,49,4,7,1,6
21901,109-60-4,Propyl acetate,263,0,0,0,0,0
29234,2436-90-0,Dihydromyrcene,263,1,1,1,1,0
25185,142-84-7,Dipropylamine,263,1,1,1,1,0
27740,12645-31-7,2-Ethylhexyl acid phosphate,263,37,1,6,1,5
26025,7775-09-9,Sodium chlorate,263,0,0,0,0,0
21761,78-90-0,"1,2-Diaminopropane",263,2,2,1,1,0
33511,7789-21-1,Fluorosulfonic acid,263,0,0,0,0,0
21496,590-17-0,Bromoacetonitrile,263,1,1,1,1,0
26516,85-43-8,Tetrahydrophthalic anhydride,263,3,3,3,3,0
20432,91-94-1,"3,3'-Dichlorobenzidine",263,86,12,11,6,5
44533,13029-08-8,"2,2'-Dichlorobiphenyl",263,40,4,9,4,5
23883,12674-11-2,Aroclor 1016,263,20,2,6,2,4
24724,111-64-8,Caprylyl chloride,263,2,2,2,2,0
24667,2425-79-8,"1,4-Butanediol diglycidyl ether",263,11,11,4,4,0
23930,75-62-7,Bromotrichloromethane,526,1,1,1,1,0
27925,27193-28-8,"(1,1,3,3-Tetramethylbutyl)phenol",263,143,10,11,3,8
21334,509-14-8,Tetranitromethane,526,11,11,4,4,0
26701,104-15-4,4-Methylbenzenesulfonic acid,263,7,7,4,4,0
47974,61445-50-9,"2,3',4,4'-Tetrahydroxybenzophenone",263,72,19,10,8,2
20750,542-56-3,Isobutyl nitrite,526,2,2,1,1,0
26849,110-64-5,"2-Butene-1,4-diol",263,4,4,3,3,0
49554,NOCAS_49554,NTP Mix24 AR2 2-EQP,263,31,11,7,3,4
49556,NOCAS_49556,NTP Mix26 AR2 2-EQP,263,28,7,7,1,6
25086,693-13-0,Diisopropylcarbodiimide,263,1,1,1,1,0
26882,111-65-9,Octane,263,1,1,1,1,0
20982,504-88-1,3-Nitropropionic acid,526,23,2,6,1,5
49557,NOCAS_49557,NTP Mix27 AR2 2-EQP,263,26,8,5,3,2
25926,3160-37-0,Piperonal acetone,263,59,13,8,4,4
25071,26780-96-1,"1,2-Dihydro-2,2,4-trimethylquinoline, polymer",263,14,14,5,5,0
24501,130-17-6,2-(4-Aminophenyl)-6-methylbenzothiazole sulfonic acid,263,47,47,7,7,0
32180,35065-27-1,"2,2',4,4',5,5'-Hexachlorobiphenyl",263,4,4,2,2,0
25074,89-86-1,"2,4-Dihydroxybenzoic acid",263,1,1,1,1,0
20847,129-15-7,2-Methyl-1-nitroanthraquinone,263,43,4,8,4,4
25879,16323-43-6,"3,3'-(p-Phenylene)diacrylic acid",263,3,3,2,2,0
20484,91-93-0,"3,3'-Dimethoxybenzidine-4,4'-diisocyanate",263,3,3,3,3,0
27249,619-66-9,4-Carboxybenzaldehyde,263,2,2,2,2,0
20009,75-05-8,Acetonitrile,263,4,4,1,1,0
24534,1393-63-1,Annatto,263,4,4,3,3,0
24559,532-82-1,C.I. Basic Orange 2,263,71,14,9,5,4
39242,71-43-2,Benzene,263,0,0,0,0,0
24616,12083-48-6,Vanadocene dichloride,263,46,5,7,4,3
33264,13319-75-0,Boron trifluoride dihydrate,263,1,1,1,1,0
24740,8024-48-4,Casanthrol,263,3,3,3,3,0
24786,327-97-9,Chlorogenic acid,263,3,3,3,3,0
33326,NOCAS_33326,Chlorowax 500C,263,14,14,6,6,0
20327,1066-30-4,Chromium triacetate,263,24,3,6,3,3
24832,481-74-3,Chrysophanic acid,263,21,5,6,4,2
24840,1277-43-6,Cobaltocene,263,6,6,4,4,0
21827,98-82-8,Cumene,263,8,8,4,4,0
24906,8003-22-3,D & C Yellow 11,263,37,17,8,8,0
21909,109-89-7,Diethylamine,263,4,4,3,3,0
25203,992-59-6,C.I. Direct Red 2,263,48,12,9,4,5
25215,3648-20-2,Diundecyl phthalate,263,0,0,0,0,0
20584,64-17-5,Ethanol,263,0,0,0,0,0
20583,140-88-5,Ethyl acrylate,263,0,0,0,0,0
25326,102-54-5,Ferrocene,263,0,0,0,0,0
31366,90045-36-6,Ginkgo biloba extract,263,5,5,5,5,0
49558,NOCAS_49558,NTP Mix32 AR2 7-EQP,263,18,18,4,4,0
25600,7220-79-3,Methylene Blue trihydrate,263,99,37,10,8,2
20868,75-09-2,Dichloromethane,263,0,0,0,0,0
25709,1271-28-9,Nickelocene,263,15,15,4,4,0
26563,93-83-4,Oleic acid diethanolamide,263,68,13,7,6,1
33863,105-06-6,"1,4-Divinylbenzene",263,1,1,1,1,0
33896,10026-13-8,Phosphorus pentachloride,263,27,0,5,0,5
25934,25703-79-1,Poly(2-hydroxypropyl methacrylate),263,3,3,2,2,0
25963,13889-92-4,S-(Propyl) chlorothioformate,263,1,1,1,1,0
23837,7789-38-0,Sodium bromate,263,5,5,2,2,0
33979,361-09-1,Sodium cholate,263,0,0,0,0,0
26040,11099-03-9,C.I. Solvent Black 5,263,160,33,12,6,6
26054,8046-19-3,Styrax balsam,263,14,14,6,6,0
32129,21850-44-2,"Tetrabromobisphenol A-bis(2,3-dibromopropyl ether)",263,1,1,1,1,0
49559,NOCAS_49559,NTP Mix28 AR2 3-EQP,263,15,15,4,4,0
21354,1271-19-8,Titanocene dichloride,263,6,6,5,5,0
34102,500-62-9,Yangonin,263,21,5,6,3,3
28306,67701-03-5,"Fatty acids, C16-18",263,0,0,0,0,0
21890,108-20-3,Isopropyl ether,263,0,0,0,0,0
26494,80-10-4,Dichlorodiphenylsilane,263,10,10,4,4,0
26535,89-08-7,4-Sulfophthalic acid,263,7,0,2,0,2
27851,25167-70-8,"2,4,4-Trimethylpentene",263,2,2,2,2,0
26901,112-02-7,Hexadecyl trimethyl ammonium chloride,263,106,6,11,3,8
26981,121-60-8,4-(Acetylamino)benzenesulfonyl chloride,263,2,2,2,2,0
27097,142-72-3,Magnesium acetate,263,4,4,4,4,0
27321,825-90-1,Sodium 4-hydroxybenzenesulfonate,263,0,0,0,0,0
27462,2235-54-3,Ammonium dodecyl sulfate,263,50,0,8,0,8
27486,2524-03-0,Dimethyl chlorothiophosphate,263,9,9,4,4,0
27534,3327-22-8,(3-Chloro-2-hydroxypropyl)trimethylammonium chloride,263,0,0,0,0,0
27586,5039-78-1,(2-(Methacryloyloxy)ethyl)trimethylammonium chloride,263,16,4,5,3,2
27591,5165-97-9,2-Acrylamido-2-methylpropanesulphonate sodium salt,263,6,6,3,3,0
27600,5460-09-3,"4-Amino-5-hydroxy-2,7-naphthalenedisulfonic acid monosodium salt",263,20,0,7,0,7
27647,7351-61-3,3-(Trichlorosilyl)propyl methacrylate,263,5,5,2,2,0
28016,44992-01-0,2-(Dimethylamino)ethyl acrylate methochloride,263,6,6,3,3,0
28028,52556-42-0,Sodium 3-(allyloxy)-2-hydroxypropanesulphonate,263,2,2,2,2,0
28460,68391-01-5,Benzyl-C12-18-alkyldimethylammonium chlorides,263,150,14,12,6,6
29108,75-59-2,Tetramethylammonium hydroxide,263,2,2,2,2,0
29184,515-74-2,Sodium sulfanilate,263,2,2,2,2,0
29240,2768-02-7,Vinyltrimethoxysilane,263,1,1,1,1,0
29277,6258-06-6,Bromamine acid sodium salt,263,10,2,3,1,2
29327,25327-89-3,Tetrabromobisphenol A diallyl ether,263,4,4,3,3,0
29362,40372-72-3,"4,4,15,15-Tetraethoxy-3,16-dioxa-8,9,10,11-tetrathia-4,15-disilaoctadecane",263,35,3,5,1,4
29608,109-53-5,Vinyl isobutyl ether,263,7,2,3,2,1
29688,7720-78-7,Iron(II) sulfate,263,2,2,2,2,0
29739,16872-11-0,Fluoboric acid,263,2,2,2,2,0
39235,81-49-2,"1-Amino-2,4-dibromoanthraquinone",263,8,1,3,1,2
39240,28300-74-5,Antimony potassium tartrate trihydrate,263,57,11,6,5,1
20138,531-85-1,Benzidine dihydrochloride,263,15,15,6,6,0
20235,10043-52-4,Calcium chloride,263,2,2,2,2,0
20399,538-41-0,"4,4'-Diaminoazobenzene",263,33,5,6,3,3
20513,598-64-1,"Dimethyldithiocarbamic acid, dimethylamine",263,78,10,9,6,3
49560,NOCAS_49560,NTP Mix29 AR2 5-EQP,263,28,12,7,4,3
20680,1121-92-2,Heptamethyleneimine,263,1,1,1,1,0
20928,10101-97-0,Nickel(II) sulfate hexahydrate,263,4,4,1,1,0
20937,7631-99-4,Sodium nitrate,263,0,0,0,0,0
21174,59536-65-1,Polybrominated biphenyls (PBB),263,11,11,6,6,0
21264,7446-08-4,Selenium dioxide,263,54,12,6,4,2
21312,7411-49-6,"3,3',4,4'-Tetraaminobiphenyl tetrahydrochloride",263,68,8,11,5,6
21351,7772-99-8,Stannous chloride,263,2,2,1,1,0
21408,900-95-8,Triphenyltin acetate,263,176,25,12,5,7
23550,84449-90-1,Raloxifene,263,141,32,11,9,2
49285,367522-96-1,1-Butyl-1-methylpyrrolidinium trifluoromethanesulfonate,263,1,1,1,1,0
25581,24140-30-5,(+)-2-Methylbutyl-4-methoxybenzyladine-4'-aminocyannate,263,58,11,9,3,6
25237,3132-64-7,Epibromohydrin,263,1,1,1,1,0
22218,4655-34-9,Isopropyl methacrylate,263,0,0,0,0,0
23295,555-30-6,(-)-Methyldopa,263,8,8,3,3,0
26051,8052-41-3,Stoddard solvent,263,1,1,1,1,0
24448,2179-59-1,Allyl propyl disulfide,263,1,1,1,1,0
49351,701921-71-3,Trihexyltetradecylphosphonium dicyanamide,263,158,33,12,9,3
49304,460092-03-9,Trihexyltetradecylphosphonium bis(trifluoromethylsulfonyl)imide,263,58,12,9,8,1
49244,20445-94-7,Ethyltributylphosphonium diethylphosphate,263,14,3,5,2,3
49356,765910-73-4,"1-Butyl-2,3-dimethylimidazolium trifluoromethanesulfonate",263,4,4,3,3,0
49234,174899-83-3,1-Butyl-3-methylimidazolium bis(trifluoromethylsulfonyl)imide,263,9,9,6,6,0
49342,65039-05-6,1-Butyl-3-methylimidazolium iodide,263,6,6,3,3,0
49232,174899-66-2,1-Butyl-3-methylimidazolium trifluoromethanesulfonate,263,1,1,1,1,0
49282,359845-21-9,1-Butyl-3-methylimidazolium tetrachloroferrate (III),263,3,3,3,3,0
49231,174501-65-6,1-Butyl-3-methylimidazolium tetrafluoroborate,263,1,1,1,1,0
49237,188589-32-4,1-Decyl-3-methylimidazolium bromide,263,56,18,9,5,4
49228,171058-18-7,1-Decyl-3-methylimidazolium chloride,263,64,18,9,4,5
49561,NOCAS_49561,NTP Mix31 AR2 7-EQC,263,17,17,4,4,0
49227,169051-76-7,"1,2-Dimethyl-3-propylimidazolium bis(trifluoromethylsulfonyl)imide",263,2,2,2,2,0
49247,218151-78-1,"1,2-Dimethyl-3-propylimidazolium iodide",263,5,5,3,3,0
49352,70862-65-6,"1,3-Didecyl-2-methylimidazolium chloride",263,157,23,11,7,4
49333,61546-00-7,1-Dodecyl-3-methylimidazolium bromide,263,13,13,4,4,0
49253,244193-59-7,1-Dodecyl-3-methylimidazolium tetrafluoroborate,263,151,41,12,7,5
49299,404001-52-1,1-Dodecyl-3-methylimidazolium trifluoromethanesulfonate,263,153,44,12,7,5
49235,174899-90-2,"1-Ethyl-2,3-dimethylimidazolium bis(trifluoromethylsulfonyl)imide",263,2,2,2,2,0
49359,81995-09-7,1-Dodecyl-3-methylimidazolium iodide,263,118,32,10,5,5
49381,98892-76-3,"1-Ethyl-2,3-dimethylimidazolium bromide",263,0,0,0,0,0
49264,292140-86-4,"1-Ethyl-2,3-dimethylimidazolium hexafluorophosphate",263,2,2,2,2,0
49343,65039-08-9,1-Ethyl-3-methylmidazolium bromide,263,0,0,0,0,0
49266,307492-75-7,"1-Ethyl-2,3-dimethylimidazolium tetrafluoroborate",263,0,0,0,0,0
49233,174899-72-0,"1-Ethyl-2,3-dimethylimidazolium trifluoromethanesulfonate",263,1,1,1,1,0
49274,342573-75-5,1-Ethyl-3-methylimidazolium ethyl sulfate,263,1,1,1,1,0
49562,NOCAS_49562,NTP Mix30 AR2 7-EQP,263,17,17,5,5,0
49310,516474-01-4,1-Ethyl-3-methylimidazolium methyl sulfate,263,0,0,0,0,0
49300,412009-61-1,1-Ethyl-3-methylimidazolium hydrogen sulfate,263,0,0,0,0,0
49281,35935-34-3,1-Ethyl-3-methylimidazolium iodide,263,5,5,4,4,0
49218,143314-16-3,1-Ethyl-3-methylimidazolium tetrafluoroborate,263,0,0,0,0,0
49270,328090-25-1,1-Ethyl-3-methylimidazolium tosylate,263,0,0,0,0,0
49249,219947-95-2,1-Hexadecyl-3-methylimidazolium hexafluorophosphate,263,0,0,0,0,0
49254,244193-64-4,1-Hexadecyl-3-methylimidazolium tetrafluoroborate,263,163,22,11,7,4
49298,404001-50-9,1-Hexadecyl-3-methylimidazolium bis(trifluoromethylsulfonyl)imide,263,159,24,11,5,6
49290,382150-50-7,1-Hexyl-3-methylimidazolium bis(trifluoromethylsulfonyl)imide,263,44,5,8,3,5
49252,244193-50-8,1-Hexyl-3-methylimidazolium tetrafluoroborate,263,31,3,6,2,4
49286,374564-83-7,1-(2-Hydroxyethyl)-3-methylimidazolium tetrafluoroborate,263,0,0,0,0,0
49250,219947-96-3,1-Methyl-3-octadecylimidazolium hexafluorophosphate,263,123,17,10,5,5
49332,61545-99-1,1-Methyl-3-octylimidazolium bromide,263,57,2,8,2,6
49207,119171-18-5,1-Methyl-3-propylimidazolium iodide,263,3,3,1,1,0
49361,85100-76-1,1-Methyl-3-propylimidazolium bromide,263,0,0,0,0,0
49251,244193-48-4,1-Methyl-3-propylimidazolium tetrafluoroborate,263,1,1,1,1,0
49358,79917-89-8,1-Methyl-3-propylimidazolium chloride,263,0,0,0,0,0
49297,404001-49-6,1-Methyl-3-tetradecylimidazolium bis(trifluoromethylsulfonyl)imide,263,157,33,11,7,4
49246,216300-12-8,1-Methyl-3-propylimidazolium hexafluorophosphate,263,1,1,1,1,0
49229,171058-21-2,1-Methyl-3-tetradecylimidazolium chloride,263,151,32,12,7,5
49248,219947-94-1,1-Methyl-3-tetradecylimidazolium hexafluorophosphate,263,31,0,5,0,5
49338,623580-02-9,1-Butyl-1-methylpiperidinium bis(trifluoromethylsulfonyl)imide,263,1,1,1,1,0
49369,886439-34-5,1-Butyl-1-methylpiperidinium tetrafluoroborate,263,0,0,0,0,0
49378,94280-72-5,1-Butyl-1-methylpiperidinium bromide,263,7,0,2,0,2
49384,1357500-93-6,1-Butyl-1-methylpiperidinium trifluoromethanesulfonate,263,3,3,3,3,0
49385,1257647-66-7,1-Butyl-1-methylpiperidinium hexafluorophosphate,263,2,2,2,2,0
49329,608140-12-1,1-Methyl-1-propylpiperidinium bis(trifluoromethylsulfonyl)imide,263,3,3,2,2,0
49289,37971-78-1,1-Butyl-1-methylpiperidinium iodide,263,6,0,3,0,3
49370,88840-42-0,1-Methyl-1-propylpiperidinium bromide,263,0,0,0,0,0
49386,1426821-81-9,1-Methyl-1-propylpiperidinium hexafluorophosphate,263,5,0,1,0,1
49236,17874-63-4,1-Methyl-1-propylpiperidinium iodide,263,3,3,1,1,0
49367,879866-95-2,1-Methyl-1-propylpiperidinium tetrafluoroborate,263,4,4,3,3,0
49387,1221445-34-6,1-Methyl-1-propylpiperidinium trifluoromethanesulfonate,263,1,1,1,1,0
49258,26576-84-1,1-Butyl-2-methylpyridinium bromide,263,7,7,4,4,0
49263,286453-46-1,1-Butyl-2-methylpyridinium tetrafluoroborate,263,4,4,2,2,0
49204,112400-85-8,1-Butyl-2-methylpyridinium chloride,263,5,5,3,3,0
49388,1770850-20-8,1-Butyl-2-methylpyridinium trifluoromethanesulfonate,263,4,4,2,2,0
49389,1268986-44-2,1-Butyl-2-methylpyridinium hexafluorophosphate,263,5,5,3,3,0
49259,26576-85-2,1-Butyl-3-methylpyridinium bromide,263,4,4,3,3,0
49214,13311-31-4,1-Butyl-2-methylpyridinium iodide,263,7,7,4,4,0
49212,125652-55-3,1-Butyl-3-methylpyridinium chloride,263,4,4,3,3,0
49360,845835-03-2,1-Butyl-3-methylpyridinium hexafluorophosphate,263,3,3,2,2,0
49345,65350-59-6,1-Butyl-4-methylpyridinium bromide,263,7,7,5,5,0
49257,258273-67-5,1-Butyl-3-methylpyridinium iodide,263,7,7,4,4,0
49205,112400-86-9,1-Butyl-4-methylpyridinium chloride,263,125,8,11,4,7
49325,597581-48-1,1-Butyl-3-methylpyridinium tetrafluoroborate,263,5,5,3,3,0
49296,401788-99-6,1-Butyl-4-methylpyridinium hexafluorophosphate,263,29,4,9,4,5
49363,857841-32-8,1-Butyl-3-methylpyridinium trifluoromethanesulfonate,263,2,2,2,2,0
49267,32353-64-3,1-Butyl-4-methylpyridinium iodide,263,11,11,5,5,0
49275,343952-33-0,1-Butyl-4-methylpyridinium tetrafluoroborate,263,3,3,2,2,0
49368,882172-79-4,1-Butyl-4-methylpyridinium trifluoromethanesulfonate,263,0,0,0,0,0
49366,874-81-7,1-Butylpyridinium iodide,263,1,1,1,1,0
49241,203389-28-0,1-Butylpyridinium tetrafluoroborate,263,1,1,1,1,0
49292,390423-43-5,1-Butylpyridinium trifluoromethanesulfonate,263,2,2,1,1,0
21381,71-55-6,"1,1,1-Trichloroethane",263,0,0,0,0,0
49291,3878-80-6,1-Ethylpyridinium trifluoromethanesulfonate,263,0,0,0,0,0
49364,872-90-2,1-Ethylpyridinium iodide,263,5,5,3,3,0
49279,350-48-1,1-Ethylpyridinium tetrafluoroborate,263,0,0,0,0,0
49353,7324-00-7,1-Hexylpyridinium iodide,263,20,0,5,0,5
49305,474368-70-2,1-Hexylpyridinium tetrafluoroborate,263,0,0,0,0,0
49335,623167-81-7,1-Hexylpyridinium trifluoromethanesulfonate,263,28,3,6,1,5
49375,93457-69-3,1-Butyl-1-methylpyrrolidinium bromide,263,1,1,1,1,0
49276,345984-11-4,1-Butyl-1-methylpyrrolidinium tetrafluoroborate,263,1,1,1,1,0
49206,117947-85-0,1-Ethyl-1-methylpyrrolidinium tetrafluoroborate,263,4,4,3,3,0
49347,69227-51-6,1-Ethyl-1-methylpyrrolidinium bromide,263,0,0,0,0,0
49372,893443-18-0,1-Ethyl-1-methylpyrrolidinium trifluoromethanesulfonate,263,2,2,2,2,0
49328,608140-09-6,1-Methyl-1-propylpyrrolidinium bromide,263,0,0,0,0,0
49314,528818-82-8,1-Methyl-1-propylpyrrolidinium chloride,263,0,0,0,0,0
49269,327022-58-2,1-Methyl-1-propylpyrrolidinium hexfluorophosphate,263,0,0,0,0,0
49320,56511-19-4,1-Methyl-1-propylpyrrolidinium iodide,263,3,3,1,1,0
49390,1224852-54-3,1-Methyl-1-propylpyrrolidinium trifluoromethanesulfonate,263,0,0,0,0,0
49391,817629-57-5,Tributyltetradecylphosphonium dodecylbenzenesulfonate,263,145,29,12,8,4
49392,100-11-8,4-Nitrobenzylbromide,263,4,4,3,3,0
49200,10022-31-8,Barium nitrate,263,4,4,2,2,0
49393,101-85-9,alpha-Amylcinnamyl alcohol,263,30,2,10,1,9
21902,109-64-8,"1,3-Dibromopropane",263,2,2,2,2,0
49203,110-53-2,1-Bromopentane,263,5,0,1,0,1
49395,111-24-0,"1,5-Dibromopentane",263,0,0,0,0,0
21929,111-25-1,1-Bromohexane,263,0,0,0,0,0
49396,1118-71-4,Dipivaloylmethane,263,0,0,0,0,0
38725,112-71-0,1-Bromotetradecane,263,0,0,0,0,0
49397,112-82-3,1-Bromohexadecane,263,1,1,1,1,0
49398,116-26-7,Safranal,263,1,1,1,1,0
49399,120-29-6,Tropine,263,1,1,1,1,0
25889,100-65-2,N-Phenylhydroxylamine,263,12,12,5,5,0
24941,821-06-7,"(E)-1,4-Dibromo-2-butene",263,3,3,2,2,0
30857,84776-26-1,Black cohosh,263,6,0,2,0,2
25424,10039-54-0,Hydroxylamine sulfate (2:1),263,2,2,2,2,0
23986,544-92-3,Copper cyanide,263,16,0,4,0,4
21552,294-62-2,Cyclododecane,263,5,0,1,0,1
26802,108-82-7,"2,6-Dimethyl-4-heptanol",263,0,0,0,0,0
26927,112-75-4,Dimethyl(tetradecyl)amine,263,3,3,2,2,0
26932,112-88-9,1-Octadecene,263,0,0,0,0,0
27043,127-08-2,Potassium acetate,263,2,2,2,2,0
27044,127-09-3,Sodium acetate,263,0,0,0,0,0
27063,136-51-6,Calcium 2-ethylhexanoate,263,3,3,1,1,0
27098,142-73-4,Iminodiacetic acid,263,0,0,0,0,0
27099,142-77-8,Butyl cis-9-octadecenoate,263,5,0,1,0,1
27169,526-95-4,D-Gluconic acid,263,1,1,1,1,0
27214,563-72-4,"Ethanedioic acid, calcium salt",263,4,4,3,3,0
27219,582-25-2,Potassium benzoate,263,1,1,1,1,0
27269,629-73-2,1-Hexadecene,263,0,0,0,0,0
27580,4860-03-1,1-Chlorohexadecane,263,0,0,0,0,0
27594,5281-04-9,"C.I. Pigment Red 57, calcium salt (1:1)",263,36,2,6,2,4
27599,5421-46-5,Ammonium thioglycolate,263,31,4,6,3,3
27617,6289-46-9,Dimethyl succinylsuccinate,263,1,1,1,1,0
27624,6419-19-8,Aminotrimethylene phosphonic acid,263,1,1,1,1,0
27652,7446-81-3,Sodium 2-propenoate,263,1,1,1,1,0
27728,10595-72-9,Di(tridecyl) thiodipropionate,263,0,0,0,0,0
27804,19355-69-2,2-Amino-2-methylpropionitrile,263,0,0,0,0,0
27858,25321-09-9,Diisopropylbenzene,263,6,6,3,3,0
29121,92-94-4,"1,1':4',1''-Terphenyl",263,9,9,3,3,0
28723,68584-22-5,(C10-C16) Alkylbenzenesulfonic acid,263,52,3,10,3,7
27948,28777-98-2,"Dihydro-3-(octadecenyl)-2,5-furandione",263,5,5,4,4,0
27975,32360-05-7,Stearyl methacrylate,263,1,1,1,1,0
28030,52829-07-9,"Bis(2,2,6,6-tetramethyl-4-piperidyl) sebacate",263,4,4,2,2,0
29059,86508-42-1,"Perfluoro compounds, C5-18",263,1,1,1,1,0
29244,2825-82-3,"Octahydro-exo-4,7-methano-1H-indene",263,1,1,1,1,0
29283,6923-52-0,Antimony triacetate,263,1,1,1,1,0
29299,9005-00-9,Polyoxyethylene monooctadecyl ether,263,1,1,1,1,0
29310,15721-78-5,"N,N-Bis(4-tert-octylphenyl)amine",263,1,1,0,0,0
29617,299-27-4,Potassium D-gluconate,263,5,5,1,1,0
29626,590-29-4,"Formic acid, potassium salt",263,1,1,1,1,0
29651,1633-05-2,"Carbonic acid, strontium salt (1:1)",263,6,6,3,3,0
29703,7783-18-8,Ammonium thiosulfate,263,1,1,1,1,0
20079,3012-65-5,Diammonium citrate,263,0,0,0,0,0
20181,7787-59-9,Bismuth oxychloride,263,6,6,4,4,0
20345,137-29-1,Copper dimethyldithiocarbamate,263,121,14,8,5,3
20355,139-05-9,Sodium cyclamate,263,0,0,0,0,0
20527,140-79-4,Dinitrosopiperazine,263,1,1,1,1,0
20535,971-15-3,Bis(1-piperidinylthioxomethyl)hexasulfide,263,79,37,9,5,4
20899,1313-27-5,Molybdenum trioxide,263,5,0,1,0,1
21059,5632-47-3,N-Nitrosopiperazine,263,7,7,3,3,0
21231,3564-09-8,Ponceau 3R,263,1,1,1,1,0
21270,6385-58-6,Sodium bithionolate,263,116,22,10,6,4
21315,1746-01-6,"2,3,7,8-Tetrachlorodibenzo-1,4-dioxin",263,12,7,4,3,1
21665,124-25-4,Myristyl aldehyde,263,2,2,2,2,0
21680,921-03-9,"1,1,3-Trichloropropanone",263,109,11,8,4,4
49362,85100-77-2,1-Butyl-3-methylimidazolium bromide,263,1,1,1,1,0
49217,143314-14-1,1-Ethyl-3-methylimidazolium nitrate,263,0,0,0,0,0
49201,10377-48-7,Lithium sulfate,263,1,1,1,1,0
49210,1210-39-5,"3,3-Diphenylacrylaldehyde",263,72,9,10,5,5
49401,130-61-0,Thioridazine hydrochloride,263,162,9,12,6,6
49215,13706-86-0,"5-Methyl-2,3-hexanedione",263,4,4,2,2,0
49216,13820-41-2,Ammonium tetrachloroplatinate(II),263,19,19,9,9,0
37015,14075-53-7,Potassium tetrafluoroborate,263,2,2,1,1,0
49220,1450-85-7,Pyrimidine-2-thiol,263,14,14,7,7,0
49222,14933-08-5,3-(Dodecyldimethylammonio)propanesulfonate,263,18,2,3,1,2
49226,1634-02-2,Tetrabutylthiuram disulfide,263,37,10,9,6,3
49239,19285-83-7,DL-Glutamic acid monohydrate,263,0,0,0,0,0
49404,1934-75-4,Sodium cyanocyanamide,263,1,1,1,1,0
49240,2009-83-8,6-Chlorohexan-1-ol,263,0,0,0,0,0
49242,203866-13-1,(4S)-1-tert-Butoxycarbonyl-4-fluoro-L-proline,263,1,1,1,1,0
22186,2370-63-0,2-Ethoxyethyl methacrylate,263,1,1,1,1,0
49406,2417-72-3,Methyl 4-(bromomethyl)benzoate,263,10,10,4,4,0
49255,2473-01-0,1-Chlorononane,263,0,0,0,0,0
49408,27072-45-3,Fluorescein 5(6)-isothiocyanate,263,39,2,7,2,5
49409,2892-51-5,Squaric acid,263,1,1,1,1,0
49265,2973-80-0,2-Bromo-5-hydroxy-benzaldehyde,263,22,0,6,0,6
49268,326-06-7,"4,4,4-Trifluoro-1-phenyl-1,3-butanedione",263,23,23,8,8,0
49273,3344-77-2,12-Bromo-1-dodecanol,263,40,3,7,1,6
49277,34841-35-5,3'-Chloropropiophenone,263,0,0,0,0,0
49278,350-30-1,2-Chloro-1-fluoro-4-nitrobenzene,263,0,0,0,0,0
49280,3508-00-7,1-Bromoheptadecane,263,0,0,0,0,0
44925,35578-47-3,"4,4'-Dibromobenzil",263,3,3,2,2,0
49284,36727-29-4,"3,5,5-Trimethylhexanoyl chloride",263,2,2,2,2,0
22027,371-40-4,4-Fluoroaniline,263,0,0,0,0,0
49288,3789-59-1,(1S)-1-Phenyl-1-propanamine,263,5,5,2,2,0
49293,3934-20-1,"2,4-Dichloropyrimidine",263,3,3,3,3,0
49294,3938-95-2,Ethylpivalate,263,0,0,0,0,0
49301,4282-42-2,1-Iodononane,263,6,6,3,3,0
49302,4292-19-7,1-Iodododecane,263,8,8,2,2,0
49413,492-94-4,alpha-Furil,263,5,5,3,3,0
49308,497-03-0,E-2-Methyl-2-butenal,263,1,1,1,1,0
49311,51934-41-9,Ethyl 4-iodobenzoate,263,8,1,2,1,1
49313,525-76-8,"2-Methyl-4H-3,1-benzoxazin-4-one",263,2,2,2,2,0
49315,534-85-0,2-Aminodiphenylamine,263,52,17,8,6,2
37023,5392-28-9,"2,4,5,6-Pyrimidinetetramine sulfate (1:1)",263,28,5,6,2,4
37038,54029-45-7,2-Nitro-4-thiocyanoaniline,263,86,7,9,5,4
49317,544-77-4,1-Iodohexadecane,263,0,0,0,0,0
49419,55-48-1,Atropine sulfate anhydrous (2:1) salt,263,7,7,4,4,0
25440,56-18-8,Norspermidine,263,29,0,6,0,6
49319,562-49-2,"3,3-Dimethylpentane",263,4,4,2,2,0
49322,589-10-6,1-Bromo-2-phenoxyethane,263,3,3,2,2,0
44334,589-34-4,3-Methylhexane,263,2,2,2,2,0
49421,590-47-6,Betaine monohydrate,263,1,1,1,1,0
49323,592-42-7,"1,5-Hexadiene",263,3,3,2,2,0
49326,600-22-6,Methylpyruvate,263,0,0,0,0,0
22393,60-82-2,"3-(4-Hydroxyphenyl)-1-(2,4,6-trihydroxyphenyl)propan-1-one",263,49,3,9,2,7
49422,614-39-1,Procainamide hydrochloride,263,1,1,1,1,0
49334,616-09-1,"Propanoic acid,2-hydroxy-,propylester",263,1,1,1,1,0
50386,620-14-4,3-Ethyltoluene,263,0,0,0,0,0
49423,621-59-0,3-Hydroxy-4-methoxy-benzaldehyde,263,1,1,1,1,0
49336,623-39-2,1-O-Methylglycerol,263,0,0,0,0,0
49337,623-51-8,Ethyl mercaptoacetate,263,26,1,7,1,6
49339,629-72-1,1-Bromopentadecane,263,1,1,1,1,0
49341,638-45-9,1-Iodohexane,263,3,3,1,1,0
49346,6579-54-0,"2,6-Dichlorobenzenesulfonylchloride",263,1,1,1,1,0
49348,693-58-3,n-Nonyl bromide,263,0,0,0,0,0
49349,693-67-4,1-Bromoundecane,263,0,0,0,0,0
49350,6940-78-9,1-Bromo-4-chlorobutane,263,1,1,1,1,0
49354,73367-80-3,12-Bromododecanoic acid,263,9,9,6,6,0
40449,7447-39-4,Copper(II) chloride,263,27,4,7,3,4
42215,764-85-2,Nonanoyl chloride,263,1,1,1,1,0
49355,765-09-3,1-Bromotridecane,263,6,0,1,0,1
24603,7787-56-6,Beryllium sulfate tetrahydrate,263,6,6,5,5,0
22124,818-72-4,1-Octyn-3-ol,263,1,1,1,1,0
49365,874-23-7,2-Acetyl-1-cyclohexanone,263,1,1,1,1,0
49371,207234-00-2,"2,4-Dinitrobenzenesulfonic acid dihydrate",263,6,6,3,3,0
38694,91-56-5,Isatin,263,3,3,3,3,0
49433,92-43-3,1-Phenyl-3-pyrazolidinone,263,17,17,6,6,0
49374,92841-65-1,"(4R,5S)-(-)-1,5-Dimethyl-4-phenyl-2-imidazolidinone",263,0,0,0,0,0
21803,93-91-4,1-Benzoylacetone,263,8,8,3,3,0
25590,96-37-7,Methylcyclopentane,263,11,11,6,6,0
49380,97-96-1,2-Ethylbutyraldehyde,263,1,1,1,1,0
24855,16452-01-0,3-Methoxy-4-methylaniline,263,12,12,3,3,0
25551,1504-74-1,2'-Methoxycinnamaldehyde,263,31,0,8,0,8
25166,602-38-0,"1,8-Dinitronaphthalene",263,27,27,8,8,0
24479,96-91-3,"2-Amino-4,6-dinitrophenol",263,35,3,8,2,6
24615,1271-24-5,Bis(cyclopentadiene)chromium(II),263,5,5,4,4,0
25332,51-65-0,4-Fluoro-dl-phenylalanine,263,10,10,5,5,0
26318,1291-32-3,Zirconocene dichloride,263,2,2,2,2,0
24474,88-23-3,6-Amino-4-chloro-1-phenol-2-sulfonic acid,263,5,5,3,3,0
26022,127-85-5,Sodium arsanilate,263,8,8,3,3,0
26231,480-22-8,"1,8,9-Trihydroxyanthracene",263,2,2,2,2,0
25093,101-70-2,"4,4'-Dimethoxydiphenylamine",263,30,5,7,3,4
49295,39511-08-5,(E)-3-(2-Furyl)acrolein,263,0,0,0,0,0
24783,2206-89-5,2-Chloroethyl acrylate,263,0,0,0,0,0
24522,463-04-7,Pentyl nitrite,263,1,1,1,1,0
25665,636-26-0,5-Methyl-2-thiouracil,263,5,5,4,4,0
25696,2243-61-0,"1,4-Naphthalenediamine",263,132,38,9,8,1
49327,605-32-3,2-Hydroxyanthraquinone,263,38,10,8,6,2
49373,92146-82-2,tert-Butyl-3-aminobenzoate,263,10,10,3,3,0
49379,96568-04-6,"Ethyl 2,6-dichloro-5-fluoro-β-oxo-3-pyridinepropionate",263,5,5,2,2,0
49256,2510-55-6,9-Cyanophenanthrene,263,23,23,7,7,0
49407,253-52-1,Phthalazine,263,0,0,0,0,0
49260,2693-46-1,3-Aminofluoranthene,263,87,23,10,8,2
49261,2835-97-4,2-Amino-m-cresol,263,38,9,7,6,1
49262,2835-99-6,4-Amino-m-cresol,263,59,3,7,1,6
49410,290-37-9,Pyrazine,263,1,1,1,1,0
47744,321-60-8,2-Fluorobiphenyl,263,6,0,3,0,3
49271,3331-46-2,"9,10-Dihydrobenzo[a]pyren-7(8H)-one",263,72,10,7,5,2
49272,333-27-7,Methyl trifluoromethanesulfonate,263,17,1,4,1,3
47745,367-12-4,2-Fluorophenol,263,1,1,1,1,0
49287,3764-01-0,"2,4,6-Trichloropyrimidine",263,4,4,4,4,0
49411,420-12-2,Ethylene sulfide,263,1,1,1,1,0
49303,4584-57-0,"1,4-Dimethylamino-4-nitrostilbene",263,12,12,5,5,0
49307,486-25-9,9-Fluorenone,263,3,3,1,1,0
49412,491-36-1,4-Hydroxyquinazoline,263,59,1,6,1,5
49309,50438-75-0,"p-N,N-Dimethylaminophenethanol",263,8,1,2,1,1
49312,523-27-3,"9,10-Dibromoanthracene",263,25,25,4,4,0
49416,533-75-5,Tropolone,263,27,7,7,6,1
49316,5401-94-5,5-Nitroindazole,263,3,3,2,2,0
49417,541-59-3,Maleimide,263,141,8,10,4,6
49418,544-16-1,N-Butylnitrite,263,0,0,0,0,0
49318,5502-78-3,9-Methylguanine,263,1,1,1,1,0
22060,552-89-6,2-Nitrobenzaldehyde,263,8,8,4,4,0
22061,555-16-8,4-Nitrobenzaldehyde,263,15,15,5,5,0
49420,56-05-3,"2-Amino-4,6-dichloropyrimidine",263,4,4,4,4,0
49321,573-17-1,9-Bromophenanthrene,263,25,2,7,2,5
49324,59-49-4,2-Benzoxazolinone,263,1,1,1,1,0
49330,609-15-4,Ethyl 2-chloroacetoacetate,263,3,3,2,2,0
49331,611-09-6,5-Nitroisatin,263,40,6,6,4,2
49340,63041-77-0,7-Methylbenzo(a)pyrene,263,61,49,7,5,2
49424,6674-22-2,"1,8-Diazabicyclo[5.4.0]undec-7-ene",263,3,3,2,2,0
49425,670-54-2,Tetracyanoethylene,263,11,11,6,6,0
49426,70-11-1,2-Bromoacetophenone,263,23,23,8,8,0
49427,723-62-6,9-Anthracenecarboxylic acid,263,8,0,4,0,4
49428,7364-25-2,3-Indazolinone,263,11,11,6,6,0
24286,75-55-8,Propyleneimine,263,0,0,0,0,0
41269,77-53-2,(+)-Cedrol,263,30,0,9,0,9
49357,781-73-7,2-Acetylfluorene,263,17,17,6,6,0
49429,82-86-0,Acenaphthenequinone,263,29,3,7,1,6
49431,90-44-8,Anthrone,263,23,1,6,1,5
49432,91-19-0,Quinoxaline,263,1,1,1,1,0
49376,935-69-3,7-Methyladenine,263,0,0,0,0,0
49377,938-85-2,1-Methylguanine,263,8,2,3,2,1
49382,994-28-5,Triethylgermanium chloride,263,1,1,1,1,0
49383,99-61-6,3-Nitrobenzaldehyde,263,0,0,0,0,0
49243,2039-76-1,3-Acetylphenanthrene,263,35,4,6,2,4
43829,2735-04-8,"2,4-Dimethoxyaniline",263,33,3,7,2,5
49224,1564-64-3,9-Bromoanthracene,263,35,35,6,6,0
49306,4752-10-7,"1,4-Dichlorophthalazine",263,19,19,6,6,0
49230,17135-78-3,2-Chloroanthracene,263,33,33,7,7,0
49394,10373-78-1,(+/-)-Camphorquinone,263,1,1,1,1,0
49202,10527-16-9,10-Chloro-9-anthraldehyde,263,27,5,7,3,4
49209,1210-12-4,9-Cyanoanthracene,263,50,50,5,5,0
49213,131-09-9,2-Chloroanthraquinone,263,1,1,1,1,0
49221,1468-95-7,9-Anthracenemethanol,263,25,2,7,2,5
49405,20535-83-5,O6-Methylguanine,263,5,5,3,3,0
49402,13520-92-8,Zirconyl chloride octahydrate,263,1,1,1,1,0
25425,5470-11-1,Hydroxylamine hydrochloride,263,7,7,4,4,0
49223,153-78-6,2-Aminofluorene,263,19,19,5,5,0
25367,1455-77-2,Guanazole,263,4,4,2,2,0
49403,1640-39-7,"2,3,3-Trimethylindolenine",263,8,0,2,0,2
49208,120-75-2,2-Methylbenzothiazole,263,1,1,1,1,0
49211,1222-98-6,4-Nitrochalcone,263,57,4,9,2,7
32077,10102-18-8,Sodium selenite,263,8,8,2,2,0
41148,3465-72-3,trans-Urocanic acid,263,2,2,1,1,0
49344,65055-17-6,3-Chloro-4-fluorobenzoyl chloride,263,2,2,1,1,0
26924,112-69-6,"N,N-Dimethyl-1-hexadecanamine",263,3,3,3,3,0
20682,118-74-1,Hexachlorobenzene,263,0,0,0,0,0
27066,137-16-6,"Glycine, N-methyl-N-(1-oxododecyl)-, sodium salt",263,0,0,0,0,0
29235,2437-56-1,1-Tridecene,263,0,0,0,0,0
27536,3386-33-2,Octadecyl chloride,263,4,4,3,3,0
20919,86-88-4,1-(1-Naphthyl)-2-thiourea,263,2,2,2,2,0
24128,87-82-1,Hexabromobenzene,263,9,9,5,5,0
49445,NOCAS_49445,NTP Mix57 CT1 62-EQP,263,3,3,2,2,0
49446,NOCAS_49446,NTP Mix58 CT1 62-GP,263,0,0,0,0,0
49447,NOCAS_49447,NTP Mix59 CT1 62-GP,263,11,1,2,1,1
49448,NOCAS_49448,NTP Mix60 CT1 62-GP,263,0,0,0,0,0
49449,NOCAS_49449,NTP Mix61 CT1 62-GP,263,1,1,1,1,0
49450,NOCAS_49450,NTP Mix62 CT1 62-GP,263,0,0,0,0,0
49451,NOCAS_49451,NTP Mix63 CT1 62-GP,263,0,0,0,0,0
49452,NOCAS_49452,NTP Mix64 CT1 62-GP,263,0,0,0,0,0
49453,NOCAS_49453,NTP Mix65 CT1 62-GP,263,1,1,1,1,0
49454,NOCAS_49454,NTP Mix66 CT1 62-GP,263,0,0,0,0,0
49455,NOCAS_49455,NTP Mix67 CT1 62-GP,263,0,0,0,0,0
49456,NOCAS_49456,NTP Mix68 CT1 62-GP,263,0,0,0,0,0
49457,NOCAS_49457,NTP Mix69 CT1 62-GP,263,1,1,1,1,0
49458,NOCAS_49458,NTP Mix70 CT1 62-GP,263,1,1,1,1,0
49459,NOCAS_49459,NTP Mix71 CT1 62-GP,263,0,0,0,0,0
49460,NOCAS_49460,NTP Mix72 CT1 62-GP,263,0,0,0,0,0
49461,NOCAS_49461,NTP Mix73 CT1 62-GP,263,1,1,1,1,0
49462,NOCAS_49462,NTP Mix74 CT1 62-GP,263,1,1,1,1,0
49463,NOCAS_49463,NTP Mix75 CT1 62-GP,263,0,0,0,0,0
49464,NOCAS_49464,NTP Mix76 CT1 62-GP,263,0,0,0,0,0
49465,NOCAS_49465,NTP Mix77 CT1 62-GP,263,0,0,0,0,0
49466,NOCAS_49466,NTP Mix78 CT1 62-GP,263,0,0,0,0,0
49467,NOCAS_49467,NTP Mix79 CT1 62-GP,263,1,1,1,1,0
49468,NOCAS_49468,NTP Mix80 CT1 62-GP,263,0,0,0,0,0
49469,NOCAS_49469,NTP Mix81 CT1 62-GP,263,1,1,1,1,0
49470,NOCAS_49470,NTP Mix52 CT1 3-EQP,263,7,1,2,1,1
49471,NOCAS_49471,NTP Mix39 CT1 2-EQP,263,8,0,2,0,2
49472,NOCAS_49472,NTP Mix53 CT1 3-EQP,263,6,1,2,1,1
49473,NOCAS_49473,NTP Mix54 CT1 3-EQP,263,0,0,0,0,0
49474,NOCAS_49474,NTP Mix55 CT1 3-EQP,263,0,0,0,0,0
49475,NOCAS_49475,NTP Mix56 CT1 3-EQP,263,3,3,3,3,0
49476,NOCAS_49476,NTP Mix40 CT1 3-EQP,263,2,2,2,2,0
49477,NOCAS_49477,NTP Mix41 CT1 3-EQP,263,2,2,2,2,0
49478,NOCAS_49478,NTP Mix42 CT1 3-EQP,263,1,1,1,1,0
49479,NOCAS_49479,NTP Mix33 CT1 1-EQP,263,1,1,1,1,0
49480,NOCAS_49480,NTP Mix43 CT1 3-EQP,263,1,1,1,1,0
49481,NOCAS_49481,NTP Mix44 CT1 3-EQP,263,1,1,1,1,0
49482,NOCAS_49482,NTP Mix45 CT1 3-EQP,263,1,1,1,1,0
49483,NOCAS_49483,NTP Mix36 CT1 2-EQP,263,1,1,1,1,0
49484,NOCAS_49484,NTP Mix37 CT1 2-EQP,263,1,1,1,1,0
49485,NOCAS_49485,NTP Mix46 CT1 3-EQP,263,1,1,1,1,0
49486,NOCAS_49486,NTP Mix34 CT1 1-EQP,263,0,0,0,0,0
49487,NOCAS_49487,NTP Mix47 CT1 3-EQP,263,0,0,0,0,0
49488,NOCAS_49488,NTP Mix48 CT1 3-EQP,263,0,0,0,0,0
49489,NOCAS_49489,NTP Mix49 CT1 3-EQP,263,0,0,0,0,0
49490,NOCAS_49490,NTP Mix38 CT1 2-EQP,263,0,0,0,0,0
49491,NOCAS_49491,NTP Mix50 CT1 3-EQP,263,1,1,1,1,0
49492,NOCAS_49492,NTP Mix35 CT1 1-EQP,263,1,1,1,1,0
49493,NOCAS_49493,NTP Mix51 CT1 3-EQP,263,2,2,2,2,0
49494,NOCAS_49494,NTP Mix1 AR1 4-EQP,263,11,11,4,4,0
49495,NOCAS_49495,NTP Mix2 AR1 4-EQP,263,31,10,6,2,4
49496,NOCAS_49496,NTP Mix3 AR1 8-EQP,263,21,21,4,4,0
49497,NOCAS_49497,NTP Mix4 AR1 8-EQC,263,11,11,3,3,0
49498,NOCAS_49498,NTP Mix5 AR1 8-7EQP,263,9,9,2,2,0
49499,NOCAS_49499,NTP Mix6 AR1 8-7EQP,263,8,8,2,2,0
49500,NOCAS_49500,NTP Mix7 AR1 8-7EQP,263,9,9,2,2,0
49501,NOCAS_49501,NTP Mix8 AR1 8-7EQP,263,12,12,5,5,0
49502,NOCAS_49502,NTP Mix9 AR1 8-7EQP,263,16,16,4,4,0
49503,NOCAS_49503,NTP Mix10 AR1 8-7EQP,263,8,8,3,3,0
49504,NOCAS_49504,NTP Mix11 AR1 8-7EQP,263,22,22,5,5,0
49505,NOCAS_49505,NTP Mix12 AR1 8-7EQP,263,8,8,3,3,0
49506,NOCAS_49506,NTP Mix13 AR1 8-GP,263,13,13,5,5,0
49507,NOCAS_49507,NTP Mix14 AR1 8-GP,263,13,13,4,4,0
49508,NOCAS_49508,NTP Mix15 AR1 8-GP,263,16,16,5,5,0
49509,NOCAS_49509,NTP Mix16 AR1 8-GP,263,23,23,5,5,0
49510,NOCAS_49510,NTP Mix17 AR1 8-GP,263,22,22,5,5,0
49511,NOCAS_49511,NTP Mix18 AR1 8-GP,263,24,5,5,2,3
49512,NOCAS_49512,NTP Mix19 AR1 8-GP,263,25,8,6,2,4
49513,NOCAS_49513,NTP Mix20 AR1 8-GP,263,11,11,4,4,0
49514,NOCAS_49514,NTP Mix118 ER1 5-EQP,263,21,3,6,2,4
49515,NOCAS_49515,NTP Mix117 ER1 5-EQP,263,10,10,4,4,0
49516,NOCAS_49516,NTP Mix96 ER1 10-EQP,263,19,2,6,2,4
49517,NOCAS_49517,NTP Mix97 ER1 10-EQC,263,7,7,3,3,0
49518,NOCAS_49518,NTP Mix99 ER1 10-EQP,263,10,10,4,4,0
49519,NOCAS_49519,NTP Mix98 ER1 10-EQP,263,1,1,1,1,0
49520,NOCAS_49520,NTP Mix100 ER1 10-EQP,263,1,1,1,1,0
49521,NOCAS_49521,NTP Mix101 ER1 10-EQP,263,5,5,3,3,0
49522,NOCAS_49522,NTP Mix102 ER1 10-EQP,263,3,3,2,2,0
49523,NOCAS_49523,NTP Mix103 ER1 10-EQP,263,4,4,2,2,0
49524,NOCAS_49524,NTP Mix104 ER1 10-EQP,263,3,3,2,2,0
49525,NOCAS_49525,NTP Mix105 ER1 10-EQP,263,3,3,2,2,0
49526,NOCAS_49526,NTP Mix106 ER1 10-EQP,263,3,3,2,2,0
49527,NOCAS_49527,NTP Mix107 ER1 10-EQP,263,2,2,2,2,0
49528,NOCAS_49528,NTP Mix108 ER1 10-GP,263,11,11,4,4,0
49529,NOCAS_49529,NTP Mix109 ER1 10-GP,263,9,9,4,4,0
49530,NOCAS_49530,NTP Mix110 ER1 10-GP,263,9,9,4,4,0
49531,NOCAS_49531,NTP Mix111 ER1 10-GP,263,13,13,6,6,0
49532,NOCAS_49532,NTP Mix112 ER1 10-GP,263,7,7,3,3,0
49533,NOCAS_49533,NTP Mix113 ER1 10-GP,263,11,11,3,3,0
49534,NOCAS_49534,NTP Mix114 ER1 10-GP,263,10,10,5,5,0
49535,NOCAS_49535,NTP Mix115 ER1 10-GP,263,12,12,5,5,0
49536,NOCAS_49536,NTP Mix116 ER1 10-GP,263,13,13,6,6,0
49537,NOCAS_49537,NTP Mix82 ER AR1 18-EQP,263,22,22,5,5,0
49538,NOCAS_49538,NTP Mix83 ER AR1 18-EQC,263,17,17,4,4,0
49555,NOCAS_49555,NTP Mix25 AR2 2-EQP,263,22,22,7,7,0
49540,NOCAS_49540,NTP Mix85 ER AR1 18-EQP,263,22,22,6,6,0
49541,NOCAS_49541,NTP Mix86 ER AR1 18-EQP,263,24,24,6,6,0
49542,NOCAS_49542,NTP Mix87 ER AR1 18-EQP,263,20,20,5,5,0
49543,NOCAS_49543,NTP Mix88 ER AR1 18-GP,263,22,22,5,5,0
49544,NOCAS_49544,NTP Mix89 ER AR1 18-GP,263,22,22,5,5,0
49545,NOCAS_49545,NTP Mix90 ER AR1 18-GP,263,25,25,5,5,0
49546,NOCAS_49546,NTP Mix91 ER AR1 18-GP,263,22,22,5,5,0
49547,NOCAS_49547,NTP Mix92 ER AR1 18-GP,263,22,22,5,5,0
49548,NOCAS_49548,NTP Mix93 ER AR1 18-GP,263,22,22,6,6,0
49549,NOCAS_49549,NTP Mix94 ER AR1 18-GP,263,23,23,6,6,0
49550,NOCAS_49550,NTP Mix95 ER AR1 18-GP,263,19,19,5,5,0
49551,NOCAS_49551,NTP Mix21 AR2 2-EQP,263,33,9,7,3,4
49552,NOCAS_49552,NTP Mix22 AR2 2-EQP,263,24,6,5,3,2
49553,NOCAS_49553,NTP Mix23 AR2 2-EQP,263,24,8,6,3,3
44995,86-20-4,9-Ethyl-3-nitro-9H-carbazole,275,46,8,8,4,4
41973,80-38-6,Fenson,275,18,3,7,2,5
41913,60207-93-4,Etaconazole,275,30,3,5,1,4
44941,4273-98-7,2-(Phenylsulfonyl)aniline,275,9,9,4,4,0
29072,102268-15-5,"5-Ethyl-2,3-pyridinedicarboxylic acid",263,2,2,2,2,0
41336,136-32-3,"2,4,5-Trichlorophenol sodium salt",263,32,5,8,4,4
40290,13360-45-7,Chlorbromuron,263,22,1,5,1,4
37511,24934-91-6,Chlormephos,263,9,9,4,4,0
47030,10326-41-7,D-Lactic acid,263,2,2,2,2,0
41328,2545-59-7,"2,4,5-T-butotyl",263,5,5,2,2,0
41363,19719-28-9,"2,4-Dichlorophenylacetic acid",263,5,5,2,2,0
40740,26172-54-3,2-Methyl-3-isothiazolone hydrochloride,263,41,12,8,6,2
41452,87-26-3,2-(1-Methylbutyl)phenol,263,31,0,9,0,9
41446,1444-64-0,2-Phenylcyclohexanol,263,2,2,1,1,0
34957,107-49-3,Tetraethyl pyrophosphate,263,1,1,1,1,0
42315,140-89-6,Potassium ethyl xanthate,263,42,5,7,4,3
41799,5836-29-3,Coumatetralyl,263,13,13,4,4,0
44921,34443-12-4,OO-tert-butyl O-(2-ethylhexyl) peroxycarbonate,263,4,4,3,3,0
44313,626-89-1,4-Methylpentan-1-ol,263,0,0,0,0,0
44802,141-19-5,Bis(2-butoxyethyl) decanedioate,263,6,6,3,3,0
44819,46728-75-0,Lithium 3-carboxy-5-sulfobenzoate,263,2,2,1,1,0
44975,67151-63-7,1-{Bis[3-(dimethylamino)propyl]amino}propan-2-ol,263,0,0,0,0,0
41959,383-63-1,Ethyl trifluoroacetate,263,2,2,2,2,0
42320,7758-09-0,Potassium nitrite,263,0,0,0,0,0
42063,24353-61-5,Isocarbophos,263,14,14,6,6,0
42077,34123-59-6,Isoproturon,263,8,8,4,4,0
44923,34562-31-7,"3,5-Diethyl-1-phenyl-2-propyl-1,2-dihydropyridine",263,33,0,6,0,6
34903,7647-15-6,Sodium bromide,263,1,1,1,1,0
42338,132739-31-2,Di(propylene glycol) tert-butyl ether,263,4,4,4,4,0
44307,2217-02-9,(1R)-endo-(+)-Fenchyl alcohol,263,0,0,0,0,0
42188,1792-17-2,"N,N'-Dibutylurea",263,3,3,3,3,0
37545,29973-13-5,Ethiofencarb,263,11,11,6,6,0
41925,2941-55-1,Ethiolate,263,0,0,0,0,0
42352,13457-18-6,Pyrazophos,263,39,6,9,4,5
37576,1746-81-2,Monolinuron,263,6,6,4,4,0
42072,2631-40-5,Isoprocarb,263,15,15,7,7,0
42281,156-06-9,Phenylpyruvic acid,263,6,6,4,4,0
42149,55107-14-7,Methyl pivaloylacetate,263,6,0,3,0,3
42053,392-12-1,Indole-3-pyruvic acid,263,17,17,6,6,0
44314,1754-62-7,Methyl (E)-cinnamate,263,2,2,1,1,0
41916,2050-60-4,Dibutyl ethanedioate,263,0,0,0,0,0
42195,120-23-0,2-Naphthoxyacetic acid,263,2,2,2,2,0
41914,2752-17-2,"2,2'-Oxybis(ethylamine)",263,4,4,2,2,0
44857,17980-47-1,Triethoxy(2-methylpropyl)silane,263,11,11,4,4,0
44949,5187-23-5,"(5-Ethyl-1,3-dioxan-5-yl)methanol",263,1,1,1,1,0
44990,7779-31-9,"3,3,5-Trimethylcyclohexyl 2-methylprop-2-enoate",263,1,1,1,1,0
44935,39430-51-8,"Chromium acetate, basic",263,1,1,1,1,0
41545,19932-84-4,"6-Chloro-2,3-dihydrobenzoxazol-2-one",263,3,3,2,2,0
44811,19750-95-9,Chlordimeform hydrochloride,263,3,3,2,2,0
46980,312693-54-2,"Monosodium 8-amino-1-naphthol-3,6-disulfonate monohydrate",263,55,5,7,2,5
37594,26259-45-0,Secbumeton,263,12,1,4,1,3
37617,2631-37-0,Promecarb,263,20,20,7,7,0
46978,66455-29-6,C12-14-Alkyldimethyl betaines,263,27,0,4,0,4
44745,933-52-8,"2,2,4,4-Tetramethylcyclobutane-1,3-dione",263,0,0,0,0,0
37697,60397-77-5,"N-(2,4-Dimethylphenyl)formamide",263,2,2,1,1,0
41951,2882-19-1,2-Bromo-2-phenylacetic acid ethyl ester,263,4,4,3,3,0
42297,23505-41-1,Pirimiphos-ethyl,263,25,25,7,7,0
44737,86-16-8,"4-(2,5-Diethoxy-4-nitrophenyl)morpholine",263,15,1,3,1,2
44656,3386-87-6,"3,3'-(Ethylenedioxy)dipropiononitrile",263,2,2,2,2,0
44712,6770-38-3,"1,4-Bis(methoxymethyl)benzene",263,1,1,1,1,0
44588,14970-87-7,"2,2'-[Ethane-1,2-diylbis(oxy)]diethanethiol",263,14,14,4,4,0
44685,52196-74-4,"2-Chloro-1,4-diethoxybenzene",263,1,1,1,1,0
40614,113-24-6,Sodium pyruvate,263,2,2,2,2,0
44684,52126-51-9,"Sodium 5-oxo-1-(4-sulfophenyl)-4,5-dihydro-1H-pyrazole-3-carboxylate",263,2,2,1,1,0
44732,824-72-6,Phenylphosphonic dichloride,263,0,0,0,0,0
44743,93-00-5,6-Aminonaphthalene-2-sulfonic acid,263,4,4,2,2,0
44735,831-59-4,"Disodium benzene-1,3-disulfonate",263,1,1,1,1,0
44680,4985-85-7,"2,2'-[(3-Aminopropyl)imino]diethanol",263,1,1,1,1,0
44734,83016-70-0,2-[{2-[2-(Dimethylamino)ethoxy]ethyl}(methyl)amino]ethanol,263,1,1,1,1,0
44728,7575-23-7,"3-[(3-Sulfanylpropanoyl)oxy]-2,2-bis{[(3-sulfanylpropanoyl)oxy]methyl}propyl 3-sulfanylpropanoate",263,14,14,6,6,0
44667,4062-60-6,"N,N'-Di-tert-butylethane-1,2-diamine",263,1,1,1,1,0
46974,699-12-7,2-Phenylmercaptoethanol,263,11,0,4,0,4
41373,42482-06-4,2-Octen-1-ylsuccinic anhydride,263,3,3,2,2,0
44691,5495-84-1,2-Isopropylthioxanthone,263,42,8,8,4,4
42247,80443-63-6,"2-(2-(4-Chlorophenyl)ethyl)-2-(1,1-dimethylethyl)oxirane",263,10,10,4,4,0
44740,924-88-9,Dipropan-2-yl butanedioate,263,0,0,0,0,0
44686,52298-44-9,"4-Amino-2,5-dimethoxy-N-phenylbenzenesulfonamide",263,12,12,3,3,0
27772,15520-10-2,2-Methylpentanediamine,263,2,2,1,1,0
45005,94-99-5,"2,4-Dichloro-1-(chloromethyl)benzene",263,6,0,3,0,3
41884,63837-33-2,Diofenolan,263,41,5,9,4,5
41756,16118-49-3,Carbetamide,263,3,3,1,1,0
41964,38260-54-7,Etrimfos,263,6,6,4,4,0
37582,17040-19-6,Demeton-S-methyl sulfone,263,11,11,5,5,0
37508,6164-98-3,Chlordimeform,263,3,3,2,2,0
37612,24017-47-8,Triazophos,263,25,25,8,8,0
44731,81-83-4,"1H-Benzo[de]isoquinoline-1,3(2H)-dione",263,13,13,7,7,0
44660,3570-55-6,"2,2'-Sulfanediyldiethanethiol",263,0,0,0,0,0
44887,2449-05-0,"Dibenzyl diazene-1,2-dicarboxylate",263,15,15,6,6,0
44908,3010-96-6,"2,2,4,4-Tetramethylcyclobutane-1,3-diol",263,5,5,4,4,0
44979,6961-82-6,2-Chlorobenzenesulfonamide,263,0,0,0,0,0
44852,17252-51-6,"4,4'-Propane-1,3-diyldipyridine",263,12,12,3,3,0
44989,77771-02-9,3-Bromo-4-fluorobenzaldehyde,263,2,2,2,2,0
41626,5973-71-7,"3,4-Dimethylbenzaldehyde",263,1,1,1,1,0
44919,33007-83-9,"2,2-Bis{[(3-sulfanylpropanoyl)oxy]methyl}butyl 3-sulfanylpropanoate",263,11,11,7,7,0
44877,22987-10-6,N-(3-Aminophenyl)propanamide,263,2,2,1,1,0
44756,4501-58-0,"[(1R)-2,2,3-Trimethylcyclopent-3-en-1-yl]acetaldehyde",263,4,4,2,2,0
44845,16215-21-7,Butyl 3-mercaptopropionate,263,9,9,2,2,0
44916,32435-46-4,Bis(methacryloyloxyethyl) hydrogen phosphate,263,0,0,0,0,0
44967,6228-25-7,"1,3-Dioxane-5,5-diyldimethanol",263,0,0,0,0,0
44947,5117-12-4,4-(1-Oxo-2-propenyl)-morpholine,263,2,2,1,1,0
44933,38661-72-2,"1,3-Bis(isocyanatomethyl)cyclohexane",263,4,4,1,1,0
44867,1985-51-9,"2,2-Dimethylpropane-1,3-diyl bis(2-methylprop-2-enoate)",263,1,1,1,1,0
42259,80-00-2,4-Chlorophenyl phenyl sulfone,263,17,17,5,5,0
44820,50940-49-3,Acryloyloxyethyl succinate,263,15,15,6,6,0
44939,41424-36-6,"1,3,5-Tribromo-2-methoxy-4-methylbenzene",263,6,6,3,3,0
44854,17832-28-9,4-(Ethenyloxy)butan-1-ol,263,5,5,2,2,0
41918,1606-85-5,"1,4-Bis(2-hydroxyethoxy)-2-butyne",263,5,5,4,4,0
44879,23235-61-2,"2,2'-(Oxydimethanediyl)bis(2-ethylpropane-1,3-diol)",263,0,0,0,0,0
44930,37526-59-3,2-(Trifluoromethoxy)benzenesulfonamide,263,2,2,2,2,0
44785,119-17-5,"3-(3-Methyl-5-oxo-4,5-dihydro-1H-pyrazol-1-yl)benzenesulfonic acid",263,2,2,2,2,0
44805,14228-73-0,"2,2'-[Cyclohexane-1,4-diylbis(methanediyloxymethanediyl)]dioxirane",263,17,17,6,6,0
44807,1732-10-1,Dimethyl nonanedioate,263,2,2,1,1,0
44840,1561-92-8,Sodium 2-methylprop-2-ene-1-sulfonate,263,1,1,1,1,0
44875,2212-32-0,2-{[2-(Dimethylamino)ethyl](methyl)amino}ethanol,263,1,1,1,1,0
40715,48145-04-6,2-Phenoxyethyl acrylate,263,30,1,6,1,5
44884,2399-48-6,Tetrahydrofurfuryl acrylate,263,0,0,0,0,0
44894,25620-58-0,"Trimethylhexane-1,6-diamine",263,9,9,2,2,0
44876,2224-15-9,Ethylene glycol diglycidyl ether,263,14,14,5,5,0
41417,597-09-1,"2-Nitro-2-ethyl-1,3-propanediol",263,5,0,1,0,1
44926,36177-92-1,"N-Butyl-2,2,6,6-tetramethylpiperidin-4-amine",263,2,2,2,2,0
37696,33089-74-6,"N'-(2,4-Dimethylphenyl)-N-methylformamidine",263,0,0,0,0,0
44945,44860-68-6,"2,2'-(Methanediyldisulfanediyl)diethanol",263,0,0,0,0,0
44839,15332-99-7,Ethenyl[tris(prop-1-en-2-yloxy)]silane,263,0,0,0,0,0
44932,16066-35-6,4-Isopropylbenzenesulfonic acid,263,4,4,3,3,0
44801,140-90-9,SEX,263,48,7,6,5,1
44842,15901-40-3,"N,N',N''-Tricyclohexyl-1-methylsilanetriamine",263,16,0,6,0,6
44903,27858-32-8,Titanium(4+) bis[(2E)-4-oxohex-2-en-2-olate] dipropan-2-olate,263,2,2,1,1,0
44834,84962-98-1,Sodium 3-(trihydroxysilyl)propyl methylphosphonate,263,0,0,0,0,0
44978,68928-76-7,"Bis[(2-ethyl-2,5-dimethylhexanoyl)oxy](dimethyl)stannane",263,20,20,6,6,0
44856,17945-05-0,Ethyl [3-(triethoxysilyl)propyl]carbamate,263,2,2,2,2,0
44787,119-40-4,4-Hydroxy-7-(phenylamino)naphthalene-2-sulfonic acid,263,10,10,6,6,0
44972,6701-13-9,"1,10-Decanediol dimethacrylate",263,4,4,2,2,0
44881,23432-62-4,Methyl [3-(trimethoxysilyl)propyl]carbamate,263,8,8,5,5,0
44783,116912-64-2,"2-Silylpropyl-urea, Si-(ethoxy and methoxy) derivs",263,2,2,1,1,0
28040,56038-89-2,"N-(1-Ethylpropyl)-3,4-xylidine",263,5,5,4,4,0
44780,1124-05-6,"1,4-Dichloro-2,5-dimethylbenzene",263,0,0,0,0,0
44899,26842-43-3,"2-Amino-2,4-dimethylpentanenitrile",263,0,0,0,0,0
37493,1610-17-9,Atraton,263,3,3,2,2,0
44963,60875-16-3,"4-(3-Methyl-5-oxo-4,5-dihydro-1H-pyrazol-1-yl)benzoic acid",263,7,7,3,3,0
47101,15707-24-1,"2,3-Diethylpyrazine",263,1,1,1,1,0
47089,4532-64-3,"2,3-Butanedithiol",263,3,3,3,3,0
47067,491-35-0,Lepidine,263,2,2,1,1,0
47027,75359-31-8,Ditridecyl phthalate (mixture of branched chain isomers),263,5,5,2,2,0
40774,76231-76-0,"alpha,beta-Thujone",263,4,4,2,2,0
41880,644-64-4,Dimetilan,263,11,11,5,5,0
41797,81-82-3,(+/-)-Coumachlor,263,6,6,4,4,0
44733,827-95-2,Sodium 3-nitrobenzoate,263,1,1,1,1,0
42364,90717-03-6,Quinmerac,263,1,1,1,1,0
34355,64628-44-0,Triflumuron,263,6,1,2,1,1
41370,921-20-0,"3-(Hydroxymethyl)pentane-2,4-diol",263,1,1,1,1,0
41625,5251-93-4,Benzadox,263,1,1,1,1,0
44662,3698-94-0,Ethyl octyl sulfide,263,0,0,0,0,0
44542,13372-77-5,Citral oxime,263,8,8,3,3,0
44722,70321-85-6,Potassium 4-acetoacetylaminobenzenesulphonate,263,0,0,0,0,0
34844,32889-48-8,Procyazine,263,6,6,4,4,0
42285,947-02-4,Phosfolan,263,6,6,5,5,0
41850,2463-84-5,Dicapthon,263,34,6,8,5,3
41329,1928-47-8,"2,4,5-T 2-Ethylhexyl",263,5,5,1,1,0
37527,87130-20-9,Diethofencarb,263,7,7,3,3,0
44698,5943-30-6,Dibutan-2-yl disulfide,263,3,3,2,2,0
41404,1124-04-5,"2-Chloro-4,5-dimethylphenol",263,8,0,3,0,3
44725,7397-62-8,Butyl hydroxyacetate,263,2,2,2,2,0
44521,117-96-4,Diatrizoic acid,263,1,1,1,1,0
34968,541-53-7,"2,4-Dithiobiuret",263,13,13,6,6,0
44373,1185-53-1,Tromethamine hydrochloride,278,5,5,3,3,0
40404,5300-03-8,9-cis- Retinoic acid,278,33,13,5,5,0
41987,61213-25-0,Flurochloridone,275,23,2,5,2,3
40714,63133-82-4,"2-Chloro-4,6-dimethylaniline",263,1,1,1,1,0
44738,89-33-8,"Ethyl 5-oxo-1-phenyl-4,5-dihydro-1H-pyrazole-3-carboxylate",263,8,8,5,5,0
42117,2595-54-2,Mecarbam,263,14,14,6,6,0
44484,27775-00-4,Isononanamine,263,2,2,2,2,0
44451,627-91-8,Methyl hydrogen adipate,263,0,0,0,0,0
44412,2654-57-1,4-Methyl-1-phenylpyrazolidin-3-one,263,14,14,6,6,0
44701,610-96-8,Methyl 2-chlorobenzoate,263,0,0,0,0,0
46986,133-37-9,dl-Tartaric acid,263,1,1,1,1,0
44431,4620-70-6,2-(tert-Butylamino)ethanol,263,2,2,2,2,0
44452,629-03-8,"1,6-Dibromohexane",263,8,8,4,4,0
44448,591-80-0,4-Pentenoic acid,263,0,0,0,0,0
44469,926-39-6,2-Aminoethyl hydrogen sulfate,263,0,0,0,0,0
41917,140-07-8,"2,2',2'',2'''-(1,2-Ethanediyldinitrilo)tetrakisethanol",263,4,4,2,2,0
41403,2100-42-7,"2-Chloro-1,4-dimethoxybenzene",263,2,2,1,1,0
44410,21799-87-1,"Potassium 2,5-dihydroxybenzenesulfonate",263,4,4,4,4,0
44450,621-76-1,Tripropyl orthoformate,263,0,0,0,0,0
44411,2403-89-6,"1,2,2,6,6-Pentamethylpiperidin-4-ol",263,0,0,0,0,0
44407,19406-86-1,3-Amino-4-methylbenzamide,263,2,2,1,1,0
41659,619-65-8,4-Cyanobenzoic acid,263,5,5,2,2,0
40702,95-73-8,"2,4-Dichlorotoluene",263,1,1,1,1,0
44414,2840-28-0,3-Amino-4-chlorobenzoic acid,263,0,0,0,0,0
44455,6606-59-3,"1,6-Hexanediol dimethacrylate",263,3,3,1,1,0
44420,34487-61-1,Phenol Red sodium salt,263,33,1,5,1,4
44458,75277-39-3,Sodium 2-[4-(2-hydroxyethyl)piperazin-1-yl]ethanesulfonate,263,0,0,0,0,0
44439,5459-58-5,Butyl cyanoacetate,263,8,8,5,5,0
44401,1670-14-0,"Benzenecarboximidamide, monohydrochloride",263,1,1,1,1,0
44438,542-28-9,Tetrahydro-2H-pyran-2-one,263,1,1,1,1,0
44393,95-45-4,Dimethylglyoxime,263,7,7,3,3,0
44397,1493-13-6,Trifluoromethanesulfonic acid,263,1,1,1,1,0
44382,137-00-8,Thiamine thiozole,263,0,0,0,0,0
44425,3878-55-5,Monomethyl succinate,263,0,0,0,0,0
44433,504-02-9,"1,3-Cyclohexanedione",263,0,0,0,0,0
42252,7152-80-9,4-(Dimethylamino)phenylthiocyanate,263,28,3,6,3,3
41783,1918-13-4,Chlorthiamid,263,2,2,1,1,0
42080,18854-01-8,Isoxathion,263,32,32,9,9,0
44682,51410-72-1,"N,N,N-Trimethyl-3-[(2-methylacryloyl)amino]propan-1-aminium chloride",263,2,2,1,1,0
42218,2173-56-0,Pentyl valerate,263,0,0,0,0,0
44709,6375-27-5,"N-(2,5-Dimethoxyphenyl)-3-oxobutanamide",263,6,6,2,2,0
42181,7149-79-3,N-(3-Chloro-4-methylphenyl)acetamide,263,4,4,2,2,0
41873,22936-75-0,Dimethametryn,263,6,6,3,3,0
44692,55-16-3,Scopolamine hydrochloride,263,1,1,1,1,0
41541,2050-99-9,"2,8-Dimethylnonan-5-one",263,5,5,3,3,0
42146,2905-67-1,"Methyl 3,5-dichlorobenzoate",263,1,1,1,1,0
40739,19408-46-9,Kasugamycin hydrochloride,263,1,1,1,1,0
44714,67953-08-6,N2-(4-Nitrophenyl)-L-glutamine hydrochloride(1:1),263,7,0,1,0,1
44679,4724-48-5,Octylphosphonic acid,263,2,2,1,1,0
44723,7360-44-3,Dihydroxy aluminum acetate,263,0,0,0,0,0
44724,7360-53-4,Aluminum triformate,263,1,1,1,1,0
42360,53558-25-1,N-(4-Nitrophenyl)-N'-(3-pyridinylmethyl)urea,263,24,4,6,1,5
44710,64063-37-2,"2,6-Dichloro-3-methylaniline",263,26,0,6,0,6
41468,2327-02-8,"N-(3,4-Dichlorophenyl)urea",263,16,16,6,6,0
37515,299-86-5,Crufomate,263,38,7,7,6,1
44523,118-88-7,5-Amino-2-methylbenzenesulfonic acid,263,4,4,2,2,0
41698,34681-23-7,Butoxycarboxim,263,12,1,5,1,4
47090,13708-12-8,5-Methylquinoxaline,263,4,4,2,2,0
47028,81025-04-9,D-Lactitol monohydrate,263,2,2,2,2,0
47085,22047-25-2,Acetylpyrazine,263,4,4,2,2,0
47075,14667-55-1,"2,3,5-Trimethylpyrazine",263,5,0,2,0,2
47043,13932-13-3,Potassium tetrathionate,263,6,6,2,2,0
47039,39711-79-0,N-Ethyl-2-(isopropyl)-5-methylcyclohexanecarboxamide,263,6,6,2,2,0
47041,55635-13-7,Alloxydim sodium,263,4,4,2,2,0
42014,557-30-2,Glyoxime,263,1,1,1,1,0
47040,27253-29-8,Zinc neodecanoate,263,8,8,4,4,0
44252,628-46-6,5-Methylhexanoic acid,263,0,0,0,0,0
41347,1713-15-1,"2,4-D-isobutyl",263,6,6,3,3,0
47036,31895-22-4,Thiocyclam oxalate,263,16,16,7,7,0
41886,6988-21-2,Dioxacarb,263,3,3,1,1,0
47606,78761-38-3,(2E)-3-Phenylprop-2-en-1-yl propanoate,263,4,4,2,2,0
47459,6381-91-5,Calcium saccharin hydrate,263,1,1,1,1,0
47121,4265-16-1,2-Benzofurancarboxaldehyde,263,1,1,1,1,0
44599,16728-49-7,3-(Octyloxy)propanenitrile,263,1,1,1,1,0
24726,124-43-6,Carbamide peroxide,263,6,6,3,3,0
47548,85446-17-9,"1,1'-Oxybis(2,3,4,5-tetrabromobenzene)",263,3,3,2,2,0
47630,110617-70-4,Tetronic 701,263,25,1,5,1,4
47239,3790-78-1,cis-Nerolidol,263,8,8,4,4,0
47484,13446-18-9,Magnesium dinitrate hexahydrate,263,0,0,0,0,0
47168,29461-14-1,"rel-(2R,4aR,8aR)-Hexahydro-1,1,5,5-tetramethyl-2H-2,4a-methanonaphthalen-8(5H)-one",263,8,8,3,3,0
44648,3068-76-6,N-[3-(Trimethoxysilyl)propyl]aniline,263,6,6,4,4,0
47450,94-97-3,5-Chlorobenzotriazole,263,24,24,5,5,0
47140,NOCAS_47140,Isopropyl citrate (Mixture),263,6,6,4,4,0
44627,2592-95-2,1-Hydroxybenzotriazole,263,8,0,4,0,4
47501,9004-73-3,Poly[oxy(methylsilylene)],263,3,3,3,3,0
47453,880-09-1,Dipiperidinomethane,263,1,1,1,1,0
47661,13678-68-7,S-Furfuryl thioacetate,263,5,5,3,3,0
47543,57646-30-7,Furalaxyl,263,10,10,3,3,0
47427,1320-15-6,"2,4-DB-isooctyl ester",263,3,3,1,1,0
47674,28664-35-9,"4,5-Dimethyl-3-hydroxy-2,5-dihydrofuran-2-one",263,0,0,0,0,0
47397,99300-78-4,Venlafaxine hydrochloride,263,3,3,2,2,0
44655,3352-87-2,"N,N-Diethyldodecanamide",263,7,7,4,4,0
44619,2439-54-5,N-Methyloctan-1-amine,263,1,1,1,1,0
44609,1897-52-5,"2,6-Difluorobenzonitrile",263,0,0,0,0,0
47196,23747-48-0,"6,7-Dihydro-5-methyl-5H-cyclopentapyrazine",263,1,1,1,1,0
44624,2499-59-4,Octyl prop-2-enoate,263,1,1,1,1,0
47491,21948-70-9,Pyrazinyl methyl sulfide,263,0,0,0,0,0
47726,63477-41-8,trans-2-Ethoxy-5-(1-propenyl)phenol,263,7,7,3,3,0
47631,17102-64-6,"(2E,4E)-Hexa-2,4-dien-1-ol",263,9,0,5,0,5
47556,255714-11-5,"3,7-Dimethyloct-6-en-1-yl 2-methylbut-2-enoate",263,4,4,1,1,0
47243,911217-00-0,Ammonium glycyrrhizinate trihydrate,263,3,3,2,2,0
47423,5174-32-3,2-Acetoxy-5-nitrobenzyl chloride,263,32,5,4,2,2
47660,13494-07-0,"3,5-Dimethyl-1,2-cyclopentanedione",263,4,0,1,0,1
47680,38205-60-6,"1-(2,4-Dimethyl-1,3-thiazol-5-yl)ethanone",263,0,0,0,0,0
47417,19322-27-1,4-Hydroxy-5-methyl-3-furanone,263,1,1,1,1,0
47723,828-26-2,Trithioacetone,263,7,0,1,0,1
47637,14952-06-8,Methyl (2E)-2-nonenoate,263,7,0,1,0,1
47707,67952-65-2,(Methylthio)methylpyrazine,263,12,0,1,0,1
47678,34413-35-9,"5,6,7,8-Tetrahydroquinoxaline",263,12,0,1,0,1
47730,8028-48-6,Orange terpenes,263,42,1,6,1,5
47677,3188-00-9,2-Methyltetrahydrofuran-3-one,263,0,0,0,0,0
47663,1438-94-4,1-Furfurylpyrrole,263,1,1,1,1,0
44241,4536-23-6,2-Methylhexanoic acid,263,1,1,1,1,0
44625,25209-66-9,"N,N-Bis(2-hydroxyethyl)formamide",263,1,1,1,1,0
44638,2897-60-1,3-(Methyldiethoxysilyl)propyl glycidyl ether,263,5,5,3,3,0
47241,6010-91-9,"Pyrimidine-2,4,5,6(1H,3H)-tetrone tetrahydrate",263,0,0,0,0,0
44631,26576-46-5,"3-Oxo-N-(2-oxo-2,3-dihydro-1H-benzimidazol-5-yl)butanamide",263,2,2,1,1,0
44600,1679-51-2,Cyclohex-3-en-1-ylmethanol,263,0,0,0,0,0
44606,17526-94-2,"3,3'-(4-Methylbenzene-1,3-diyl)bis(1,1-dimethylurea)",263,2,2,1,1,0
44251,622-62-8,4-Ethoxyphenol,263,13,0,6,0,6
44650,3077-12-1,"2,2'-[(4-Methylphenyl)imino]diethanol",263,7,7,3,3,0
47110,4128-17-0,"trans,trans-Farnesyl acetate",263,9,9,4,4,0
44597,162881-26-7,"(Phenylphosphoryl)bis[(2,4,6-trimethylphenyl)methanone]",263,6,6,2,2,0
44622,24772-51-8,Aluminum butan-2-olate (2Z)-4-ethoxy-4-oxobut-2-en-2-olate (1:2:1),263,2,2,1,1,0
47150,33693-84-4,tert-Butyl hydrogen phthalate,263,2,2,2,2,0
44632,26644-00-8,Dimethyl dihydrogen diphosphate,263,2,2,2,2,0
28776,68610-51-5,"Phenol, 4-methyl-, reaction products with dicyclopentadiene and isobutylene",263,5,5,4,4,0
47118,28588-74-1,2-Methyl-3-furanthiol,263,12,12,5,5,0
47162,4312-99-6,1-Octen-3-one,263,0,0,0,0,0
44617,2338-76-3,[3-(Trifluoromethyl)phenyl]acetonitrile,263,4,4,2,2,0
47134,4643-27-0,2-Octen-4-one,263,3,3,1,1,0
44486,4128-37-4,"1,3-Dipropan-2-ylurea",263,1,1,1,1,0
42145,1729-67-5,"Methyl 2,3-dibromopropionate",263,8,8,5,5,0
44485,3249-53-4,4-Ethoxy-4-oxobut-2-enoic acid,263,7,7,5,5,0
41627,30391-89-0,2-Amino-N-(1-methylethyl)benzamide,263,2,2,1,1,0
47670,2497-21-4,4-Hexen-3-one,263,8,8,6,6,0
47665,1883-78-9,Furfuryl isopropyl sulfide,263,0,0,0,0,0
47687,5743-28-2,Calcium L-ascorbate dihydrate,263,6,6,5,5,0
47694,6119-47-7,Quinine hydrochloride dihydrate,263,25,2,6,2,4
29575,114651-37-5,{4-[(Ethenyloxy)methyl]cyclohexyl}methanol,263,1,1,1,1,0
44603,17209-72-2,3-[Bis(2-hydroxyethyl)amino]propanenitrile,263,2,2,2,2,0
47474,1191-62-4,"1,8-Octanedithiol",263,11,0,3,0,3
47182,41395-83-9,Propylene glycol dipelargonate,263,3,3,2,2,0
47704,65505-17-1,Methyl 2-methyl-3-furyl disulfide,263,11,11,4,4,0
47404,33032-12-1,Methapyrilene fumarate,263,13,13,8,8,0
47675,3008-43-3,"3-Methylcyclohexane-1,2-dione",263,3,3,1,1,0
47206,60125-24-8,trans-2-Methoxycinnamaldehyde,263,18,18,7,7,0
47523,15763-76-5,Sodium 4-isopropylbenzenesulfonate,263,1,1,1,1,0
42208,954-21-2,N-Methyl-alpha-phenylbenzeneacetamide,263,7,1,2,1,1
41607,494-52-0,Anabasine,263,6,6,2,2,0
42266,872-10-6,Pentyl sulfide,263,1,1,1,1,0
41656,3337-62-0,"3,5-Dibromo-4-hydroxybenzoic acid",263,5,5,2,2,0
44715,68298-46-4,"2,2-Dimethyl-2,3-dihydro-1-benzofuran-7-amine",263,6,6,2,2,0
44706,6281-42-1,1-(2-Aminoethyl)imidazolidin-2-one,263,0,0,0,0,0
44751,98-44-2,"2-Aminobenzene-1,4-disulfonic acid",263,1,1,1,1,0
41621,25059-80-7,Benazolin-ethyl,263,16,1,5,1,4
42157,3060-89-7,Metobromuron,263,8,8,4,4,0
42378,1719-58-0,Chloro(dimethyl)vinylsilane,139,3,3,3,3,0
44422,35141-30-1,"N-(2-Aminoethyl)-N'-[3-(trimethoxysilyl)propyl]ethane-1,2-diamine",139,1,1,1,1,0
44943,4385-05-1,"N,N-Dimethyl-2-(morpholin-4-yl)ethanamine",139,1,1,1,1,0
44874,2167-23-9,"2,2-Bis(tert-butylperoxy)butane",139,0,0,0,0,0
44558,2597-93-5,Ethylmercurichlorendimide,139,77,3,11,2,9
40801,144171-61-9,(+/-)-Indoxacarb,139,10,10,3,3,0
44611,19532-03-7,"1,5-Naphthalenedisulfonic acid, 2-amino-, sodium salt (1:1)",139,1,1,1,1,0
47047,541-85-5,5-Methyl-3-heptanone,139,0,0,0,0,0
37579,10552-74-6,Nitrothal-isopropyl,263,10,10,5,5,0
52890,NOCAS_52890,AKIA112012,132,7,7,2,2,0
52891,NOCAS_52891,ZRMN-120612,132,6,6,2,2,0
52907,NOCAS_52907,DSH fall 2012_Dist,132,10,10,2,2,0
52909,NOCAS_52909,DSH fall 2012_Erie,132,4,4,2,2,0
52906,NOCAS_52906,DSH fall 2012_Prox,132,9,9,2,2,0
52908,NOCAS_52908,DSH fall 2012_Rice,132,3,3,2,2,0
52913,NOCAS_52913,DSH spr 2012_Knife,132,0,0,0,0,0
52911,NOCAS_52911,DSH spr 2012_LSW,132,1,1,1,1,0
52910,NOCAS_52910,DSH spr 2012_Prox,132,10,10,2,2,0
52899,NOCAS_52899,US-WWTP,132,3,3,2,2,0
52892,NOCAS_52892,SPCO-121212,132,14,14,2,2,0
52893,NOCAS_52893,SCGA-041713,132,4,4,2,2,0
52904,NOCAS_52904,Sappi 2013_WLSSD-EF,132,17,17,3,3,0
52895,NOCAS_52895,C111HS-041013,132,3,3,2,2,0
52905,NOCAS_52905,Sappi 2013_Proximal,132,9,9,2,2,0
52894,NOCAS_52894,RFPR-032713,132,4,4,2,2,0
52896,NOCAS_52896,PSNJ-121112,132,4,4,2,2,0
52903,NOCAS_52903,Extraction blank,132,1,1,1,1,0
52912,NOCAS_52912,DSH spr 2012_SMTP,132,4,4,2,2,0
52901,NOCAS_52901,DS-WWTP,132,4,4,2,2,0
52902,NOCAS_52902,EF-WWTP,132,9,9,2,2,0
52897,NOCAS_52897,IRIA-052113,132,2,2,2,2,0
52898,NOCAS_52898,FAR-UP,132,3,3,2,2,0
52900,NOCAS_52900,MX-WWTP,132,7,7,2,2,0
858882,NOCAS_858882,EPAMED_Water_Set2-16,82,1,1,1,1,0
858881,NOCAS_858881,EPAMED_Water_Set2-15,82,3,3,2,2,0
858880,NOCAS_858880,EPAMED_Water_Set2-14,82,2,2,2,2,0
858879,NOCAS_858879,EPAMED_Water_Set2-13,82,3,3,2,2,0
858878,NOCAS_858878,EPAMED_Water_Set2-12,82,3,3,2,2,0
858877,NOCAS_858877,EPAMED_Water_Set2-11,82,2,2,2,2,0
858876,NOCAS_858876,EPAMED_Water_Set2-10,82,1,1,1,1,0
858867,NOCAS_858867,EPAMED_Water_Set2-1,82,1,1,1,1,0
858889,NOCAS_858889,EPAMED_Water_Set2-23,82,3,3,2,2,0
858888,NOCAS_858888,EPAMED_Water_Set2-22,82,3,3,2,2,0
858887,NOCAS_858887,EPAMED_Water_Set2-21,82,3,3,2,2,0
858886,NOCAS_858886,EPAMED_Water_Set2-20,82,2,2,2,2,0
858868,NOCAS_858868,EPAMED_Water_Set2-2,82,2,2,2,2,0
858885,NOCAS_858885,EPAMED_Water_Set2-19,82,2,2,2,2,0
858884,NOCAS_858884,EPAMED_Water_Set2-18,82,3,3,2,2,0
858883,NOCAS_858883,EPAMED_Water_Set2-17,82,1,1,1,1,0
858890,NOCAS_858890,EPAMED_Water_Set2-24,82,1,1,1,1,0
858891,NOCAS_858891,EPAMED_Water_Set2-25,82,3,3,2,2,0
858892,NOCAS_858892,EPAMED_Water_Set2-26,82,0,0,0,0,0
858893,NOCAS_858893,EPAMED_Water_Set2-27,82,2,2,2,2,0
858894,NOCAS_858894,EPAMED_Water_Set2-28,82,1,1,1,1,0
858895,NOCAS_858895,EPAMED_Water_Set2-29,82,3,3,2,2,0
858869,NOCAS_858869,EPAMED_Water_Set2-3,82,2,2,2,2,0
858896,NOCAS_858896,EPAMED_Water_Set2-30,82,3,3,2,2,0
858918,NOCAS_858918,EPAMED_Water_Set2-52,82,2,2,2,2,0
858917,NOCAS_858917,EPAMED_Water_Set2-51,82,3,3,2,2,0
858916,NOCAS_858916,EPAMED_Water_Set2-50,82,6,6,2,2,0
858915,NOCAS_858915,EPAMED_Water_Set2-49,82,5,5,2,2,0
858871,NOCAS_858871,EPAMED_Water_Set2-5,82,2,2,2,2,0
858914,NOCAS_858914,EPAMED_Water_Set2-48,82,6,6,2,2,0
858913,NOCAS_858913,EPAMED_Water_Set2-47,82,4,4,2,2,0
858912,NOCAS_858912,EPAMED_Water_Set2-46,82,4,4,2,2,0
858911,NOCAS_858911,EPAMED_Water_Set2-45,82,3,3,1,1,0
858910,NOCAS_858910,EPAMED_Water_Set2-44,82,4,4,2,2,0
858909,NOCAS_858909,EPAMED_Water_Set2-43,82,1,1,1,1,0
858908,NOCAS_858908,EPAMED_Water_Set2-42,82,3,3,2,2,0
858907,NOCAS_858907,EPAMED_Water_Set2-41,82,4,4,2,2,0
858906,NOCAS_858906,EPAMED_Water_Set2-40,82,2,2,2,2,0
858905,NOCAS_858905,EPAMED_Water_Set2-39,82,4,4,2,2,0
858870,NOCAS_858870,EPAMED_Water_Set2-4,82,2,2,2,2,0
858904,NOCAS_858904,EPAMED_Water_Set2-38,82,2,2,2,2,0
858903,NOCAS_858903,EPAMED_Water_Set2-37,82,5,5,2,2,0
858902,NOCAS_858902,EPAMED_Water_Set2-36,82,3,3,2,2,0
858901,NOCAS_858901,EPAMED_Water_Set2-35,82,1,1,1,1,0
858900,NOCAS_858900,EPAMED_Water_Set2-34,82,0,0,0,0,0
858899,NOCAS_858899,EPAMED_Water_Set2-33,82,1,1,1,1,0
858898,NOCAS_858898,EPAMED_Water_Set2-32,82,3,3,2,2,0
858897,NOCAS_858897,EPAMED_Water_Set2-31,82,2,2,2,2,0
858919,NOCAS_858919,EPAMED_Water_Set2-53,82,8,8,2,2,0
858920,NOCAS_858920,EPAMED_Water_Set2-54,82,2,2,2,2,0
858921,NOCAS_858921,EPAMED_Water_Set2-55,82,2,2,2,2,0
858922,NOCAS_858922,EPAMED_Water_Set2-56,82,10,10,2,2,0
858872,NOCAS_858872,EPAMED_Water_Set2-6,82,2,2,2,2,0
858873,NOCAS_858873,EPAMED_Water_Set2-7,82,2,2,2,2,0
858874,NOCAS_858874,EPAMED_Water_Set2-8,82,3,3,2,2,0
858875,NOCAS_858875,EPAMED_Water_Set2-9,82,2,2,1,1,0
