chid,chnm,bound_provenance,n_biofam_tested,n_biofam_active,n_biofam_separated,frac_tested_active,frac_tested_separated,family_loss
276659,"Perfluoro-(2,5,8-trimethyl-3,6,9-trioxadodecanoic) acid",default,15,5,5,0.3333333333333333,0.3333333333333333,0
382620,3-(Perfluoroheptyl)propanoic acid,default,17,10,10,0.5882352941176471,0.5882352941176471,0
892443,Sodium perfluorodecanesulfonate,estimated,13,10,5,0.7692307692307693,0.38461538461538464,5
31864,Perfluorooctanesulfonic acid,estimated,42,34,20,0.8095238095238095,0.47619047619047616,14
37303,Perfluoroheptanoic acid,default,38,13,13,0.34210526315789475,0.34210526315789475,0
663110,Perfluoro-4-isopropoxybutanoic acid,default,16,6,6,0.375,0.375,0
190950,6:1 Fluorotelomer alcohol,estimated,15,11,2,0.7333333333333333,0.13333333333333333,9
880230,"((2,2,3,3-Tetrafluoropropoxy)methyl)oxirane",default,15,6,6,0.4,0.4,0
892442,"Perfluoro-2,5-dimethyl-3,6-dioxanonanoic acid",default,15,4,4,0.26666666666666666,0.26666666666666666,0
60985,Hexafluoroglutaryl chloride,default,16,5,5,0.3125,0.3125,0
31860,Perfluorodecanoic acid,estimated,41,28,15,0.6829268292682927,0.36585365853658536,13
868151,Perfluorotridecanoic acid,estimated,16,13,5,0.8125,0.3125,8
59799,"1H,1H-Perfluorooctyl acrylate",estimated,15,5,1,0.3333333333333333,0.06666666666666667,4
40150,Perfluorohexanesulfonic acid,default,15,9,9,0.6,0.6,0
47553,Perfluoroundecanoic acid,estimated,41,24,16,0.5853658536585366,0.3902439024390244,8
382621,7:3 Fluorotelomer alcohol,estimated,16,14,4,0.875,0.25,10
881157,"1-(Perfluorofluorooctyl)propane-2,3-diol",default,15,9,9,0.6,0.6,0
880413,"3-(Perfluorohexyl)-1,2-epoxypropane",default,15,2,2,0.13333333333333333,0.13333333333333333,0
371872,"1,8-Divinylperfluorooctane",default,14,4,4,0.2857142857142857,0.2857142857142857,0
59828,1-Iodopentadecafluoroheptane,estimated,14,7,2,0.5,0.14285714285714285,5
379901,(Perfluoro-5-methylhexyl)ethyl 2-methylprop-2-enoate,default,14,5,5,0.35714285714285715,0.35714285714285715,0
880218,"1H,1H,2H-Perfluorocyclopentane",default,14,4,4,0.2857142857142857,0.2857142857142857,0
380390,"2,2,2-Trifluoroethyl perfluorobutanesulfonate",default,16,10,10,0.625,0.625,0
27831,N-Methyl-N-(2-hydroxyethyl)perfluorooctanesulfonamide,estimated,16,9,6,0.5625,0.375,3
191136,Perfluoro-3-methoxypropanoic acid,default,16,3,3,0.1875,0.1875,0
47578,"1H,1H,2H,2H-Perfluorohexyl iodide",default,26,8,8,0.3076923076923077,0.3076923076923077,0
381151,Perfluorooctanamidine,estimated,16,14,4,0.875,0.25,10
400078,(Heptafluoropropyl)trimethylsilane,default,14,4,4,0.2857142857142857,0.2857142857142857,0
44969,Methyl perfluoro(3-(1-ethenyloxypropan-2-yloxy)propanoate),default,16,11,11,0.6875,0.6875,0
62599,Perfluoropentanoic acid,default,15,4,4,0.26666666666666666,0.26666666666666666,0
379268,3:3 Fluorotelomer carboxylic acid,default,16,4,4,0.25,0.25,0
179883,2-(Perfluorohexyl)ethylphosphonic acid,default,16,7,7,0.4375,0.4375,0
65586,(Perfluoropropyl)methyl methacrylate,default,16,4,4,0.25,0.25,0
204489,Perfluorooct-1-ene,default,17,6,6,0.35294117647058826,0.35294117647058826,0
379781,Perfluorocyclohexanecarbonyl fluoride,default,16,3,3,0.1875,0.1875,0
74616,"1H,1H,2H-Perfluoro-1-decene",default,14,2,2,0.14285714285714285,0.14285714285714285,0
61881,"1-Iodo-1H,1H,2H,2H-perfluoroheptane",estimated,16,10,2,0.625,0.125,8
67331,6:2 Fluorotelomer sulfonic acid,default,15,8,8,0.5333333333333333,0.5333333333333333,0
627108,((Perfluorooctyl)ethyl)phosphonic acid,estimated,18,13,7,0.7222222222222222,0.3888888888888889,6
315130,Perfluoro-1-octanesulfonyl chloride,estimated,18,15,5,0.8333333333333334,0.2777777777777778,10
47566,Perfluoro-1-iodohexane,default,15,8,8,0.5333333333333333,0.5333333333333333,0
59919,1-Bromopentadecafluoroheptane,default,14,5,5,0.35714285714285715,0.35714285714285715,0
60332,(Perfluorobutyryl)-2-thenoylmethane,estimated,16,14,11,0.875,0.6875,3
27140,Perfluorooctanesulfonyl fluoride,default,16,6,6,0.375,0.375,0
194615,"1H,1H,9H-Perfluorononyl acrylate",estimated,16,13,5,0.8125,0.3125,8
74915,Triethoxy((perfluorohexyl)ethyl)silane,default,15,5,5,0.3333333333333333,0.3333333333333333,0
66215,(Heptafluorobutanoyl)pivaloylmethane,estimated,16,8,3,0.5,0.1875,5
195123,Perfluorooctanamide,default,16,5,5,0.3125,0.3125,0
59794,Perfluorooctane,default,15,1,1,0.06666666666666667,0.06666666666666667,0
192353,8:2 Fluorotelomer sulfonic acid,default,16,10,10,0.625,0.625,0
337446,2-(Perfluorooctyl)ethanthiol,default,16,5,5,0.3125,0.3125,0
59834,Perfluamine,default,15,2,2,0.13333333333333333,0.13333333333333333,0
174941,"3H,3H-Perfluoro-2,4-hexanedione",default,16,7,7,0.4375,0.4375,0
229163,Trichloro((perfluorohexyl)ethyl)silane,default,14,3,3,0.21428571428571427,0.21428571428571427,0
379721,"1H,1H,6H,6H-Perfluorohexane-1,6-diol diacrylate",estimated,17,17,8,1.0,0.47058823529411764,9
382104,9-Chloro-perfluorononanoic acid,estimated,19,15,7,0.7894736842105263,0.3684210526315789,8
59921,Perfluorotetradecanoic acid,estimated,16,10,3,0.625,0.1875,7
469320,Perfluorohexanesulfonamide,estimated,16,13,6,0.8125,0.375,7
59920,Perfluoroheptanesulfonic acid,default,16,11,11,0.6875,0.6875,0
59970,Perfluoropropanoic acid,default,14,4,4,0.2857142857142857,0.2857142857142857,0
59833,Perfluorohexanedioic acid,default,16,2,2,0.125,0.125,0
380797,"1H,1H-Perfluoro-3,6,9-trioxadecan-1-ol",estimated,16,14,4,0.875,0.25,10
67348,2-(Perfluorooctyl)ethyl acrylate,default,15,8,8,0.5333333333333333,0.5333333333333333,0
59912,Heptafluorobutyl iodide,default,15,3,3,0.2,0.2,0
59926,Perfluoropentanedioic acid,default,14,4,4,0.2857142857142857,0.2857142857142857,0
874028,"2H,2H,3H,3H-Perfluorooctanoic acid",default,16,10,10,0.625,0.625,0
31863,Perfluorononanoic acid,estimated,40,33,12,0.825,0.3,21
892417,4H-Perfluorobutanoic acid,default,16,6,6,0.375,0.375,0
59879,"1H,1H,5H-Perfluoropentanol",default,15,5,5,0.3333333333333333,0.3333333333333333,0
378880,"2,2-Difluoroethyl triflate",default,15,7,7,0.4666666666666667,0.4666666666666667,0
62122,Fluorotelomer alcohol 4:2,default,15,6,6,0.4,0.4,0
442840,2-(Trifluoromethoxy)ethyl trifluoromethanesulfonate,default,16,3,3,0.1875,0.1875,0
880134,1-Pentafluoroethylethanol,default,15,2,2,0.13333333333333333,0.13333333333333333,0
32646,N-Ethylperfluorooctane sulfonamide,estimated,39,26,13,0.6666666666666666,0.3333333333333333,13
375114,"Perfluoro-3,6,9-trioxatridecanoic acid",estimated,18,17,11,0.9444444444444444,0.6111111111111112,6
382063,"Perfluoro-3,6-dioxaheptanoic acid",default,16,9,9,0.5625,0.5625,0
108559,Ammonium perfluoro-2-methyl-3-oxahexanoate,estimated,13,8,4,0.6153846153846154,0.3076923076923077,4
38840,(Perfluorohexyl)ethyl acrylate,default,3,2,2,0.6666666666666666,0.6666666666666666,0
21641,Nonanoic acid,default,37,5,5,0.13513513513513514,0.13513513513513514,0
21600,Heptanoic acid,default,36,2,2,0.05555555555555555,0.05555555555555555,0
21645,Octanoic acid,default,37,10,10,0.2702702702702703,0.2702702702702703,0
21554,Decanoic acid,default,36,10,10,0.2777777777777778,0.2777777777777778,0
61954,11-H-Perfluoroundecanoic acid,estimated,19,14,9,0.7368421052631579,0.47368421052631576,5
380798,"1H,1H,11H,11H-Perfluorotetraethylene glycol",estimated,16,13,10,0.8125,0.625,3
880144,Ethyl pentafluoropropionyl acetate,default,15,5,5,0.3333333333333333,0.3333333333333333,0
223797,Dichloromethyl((perfluorohexyl)ethyl)silane,default,14,6,6,0.42857142857142855,0.42857142857142855,0
60986,"1H,1H,5H,5H-Perfluoro-1,5-pentanediol diacrylate",estimated,17,17,12,1.0,0.7058823529411765,5
235137,Dimethoxymethyl((perfluorohexyl)ethyl)silane,default,15,1,1,0.06666666666666667,0.06666666666666667,0
379884,"3-(Perfluoro-3-methylbutyl)-1,2-epoxypropane",default,15,2,2,0.13333333333333333,0.13333333333333333,0
224331,"2,2,3,3-Tetrafluoropropyl acrylate",estimated,17,14,8,0.8235294117647058,0.47058823529411764,6
379254,"1H,1H-Heptafluorobutyl epoxide",default,14,5,5,0.35714285714285715,0.35714285714285715,0
59928,Perfluorobutanedioic acid,estimated,15,4,0,0.26666666666666666,0.0,4
880156,"1-Iodo-1H,1H,2H,2H-perfluorononane",estimated,16,9,0,0.5625,0.0,9
440585,1-(Perfluorohexyl)octane,default,14,5,5,0.35714285714285715,0.35714285714285715,0
68772,2-(Perfluorobutyl)ethyl acrylate,estimated,17,12,1,0.7058823529411765,0.058823529411764705,11
340244,"1H,1H,7H-Perfluoroheptyl 4-methylbenzenesulfonate",estimated,16,8,4,0.5,0.25,4
379666,N-Methyl-N-trimethylsilylheptafluorobutyramide,default,15,4,4,0.26666666666666666,0.26666666666666666,0
396867,"1H,1H,8H,8H-Perfluorooctane-1,8-diol",estimated,16,7,4,0.4375,0.25,3
63235,(Perfluoroheptyl)methyl methacrylate,default,15,5,5,0.3333333333333333,0.3333333333333333,0
369896,"1H,1H,10H,10H-Perfluorodecane-1,10-diol",estimated,16,13,6,0.8125,0.375,7
537191,Methyl 3H-perfluoroisopropyl ether,default,14,5,5,0.35714285714285715,0.35714285714285715,0
379295,"3H-Perfluoro-2,2,4,4-tetrahydroxypentane",estimated,16,14,9,0.875,0.5625,5
377826,"1H,1H-Perfluoropentylamine",default,15,4,4,0.26666666666666666,0.26666666666666666,0
395037,tris(Trifluoroethoxy)methane,default,15,1,1,0.06666666666666667,0.06666666666666667,0
59914,3:1 Fluorotelomer alcohol,default,15,3,3,0.2,0.2,0
170109,"3,3-Bis(trifluoromethyl)-2-propenoic acid",estimated,16,11,6,0.6875,0.375,5
381992,"Bis(1H,1H-perfluoropropyl)amine",default,15,6,6,0.4,0.4,0
379269,3-(Perfluoropropyl)propanol,default,15,2,2,0.13333333333333333,0.13333333333333333,0
59916,Perfluorobutanoic acid,default,16,5,5,0.3125,0.3125,0
558000,6:2 Fluorotelomer phosphate monoester,default,15,10,10,0.6666666666666666,0.6666666666666666,0
880026,Potassium perfluorooctanoate,default,4,1,1,0.25,0.25,0
59969,"1H-Perfluoro-1,1-propanediol",default,16,3,3,0.1875,0.1875,0
379991,3-(Perfluorooctyl)propanol,estimated,16,13,3,0.8125,0.1875,10
184723,"1H,1H-Perfluorooctylamine",default,14,5,5,0.35714285714285715,0.35714285714285715,0
380256,"4,4-bis(Trifluoromethyl)-4-fluoropropanoic acid",default,14,5,5,0.35714285714285715,0.35714285714285715,0
379814,Perfluoro-2-ethoxyethanesulfonic acid,default,14,9,9,0.6428571428571429,0.6428571428571429,0
880025,Sodium perfluorooctanoate,default,4,1,1,0.25,0.25,0
62101,2-(Perfluorooctyl)ethyl methacrylate,default,14,3,3,0.21428571428571427,0.21428571428571427,0
226894,9H-Perfluorononanoic acid,default,14,8,8,0.5714285714285714,0.5714285714285714,0
371164,"1H,1H-Perfluoro-2,5-dimethyl-3,6-dioxanonan-1-ol",estimated,13,10,2,0.7692307692307693,0.15384615384615385,8
622698,2H-Perfluoroisopropyl 2-fluoroacrylate,default,13,3,3,0.23076923076923078,0.23076923076923078,0
190949,"1,6-Diiodoperfluorohexane",estimated,15,15,6,1.0,0.4,9
59871,Perfluoropropanamide,default,15,3,3,0.2,0.2,0
381073,"Perfluoro-3,6-dioxadecanoic acid",estimated,14,8,6,0.5714285714285714,0.42857142857142855,2
238701,Perfluoropinacol,estimated,14,11,8,0.7857142857142857,0.5714285714285714,3
190948,"Perfluoro-1,4-diiodobutane",estimated,15,15,4,1.0,0.26666666666666666,11
377821,4:4 Fluorotelomer alcohol,default,16,2,2,0.125,0.125,0
60965,Heptafluorobutyramide,default,15,3,3,0.2,0.2,0
51419,"N-[(Perfluorooctylsulfonamido)propyl]-N,N,N-trimethylammonium iodide",estimated,16,15,6,0.9375,0.375,9
47558,2-(Perfluorohexyl)ethyl methacrylate,default,38,11,11,0.2894736842105263,0.2894736842105263,0
375107,11:1 Fluorotelomer alcohol,estimated,16,9,5,0.5625,0.3125,4
37708,Ammonium perfluorooctanoate,estimated,39,17,10,0.4358974358974359,0.2564102564102564,7
381090,"1H,1H,8H,8H-Perfluoro-3,6-dioxaoctane-1,8-diol",default,16,5,5,0.3125,0.3125,0
59832,"1H,1H,7H-Dodecafluoro-1-heptanol",estimated,16,5,1,0.3125,0.0625,4
59927,Hexafluoroamylene glycol,default,15,3,3,0.2,0.2,0
44572,Fluorotelomer alcohol 6:2,estimated,38,14,5,0.3684210526315789,0.13157894736842105,9
67629,N-Methylperfluorooctanesulfonamide,estimated,16,11,5,0.6875,0.3125,6
310730,Octafluoroadipamide,default,16,7,7,0.4375,0.4375,0
380257,3-(Perfluoroisopropyl)-2-propenoic acid,default,16,3,3,0.1875,0.1875,0
37706,Potassium perfluorooctanesulfonate,estimated,40,29,13,0.725,0.325,16
27426,N-Ethyl-N-(2-hydroxyethyl)perfluorooctane sulfonamide,estimated,16,13,5,0.8125,0.3125,8
375106,"Perfluoro-3,6-dioxaoctane-1,8-dioic acid",default,16,2,2,0.125,0.125,0
880215,Perfluoro-2-methyl-3-oxahexanoic acid,default,16,5,5,0.3125,0.3125,0
37709,Potassium perfluorohexanesulfonate,default,37,20,20,0.5405405405405406,0.5405405405405406,0
500450,Perfluoro(4-methoxybutanoic acid),default,16,6,6,0.375,0.375,0
29904,Fluorotelomer alcohol 8:2,estimated,39,14,5,0.358974358974359,0.1282051282051282,9
382093,2-Aminohexafluoropropan-2-ol,estimated,15,7,3,0.4666666666666667,0.2,4
38939,Perfluorooctanesulfonamide,estimated,41,35,23,0.8536585365853658,0.5609756097560976,12
400587,Nonafluoropentanamide,default,15,4,4,0.26666666666666666,0.26666666666666666,0
30030,Perfluorobutanesulfonic acid,default,16,5,5,0.3125,0.3125,0
379947,2-(Perfluorohexyl)ethanethiol,default,15,5,5,0.3333333333333333,0.3333333333333333,0
565479,8H-Perfluorooctanoic acid,default,15,11,11,0.7333333333333333,0.7333333333333333,0
379917,3-(Perfluorohexyl)propanoic acid,default,15,10,10,0.6666666666666666,0.6666666666666666,0
335129,"1,6-Dibromododecafluorohexane",default,14,4,4,0.2857142857142857,0.2857142857142857,0
379835,"1H,1H-Perfluoroheptylamine",default,14,5,5,0.35714285714285715,0.35714285714285715,0
379925,Perfluorononanoyl chloride,estimated,18,14,9,0.7777777777777778,0.5,5
59829,Perfluorooctanoyl fluoride,default,16,10,10,0.625,0.625,0
379930,"1H,1H-Perfluorononylamine",default,14,4,4,0.2857142857142857,0.2857142857142857,0
382154,Perfluoroheptanoyl chloride,default,16,12,12,0.75,0.75,0
187142,Pentadecafluorooctanoyl chloride,default,15,10,10,0.6666666666666666,0.6666666666666666,0
880131,"1H,1H,5H-Perfluoropentyl methacrylate",default,16,9,9,0.5625,0.5625,0
380837,"Perfluoro-3,6,9-trioxadecanoic acid",default,15,8,8,0.5333333333333333,0.5333333333333333,0
31865,Perfluorooctanoic acid,default,39,19,19,0.48717948717948717,0.48717948717948717,0
37707,Potassium perfluorobutanesulfonate,default,37,3,3,0.08108108108108109,0.08108108108108109,0
190946,Perfluorobutyraldehyde,default,6,1,1,0.16666666666666666,0.16666666666666666,0
370988,Allyl perfluoroisopropyl ether,default,6,1,1,0.16666666666666666,0.16666666666666666,0
891564,4:2 Fluorotelomer sulfonic acid,default,16,4,4,0.25,0.25,0
382147,"3-(Perfluoro-2-butyl)propane-1,2-diol",default,15,5,5,0.3333333333333333,0.3333333333333333,0
366226,Perfluoropentanamide,default,16,4,4,0.25,0.25,0
379270,1-Propenylperfluoropropane,default,6,1,1,0.16666666666666666,0.16666666666666666,0
31862,Perfluorohexanoic acid,default,39,11,11,0.28205128205128205,0.28205128205128205,0
441560,"Methyl 2H,2H,3H,3H-perfluoroheptanoate",default,16,5,5,0.3125,0.3125,0
275806,3H-Perfluoro-4-hydroxy-3-penten-2-one,default,5,1,1,0.2,0.2,0
285748,Methyl perfluoroethyl ketone,default,5,1,1,0.2,0.2,0
74059,"Difluoromethyl 1H,1H-perfluoropropyl ether",default,5,1,1,0.2,0.2,0
31077,Curcumin,estimated,23,18,15,0.782608695652174,0.6521739130434783,3
30636,Doxorubicin hydrochloride,estimated,21,17,8,0.8095238095238095,0.38095238095238093,9
20716,Hydroquinone,estimated,38,18,9,0.47368421052631576,0.23684210526315788,9
41035,(6)-Gingerol,default,12,3,3,0.25,0.25,0
872663,Bisdemethoxycurcumin,estimated,15,13,11,0.8666666666666667,0.7333333333333333,2
865801,Tetrahydrocurcumin,estimated,16,11,8,0.6875,0.5,3
20232,Caffeine,estimated,40,10,4,0.25,0.1,6
20523,"2,4-Dinitrophenol",estimated,37,30,9,0.8108108108108109,0.24324324324324326,21
110042,Atorvastatin calcium trihydrate,default,1,1,1,1.0,1.0,0
40684,Mevastatin,default,10,5,5,0.5,0.5,0
20784,Lovastatin,estimated,41,28,13,0.6829268292682927,0.3170731707317073,15
23581,Simvastatin,estimated,41,27,15,0.6585365853658537,0.36585365853658536,12
110051,Fluvastatin sodium hydrate,default,1,1,1,1.0,1.0,0
46488,Cerivastatin sodium,estimated,25,16,9,0.64,0.36,7
47133,"2,4,5-Trimethyl-3-oxazoline",default,15,5,5,0.3333333333333333,0.3333333333333333,0
49225,Oxazolone,default,15,4,4,0.26666666666666666,0.26666666666666666,0
21209,6-Propyl-2-thiouracil,default,42,9,9,0.21428571428571427,0.21428571428571427,0
893171,Xanthohumol,default,1,1,1,1.0,1.0,0
57907,MED_ChemMix_7EQC,default,4,1,1,0.25,0.25,0
57915,MED_ERAntagonMix_4EQC,default,4,2,2,0.5,0.5,0
21961,Benzophenone,default,37,11,11,0.2972972972972973,0.2972972972972973,0
32390,Fenarimol,estimated,41,33,11,0.8048780487804879,0.2682926829268293,22
34186,Spironolactone,estimated,39,31,9,0.7948717948717948,0.23076923076923078,22
57908,MED_ChemMix_7EnvC,default,4,1,1,0.25,0.25,0
57916,MED_ERAgonMix_4EQC,default,4,1,1,0.25,0.25,0
20182,Bisphenol A,estimated,43,26,17,0.6046511627906976,0.3953488372093023,9
34609,Fipronil,estimated,40,35,16,0.875,0.4,19
34187,Tamoxifen,estimated,42,32,19,0.7619047619047619,0.4523809523809524,13
57909,MED_IVEDCMix_4EQC,default,4,1,1,0.25,0.25,0
57917,MED_ERBothMix_8EQC,default,4,2,2,0.5,0.5,0
47576,Cotinine,default,39,2,2,0.05128205128205128,0.05128205128205128,0
20827,Methoxychlor,estimated,40,33,14,0.825,0.35,19
34192,17beta-Trenbolone,estimated,38,28,14,0.7368421052631579,0.3684210526315789,14
57910,MED_IVEDCMix_4EnvC,default,4,2,2,0.5,0.5,0
20431,"1,4-Dichlorobenzene",default,36,2,2,0.05555555555555555,0.05555555555555555,0
20366,Cyproterone acetate,estimated,38,30,11,0.7894736842105263,0.2894736842105263,19
20913,Naphthalene,default,38,7,7,0.18421052631578946,0.18421052631578946,0
32498,Triclosan,estimated,42,37,19,0.8809523809523809,0.4523809523809524,18
57911,MED_EnvEDCMix_9EQC,default,4,1,1,0.25,0.25,0
20573,17beta-Estradiol,estimated,39,21,11,0.5384615384615384,0.28205128205128205,10
21995,DEET,default,37,9,9,0.24324324324324326,0.24324324324324326,0
24270,Prochloraz,estimated,39,35,20,0.8974358974358975,0.5128205128205128,15
40701,Triethyl citrate,default,36,3,3,0.08333333333333333,0.08333333333333333,0
57912,MED_EnvEDCMix_9EnvC,default,4,1,1,0.25,0.25,0
20877,1-Methylnaphthalene,default,36,2,2,0.05555555555555555,0.05555555555555555,0
20465,Diethylstilbestrol,estimated,42,35,23,0.8333333333333334,0.5476190476190477,12
22341,Prometon,default,38,15,15,0.39473684210526316,0.39473684210526316,0
21758,Tris(2-butoxyethyl) phosphate,estimated,26,18,12,0.6923076923076923,0.46153846153846156,6
57913,MED_ChemSTMix_5EQC,default,4,1,1,0.25,0.25,0
22312,4-Octylphenol,estimated,39,28,9,0.717948717948718,0.23076923076923078,19
20576,17alpha-Ethinylestradiol,estimated,37,22,12,0.5945945945945946,0.32432432432432434,10
24280,Propiconazole,estimated,39,34,16,0.8717948717948718,0.41025641025641024,18
22361,Vinclozolin,estimated,39,16,11,0.41025641025641024,0.28205128205128205,5
57914,MED_ChemSTMix_5EnvC,default,4,1,1,0.25,0.25,0
23907,Benzo(b)fluoranthene,estimated,39,30,19,0.7692307692307693,0.48717948717948717,11
22366,Estriol,default,26,11,11,0.4230769230769231,0.4230769230769231,0
34181,Raloxifene hydrochloride,estimated,39,33,18,0.8461538461538461,0.46153846153846156,15
22333,sec-Butylbenzene,default,14,3,3,0.21428571428571427,0.21428571428571427,0
21185,Prednisone,default,37,11,11,0.2972972972972973,0.2972972972972973,0
34869,Prothioconazole,estimated,25,18,10,0.72,0.4,8
20622,Ferric chloride,default,14,3,3,0.21428571428571427,0.21428571428571427,0
29055,"4-Nonylphenol, branched",estimated,41,28,20,0.6829268292682927,0.4878048780487805,8
21137,"1,3-Benzenediamine",default,36,9,9,0.25,0.25,0
25502,Linalool,default,24,5,5,0.20833333333333334,0.20833333333333334,0
25505,Linoleic acid,estimated,20,11,5,0.55,0.25,6
20354,Cyanoguanidine,default,16,1,1,0.0625,0.0625,0
25886,"Ethyl 2,3-epoxy-3-phenylpropionate",default,16,5,5,0.3125,0.3125,0
29692,Potassium nitrate,default,24,5,5,0.20833333333333334,0.20833333333333334,0
35748,Chloroallyl methenamine chloride,estimated,17,6,3,0.35294117647058826,0.17647058823529413,3
29600,Methacrylamide,default,36,1,1,0.027777777777777776,0.027777777777777776,0
24621,Diethylene glycol dimethyl ether,default,37,14,14,0.3783783783783784,0.3783783783783784,0
20710,"1,2-Diphenylhydrazine",estimated,38,15,4,0.39473684210526316,0.10526315789473684,11
20143,Benzoic acid,default,38,6,6,0.15789473684210525,0.15789473684210525,0
25595,"N,N'-Methylenebisacrylamide",default,37,13,13,0.35135135135135137,0.35135135135135137,0
34601,"(2R,6S)-Fenpropimorph",estimated,19,9,6,0.47368421052631576,0.3157894736842105,3
21426,Urea,estimated,36,7,2,0.19444444444444445,0.05555555555555555,5
25337,Formamide,default,36,2,2,0.05555555555555555,0.05555555555555555,0
20040,Aldrin,estimated,40,25,14,0.625,0.35,11
32671,Metalaxyl-M,default,24,4,4,0.16666666666666666,0.16666666666666666,0
20779,Lithocholic acid,estimated,15,10,6,0.6666666666666666,0.4,4
48174,FR167356,estimated,39,32,10,0.8205128205128205,0.2564102564102564,22
24247,Pentachlorobenzene,default,24,10,10,0.4166666666666667,0.4166666666666667,0
42503,Tripropylene glycol butyl ether,default,15,1,1,0.06666666666666667,0.06666666666666667,0
42154,Methyl red,estimated,17,10,5,0.5882352941176471,0.29411764705882354,5
23430,Pentaerythritol tetranitrate,default,16,3,3,0.1875,0.1875,0
27963,Isooctadecanoic acid,default,19,11,11,0.5789473684210527,0.5789473684210527,0
21597,Heptanal,default,25,7,7,0.28,0.28,0
21113,Peppermint oil,default,15,2,2,0.13333333333333333,0.13333333333333333,0
20755,Isoniazid,default,38,7,7,0.18421052631578946,0.18421052631578946,0
26499,"4,4'-Oxybis(benzenesulfohydrazide)",default,16,3,3,0.1875,0.1875,0
47248,CI-1018,default,37,23,23,0.6216216216216216,0.6216216216216216,0
26265,Tris(2-ethylhexyl) trimellitate,default,36,3,3,0.08333333333333333,0.08333333333333333,0
48184,Melengestrol acetate,estimated,17,7,5,0.4117647058823529,0.29411764705882354,2
24209,Naled,estimated,37,22,12,0.5945945945945946,0.32432432432432434,10
26285,Veratraldehyde,default,15,3,3,0.2,0.2,0
48516,PharmaGSID_48516,estimated,37,17,5,0.4594594594594595,0.13513513513513514,12
42065,"rel-(1R,4S,4aS,5R,8S,8aR)-1,2,3,4,10,10-Hexachloro-1,4,4a,5,8,8a-hexahydro-1,4:5,8-dimethanonaphthalene",estimated,23,17,11,0.7391304347826086,0.4782608695652174,6
34501,gamma-Cyhalothrin,estimated,23,9,8,0.391304347826087,0.34782608695652173,1
32372,Difenoconazole,estimated,40,35,20,0.875,0.5,15
26665,3-Pyridinecarbonitrile,default,37,3,3,0.08108108108108109,0.08108108108108109,0
35272,"2,6-Diisopropylnaphthalene",default,15,4,4,0.26666666666666666,0.26666666666666666,0
20164,Pentaerythritol dibromide,default,39,4,4,0.10256410256410256,0.10256410256410256,0
21842,Cyclohexanone oxime,estimated,16,6,2,0.375,0.125,4
20466,"N,N'-Diethylthiourea",default,15,2,2,0.13333333333333333,0.13333333333333333,0
40700,Trimethoxyphenylsilane,default,24,2,2,0.08333333333333333,0.08333333333333333,0
21792,Salicylaldehyde,default,16,3,3,0.1875,0.1875,0
21402,"1,2,4-Trimethylbenzene",default,36,2,2,0.05555555555555555,0.05555555555555555,0
47308,CP-105696,estimated,36,26,14,0.7222222222222222,0.3888888888888889,12
22933,Digitoxin,estimated,16,10,2,0.625,0.125,8
24657,3-Bromo-1-propanol,default,38,2,2,0.05263157894736842,0.05263157894736842,0
20862,3-Methylcholanthrene,estimated,15,9,6,0.6,0.4,3
48168,Fabesetron hydrochloride,estimated,37,34,11,0.918918918918919,0.2972972972972973,23
24194,(+/-)-2-(4-Chloro-2-methylphenoxy)propionic acid,default,24,3,3,0.125,0.125,0
29246,Triethoxyoctylsilane,estimated,38,9,3,0.23684210526315788,0.07894736842105263,6
36515,Testosterone propionate,estimated,38,23,11,0.6052631578947368,0.2894736842105263,12
38887,Fluorescein,estimated,27,19,1,0.7037037037037037,0.037037037037037035,18
25961,Propionic acid,default,15,2,2,0.13333333333333333,0.13333333333333333,0
26088,"1,2,3,4-Tetrachlorobenzene",default,16,8,8,0.5,0.5,0
41688,Bupirimate,estimated,14,7,1,0.5,0.07142857142857142,6
20870,"2,2'-Methylenebis(4-methyl-6-tert-butylphenol)",estimated,21,18,6,0.8571428571428571,0.2857142857142857,12
42094,Levomenol,estimated,17,10,2,0.5882352941176471,0.11764705882352941,8
21388,"2,4,5-Trichlorophenoxyacetic acid",estimated,25,9,3,0.36,0.12,6
24821,1-Chloro-4-(trifluoromethyl)benzene,default,15,3,3,0.2,0.2,0
27863,Polypropylene glycol,default,15,1,1,0.06666666666666667,0.06666666666666667,0
23723,Tromethamine,default,17,2,2,0.11764705882352941,0.11764705882352941,0
21415,Triisopropanolamine,default,15,3,3,0.2,0.2,0
20331,Ciprofibrate,default,15,4,4,0.26666666666666666,0.26666666666666666,0
47313,GW473178E methyl benzene sulphonic acid,default,37,26,26,0.7027027027027027,0.7027027027027027,0
27527,"1,2,5,6,9,10-Hexabromocyclododecane",estimated,25,18,13,0.72,0.52,5
51557,"2,6-Dimethylpyridine",default,15,1,1,0.06666666666666667,0.06666666666666667,0
21836,"1,4-Dinitrobenzene",estimated,25,16,9,0.64,0.36,7
29289,"7a-Ethyldihydro-1H,3H,5H-oxazolo(3,4-c)oxazole",default,36,3,3,0.08333333333333333,0.08333333333333333,0
20760,Ifosfamide,default,24,6,6,0.25,0.25,0
22308,Genistein,estimated,40,20,12,0.5,0.3,8
20671,FD&C Green No. 1,default,15,7,7,0.4666666666666667,0.4666666666666667,0
34823,Pinoxaden,estimated,23,11,5,0.4782608695652174,0.21739130434782608,6
21301,Tamoxifen citrate,estimated,40,36,19,0.9,0.475,17
37028,Hexadecyltrimethylammonium bromide,estimated,21,16,6,0.7619047619047619,0.2857142857142857,10
26799,"2,4,6-Trichloro-s-triazine",default,15,4,4,0.26666666666666666,0.26666666666666666,0
20194,Boric acid (H3BO3),default,40,4,4,0.1,0.1,0
36226,Sodium octyl sulfate,default,16,3,3,0.1875,0.1875,0
35423,"1,4-Dimethylnaphthalene",default,16,5,5,0.3125,0.3125,0
29159,"2,6,8-Trimethyl-4-nonanol",estimated,16,5,2,0.3125,0.125,3
26879,Hexamethyleneimine,default,16,3,3,0.1875,0.1875,0
27218,"2,6-Diethylaniline",default,36,4,4,0.1111111111111111,0.1111111111111111,0
24238,Oryzalin,estimated,38,35,11,0.9210526315789473,0.2894736842105263,24
47277,Elzasonan,estimated,39,33,14,0.8461538461538461,0.358974358974359,19
20822,Methotrexate,estimated,40,21,6,0.525,0.15,15
37752,Diphenyl isophthalate,default,39,10,10,0.2564102564102564,0.2564102564102564,0
47251,CP-122721,estimated,37,29,15,0.7837837837837838,0.40540540540540543,14
32581,Zoxamide,estimated,38,32,13,0.8421052631578947,0.34210526315789475,19
41376,"2,6-Dimethyl-4-tridecylmorpholine",estimated,39,12,4,0.3076923076923077,0.10256410256410256,8
32549,Fenhexamid,estimated,38,14,10,0.3684210526315789,0.2631578947368421,4
46666,C.I. Basic Violet 1,estimated,10,8,5,0.8,0.5,3
47367,HMR1171,estimated,19,17,10,0.8947368421052632,0.5263157894736842,7
20792,Maleic hydrazide,default,36,4,4,0.1111111111111111,0.1111111111111111,0
47395,"Diisononyl cyclohexane-1,2-dicarboxylate",default,36,11,11,0.3055555555555556,0.3055555555555556,0
24072,Diphenamid,default,16,4,4,0.25,0.25,0
41273,Pyrazolone T,default,17,4,4,0.23529411764705882,0.23529411764705882,0
29325,Methyl dihydrojasmonate,default,17,3,3,0.17647058823529413,0.17647058823529413,0
36288,2-Octyl-1-dodecanol,default,16,3,3,0.1875,0.1875,0
21666,Tetradecanoic acid,default,20,8,8,0.4,0.4,0
41141,o-(Chloroacetylcarbamoyl)fumagillol,estimated,39,19,9,0.48717948717948717,0.23076923076923078,10
40747,17alpha-Hydroxyprogesterone,default,38,14,14,0.3684210526315789,0.3684210526315789,0
32580,Trifloxystrobin,estimated,39,21,14,0.5384615384615384,0.358974358974359,7
21286,Styrene oxide,default,36,4,4,0.1111111111111111,0.1111111111111111,0
22179,Pentachloropyridine,estimated,37,12,6,0.32432432432432434,0.16216216216216217,6
33664,17-Methyltestosterone,estimated,37,25,12,0.6756756756756757,0.32432432432432434,13
32386,Ethalfluralin,estimated,38,16,9,0.42105263157894735,0.23684210526315788,7
22474,Corticosterone,estimated,38,19,11,0.5,0.2894736842105263,8
23825,Indium arsenide,default,37,3,3,0.08108108108108109,0.08108108108108109,0
20656,Gibberellic acid,default,15,2,2,0.13333333333333333,0.13333333333333333,0
32305,(Z)-Dichloropropene,default,15,1,1,0.06666666666666667,0.06666666666666667,0
32670,(R)-2-(4-Chloro-2-methylphenoxy)propionate,default,16,2,2,0.125,0.125,0
25082,Diisodecyl phthalate,default,24,7,7,0.2916666666666667,0.2916666666666667,0
27204,Methyl isothiocyanate,default,36,10,10,0.2777777777777778,0.2777777777777778,0
27528,3-(Methylthio)propanal,default,24,6,6,0.25,0.25,0
24274,Propachlor,estimated,25,20,16,0.8,0.64,4
26789,Propylene carbonate,estimated,15,3,1,0.2,0.06666666666666667,2
32315,"4,5-Dichloro-2-octyl-3(2H)-isothiazolone",estimated,19,14,5,0.7368421052631579,0.2631578947368421,9
48200,"2,4,6-Trimethylbenzoic acid",default,16,2,2,0.125,0.125,0
42454,"(+/-)-2,3-Dihydroxypropyl tetradecanoate",default,18,7,7,0.3888888888888889,0.3888888888888889,0
20512,Dimethylcarbamoyl chloride,default,36,5,5,0.1388888888888889,0.1388888888888889,0
22267,Methomyl,default,37,10,10,0.2702702702702703,0.2702702702702703,0
20439,"2,4-Dichlorophenol",default,37,9,9,0.24324324324324326,0.24324324324324326,0
22313,"o,p'-DDE",estimated,24,17,11,0.7083333333333334,0.4583333333333333,6
21340,Thioacetamide,default,14,2,2,0.14285714285714285,0.14285714285714285,0
21655,Pentanoic acid,default,15,3,3,0.2,0.2,0
26706,"1,2-Diphenoxyethane",default,25,11,11,0.44,0.44,0
20652,Gemfibrozil,default,16,6,6,0.375,0.375,0
47138,tert-Butylbenzene,default,36,3,3,0.08333333333333333,0.08333333333333333,0
47285,PHA-00568487,default,36,9,9,0.25,0.25,0
42418,Sodium tridecyl sulfate,estimated,20,12,3,0.6,0.15,9
20673,FD&C Green No. 3,estimated,21,15,8,0.7142857142857143,0.38095238095238093,7
21477,Sodium tetrafluoroborate,default,16,2,2,0.125,0.125,0
25347,Furfuryl alcohol,default,24,9,9,0.375,0.375,0
21590,Dodecanoic acid,default,16,6,6,0.375,0.375,0
44564,"2,6,10-Trimethyl-2,6,10-triazaundecane",default,37,4,4,0.10810810810810811,0.10810810810810811,0
21781,"Dibutyl 1,2-benzenedicarboxylate",estimated,41,18,6,0.43902439024390244,0.14634146341463414,12
25133,"1,2-Dimethyl-4-nitrobenzene",default,36,6,6,0.16666666666666666,0.16666666666666666,0
21238,Resorcinol,default,37,7,7,0.1891891891891892,0.1891891891891892,0
47379,"3-Chloro-2-((3R)-5-chloro-1-(2,4-dimethoxybenzyl)-3-methyl-2-oxo-2,3-dihydro-1H-indol-3-yl)-N-ethyl-N-(3-pyridinylmethyl)benzamide hydrochloride (1:1)",estimated,36,30,14,0.8333333333333334,0.3888888888888889,16
25023,Dicyclopentadiene,default,23,5,5,0.21739130434782608,0.21739130434782608,0
36690,Diisobutyl adipate,default,37,4,4,0.10810810810810811,0.10810810810810811,0
20209,Butylparaben,estimated,40,21,8,0.525,0.2,13
20112,Atrazine,default,41,16,16,0.3902439024390244,0.3902439024390244,0
27866,Diethylbenzene,default,14,1,1,0.07142857142857142,0.07142857142857142,0
34458,Clethodim,default,22,7,7,0.3181818181818182,0.3181818181818182,0
32573,Pyridaben,estimated,39,36,18,0.9230769230769231,0.46153846153846156,18
23914,Dicrotophos,default,37,9,9,0.24324324324324326,0.24324324324324326,0
25296,2-Ethyl-2-hexenal,default,16,3,3,0.1875,0.1875,0
48506,PharmaGSID_48506,estimated,36,23,10,0.6388888888888888,0.2777777777777778,13
21006,N-Nitroso-N-methylurea,default,16,4,4,0.25,0.25,0
41252,"1,4-Diaminoanthraquinone",estimated,19,12,7,0.631578947368421,0.3684210526315789,5
32511,"1,3,5-Triethylhexahydro-s-triazine",default,25,8,8,0.32,0.32,0
42491,Triethoxypentylsilane,default,15,3,3,0.2,0.2,0
23412,Oxytetracycline dihydrate,default,40,16,16,0.4,0.4,0
48176,YM 218,estimated,36,23,4,0.6388888888888888,0.1111111111111111,19
34401,Buprofezin,estimated,38,32,10,0.8421052631578947,0.2631578947368421,22
23909,Benzo[k]fluoranthene,default,17,7,7,0.4117647058823529,0.4117647058823529,0
47769,"1,2,3-Trimethylbenzene",default,17,2,2,0.11764705882352941,0.11764705882352941,0
34972,Thymol,default,37,11,11,0.2972972972972973,0.2972972972972973,0
20621,"(R,R)-Fenvalerate",estimated,17,8,2,0.47058823529411764,0.11764705882352941,6
22406,"2,4-Dihydroxybenzophenone",estimated,27,14,9,0.5185185185185185,0.3333333333333333,5
21491,Benzonitrile,default,17,4,4,0.23529411764705882,0.23529411764705882,0
23927,p-Bromodiphenyl ether,estimated,38,10,1,0.2631578947368421,0.02631578947368421,9
20147,"1,2,3-Benzotriazole",default,37,8,8,0.21621621621621623,0.21621621621621623,0
20582,Ethoxyquin,estimated,39,23,12,0.5897435897435898,0.3076923076923077,11
32630,N-Benzyl-1H-purin-6-amine,estimated,16,6,0,0.375,0.0,6
27793,N-(Cyclohexylthio)phthalimide,estimated,16,13,3,0.8125,0.1875,10
29298,"alpha-Sulfo-omega-(dodecyloxy)poly(oxy-1,2-ethanediyl) sodium salt",estimated,20,14,3,0.7,0.15,11
44390,N-Methylhydrazinecarbothioamide,estimated,17,9,1,0.5294117647058824,0.058823529411764705,8
23875,Ammonium sulfamate,default,16,3,3,0.1875,0.1875,0
47127,4-(tert-Pentyl)-cyclohexanone,default,16,2,2,0.125,0.125,0
26224,Triethylene glycol dimethyl ether,default,37,2,2,0.05405405405405406,0.05405405405405406,0
33923,Procymidone,default,40,13,13,0.325,0.325,0
26773,"1,3-Butanediol",default,36,4,4,0.1111111111111111,0.1111111111111111,0
47749,Methylcyclohexane,default,16,2,2,0.125,0.125,0
26035,Sodium 2-mercaptobenzothiolate,estimated,28,18,7,0.6428571428571429,0.25,11
25796,Nonane,default,18,4,4,0.2222222222222222,0.2222222222222222,0
21839,Benzylamine,default,15,4,4,0.26666666666666666,0.26666666666666666,0
34542,Dimethenamid-P,default,23,3,3,0.13043478260869565,0.13043478260869565,0
34788,Orthosulfamuron,default,24,5,5,0.20833333333333334,0.20833333333333334,0
22120,Carbophenothion,default,25,17,17,0.68,0.68,0
47341,SSR146977,estimated,38,29,11,0.7631578947368421,0.2894736842105263,18
36286,Citralva,default,16,2,2,0.125,0.125,0
27333,3-Aminopropyltriethoxysilane,default,16,4,4,0.25,0.25,0
26238,Trimethylamine,default,15,1,1,0.06666666666666667,0.06666666666666667,0
29110,"3,7-Dimethyl-3-octanol",default,16,3,3,0.1875,0.1875,0
41703,Butylnaphthalenesulfonic acid sodium salt,estimated,17,5,4,0.29411764705882354,0.23529411764705882,1
27721,4-(2-Phenylpropan-2-yl)-N-[4-(2-phenylpropan-2-yl)phenyl]aniline,default,18,10,10,0.5555555555555556,0.5555555555555556,0
28038,3-Iodo-2-propynyl-N-butylcarbamate,estimated,40,29,17,0.725,0.425,12
23764,Benzo[e]pyrene,default,26,14,14,0.5384615384615384,0.5384615384615384,0
21395,Trifluralin,estimated,39,17,10,0.4358974358974359,0.2564102564102564,7
26080,Terephthalic acid,default,16,3,3,0.1875,0.1875,0
29320,4-(Dimethylamino)benzoic acid 2-ethylhexyl ester,default,18,7,7,0.3888888888888889,0.3888888888888889,0
48122,Benzyl-C8-18-alkyldimethylammonium chlorides,estimated,19,16,7,0.8421052631578947,0.3684210526315789,9
52254,"3,5-Dimethylpyridine",estimated,15,1,1,0.06666666666666667,0.06666666666666667,0
24289,Pyrene,estimated,39,16,6,0.41025641025641024,0.15384615384615385,10
29871,Clotrimazole,estimated,40,35,16,0.875,0.4,19
44203,Pioglitazone hydrochloride,estimated,39,29,13,0.7435897435897436,0.3333333333333333,16
47264,CP-283097,default,37,11,11,0.2972972972972973,0.2972972972972973,0
32303,(Z)-11-Hexadecenal,default,15,2,2,0.13333333333333333,0.13333333333333333,0
25216,Divinylbenzene,default,16,3,3,0.1875,0.1875,0
21853,1-Piperazineethanol,estimated,15,4,1,0.26666666666666666,0.06666666666666667,3
20043,Allantoin,default,16,2,2,0.125,0.125,0
42234,Octyl beta-D-glucopyranoside,default,15,1,1,0.06666666666666667,0.06666666666666667,0
24652,Bronopol,estimated,37,19,7,0.5135135135135135,0.1891891891891892,12
47267,CP-642931,default,37,11,11,0.2972972972972973,0.2972972972972973,0
20220,tert-Butylhydroquinone,estimated,40,21,15,0.525,0.375,6
25096,Dimethyl adipate,default,37,3,3,0.08108108108108109,0.08108108108108109,0
20830,8-Methoxypsoralen,default,15,6,6,0.4,0.4,0
23202,"4,4'-(1H-1,2,4-Triazol-1-ylmethylene)dibenzonitrile",default,19,5,5,0.2631578947368421,0.2631578947368421,0
41639,Sodium m-xylene-4-sulfonate,default,16,1,1,0.0625,0.0625,0
22522,Diisobutyl phthalate,estimated,40,16,9,0.4,0.225,7
20511,"3,3'-Dimethylbenzidine dihydrochloride",estimated,17,10,7,0.5882352941176471,0.4117647058823529,3
24523,"4-Androstene-3,17-dione",estimated,37,22,12,0.5945945945945946,0.32432432432432434,10
34624,Fluopicolide,estimated,25,10,7,0.4,0.28,3
22436,"4,4-Bis(4-hydroxyphenyl)valeric acid",default,26,9,9,0.34615384615384615,0.34615384615384615,0
20379,Dehydroepiandrosterone,estimated,17,7,4,0.4117647058823529,0.23529411764705882,3
21175,Polysorbate 80,estimated,15,4,1,0.26666666666666666,0.06666666666666667,3
22014,Hydroquinone dimethyl ether,default,15,3,3,0.2,0.2,0
41550,(S)-(-)-beta-Citronellol,default,15,3,3,0.2,0.2,0
44663,C.I. Acid Red 1,estimated,16,4,0,0.25,0.0,4
41232,"1,3,5-Triisopropylbenzene",default,16,3,3,0.1875,0.1875,0
32348,Chlorophacinone,estimated,20,15,11,0.75,0.55,4
20373,"p,p'-DDD",estimated,39,25,17,0.6410256410256411,0.4358974358974359,8
47429,Dexamethasone sodium phosphate,default,40,15,15,0.375,0.375,0
22111,"N-(3,4-Dichlorophenyl)propanamide",estimated,37,24,12,0.6486486486486487,0.32432432432432434,12
25132,"1,2-Dimethyl-3-nitrobenzene",default,36,4,4,0.1111111111111111,0.1111111111111111,0
32626,Methiocarb,estimated,26,16,7,0.6153846153846154,0.2692307692307692,9
27292,Dibutyltin dichloride,estimated,19,12,7,0.631578947368421,0.3684210526315789,5
34392,Boscalid,default,40,15,15,0.375,0.375,0
26060,Sulfacetamide,default,15,3,3,0.2,0.2,0
21337,Thiabendazole,estimated,38,18,8,0.47368421052631576,0.21052631578947367,10
22377,17alpha-Estradiol,estimated,39,23,11,0.5897435897435898,0.28205128205128205,12
26698,"4,4'-Dithiodimorpholine",estimated,19,10,2,0.5263157894736842,0.10526315789473684,8
27899,Ammonium xylene sulfonate,default,16,1,1,0.0625,0.0625,0
42196,Butyl lactate,default,16,1,1,0.0625,0.0625,0
25135,"1,3-Dimethyl-4-nitrobenzene",estimated,15,6,0,0.4,0.0,6
35214,1-Octen-3-ol,default,15,2,2,0.13333333333333333,0.13333333333333333,0
27236,"2,3-Dinitrotoluene",default,38,14,14,0.3684210526315789,0.3684210526315789,0
35341,"1,3-Dibromo-5,5-dimethylhydantoin",default,36,6,6,0.16666666666666666,0.16666666666666666,0
23796,Pentamidine isethionate,estimated,37,31,17,0.8378378378378378,0.4594594594594595,14
40713,Octyl gallate,estimated,43,32,21,0.7441860465116279,0.4883720930232558,11
47387,SAR102779,estimated,38,28,12,0.7368421052631579,0.3157894736842105,16
34150,Haloperidol,estimated,40,28,17,0.7,0.425,11
22043,"2,6-Pyridinedicarboxylic acid",default,15,3,3,0.2,0.2,0
42356,2-(3-Phenylpropyl)pyridine,default,17,7,7,0.4117647058823529,0.4117647058823529,0
21244,Rifampicin,estimated,40,21,11,0.525,0.275,10
32004,Flutamide,estimated,41,34,12,0.8292682926829268,0.2926829268292683,22
20881,4-(N-Methyl-N-nitrosamino)-1-(3-pyridyl)-1-butanone,default,17,3,3,0.17647058823529413,0.17647058823529413,0
47533,Tri-n-octyl trimellitate,default,36,6,6,0.16666666666666666,0.16666666666666666,0
26889,Methyl dodecanoate,default,36,5,5,0.1388888888888889,0.1388888888888889,0
24359,"2,4,5-Trichlorophenol",estimated,38,19,12,0.5,0.3157894736842105,7
27246,2-Pyrrolidinone,default,16,4,4,0.25,0.25,0
27356,Tris(2-methoxyethoxy)vinylsilane,default,15,3,3,0.2,0.2,0
27258,Isopropyl formate,estimated,17,5,0,0.29411764705882354,0.0,5
47597,Poloxalene,default,16,2,2,0.125,0.125,0
29157,alpha-Amylcinnamaldehyde,estimated,27,17,2,0.6296296296296297,0.07407407407407407,15
22472,Butylbenzene,default,37,2,2,0.05405405405405406,0.05405405405405406,0
22331,2-(Butan-2-yl)phenol,estimated,37,9,3,0.24324324324324326,0.08108108108108109,6
20311,Monuron,default,37,7,7,0.1891891891891892,0.1891891891891892,0
24087,2-Ethoxyethanol,default,36,1,1,0.027777777777777776,0.027777777777777776,0
21028,N-Nitrosodiethylamine,default,38,5,5,0.13157894736842105,0.13157894736842105,0
20384,Dexamethasone,default,18,7,7,0.3888888888888889,0.3888888888888889,0
32531,Bromuconazole,estimated,19,10,7,0.5263157894736842,0.3684210526315789,3
20091,Aniline hydrochloride,default,17,3,3,0.17647058823529413,0.17647058823529413,0
22524,Thalidomide,default,40,3,3,0.075,0.075,0
34851,Dichlorprop-P,default,14,1,1,0.07142857142857142,0.07142857142857142,0
24891,Cytarabine hydrochloride,estimated,40,11,7,0.275,0.175,4
21986,Tributyl phosphate,estimated,39,17,5,0.4358974358974359,0.1282051282051282,12
22360,"4-(1,1,3,3-Tetramethylbutyl)phenol",estimated,39,28,21,0.717948717948718,0.5384615384615384,7
42219,Propylbenzene,default,37,2,2,0.05405405405405406,0.05405405405405406,0
25018,Dicyclohexylamine,default,16,5,5,0.3125,0.3125,0
41247,"1,3-Diphenyl-1,3-propanedione",default,17,10,10,0.5882352941176471,0.5882352941176471,0
41954,3-Octanone,default,15,1,1,0.06666666666666667,0.06666666666666667,0
22479,2-Ethylphenol,estimated,16,4,2,0.25,0.125,2
24431,Aldicarb oxime,default,37,4,4,0.10810810810810811,0.10810810810810811,0
42190,"N,N-Dimethyldecylamine oxide",estimated,38,11,7,0.2894736842105263,0.18421052631578946,4
24591,Benzoyl peroxide,default,14,1,1,0.07142857142857142,0.07142857142857142,0
22437,Nordihydroguaiaretic acid,estimated,21,14,8,0.6666666666666666,0.38095238095238093,6
34816,Monocrotophos,default,38,7,7,0.18421052631578946,0.18421052631578946,0
21959,"2,4,6-Tribromophenol",estimated,27,16,5,0.5925925925925926,0.18518518518518517,11
32558,Kresoxim-methyl,estimated,18,9,6,0.5,0.3333333333333333,3
32548,"4-(4-Chlorophenyl)-2-phenyl-2-(1H-1,2,4-triazol-1-ylmethyl)butyronitrile",estimated,38,29,9,0.7631578947368421,0.23684210526315788,20
47377,AVE6324,estimated,39,26,14,0.6666666666666666,0.358974358974359,12
20121,Sodium azide,default,37,22,22,0.5945945945945946,0.5945945945945946,0
47103,Octadecyl sulfate sodium salt,estimated,20,11,4,0.55,0.2,7
40711,Ethyl 2-methylbenzoate,estimated,15,5,0,0.3333333333333333,0.0,5
20604,4-Vinyl-1-cyclohexene diepoxide,default,37,6,6,0.16216216216216217,0.16216216216216217,0
25816,Oxalic acid,default,16,2,2,0.125,0.125,0
21086,Oxamyl,default,38,12,12,0.3157894736842105,0.3157894736842105,0
25363,Glycolic acid,default,15,2,2,0.13333333333333333,0.13333333333333333,0
32577,Tefluthrin,estimated,39,14,6,0.358974358974359,0.15384615384615385,8
29124,"1,2,4,5-Tetramethylbenzene",default,15,3,3,0.2,0.2,0
24436,Allura Red C.I.16035,estimated,37,14,2,0.3783783783783784,0.05405405405405406,12
36435,1-Octyl-2-pyrrolidone,default,16,4,4,0.25,0.25,0
26641,"1,3-Benzenedicarbonyl dichloride",default,18,6,6,0.3333333333333333,0.3333333333333333,0
24018,Dicamba,default,36,5,5,0.1388888888888889,0.1388888888888889,0
34871,Pyraflufen-ethyl,default,37,12,12,0.32432432432432434,0.32432432432432434,0
27500,2-Propoxyethanol,default,15,1,1,0.06666666666666667,0.06666666666666667,0
37565,Mepronil,estimated,16,8,3,0.5,0.1875,5
32550,"Fenpyroximate (Z,E)",estimated,39,36,22,0.9230769230769231,0.5641025641025641,14
41289,Myristyltrimethylammonium chloride,estimated,20,15,5,0.75,0.25,10
22448,Metolachlor,default,39,18,18,0.46153846153846156,0.46153846153846156,0
34545,Dimethomorph,estimated,38,16,10,0.42105263157894735,0.2631578947368421,6
20426,Dichloran,estimated,37,29,7,0.7837837837837838,0.1891891891891892,22
41491,3-Phenyl-2-propen-1-ol,default,16,4,4,0.25,0.25,0
26842,Methyl decanoate,default,16,5,5,0.3125,0.3125,0
23881,Clofentezine,default,38,16,16,0.42105263157894735,0.42105263157894735,0
34948,Tebufenozide,estimated,38,16,4,0.42105263157894735,0.10526315789473684,12
32356,Cycloate,default,39,8,8,0.20512820512820512,0.20512820512820512,0
42011,N-Dodecanoyl-N-methylglycine,estimated,24,14,8,0.5833333333333334,0.3333333333333333,6
20805,dl-Menthol,default,16,3,3,0.1875,0.1875,0
26548,"2,4,6-Tris(dimethylaminomethyl)phenol",default,15,2,2,0.13333333333333333,0.13333333333333333,0
24317,Terbacil,default,37,13,13,0.35135135135135137,0.35135135135135137,0
20499,"N,N-Dimethylacetamide",default,17,4,4,0.23529411764705882,0.23529411764705882,0
24721,D-Camphor,default,18,3,3,0.16666666666666666,0.16666666666666666,0
24284,1-Methoxy-2-propanol,default,36,4,4,0.1111111111111111,0.1111111111111111,0
41200,"N,N′-Disalicylidene-1,2-diaminopropane",default,26,12,12,0.46153846153846156,0.46153846153846156,0
47451,"C.I. Acid Yellow 11, sodium salt",estimated,19,7,4,0.3684210526315789,0.21052631578947367,3
22607,Anastrozole,default,15,3,3,0.2,0.2,0
21386,"2,4,6-Trichlorophenol",default,37,11,11,0.2972972972972973,0.2972972972972973,0
21332,Bis(dimethylaminothiocarbonyl) disulfide,estimated,40,28,10,0.7,0.25,18
20450,Dicofol,estimated,39,33,14,0.8461538461538461,0.358974358974359,19
34764,Nicosulfuron,default,25,6,6,0.24,0.24,0
25080,Diisobutyl ketone,default,16,2,2,0.125,0.125,0
40360,"Ethyl 5,5-diphenyl-2-isoxazoline-3-carboxylate",default,24,12,12,0.5,0.5,0
35160,alpha-Ionone,default,16,1,1,0.0625,0.0625,0
25010,"1,3-Dichloro-2-propanol",default,37,6,6,0.16216216216216217,0.16216216216216217,0
25567,Methyl 2-aminobenzoate,default,36,4,4,0.1111111111111111,0.1111111111111111,0
23996,Cyclohexylamine,default,36,2,2,0.05555555555555555,0.05555555555555555,0
29162,"3-Bromo-1-chloro-5,5-dimethylhydantoin",default,16,6,6,0.375,0.375,0
25110,"2,5-Dimethyl-2,5-di-(tert-butylperoxy)hexane",default,36,6,6,0.16666666666666666,0.16666666666666666,0
41530,"7-Ethyl-2-methyl-4-undecanolsulfate, sodium salt",default,17,6,6,0.35294117647058826,0.35294117647058826,0
20359,Cyclohexanone,default,36,6,6,0.16666666666666666,0.16666666666666666,0
27454,"N,N-Dimethylacetoacetamide",default,16,2,2,0.125,0.125,0
41379,"2,6-Di-tert-butyl-4-methoxyphenol",estimated,17,8,3,0.47058823529411764,0.17647058823529413,5
34303,Fluroxypyr-meptyl,estimated,36,19,6,0.5277777777777778,0.16666666666666666,13
21254,Safrole,default,37,6,6,0.16216216216216217,0.16216216216216217,0
20591,Ethyl methylphenylglycidate,default,15,4,4,0.26666666666666666,0.26666666666666666,0
42006,Glyceryl monooctanoate,default,16,1,1,0.0625,0.0625,0
25272,Ethyl anthranilate,estimated,16,4,0,0.25,0.0,4
34956,Tetraconazole,estimated,39,32,19,0.8205128205128205,0.48717948717948717,13
25523,Maltol,default,37,4,4,0.10810810810810811,0.10810810810810811,0
21385,Folpet,estimated,38,21,9,0.5526315789473685,0.23684210526315788,12
47306,CP-634384,default,39,18,18,0.46153846153846156,0.46153846153846156,0
41484,(3Z)-3-Hexenyl acetate,default,16,2,2,0.125,0.125,0
42406,Sodium methyl sulfate,estimated,15,2,0,0.13333333333333333,0.0,2
21166,Piperonyl butoxide,estimated,38,21,10,0.5526315789473685,0.2631578947368421,11
27926,n-Dodecylphenol,estimated,20,17,7,0.85,0.35,10
34518,Desmedipham,default,19,9,9,0.47368421052631576,0.47368421052631576,0
34531,Thiophanate,estimated,16,7,4,0.4375,0.25,3
41611,Ascorbyl palmitate,estimated,19,10,6,0.5263157894736842,0.3157894736842105,4
24586,Benzothiazole,default,18,4,4,0.2222222222222222,0.2222222222222222,0
36112,2-(8-Heptadecenyl)-2-imidazoline-1-ethanol,estimated,20,14,8,0.7,0.4,6
42086,Laurocapram,estimated,17,8,2,0.47058823529411764,0.11764705882352941,6
29223,"1,1-Bis(3,4-dimethylphenyl)ethane",default,19,9,9,0.47368421052631576,0.47368421052631576,0
35001,10-Undecenoic acid,default,37,10,10,0.2702702702702703,0.2702702702702703,0
26461,2-Methylpropanenitrile,default,15,4,4,0.26666666666666666,0.26666666666666666,0
21640,Nonanedioic acid,default,15,2,2,0.13333333333333333,0.13333333333333333,0
21082,C.I. Acid Orange 10,estimated,17,3,2,0.17647058823529413,0.11764705882352941,1
21519,2-(2-Butoxyethoxy)ethanol,default,37,2,2,0.05405405405405406,0.05405405405405406,0
48166,PharmaGSID_48166,estimated,37,33,12,0.8918918918918919,0.32432432432432434,21
20856,N-Methyl-2-pyrrolidone,default,37,5,5,0.13513513513513514,0.13513513513513514,0
47310,Farglitazar,estimated,38,33,17,0.868421052631579,0.4473684210526316,16
44901,Triallyl trimellitate,default,18,6,6,0.3333333333333333,0.3333333333333333,0
42299,4-Isopropylphenol,default,17,4,4,0.23529411764705882,0.23529411764705882,0
34005,Sulfamic acid,default,15,4,4,0.26666666666666666,0.26666666666666666,0
34625,Fluoxastrobin,estimated,40,36,16,0.9,0.4,20
20372,Mitotane,estimated,18,11,9,0.6111111111111112,0.5,2
40742,Triamcinolone,default,39,13,13,0.3333333333333333,0.3333333333333333,0
24376,Vernolate,default,36,3,3,0.08333333333333333,0.08333333333333333,0
42198,N-Butyl-p-toluenesulfonamide,default,17,3,3,0.17647058823529413,0.17647058823529413,0
21969,4-Hydroxy-3-methoxybenzaldehyde,default,36,6,6,0.16666666666666666,0.16666666666666666,0
21965,"1,2,4-Trichlorobenzene",default,38,14,14,0.3684210526315789,0.3684210526315789,0
26241,"3,3,5-Trimethylcyclohexyl salicylate",estimated,17,7,4,0.4117647058823529,0.23529411764705882,3
34490,Cyanamide,default,37,5,5,0.13513513513513514,0.13513513513513514,0
42052,1H-Indene,default,17,6,6,0.35294117647058826,0.35294117647058826,0
27852,Chlorotoluene,default,15,1,1,0.06666666666666667,0.06666666666666667,0
41567,"(9Z,12R)-12-Hydroxyoctadec-9-enoic acid",estimated,18,9,3,0.5,0.16666666666666666,6
25003,"2,5-Dichlorophenol",default,25,8,8,0.32,0.32,0
32559,lambda-Cyhalothrin,estimated,26,16,11,0.6153846153846154,0.4230769230769231,5
21403,Trimethyl orthophosphate,estimated,16,3,1,0.1875,0.0625,2
20141,"2,3-Benzofuran",default,37,3,3,0.08108108108108109,0.08108108108108109,0
48199,4-Butyloxyaniline,default,16,6,6,0.375,0.375,0
44394,4-tert-Butylcyclohexanone,estimated,15,6,0,0.4,0.0,6
21922,2-(Ethylamino)ethanol,default,16,2,2,0.125,0.125,0
34742,"Milbemectin (mixture of 70% Milbemycin A4, 30% Milbemycin A3)",estimated,38,32,18,0.8421052631578947,0.47368421052631576,14
47708,Igepal CO-890,default,16,4,4,0.25,0.25,0
29217,1-Propoxy-2-propanol,default,15,4,4,0.26666666666666666,0.26666666666666666,0
34317,Benzalkonium chloride,estimated,21,18,6,0.8571428571428571,0.2857142857142857,12
22409,"4,4'-Sulfonyldiphenol",default,19,8,8,0.42105263157894735,0.42105263157894735,0
27429,Cyclododecanol,estimated,15,7,1,0.4666666666666667,0.06666666666666667,6
47540,3-Hydroxyfluorene,estimated,37,20,13,0.5405405405405406,0.35135135135135137,7
27625,Bis(2-ethylhexyl) terephthalate,default,37,5,5,0.13513513513513514,0.13513513513513514,0
22008,1-Nonanol,default,17,1,1,0.058823529411764705,0.058823529411764705,0
34673,Iodosulfuron methyl ester sodium salt,default,37,6,6,0.16216216216216217,0.16216216216216217,0
28774,Alkyl (C12-C14) glycidyl ether,default,16,6,6,0.375,0.375,0
48181,4-tert-Butylaniline,estimated,16,4,2,0.25,0.125,2
44788,Naphthalene-2-sulfonic acid,estimated,15,4,1,0.26666666666666666,0.06666666666666667,3
41970,Fenchol,estimated,15,1,1,0.06666666666666667,0.06666666666666667,0
21358,Tolazamide,default,36,7,7,0.19444444444444445,0.19444444444444445,0
26908,2-Hexyloxyethanol,default,36,2,2,0.05555555555555555,0.05555555555555555,0
24873,Cyanuric acid,default,36,6,6,0.16666666666666666,0.16666666666666666,0
44391,2-Isopropylphenol,default,17,4,4,0.23529411764705882,0.23529411764705882,0
29661,"3,5,5-Trimethyl-1-hexanol",default,16,2,2,0.125,0.125,0
42379,Dimethoxydimethylsilane,default,17,3,3,0.17647058823529413,0.17647058823529413,0
47473,Polymethylene polyphenyl polyisocyanate,default,17,4,4,0.23529411764705882,0.23529411764705882,0
25429,6-Hydroxy-2-naphthyl disulfide,estimated,20,13,10,0.65,0.5,3
20605,2-Ethyl-1-hexanol,default,36,4,4,0.1111111111111111,0.1111111111111111,0
34930,Fosthiazate,default,37,15,15,0.40540540540540543,0.40540540540540543,0
24097,2-Butoxyethanol,default,36,2,2,0.05555555555555555,0.05555555555555555,0
32601,Cyproconazole,estimated,38,17,9,0.4473684210526316,0.23684210526315788,8
27153,1-Bromo-4-fluorobenzene,default,24,4,4,0.16666666666666666,0.16666666666666666,0
20089,Anilazine,default,38,14,14,0.3684210526315789,0.3684210526315789,0
29698,Sodium persulfate,default,16,3,3,0.1875,0.1875,0
34590,Fenamidone,estimated,40,33,10,0.825,0.25,23
20915,1-Naphthaleneacetic acid,default,16,3,3,0.1875,0.1875,0
29167,Metam-sodium,default,16,5,5,0.3125,0.3125,0
41726,C.I. Direct Red 81 disodium salt,estimated,27,16,3,0.5925925925925926,0.1111111111111111,13
20685,beta-Hexachlorocyclohexane,default,36,10,10,0.2777777777777778,0.2777777777777778,0
23868,Hydramethylnon,estimated,22,17,9,0.7727272727272727,0.4090909090909091,8
32537,Didecyldimethylammonium chloride,estimated,40,33,19,0.825,0.475,14
21605,Hexanedioic acid,default,38,5,5,0.13157894736842105,0.13157894736842105,0
40361,Metam-sodium hydrate,estimated,37,13,1,0.35135135135135137,0.02702702702702703,12
41728,C.I. Direct Yellow 12,estimated,18,7,5,0.3888888888888889,0.2777777777777778,2
27856,Dipropylene glycol,default,37,5,5,0.13513513513513514,0.13513513513513514,0
38666,Chlorpyrifos oxon,estimated,39,29,14,0.7435897435897436,0.358974358974359,15
21977,4-Ethylphenol,default,16,3,3,0.1875,0.1875,0
26946,Linalyl acetate,estimated,25,10,1,0.4,0.04,9
27656,2-Ethylhexyl thioglycolate,default,16,4,4,0.25,0.25,0
21251,Saccharin,default,26,9,9,0.34615384615384615,0.34615384615384615,0
48192,4-Butylchlorobenzene,default,15,2,2,0.13333333333333333,0.13333333333333333,0
34818,Azamethiphos,estimated,36,22,11,0.6111111111111112,0.3055555555555556,11
26769,Hexamethyldisiloxane,default,15,1,1,0.06666666666666667,0.06666666666666667,0
21124,Phenol,default,37,5,5,0.13513513513513514,0.13513513513513514,0
41424,"2,6-Dimethyl-2-heptanol",default,23,3,3,0.13043478260869565,0.13043478260869565,0
38808,"1,3,5,7-Tetramethyl-1,3,5,7-tetravinylcyclotetrasiloxane",default,17,5,5,0.29411764705882354,0.29411764705882354,0
29848,"Acetic acid, C8-10-branched alkyl esters, C9-rich",default,15,2,2,0.13333333333333333,0.13333333333333333,0
20122,Azinphos-methyl,estimated,40,23,17,0.575,0.425,6
23845,Acenaphthylene,estimated,38,9,2,0.23684210526315788,0.05263157894736842,7
34383,Bispyribac-sodium,default,16,3,3,0.1875,0.1875,0
21239,Retinoic acid,estimated,42,32,20,0.7619047619047619,0.47619047619047616,12
26943,Pentaerythritol,default,36,7,7,0.19444444444444445,0.19444444444444445,0
41274,"1-Phenyl-1H-pyrrole-2,5-dione",estimated,19,13,3,0.6842105263157895,0.15789473684210525,10
22123,2-Hydroxyethyl acrylate,estimated,16,6,3,0.375,0.1875,3
34773,Novaluron,default,38,9,9,0.23684210526315788,0.23684210526315788,0
20654,Geranyl acetate,default,36,5,5,0.1388888888888889,0.1388888888888889,0
20428,Dichloroacetic acid,default,37,6,6,0.16216216216216217,0.16216216216216217,0
26728,(Z)-Nerol,default,37,7,7,0.1891891891891892,0.1891891891891892,0
34357,Lufenuron,estimated,16,6,2,0.375,0.125,4
22396,Chrysin,estimated,18,12,10,0.6666666666666666,0.5555555555555556,2
20233,Ergocalciferol,estimated,19,12,6,0.631578947368421,0.3157894736842105,6
21726,Salicylamide,default,15,2,2,0.13333333333333333,0.13333333333333333,0
32639,Pyridate,default,18,7,7,0.3888888888888889,0.3888888888888889,0
42400,Sodium hexyldecyl sulfate,estimated,38,22,14,0.5789473684210527,0.3684210526315789,8
41237,alpha-Terpinene,default,23,7,7,0.30434782608695654,0.30434782608695654,0
21364,2-Methylaniline hydrochloride,default,16,5,5,0.3125,0.3125,0
40775,Terpineol,default,15,3,3,0.2,0.2,0
34260,Oxytetracycline,default,27,14,14,0.5185185185185185,0.5185185185185185,0
20247,Carbaryl,estimated,41,22,12,0.5365853658536586,0.2926829268292683,10
48195,4-(Hexyloxy)phenol,estimated,17,12,6,0.7058823529411765,0.35294117647058826,6
20713,Hydrochlorothiazide,default,37,3,3,0.08108108108108109,0.08108108108108109,0
20627,Fluconazole,default,38,2,2,0.05263157894736842,0.05263157894736842,0
27377,Dimethylaniline,default,26,7,7,0.2692307692307692,0.2692307692307692,0
42191,"N,N'-Dimethylthiourea",estimated,16,5,0,0.3125,0.0,5
20791,Malathion,estimated,40,17,14,0.425,0.35,3
25506,Linolenic acid,estimated,19,9,3,0.47368421052631576,0.15789473684210525,6
32525,Bifenazate,estimated,38,15,9,0.39473684210526316,0.23684210526315788,6
26223,Triethylene glycol diacetate,default,37,4,4,0.10810810810810811,0.10810810810810811,0
21152,4-Phenylphenol,estimated,26,17,11,0.6538461538461539,0.4230769230769231,6
32605,(+-)-Diclofop-methyl,default,37,22,22,0.5945945945945946,0.5945945945945946,0
24124,Thifensulfuron methyl,default,23,3,3,0.13043478260869565,0.13043478260869565,0
20449,Dichlorvos,estimated,37,14,5,0.3783783783783784,0.13513513513513514,9
27282,Phenyl phosphorus dichloride,default,17,2,2,0.11764705882352941,0.11764705882352941,0
27052,"2,6-Di-tert-butylphenol",estimated,37,16,2,0.43243243243243246,0.05405405405405406,14
41125,Sodium iodide,default,18,3,3,0.16666666666666666,0.16666666666666666,0
48519,PharmaGSID_48519,estimated,39,35,19,0.8974358974358975,0.48717948717948717,16
32688,Phenothrin,estimated,25,12,6,0.48,0.24,6
34566,Emamectin benzoate,estimated,39,36,19,0.9230769230769231,0.48717948717948717,17
40721,4-Cyclohexylcyclohexanone,estimated,37,15,3,0.40540540540540543,0.08108108108108109,12
24259,Phosalone,estimated,39,21,14,0.5384615384615384,0.358974358974359,7
48210,Phenyl benzoate,default,16,5,5,0.3125,0.3125,0
21602,Hexadecanoic acid,default,16,6,6,0.375,0.375,0
34981,Tributyltin benzoate,estimated,18,13,5,0.7222222222222222,0.2777777777777778,8
20425,Dichlone,estimated,20,16,5,0.8,0.25,11
25014,Benzal chloride,default,36,5,5,0.1388888888888889,0.1388888888888889,0
34664,Imazamox,default,39,5,5,0.1282051282051282,0.1282051282051282,0
42490,Triethoxymethylsilane,default,23,4,4,0.17391304347826086,0.17391304347826086,0
20257,"1,​2-​Benzenediol",estimated,38,16,9,0.42105263157894735,0.23684210526315788,7
27304,Dimethyltin dichloride,estimated,15,7,4,0.4666666666666667,0.26666666666666666,3
24241,Oxyfluorfen,estimated,38,29,9,0.7631578947368421,0.23684210526315788,20
34634,Forchlorfenuron,estimated,36,31,18,0.8611111111111112,0.5,13
21483,Phenylacetaldehyde,default,17,8,8,0.47058823529411764,0.47058823529411764,0
21356,dl-alpha-Tocopheryl acetate,default,16,3,3,0.1875,0.1875,0
40722,4-Cyclohexylcyclohexanol,estimated,38,11,1,0.2894736842105263,0.02631578947368421,10
29565,"1,2-Benzenedicarboxylic acid, diundecyl ester, branched and linear",default,15,4,4,0.26666666666666666,0.26666666666666666,0
20179,Diisopropanolamine,default,15,4,4,0.26666666666666666,0.26666666666666666,0
22055,tert-Butyl acetate,default,16,1,1,0.0625,0.0625,0
20768,Kaempferol,estimated,17,11,9,0.6470588235294118,0.5294117647058824,2
26171,Tolyltriazole,estimated,16,6,2,0.375,0.125,4
24245,Pendimethalin,estimated,36,18,10,0.5,0.2777777777777778,8
29105,4-Toluenesulfonamide,default,15,4,4,0.26666666666666666,0.26666666666666666,0
24681,tert-Butylamine,default,16,1,1,0.0625,0.0625,0
27920,"N,N,N',N'-Tetrabutyl-1,6-hexanediamine",default,15,1,1,0.06666666666666667,0.06666666666666667,0
20197,Bromocriptine mesylate,estimated,16,9,4,0.5625,0.25,5
34270,Imazapic,default,36,6,6,0.16666666666666666,0.16666666666666666,0
32690,Indoxacarb,estimated,38,27,12,0.7105263157894737,0.3157894736842105,15
32554,Flumiclorac-pentyl,estimated,39,12,5,0.3076923076923077,0.1282051282051282,7
42209,N-Methyldioctylamine,default,38,10,10,0.2631578947368421,0.2631578947368421,0
43915,"17-((1-Oxohexyl)oxy)pregn-4-ene-3,20-dione",estimated,17,11,8,0.6470588235294118,0.47058823529411764,3
20507,"N,N-Dimethylaniline",default,36,4,4,0.1111111111111111,0.1111111111111111,0
22113,"3,4-Dichloro-1-butene",default,24,10,10,0.4166666666666667,0.4166666666666667,0
23950,Carbosulfan,estimated,36,20,15,0.5555555555555556,0.4166666666666667,5
37754,"2,4,6-Tris(allyloxy)-1,3,5-triazine",default,17,6,6,0.35294117647058826,0.35294117647058826,0
40111,Ethyl butyrate,default,36,4,4,0.1111111111111111,0.1111111111111111,0
27184,Decamethylcyclopentasiloxane,default,15,1,1,0.06666666666666667,0.06666666666666667,0
41604,n-Amyl butyrate,estimated,16,2,0,0.125,0.0,2
22527,Propylparaben,default,37,14,14,0.3783783783783784,0.3783783783783784,0
42169,Monotridecyl phosphate,estimated,20,9,7,0.45,0.35,2
24059,"3,3'-Dimethylbenzidine",default,38,18,18,0.47368421052631576,0.47368421052631576,0
22367,Estrone,estimated,37,17,12,0.4594594594594595,0.32432432432432434,5
23990,Cyanazine,default,39,14,14,0.358974358974359,0.358974358974359,0
40776,Morin hydrate,estimated,20,13,4,0.65,0.2,9
23588,D-Glucitol,default,17,3,3,0.17647058823529413,0.17647058823529413,0
41709,"C.I. Acid Orange 8, monosodium salt",estimated,19,11,5,0.5789473684210527,0.2631578947368421,6
21864,"2,4-Dimethylphenol",default,37,10,10,0.2702702702702703,0.2702702702702703,0
21993,Dibenzofuran,default,36,4,4,0.1111111111111111,0.1111111111111111,0
26500,2-(4-Tert-Butylbenzyl)propionaldehyde,estimated,23,13,1,0.5652173913043478,0.043478260869565216,12
41188,1-Phenyl-2-nitropropene,estimated,19,11,3,0.5789473684210527,0.15789473684210525,8
20352,Cupferron,default,17,7,7,0.4117647058823529,0.4117647058823529,0
20440,Dichlorprop,default,37,6,6,0.16216216216216217,0.16216216216216217,0
23192,Lactic acid,default,15,2,2,0.13333333333333333,0.13333333333333333,0
26811,Benzenethiol,estimated,19,8,3,0.42105263157894735,0.15789473684210525,5
34503,Cyhalofop-butyl,estimated,37,13,4,0.35135135135135137,0.10810810810810811,9
24170,"1,1-Dimethylpiperidinium chloride",default,39,9,9,0.23076923076923078,0.23076923076923078,0
21032,N-Nitrosodi-n-propylamine,default,37,3,3,0.08108108108108109,0.08108108108108109,0
27479,2-(2H-Benzotriazol-2-yl)-4-methylphenol,default,24,12,12,0.5,0.5,0
32513,"(3,5-Dimethyl-1H-pyrazol-1-yl)methanol",default,17,1,1,0.058823529411764705,0.058823529411764705,0
40372,Epoxiconazole,estimated,17,6,4,0.35294117647058826,0.23529411764705882,2
24049,Diflubenzuron,estimated,16,5,2,0.3125,0.125,3
27982,Diisononyl adipate,default,38,4,4,0.10526315789473684,0.10526315789473684,0
24598,Benzyl salicylate,default,18,8,8,0.4444444444444444,0.4444444444444444,0
40352,Dinocap,estimated,27,25,16,0.9259259259259259,0.5925925925925926,9
25226,Econazole nitrate,estimated,18,14,8,0.7777777777777778,0.4444444444444444,6
41641,"2,5-Dimethylbenzenesulfonic acid",default,15,3,3,0.2,0.2,0
22523,Heptyl p-hydroxybenzoate,estimated,19,14,4,0.7368421052631579,0.21052631578947367,10
22288,4-Hexyloxyaniline,estimated,18,9,3,0.5,0.16666666666666666,6
22411,"4,4'-Methylenebis(2,6-di-t-butylphenol)",default,17,4,4,0.23529411764705882,0.23529411764705882,0
20688,Hexachlorocyclopentadiene,estimated,37,20,6,0.5405405405405406,0.16216216216216217,14
34962,Thiamethoxam,default,38,6,6,0.15789473684210525,0.15789473684210525,0
35589,Didecylmethyl(3-(trimethoxysilyl)propyl)ammonium chloride,estimated,20,13,5,0.65,0.25,8
20415,"1,2-Dibromoethane",default,24,5,5,0.20833333333333334,0.20833333333333334,0
20381,Deltamethrin,estimated,27,18,14,0.6666666666666666,0.5185185185185185,4
21968,3-Ethoxy-4-hydroxybenzaldehyde,default,15,2,2,0.13333333333333333,0.13333333333333333,0
22421,Melatonin,default,17,4,4,0.23529411764705882,0.23529411764705882,0
32535,Trinexapac-ethyl,default,15,2,2,0.13333333333333333,0.13333333333333333,0
22394,Biochanin A,estimated,20,13,10,0.65,0.5,3
21237,Reserpine,estimated,40,31,13,0.775,0.325,18
21885,"2-Methyl-2,4-pentanediol",default,37,6,6,0.16216216216216217,0.16216216216216217,0
26867,Decanedioic acid,default,16,3,3,0.1875,0.1875,0
35616,Sodium 2-nitrophenolate,default,17,3,3,0.17647058823529413,0.17647058823529413,0
41368,5-Ethyl-5-methylhydantoin,default,16,1,1,0.0625,0.0625,0
44175,Clove leaf oil,default,38,14,14,0.3684210526315789,0.3684210526315789,0
34997,Tributyltetradecylphosphonium chloride,estimated,23,20,12,0.8695652173913043,0.5217391304347826,8
42507,1-Phenylurea,default,15,1,1,0.06666666666666667,0.06666666666666667,0
37714,4-Heptylphenol,estimated,38,23,9,0.6052631578947368,0.23684210526315788,14
40731,Diisopropyl phthalate,default,17,5,5,0.29411764705882354,0.29411764705882354,0
21390,"1,2,3-Trichloropropane",default,38,4,4,0.10526315789473684,0.10526315789473684,0
48175,Difpas-pyrazole,estimated,38,17,15,0.4473684210526316,0.39473684210526316,2
20151,Benzyl acetate,estimated,16,4,0,0.25,0.0,4
27402,Dimethyl isophthalate,estimated,16,8,7,0.5,0.4375,1
22526,Benzyl 4-hydroxybenzoate,estimated,18,10,7,0.5555555555555556,0.3888888888888889,3
24174,Tribufos,estimated,38,23,14,0.6052631578947368,0.3684210526315789,9
32459,Phorate,default,37,11,11,0.2972972972972973,0.2972972972972973,0
20443,"2,4-D Butyl ester",default,18,5,5,0.2777777777777778,0.2777777777777778,0
32354,Clodinafop-propargyl,estimated,40,14,5,0.35,0.125,9
32649,Tetramethrin,estimated,39,19,9,0.48717948717948717,0.23076923076923078,10
42187,"N,N'-Dibutylthiourea",estimated,17,7,5,0.4117647058823529,0.29411764705882354,2
47357,Surinabant,estimated,36,32,15,0.8888888888888888,0.4166666666666667,17
27997,Dichlormid,default,23,4,4,0.17391304347826086,0.17391304347826086,0
20916,"1,5-Naphthalenediamine",estimated,39,24,13,0.6153846153846154,0.3333333333333333,11
41708,"C.I. Acid Orange 24, monosodium salt",estimated,18,9,4,0.5,0.2222222222222222,5
42424,Sulfaquinoxaline,default,16,5,5,0.3125,0.3125,0
27540,N-Butylbenzenesulfonamide,estimated,18,5,0,0.2777777777777778,0.0,5
21311,"2,4,6-Tris(tert-butyl)phenol",estimated,37,24,12,0.6486486486486487,0.32432432432432434,12
21894,Cyclohexanol,default,36,4,4,0.1111111111111111,0.1111111111111111,0
20766,Propham,default,17,4,4,0.23529411764705882,0.23529411764705882,0
27770,2-Acrylamido-2-methyl-1-propanesulfonic acid,estimated,16,5,1,0.3125,0.0625,4
20137,"4,4′-Diamino-1,1′-biphenyl",default,38,15,15,0.39473684210526316,0.39473684210526316,0
24081,Endothal,estimated,36,26,4,0.7222222222222222,0.1111111111111111,22
20895,Mirex,default,39,12,12,0.3076923076923077,0.3076923076923077,0
44643,Glycidyl trimethylammonium chloride,default,38,4,4,0.10526315789473684,0.10526315789473684,0
26446,Acetyl tributyl citrate,default,36,11,11,0.3055555555555556,0.3055555555555556,0
25726,2-Nitrobenzenamine,default,18,4,4,0.2222222222222222,0.2222222222222222,0
22480,3-Ethylphenol,default,17,3,3,0.17647058823529413,0.17647058823529413,0
20516,"1,1-Dimethylhydrazine",estimated,16,2,0,0.125,0.0,2
24729,Carbendazim,estimated,39,17,2,0.4358974358974359,0.05128205128205128,15
23862,Aldicarb sulfone,default,16,5,5,0.3125,0.3125,0
47289,UK-343664,default,37,18,18,0.4864864864864865,0.4864864864864865,0
24153,"Indeno[1,2,3-cd]pyrene",estimated,22,14,13,0.6363636363636364,0.5909090909090909,1
32442,Imidacloprid,default,39,19,19,0.48717948717948717,0.48717948717948717,0
37717,Bisphenol AF,estimated,40,31,16,0.775,0.4,15
32555,Flumioxazin,default,38,18,18,0.47368421052631576,0.47368421052631576,0
21116,Phenacetin,default,16,4,4,0.25,0.25,0
41506,4-Chloro-2-cyclopentylphenol,estimated,15,8,6,0.5333333333333333,0.4,2
47291,CI-1044,default,37,11,11,0.2972972972972973,0.2972972972972973,0
20068,2-Aminoanthraquinone,estimated,38,25,18,0.6578947368421053,0.47368421052631576,7
21440,Vinylpyrrolidone,default,36,3,3,0.08333333333333333,0.08333333333333333,0
32488,Thiazopyr,estimated,37,14,11,0.3783783783783784,0.2972972972972973,3
21643,Octanal,default,36,6,6,0.16666666666666666,0.16666666666666666,0
47351,SSR 240612,estimated,37,31,14,0.8378378378378378,0.3783783783783784,17
25122,Dimethyl glutarate,default,36,4,4,0.1111111111111111,0.1111111111111111,0
47278,CP-457677,default,37,13,13,0.35135135135135137,0.35135135135135137,0
20409,"Dibenz[a,h]anthracene",estimated,28,14,8,0.5,0.2857142857142857,6
47307,PD-0333941,estimated,38,30,12,0.7894736842105263,0.3157894736842105,18
20607,Di(2-ethylhexyl) phthalate,estimated,40,12,4,0.3,0.1,8
47335,MK-812,estimated,36,7,1,0.19444444444444445,0.027777777777777776,6
24175,Metalaxyl,default,38,7,7,0.18421052631578946,0.18421052631578946,0
20243,Captan,estimated,42,25,11,0.5952380952380952,0.2619047619047619,14
38888,Basic Blue 7,estimated,27,24,19,0.8888888888888888,0.7037037037037037,5
47369,SR146131 trifluoroacetate (1:1),estimated,37,34,20,0.918918918918919,0.5405405405405406,14
47376,AVE2865,default,36,9,9,0.25,0.25,0
21831,3-Nitrotoluene,default,36,2,2,0.05555555555555555,0.05555555555555555,0
21411,Tris(2-chloroethyl) phosphate,default,41,7,7,0.17073170731707318,0.17073170731707318,0
27131,"1H-1,2,4-Triazole",default,36,11,11,0.3055555555555556,0.3055555555555556,0
27991,1-Hexadecanol,default,38,10,10,0.2631578947368421,0.2631578947368421,0
25300,2-Ethylhexyl diphenyl phosphate,estimated,29,21,12,0.7241379310344828,0.41379310344827586,9
21150,Phenylmercuric acetate,estimated,39,35,19,0.8974358974358975,0.48717948717948717,16
20687,"1,2,3,4,5,6-Hexachlorocyclohexane",estimated,26,21,7,0.8076923076923077,0.2692307692307692,14
44742,"2,2'-[Ethane-1,2-diylbis(oxy)]diethanamine",estimated,37,10,3,0.2702702702702703,0.08108108108108109,7
35175,Kinetin,default,16,3,3,0.1875,0.1875,0
40794,Sodium 2-phenylphenate tetrahydrate,estimated,20,9,3,0.45,0.15,6
20740,Indomethacin,default,40,15,15,0.375,0.375,0
39336,S-Bioallethrin,estimated,39,27,11,0.6923076923076923,0.28205128205128205,16
34877,Pyrimethanil,default,37,13,13,0.35135135135135137,0.35135135135135137,0
25805,2-n-Octyl-4-isothiazolin-3-one,estimated,40,32,15,0.8,0.375,17
34113,4-Hydroxyandrostenedione,estimated,16,7,3,0.4375,0.1875,4
34255,2-Fluoroacetamide,default,14,1,1,0.07142857142857142,0.07142857142857142,0
20319,Chlorothalonil,estimated,40,30,18,0.75,0.45,12
41306,"2,2',4,4'-Tetrahydroxybenzophenone",default,39,19,19,0.48717948717948717,0.48717948717948717,0
23322,Mifepristone,estimated,40,35,21,0.875,0.525,14
21409,Triphenyltin hydroxide,estimated,37,33,14,0.8918918918918919,0.3783783783783784,19
20458,Chlorpyrifos,estimated,40,21,16,0.525,0.4,5
48522,HMR1171 trifluoroacetate (1:1),estimated,37,31,9,0.8378378378378378,0.24324324324324326,22
34232,2-(m-Chlorophenoxy)propionic acid,default,37,9,9,0.24324324324324326,0.24324324324324326,0
23977,2-Chlorotoluene,default,36,2,2,0.05555555555555555,0.05555555555555555,0
26252,Triphenyl phosphite,default,38,7,7,0.18421052631578946,0.18421052631578946,0
26640,"1,3-Diisopropylbenzene",default,36,2,2,0.05555555555555555,0.05555555555555555,0
24930,"3,4-Diaminotoluene",estimated,39,21,9,0.5384615384615384,0.23076923076923078,12
34849,Propamocarb hydrochloride,default,36,8,8,0.2222222222222222,0.2222222222222222,0
31131,Dipentyl phthalate,estimated,39,14,7,0.358974358974359,0.1794871794871795,7
21774,Acenaphthene,estimated,38,5,2,0.13157894736842105,0.05263157894736842,3
41623,Benodanil,default,37,20,20,0.5405405405405406,0.5405405405405406,0
21123,Phenobarbital sodium,default,40,8,8,0.2,0.2,0
26926,1-Tetradecanol,estimated,37,11,1,0.2972972972972973,0.02702702702702703,10
44493,1-[3-(Triethoxysilyl)propyl]urea,default,36,2,2,0.05555555555555555,0.05555555555555555,0
20267,"Octachloro-4,7-methanotetrahydroindane",estimated,38,28,18,0.7368421052631579,0.47368421052631576,10
21807,o-Xylene,default,15,2,2,0.13333333333333333,0.13333333333333333,0
47346,SSR162369,default,37,9,9,0.24324324324324326,0.24324324324324326,0
20420,Propyzamide,default,37,15,15,0.40540540540540543,0.40540540540540543,0
23848,Acetochlor,estimated,40,26,11,0.65,0.275,15
21946,1-Decanol,estimated,37,7,2,0.1891891891891892,0.05405405405405406,5
47456,"2-Norbornene-5,6-dicarboxylic anhydride",default,36,2,2,0.05555555555555555,0.05555555555555555,0
21516,Methyl ethyl ketone,default,17,2,2,0.11764705882352941,0.11764705882352941,0
34223,Tebufenpyrad,estimated,38,34,26,0.8947368421052632,0.6842105263157895,8
20402,"2,4-Diaminotoluene",default,40,15,15,0.375,0.375,0
23901,Bentazone,default,37,11,11,0.2972972972972973,0.2972972972972973,0
29611,Ethylenebis(oxyethylene) dibenzoate,default,17,6,6,0.35294117647058826,0.35294117647058826,0
27441,Octabenzone,estimated,37,12,3,0.32432432432432434,0.08108108108108109,9
22628,Atenolol,default,17,1,1,0.058823529411764705,0.058823529411764705,0
47303,CJ-013790,estimated,39,32,14,0.8205128205128205,0.358974358974359,18
34338,Ancymidol,default,14,2,2,0.14285714285714285,0.14285714285714285,0
31290,Isocyclemone E,estimated,25,15,0,0.6,0.0,15
24177,Methamidophos,default,38,10,10,0.2631578947368421,0.2631578947368421,0
24216,Nitrapyrin,estimated,37,7,1,0.1891891891891892,0.02702702702702703,6
21196,"2,4-Bis(isopropylamino)-6-chloro-1,3,5-triazine",default,38,14,14,0.3684210526315789,0.3684210526315789,0
47279,CP-532623,default,37,12,12,0.32432432432432434,0.32432432432432434,0
47598,"4,4'-Sulfonylbis[2-(prop-2-en-1-yl)phenol]",estimated,39,33,14,0.8461538461538461,0.358974358974359,19
27924,Diisodecyl hexanedioate,default,36,7,7,0.19444444444444445,0.19444444444444445,0
32675,Sulprofos,default,18,10,10,0.5555555555555556,0.5555555555555556,0
27195,Hexadecane,default,36,3,3,0.08333333333333333,0.08333333333333333,0
47882,Phenylparaben,estimated,17,9,4,0.5294117647058824,0.23529411764705882,5
25271,N-Ethylaniline,default,36,4,4,0.1111111111111111,0.1111111111111111,0
47358,Nelivaptan,estimated,39,33,10,0.8461538461538461,0.2564102564102564,23
24052,Dimethipin,estimated,38,25,14,0.6578947368421053,0.3684210526315789,11
47362,SSR150106,estimated,37,29,15,0.7837837837837838,0.40540540540540543,14
40694,Butyl benzoate,default,36,7,7,0.19444444444444445,0.19444444444444445,0
20570,Sodium erythorbate,default,36,4,4,0.1111111111111111,0.1111111111111111,0
47355,Trelanserin,estimated,38,20,13,0.5263157894736842,0.34210526315789475,7
21952,Triphenyl phosphate,estimated,41,29,16,0.7073170731707317,0.3902439024390244,13
21160,Picloram,default,36,7,7,0.19444444444444445,0.19444444444444445,0
47270,Besonprodil,estimated,38,27,15,0.7105263157894737,0.39473684210526316,12
24211,Napropamide,estimated,39,27,9,0.6923076923076923,0.23076923076923078,18
20939,Nitrilotriacetic acid,default,39,6,6,0.15384615384615385,0.15384615384615385,0
21195,"1,3-Propane sultone",default,37,3,3,0.08108108108108109,0.08108108108108109,0
34928,Spirodiclofen,estimated,39,25,13,0.6410256410256411,0.3333333333333333,12
21914,5-Methyl-2-hexanone,estimated,17,4,0,0.23529411764705882,0.0,4
41389,2'-Acetonaphthone,default,17,4,4,0.23529411764705882,0.23529411764705882,0
26214,Triclocarban,estimated,39,35,12,0.8974358974358975,0.3076923076923077,23
34695,Mancozeb,estimated,41,34,24,0.8292682926829268,0.5853658536585366,10
24160,Lactofen,estimated,39,23,14,0.5897435897435898,0.358974358974359,9
28880,Triphenyl phosphates isopropylated,estimated,28,24,10,0.8571428571428571,0.35714285714285715,14
20336,Clofibrate,default,37,12,12,0.32432432432432434,0.32432432432432434,0
31980,Resveratrol,estimated,25,19,10,0.76,0.4,9
27397,"Sorbitan, mono-(9Z)-9-octadecenoate",default,37,6,6,0.16216216216216217,0.16216216216216217,0
22521,Diisononyl phthalate,default,25,8,8,0.32,0.32,0
27373,"1,3,4,6,7,8-Hexahydro-4,6,6,7,8,8-hexamethylcyclopenta[g]-2-benzopyran",default,4,2,2,0.5,0.5,0
47477,dl-Norgestrel,estimated,15,7,6,0.4666666666666667,0.4,1
21030,N-Nitrosodiphenylamine,default,37,14,14,0.3783783783783784,0.3783783783783784,0
21419,L-Tryptophan,default,37,4,4,0.10810810810810811,0.10810810810810811,0
44581,2-tert-Butyl-4-ethylphenol,estimated,37,20,5,0.5405405405405406,0.13513513513513514,15
32352,Chlorpyrifos-methyl,estimated,40,18,11,0.45,0.275,7
42394,Sodium 1-naphthalenesulfonate,default,15,2,2,0.13333333333333333,0.13333333333333333,0
22529,Methylparaben,default,40,9,9,0.225,0.225,0
34324,Phoxim,default,19,12,12,0.631578947368421,0.631578947368421,0
23600,Strychnine,default,11,1,1,0.09090909090909091,0.09090909090909091,0
32359,Cyprodinil,estimated,36,21,11,0.5833333333333334,0.3055555555555556,10
32647,2-(Thiocyanomethylthio)benzothiazole,estimated,39,30,17,0.7692307692307693,0.4358974358974359,13
20262,Chloramben,default,37,6,6,0.16216216216216217,0.16216216216216217,0
22489,E-Cinnamic acid,default,16,2,2,0.125,0.125,0
47325,SB413217A,estimated,39,20,7,0.5128205128205128,0.1794871794871795,13
47255,CP-465394,default,36,12,12,0.3333333333333333,0.3333333333333333,0
47274,CP-114271,default,37,8,8,0.21621621621621623,0.21621621621621623,0
24538,Anthralin,default,38,18,18,0.47368421052631576,0.47368421052631576,0
20603,Nabam-sodium,default,16,5,5,0.3125,0.3125,0
47282,CP-671305,default,37,10,10,0.2702702702702703,0.2702702702702703,0
32552,Flufenacet,estimated,39,21,7,0.5384615384615384,0.1794871794871795,14
35180,Allethrin,estimated,40,33,16,0.825,0.4,17
22332,4-(Butan-2-yl)phenol,estimated,38,12,6,0.3157894736842105,0.15789473684210525,6
47433,Equilin,estimated,26,16,7,0.6153846153846154,0.2692307692307692,9
25355,Glutaraldehyde,estimated,37,18,5,0.4864864864864865,0.13513513513513514,13
41847,Dibutyl decanedioate,default,36,4,4,0.1111111111111111,0.1111111111111111,0
47347,SR271425,estimated,37,35,9,0.9459459459459459,0.24324324324324326,26
25253,Ergotamine D-tartrate,estimated,15,9,5,0.6,0.3333333333333333,4
27593,4-Chlorobenzotrichloride,default,39,6,6,0.15384615384615385,0.15384615384615385,0
47565,"1H,1H,2H,2H-Perfluorooctyl iodide",default,38,5,5,0.13157894736842105,0.13157894736842105,0
20647,Furfural,estimated,37,3,1,0.08108108108108109,0.02702702702702703,2
51570,2-Chloroethyl vinyl ether,default,15,1,1,0.06666666666666667,0.06666666666666667,0
21953,Fensulfothion,default,26,8,8,0.3076923076923077,0.3076923076923077,0
27608,Terbutylazine,default,38,13,13,0.34210526315789475,0.34210526315789475,0
47374,SSR161421,estimated,37,27,12,0.7297297297297297,0.32432432432432434,15
47592,9-Phenanthrol,estimated,37,23,13,0.6216216216216216,0.35135135135135137,10
47334,MK-968,estimated,38,32,13,0.8421052631578947,0.34210526315789475,19
20453,Dieldrin,estimated,41,27,24,0.6585365853658537,0.5853658536585366,3
44164,4-Pentylphenol,estimated,26,19,6,0.7307692307692307,0.23076923076923078,13
25881,"1,2-Phenylenediamine",estimated,39,29,10,0.7435897435897436,0.2564102564102564,19
47257,Zamifenacin,estimated,37,30,20,0.8108108108108109,0.5405405405405406,10
21464,Ziram,estimated,38,34,16,0.8947368421052632,0.42105263157894735,18
20374,"p,p'-DDE",estimated,39,22,14,0.5641025641025641,0.358974358974359,8
20834,Methyl carbamate,estimated,17,6,1,0.35294117647058826,0.058823529411764705,5
20515,"N,N-Dimethylformamide",default,38,1,1,0.02631578947368421,0.02631578947368421,0
24460,C.I. Solvent Yellow 1,estimated,37,32,14,0.8648648648648649,0.3783783783783784,18
22455,Dimethyl phthalate,default,39,3,3,0.07692307692307693,0.07692307692307693,0
25049,Diethylene glycol monomethyl ether,default,38,4,4,0.10526315789473684,0.10526315789473684,0
47276,CP-409092,estimated,38,8,7,0.21052631578947367,0.18421052631578946,1
26697,Bis(2-ethylhexyl) nonanedioate,estimated,36,7,5,0.19444444444444445,0.1388888888888889,2
34676,Isazofos,default,38,21,21,0.5526315789473685,0.5526315789473685,0
21374,Bromoform,default,14,3,3,0.21428571428571427,0.21428571428571427,0
20480,Dimethoxane,default,36,6,6,0.16666666666666666,0.16666666666666666,0
45232,Tiratricol,estimated,36,29,13,0.8055555555555556,0.3611111111111111,16
32376,Dimethenamid,estimated,37,19,12,0.5135135135135135,0.32432432432432434,7
32316,"4-Chloro-3,5-dimethylphenol",estimated,18,7,6,0.3888888888888889,0.3333333333333333,1
24062,"3,4-Dimethylphenol",default,37,9,9,0.24324324324324326,0.24324324324324326,0
42243,Oleyl sarcosine,estimated,21,14,3,0.6666666666666666,0.14285714285714285,11
45400,Ronidazole,default,15,1,1,0.06666666666666667,0.06666666666666667,0
24151,Imazalil,estimated,39,35,17,0.8974358974358975,0.4358974358974359,18
47360,SR58611,estimated,36,23,12,0.6388888888888888,0.3333333333333333,11
40324,m-Cumenyl methylcarbamate,default,14,5,5,0.35714285714285715,0.35714285714285715,0
34855,Butyl (2R)-2-(4-{[5-(trifluoromethyl)pyridin-2-yl]oxy}phenoxy)propanoate,estimated,38,10,2,0.2631578947368421,0.05263157894736842,8
20653,Gentian Violet,estimated,41,39,23,0.9512195121951219,0.5609756097560976,16
20537,Diphenhydramine hydrochloride,estimated,40,23,17,0.575,0.425,6
27205,Octamethylcyclotetrasiloxane,default,38,5,5,0.13157894736842105,0.13157894736842105,0
24328,Sulfotep,estimated,25,14,5,0.56,0.2,9
34924,Sodium trichloroacetate,default,36,9,9,0.25,0.25,0
21770,"2,2',6,6'-Tetrachlorobisphenol A",estimated,27,21,15,0.7777777777777778,0.5555555555555556,6
41508,4-Chloro-2-methylaniline,default,24,6,6,0.25,0.25,0
22345,"o,p'-DDT",estimated,40,29,17,0.725,0.425,12
21759,2-Methyl-1-propanol,default,17,2,2,0.11764705882352941,0.11764705882352941,0
23652,6-Thioguanine,estimated,40,27,8,0.675,0.2,19
27640,Malic acid,default,36,6,6,0.16666666666666666,0.16666666666666666,0
23556,Retinol,estimated,40,21,12,0.525,0.3,9
24085,2-Cloroethylphosphonic acid,estimated,37,9,7,0.24324324324324326,0.1891891891891892,2
22510,4-Chloro-2-methylphenol,default,17,7,7,0.4117647058823529,0.4117647058823529,0
47266,CP-544439,estimated,36,20,6,0.5555555555555556,0.16666666666666666,14
22446,"2,2′-Methylenebis[phenol]",estimated,25,16,9,0.64,0.36,7
21771,4-(2-Methylbutan-2-yl)phenol,estimated,39,19,8,0.48717948717948717,0.20512820512820512,11
34365,Butafenacil,estimated,36,14,9,0.3888888888888889,0.25,5
34885,Fenchlorphos,default,25,16,16,0.64,0.64,0
26689,"1,1′,1′′,1′′′-(Ethylenedinitrilo)tetrakis(2-propanol)",default,36,5,5,0.1388888888888889,0.1388888888888889,0
47301,CP-456773,default,37,13,13,0.35135135135135137,0.35135135135135137,0
23826,Isophorone diisocyanate,default,37,11,11,0.2972972972972973,0.2972972972972973,0
52686,"2-Ethylhexyl 2,3,4,5-tetrabromobenzoate",default,3,2,2,0.6666666666666666,0.6666666666666666,0
27268,Pentadecane,default,36,3,3,0.08333333333333333,0.08333333333333333,0
40222,Trifloxysulfuron-sodium,default,37,11,11,0.2972972972972973,0.2972972972972973,0
40362,5-Chloro-N-(2-chloro-4-nitrophenyl)-2-hydroxybenzamide,estimated,39,32,15,0.8205128205128205,0.38461538461538464,17
47535,Butyryl-n-trihexylcitrate,default,37,3,3,0.08108108108108109,0.08108108108108109,0
47281,CP-612372,default,37,12,12,0.32432432432432434,0.32432432432432434,0
40708,4-Hexylaniline,estimated,18,9,7,0.5,0.3888888888888889,2
21233,FD&C Red 3,estimated,25,20,11,0.8,0.44,9
20332,Citric acid,default,37,4,4,0.10810810810810811,0.10810810810810811,0
21642,Octadecanoic acid,estimated,37,10,6,0.2702702702702703,0.16216216216216217,4
42327,Dipropylene glycol dimethyl ether,default,15,2,2,0.13333333333333333,0.13333333333333333,0
20295,4-Chloroaniline,estimated,37,7,2,0.1891891891891892,0.05405405405405406,5
24254,Phenanthrene,estimated,40,10,5,0.25,0.125,5
22991,Erythromycin,default,38,7,7,0.18421052631578946,0.18421052631578946,0
25527,Medroxyprogesterone acetate,estimated,23,11,9,0.4782608695652174,0.391304347826087,2
34538,Diflufenzopyr,default,16,4,4,0.25,0.25,0
20105,Sodium L-ascorbate,default,38,8,8,0.21052631578947367,0.21052631578947367,0
34252,Tepraloxydim,default,37,4,4,0.10810810810810811,0.10810810810810811,0
22370,Progesterone,estimated,38,33,17,0.868421052631579,0.4473684210526316,16
37094,4-Hydroxytamoxifen,estimated,40,30,17,0.75,0.425,13
34300,Acetamiprid,default,38,10,10,0.2631578947368421,0.2631578947368421,0
47368,SSR69071,estimated,38,30,14,0.7894736842105263,0.3684210526315789,16
26193,"1,2,3-Trichlorobenzene",default,37,4,4,0.10810810810810811,0.10810810810810811,0
24239,Oxadiazon,estimated,38,30,9,0.7894736842105263,0.23684210526315788,21
24242,Paclobutrazol,estimated,39,19,11,0.48717948717948717,0.28205128205128205,8
41275,1-Monolaurin,estimated,16,6,1,0.375,0.0625,5
21031,4-Nitrosodiphenylamine,estimated,19,14,9,0.7368421052631579,0.47368421052631576,5
26065,"C.I. Acid Blue 1, sodium salt",estimated,17,10,7,0.5882352941176471,0.4117647058823529,3
23235,D-Mannitol,default,38,4,4,0.10526315789473684,0.10526315789473684,0
21575,Dalapon,default,37,3,3,0.08108108108108109,0.08108108108108109,0
31248,Diquat dibromide monohydrate,estimated,37,8,3,0.21621621621621623,0.08108108108108109,5
24662,Brucine,default,17,7,7,0.4117647058823529,0.4117647058823529,0
47253,CP-401387,estimated,37,33,16,0.8918918918918919,0.43243243243243246,17
24066,"1,2-Dinitrobenzene",estimated,39,16,11,0.41025641025641024,0.28205128205128205,5
20692,Methenamine,default,36,1,1,0.027777777777777776,0.027777777777777776,0
20433,"3,3'-Dichlorobenzidine dihydrochloride",estimated,26,22,16,0.8461538461538461,0.6153846153846154,6
22959,Docusate sodium,estimated,40,31,14,0.775,0.35,17
21026,N-Nitrosodibutylamine,default,36,4,4,0.1111111111111111,0.1111111111111111,0
27047,Isomethyl-alpha-ionone,estimated,37,4,0,0.10810810810810811,0.0,4
34286,5-Chloro-2-methyl-3(2H)-isothiazolone,estimated,38,14,7,0.3684210526315789,0.18421052631578946,7
47337,PharmaGSID_47337,estimated,39,34,12,0.8717948717948718,0.3076923076923077,22
24917,Diacetone alcohol,default,36,5,5,0.1388888888888889,0.1388888888888889,0
20894,Bis(4-(dimethylamino)phenyl)methanone,estimated,36,25,10,0.6944444444444444,0.2777777777777778,15
32547,Etridiazole,default,38,22,22,0.5789473684210527,0.5789473684210527,0
21103,Pentachloroanisole,default,15,3,3,0.2,0.2,0
24105,Fluorene,default,39,7,7,0.1794871794871795,0.1794871794871795,0
47391,SAR102608,estimated,38,22,6,0.5789473684210527,0.15789473684210525,16
23380,Norethindrone,estimated,39,24,18,0.6153846153846154,0.46153846153846156,6
20508,Dimethylarsinic acid,default,37,8,8,0.21621621621621623,0.21621621621621623,0
24888,Cyclophosphamide monohydrate,default,38,3,3,0.07894736842105263,0.07894736842105263,0
21834,4-Nitrophenol,estimated,37,13,4,0.35135135135135137,0.10810810810810811,9
24364,Cresol,default,11,3,3,0.2727272727272727,0.2727272727272727,0
20248,Carbazole,estimated,26,13,6,0.5,0.23076923076923078,7
24195,2-(4-Chloro-2-methylphenoxy)acetic acid,default,37,10,10,0.2702702702702703,0.2702702702702703,0
32113,Tebuconazole,estimated,41,29,14,0.7073170731707317,0.34146341463414637,15
42220,Nuarimol,default,14,4,4,0.2857142857142857,0.2857142857142857,0
21056,N-Nitrosomorpholine,estimated,15,2,0,0.13333333333333333,0.0,2
47292,"3-((1-(Aminomethyl)cyclohexyl)methyl)-1,2,4-oxadiazol-5(2H)-one dihydrochloride",default,37,1,1,0.02702702702702703,0.02702702702702703,0
32405,Formetanate hydrochloride,estimated,37,11,4,0.2972972972972973,0.10810810810810811,7
21828,Acetophenone,default,36,6,6,0.16666666666666666,0.16666666666666666,0
26523,Symclosene,default,36,7,7,0.19444444444444445,0.19444444444444445,0
32484,Temephos,estimated,26,18,12,0.6923076923076923,0.46153846153846156,6
21413,"Tris(2,3-dibromopropyl) phosphate",estimated,25,20,14,0.8,0.56,6
21740,1-Butanol,default,17,1,1,0.058823529411764705,0.058823529411764705,0
20606,Bis(2-ethylhexyl)hexanedioate,default,36,7,7,0.19444444444444445,0.19444444444444445,0
47338,HMR1426,estimated,39,32,26,0.8205128205128205,0.6666666666666666,6
47315,PharmaGSID_47315,estimated,36,33,16,0.9166666666666666,0.4444444444444444,17
20867,"4,4'-Methylenebis(o-toluidine)",default,39,15,15,0.38461538461538464,0.38461538461538464,0
32578,Thiodicarb,estimated,37,23,14,0.6216216216216216,0.3783783783783784,9
20634,5-Fluorouracil,estimated,40,23,2,0.575,0.05,21
20887,6-Methylquinoline,default,37,4,4,0.10810810810810811,0.10810810810810811,0
22927,Didanosine,default,37,8,8,0.21621621621621623,0.21621621621621623,0
28033,Triisononyl trimellitate,default,36,5,5,0.1388888888888889,0.1388888888888889,0
20811,Mercuric chloride,estimated,39,27,12,0.6923076923076923,0.3076923076923077,15
24065,"1,3-Dinitrobenzene",default,38,9,9,0.23684210526315788,0.23684210526315788,0
21106,Pentachlorophenol,estimated,37,32,27,0.8648648648648649,0.7297297297297297,5
20375,DDT,estimated,42,31,14,0.7380952380952381,0.3333333333333333,17
25219,Sodium dodecylbenzenesulfonate,estimated,41,33,17,0.8048780487804879,0.4146341463414634,16
21957,Phenyl salicylate,default,17,8,8,0.47058823529411764,0.47058823529411764,0
20093,p-Anisidinium chloride,default,18,7,7,0.3888888888888889,0.3888888888888889,0
44576,"Citric acid, triethyl ester, acetate",default,36,6,6,0.16666666666666666,0.16666666666666666,0
25659,Methyl salicylate,default,36,4,4,0.1111111111111111,0.1111111111111111,0
20283,"4-Chloro-1,2-diaminobenzene",estimated,37,33,12,0.8918918918918919,0.32432432432432434,21
20505,Dimethylaminoethanol,default,37,4,4,0.10810810810810811,0.10810810810810811,0
24299,Hexythiazox,estimated,38,29,9,0.7631578947368421,0.23684210526315788,20
42038,Heptyl butyrate,default,15,3,3,0.2,0.2,0
47448,Potassium chlorate,default,17,2,2,0.11764705882352941,0.11764705882352941,0
37494,Desethylatrazine,default,17,4,4,0.23529411764705882,0.23529411764705882,0
27837,Tripropylene glycol,default,23,4,4,0.17391304347826086,0.17391304347826086,0
34722,Topramezone,default,17,3,3,0.17647058823529413,0.17647058823529413,0
20494,Dimethyl methylphosphonate,default,18,1,1,0.05555555555555555,0.05555555555555555,0
24664,Butyraldehyde oxime,default,16,3,3,0.1875,0.1875,0
47712,Cornmint oil,estimated,15,3,0,0.2,0.0,3
47185,Isopentyl benzoate,default,15,1,1,0.06666666666666667,0.06666666666666667,0
41815,"3,3,5-Trimethylcyclohexanol",default,15,2,2,0.13333333333333333,0.13333333333333333,0
24993,"Dichloro-1,3,5-triazinetrione",default,17,2,2,0.11764705882352941,0.11764705882352941,0
42232,Hydroxycitronellal,default,16,3,3,0.1875,0.1875,0
27134,Bis(2-ethylhexyl) phosphate,estimated,25,19,11,0.76,0.44,8
20047,Allyl isothiocyanate,default,15,4,4,0.26666666666666666,0.26666666666666666,0
26164,2-Methylaniline,default,36,4,4,0.1111111111111111,0.1111111111111111,0
21847,Diphenyl oxide,estimated,25,9,1,0.36,0.04,8
21277,"2E,4E-Hexadienoic acid",default,36,11,11,0.3055555555555556,0.3055555555555556,0
21392,Triethanolamine,default,37,4,4,0.10810810810810811,0.10810810810810811,0
27581,"1,5,9-Cyclododecatriene",default,36,3,3,0.08333333333333333,0.08333333333333333,0
23892,Abamectin,estimated,39,37,13,0.9487179487179487,0.3333333333333333,24
44828,Ethyl undec-10-enoate,default,15,3,3,0.2,0.2,0
20843,"Methyl (9Z,12Z)-octadecadienoate",estimated,28,20,7,0.7142857142857143,0.25,13
38864,"2,2'-Methylenebis(ethyl-6-tert-butylphenol)",estimated,19,14,7,0.7368421052631579,0.3684210526315789,7
25612,2-Methylpentanedinitrile,default,15,1,1,0.06666666666666667,0.06666666666666667,0
29572,Benoxacor,estimated,25,14,7,0.56,0.28,7
47205,2-Ethylhexyl trans-4-methoxycinnamate,default,16,4,4,0.25,0.25,0
21455,C.I. Acid Yellow 23,estimated,36,12,7,0.3333333333333333,0.19444444444444445,5
26141,Thioglycolic acid,default,16,1,1,0.0625,0.0625,0
26838,Isopropyl tetradecanoate,default,17,4,4,0.23529411764705882,0.23529411764705882,0
27142,"1,2-Dichloro-4-(trifluoromethyl)benzene",default,15,2,2,0.13333333333333333,0.13333333333333333,0
29154,Cyclopentanone,default,16,1,1,0.0625,0.0625,0
41425,(2E)-2-Hexenal,default,15,3,3,0.2,0.2,0
25864,4-Ethoxyaniline,default,18,7,7,0.3888888888888889,0.3888888888888889,0
38298,1-Hydroxypyrene,estimated,41,25,18,0.6097560975609756,0.43902439024390244,7
25688,Morpholine,default,15,1,1,0.06666666666666667,0.06666666666666667,0
47517,"Hexanedioic acid, di-C7-9-branched and linear alkyl esters",estimated,17,4,0,0.23529411764705882,0.0,4
40112,Ethyl heptanoate,default,36,3,3,0.08333333333333333,0.08333333333333333,0
34653,Hexaconazole,estimated,38,32,16,0.8421052631578947,0.42105263157894735,16
32673,Pyrithiobac sodium,default,37,5,5,0.13513513513513514,0.13513513513513514,0
26691,Triacetin,default,37,6,6,0.16216216216216217,0.16216216216216217,0
27312,1-Phenoxy-2-propanol,default,17,4,4,0.23529411764705882,0.23529411764705882,0
21863,Diethyl propanedioate,default,17,2,2,0.11764705882352941,0.11764705882352941,0
27633,Irganox 1010,default,15,4,4,0.26666666666666666,0.26666666666666666,0
42494,Trimethoxypropylsilane,default,15,2,2,0.13333333333333333,0.13333333333333333,0
41413,R-(-)-Carvone,default,16,3,3,0.1875,0.1875,0
20618,"4-(5,6,7,8-Tetrahydroimidazo(1,5-a)pyridin-5-yl)benzonitrile monohydrochloride",default,16,3,3,0.1875,0.1875,0
32610,Etofenprox,default,39,13,13,0.3333333333333333,0.3333333333333333,0
41492,3-Phenylhexane,default,16,3,3,0.1875,0.1875,0
21764,1-Amino-2-propanol,default,15,1,1,0.06666666666666667,0.06666666666666667,0
23193,Lactose,default,16,1,1,0.0625,0.0625,0
41957,Ethyl orthoformate,default,16,2,2,0.125,0.125,0
21639,Nonanal,estimated,27,4,2,0.14814814814814814,0.07407407407407407,2
26566,"Dimethyl cyclohexane-1,4-dicarboxylate",default,17,3,3,0.17647058823529413,0.17647058823529413,0
41208,Decyl beta-D-glucopyranoside,estimated,15,3,0,0.2,0.0,3
27921,"Dipropylene glycol, dibenzoate",estimated,38,8,5,0.21052631578947367,0.13157894736842105,3
40342,"4-Ethyl-1,3-dioxolan-2-one",default,16,2,2,0.125,0.125,0
20240,Caprolactam,estimated,36,6,0,0.16666666666666666,0.0,6
20601,"4,5-Dihydro-2-mercaptoimidazole",default,38,11,11,0.2894736842105263,0.2894736842105263,0
20910,Busulfan,default,39,10,10,0.2564102564102564,0.2564102564102564,0
21029,N-Nitrosodimethylamine,default,36,4,4,0.1111111111111111,0.1111111111111111,0
41267,1-Ethoxy-2-propanol,default,15,2,2,0.13333333333333333,0.13333333333333333,0
25451,"4-(2,6,6-Trimethyl-cyclohex-1-enyl)-but-3-en-2-one",default,15,4,4,0.26666666666666666,0.26666666666666666,0
25234,Eosin,estimated,19,11,3,0.5789473684210527,0.15789473684210525,8
25143,"2,3-Dimethylphenol",estimated,24,12,5,0.5,0.20833333333333334,7
38924,Hexyl salicylate,estimated,24,11,2,0.4583333333333333,0.08333333333333333,9
41715,"C.I. Acid Violet 12, disodium salt",estimated,18,7,0,0.3888888888888889,0.0,7
33058,"4-Amino-1,2,4-triazole",default,37,5,5,0.13513513513513514,0.13513513513513514,0
29262,"2,6-Di-tert-butyl-4-ethylphenol",estimated,18,10,5,0.5555555555555556,0.2777777777777778,5
42062,Isobornyl propanoate,default,16,1,1,0.0625,0.0625,0
21553,Decanal,default,25,9,9,0.36,0.36,0
41663,Benzyl cinnamate,default,19,8,8,0.42105263157894735,0.42105263157894735,0
40795,Chloramine-T trihydrate,default,16,4,4,0.25,0.25,0
26259,Tris(2-chloroisopropyl)phosphate,default,25,8,8,0.32,0.32,0
20161,Biphenyl,default,37,7,7,0.1891891891891892,0.1891891891891892,0
25453,3-Methylbutyl acetate,default,36,2,2,0.05555555555555555,0.05555555555555555,0
24394,Acetic acid,default,36,4,4,0.1111111111111111,0.1111111111111111,0
26262,"Tris(2,3-epoxypropyl)isocyanurate",estimated,37,19,7,0.5135135135135135,0.1891891891891892,12
26726,Citronellol,estimated,36,8,3,0.2222222222222222,0.08333333333333333,5
44443,"N,N-Dibutyl-N-methylbutan-1-aminium chloride",default,16,3,3,0.1875,0.1875,0
41719,"C.I. Acid Yellow 17, disodium salt",estimated,17,5,1,0.29411764705882354,0.058823529411764705,4
32431,S-Metolachlor,estimated,16,7,4,0.4375,0.25,3
47590,2-Phenylethyl benzoate,default,16,6,6,0.375,0.375,0
48193,"4,4'-Di-tert-butylbiphenyl",default,17,1,1,0.058823529411764705,0.058823529411764705,0
36229,Sodium decyl sulfate,default,17,7,7,0.4117647058823529,0.4117647058823529,0
27983,Dipropylene glycol monomethyl ether,default,36,7,7,0.19444444444444445,0.19444444444444445,0
22048,Flavone,estimated,17,9,2,0.5294117647058824,0.11764705882352941,7
41487,"3,7-Dimethyloctan-3-yl acetate",default,16,3,3,0.1875,0.1875,0
32518,"4,5-Dichloro-3H-1,2-dithiol-3-one",estimated,30,25,13,0.8333333333333334,0.43333333333333335,12
48202,Isopropyl phenyl ketone,default,16,1,1,0.0625,0.0625,0
36588,"Glycols, polyethylene, mono(p-nonylphenyl) ether",estimated,19,14,5,0.7368421052631579,0.2631578947368421,9
34361,Denatonium saccharide,default,25,8,8,0.32,0.32,0
26781,4-Methyl-2-pentanol,default,36,5,5,0.1388888888888889,0.1388888888888889,0
36105,2-tert-Butylcyclohexyl acetate,default,15,2,2,0.13333333333333333,0.13333333333333333,0
25607,"1,2-Dimethoxy-4-(2-propen-1-yl)benzene",default,37,8,8,0.21621621621621623,0.21621621621621623,0
21928,Ethylene glycol monoethyl ether acetate,default,38,2,2,0.05263157894736842,0.05263157894736842,0
32358,Cymoxanil,default,39,18,18,0.46153846153846156,0.46153846153846156,0
35288,"(8E,10E)-8,10-Dodecadien-1-ol",estimated,19,11,5,0.5789473684210527,0.2631578947368421,6
21062,N-Nitrosopyrrolidine,estimated,16,4,2,0.25,0.125,2
27461,Thiocarbazide,estimated,19,9,6,0.47368421052631576,0.3157894736842105,3
20889,4-Methylstyrene,default,15,3,3,0.2,0.2,0
25292,"2-Ethyl-1,3-hexanediol",default,15,2,2,0.13333333333333333,0.13333333333333333,0
44570,"1,2-Ethanediamine dihydroiodide",estimated,16,4,1,0.25,0.0625,3
40343,Benzyl bromoacetate,default,15,6,6,0.4,0.4,0
41293,2-((Dimethylamino)methyl)phenol,default,15,2,2,0.13333333333333333,0.13333333333333333,0
47487,Sodium nonyl sulfate,default,16,3,3,0.1875,0.1875,0
27433,"N-[3-(Trimethoxysilyl)propyl]ethane-1,2-diamine",estimated,15,3,0,0.2,0.0,3
34229,gamma-Nonanolactone,default,16,1,1,0.0625,0.0625,0
24031,"(E)-1,2-Dichloroethylene",default,15,3,3,0.2,0.2,0
24985,"1,3-Dichloro-5,5-dimethylhydantoin",default,36,2,2,0.05555555555555555,0.05555555555555555,0
29221,Clopyralid,default,36,5,5,0.1388888888888889,0.1388888888888889,0
20620,Fenthion,estimated,39,22,12,0.5641025641025641,0.3076923076923077,10
32514,"1,2-Benzenedicarboxaldehyde",estimated,39,19,11,0.48717948717948717,0.28205128205128205,8
38732,Diethyl butanedioate,default,36,13,13,0.3611111111111111,0.3611111111111111,0
35152,"1-(Hydroxymethyl)-5,5-dimethylhydantoin",default,36,8,8,0.2222222222222222,0.2222222222222222,0
21937,1-Heptanol,default,25,4,4,0.16,0.16,0
44818,2-Butyloctan-1-ol,estimated,24,10,2,0.4166666666666667,0.08333333333333333,8
27738,(Methylcyclopentadienyl)tricarbonylmanganese,default,18,7,7,0.3888888888888889,0.3888888888888889,0
21790,2-Nitrophenol,default,16,3,3,0.1875,0.1875,0
41557,Dihydromyrcenol,default,16,3,3,0.1875,0.1875,0
20268,Chlorendic acid,default,39,4,4,0.10256410256410256,0.10256410256410256,0
29353,Acetylcedrene,estimated,20,7,2,0.35,0.1,5
25017,Dicumyl peroxide,estimated,37,17,2,0.4594594594594595,0.05405405405405406,15
21391,Tris(methylphenyl) phosphate,estimated,30,22,7,0.7333333333333333,0.23333333333333334,15
41440,2-Methylbutyl isovalerate,estimated,17,6,1,0.35294117647058826,0.058823529411764705,5
21997,1-(2-Aminoethyl)piperazine,default,15,4,4,0.26666666666666666,0.26666666666666666,0
42426,Sulfosuccinic acid,default,16,2,2,0.125,0.125,0
42189,"N,N-Diisopropylaniline",default,16,1,1,0.0625,0.0625,0
25152,Dimethyl succinate,default,37,4,4,0.10810810810810811,0.10810810810810811,0
27320,Sodium 4-nitrophenolate,estimated,36,10,1,0.2777777777777778,0.027777777777777776,9
21872,4-Methylbenzenamine,default,37,7,7,0.1891891891891892,0.1891891891891892,0
23792,4-Nitrotoluene,default,36,6,6,0.16666666666666666,0.16666666666666666,0
21941,2-(2-Ethoxyethoxy)ethanol,default,36,1,1,0.027777777777777776,0.027777777777777776,0
32637,Pymetrozine,default,39,8,8,0.20512820512820512,0.20512820512820512,0
21739,1-Propanol,default,16,2,2,0.125,0.125,0
21240,Retinol acetate,estimated,20,13,4,0.65,0.2,9
21916,2-Heptanone,estimated,16,6,1,0.375,0.0625,5
22100,4-Propylphenol,default,18,7,7,0.3888888888888889,0.3888888888888889,0
47167,N-Methylacetamide,default,36,2,2,0.05555555555555555,0.05555555555555555,0
20485,C.I. Disperse Black 6 dihydrochloride,estimated,37,27,14,0.7297297297297297,0.3783783783783784,13
41646,"C.I. Acid Yellow 34, monosodium salt",estimated,18,4,3,0.2222222222222222,0.16666666666666666,1
29128,Tetrahydrofurfuryl alcohol,default,16,2,2,0.125,0.125,0
27826,Dicyclohexyl sodium sulfosuccinate,default,16,5,5,0.3125,0.3125,0
41955,Ethyl diethanolamine,default,16,2,2,0.125,0.125,0
32591,"1-Bromo-3-chloro-5,5-dimethylhydantoin",default,16,4,4,0.25,0.25,0
41661,2-Hydroxybenzonitrile,default,17,3,3,0.17647058823529413,0.17647058823529413,0
21780,Diethyl phthalate,default,39,4,4,0.10256410256410256,0.10256410256410256,0
21976,2-Phenoxyethanol,default,36,3,3,0.08333333333333333,0.08333333333333333,0
22508,4-Dodecylphenol,estimated,21,17,8,0.8095238095238095,0.38095238095238093,9
34665,Imazapyr,default,39,4,4,0.10256410256410256,0.10256410256410256,0
21956,Di-n-octyl phthalate,default,39,8,8,0.20512820512820512,0.20512820512820512,0
21094,"4,4'-Oxydianiline",default,38,13,13,0.34210526315789475,0.34210526315789475,0
21947,1-Tridecanol,estimated,37,15,3,0.40540540540540543,0.08108108108108109,12
38696,Ethyl benzoate,default,15,3,3,0.2,0.2,0
21907,Propanedinitrile,estimated,18,8,2,0.4444444444444444,0.1111111111111111,6
30060,"2,2-Dichloropropane",default,15,4,4,0.26666666666666666,0.26666666666666666,0
41346,"2,4-D-ethyl ester",default,16,2,2,0.125,0.125,0
23113,2-Methoxyphenol,default,16,3,3,0.1875,0.1875,0
20493,Dimethyl phosphonate,default,18,2,2,0.1111111111111111,0.1111111111111111,0
24263,Phosphoric acid,default,16,3,3,0.1875,0.1875,0
20616,"1,8-Cineol",default,15,3,3,0.2,0.2,0
29559,Diazolidinyl urea,default,16,2,2,0.125,0.125,0
47633,Ethyl oleate,default,15,2,2,0.13333333333333333,0.13333333333333333,0
48207,Diphenyl phosphate,default,17,2,2,0.11764705882352941,0.11764705882352941,0
20044,Allyl alcohol,estimated,15,3,0,0.2,0.0,3
21856,4-Butylaniline,default,16,5,5,0.3125,0.3125,0
26880,"1,2-Ethanediol diacetate",default,17,5,5,0.29411764705882354,0.29411764705882354,0
24045,Ethyl sulfate (Et2SO4),default,36,1,1,0.027777777777777776,0.027777777777777776,0
20528,"2,6-Dinitrotoluene",default,37,6,6,0.16216216216216217,0.16216216216216217,0
24234,Norflurazon,default,38,16,16,0.42105263157894735,0.42105263157894735,0
21689,Undecane,default,36,3,3,0.08333333333333333,0.08333333333333333,0
20370,Daminozide,default,38,4,4,0.10526315789473684,0.10526315789473684,0
25291,2-Ethylhexaldehyde,default,16,2,2,0.125,0.125,0
34929,Spiromesifen,default,17,6,6,0.35294117647058826,0.35294117647058826,0
21921,"2-Butyne-1,4-diol",default,16,6,6,0.375,0.375,0
20929,Niacinamide,default,16,2,2,0.125,0.125,0
44904,C.I. Acid Blue 22,default,16,5,5,0.3125,0.3125,0
21980,Ethyl hexanoate,default,16,3,3,0.1875,0.1875,0
23871,Amitraz,estimated,37,21,5,0.5675675675675675,0.13513513513513514,16
31380,Glycoluril,default,16,3,3,0.1875,0.1875,0
25102,3-(Dimethylamino)propylamine,default,16,1,1,0.0625,0.0625,0
26251,Triphenylphosphine,estimated,17,8,4,0.47058823529411764,0.23529411764705882,4
27072,Sodium phenolate,default,17,3,3,0.17647058823529413,0.17647058823529413,0
22320,Triphenylethylene,default,17,8,8,0.47058823529411764,0.47058823529411764,0
29650,Menthol,default,15,3,3,0.2,0.2,0
34864,Propoxycarbazone-sodium,default,36,7,7,0.19444444444444445,0.19444444444444445,0
47318,SB202235,estimated,36,11,8,0.3055555555555556,0.2222222222222222,3
23541,Pyridoxine,default,36,2,2,0.05555555555555555,0.05555555555555555,0
20921,2-Naphthylamine,default,39,20,20,0.5128205128205128,0.5128205128205128,0
32532,Carfentrazone-ethyl,estimated,37,15,4,0.40540540540540543,0.10810810810810811,11
20628,Fluometuron,default,38,14,14,0.3684210526315789,0.3684210526315789,0
24999,"3,4-Dichloronitrobenzene",default,36,9,9,0.25,0.25,0
27032,2-Amino-2-methylpropan-1-ol,default,15,4,4,0.26666666666666666,0.26666666666666666,0
48191,"4,4'-Methylenebis(2,6-diethylaniline)",estimated,17,9,5,0.5294117647058824,0.29411764705882354,4
41636,(+/-)-alpha-Methylbenzyl acetate,default,17,1,1,0.058823529411764705,0.058823529411764705,0
25662,Methyl styryl ketone,default,15,3,3,0.2,0.2,0
21943,2-Undecanone,default,16,3,3,0.1875,0.1875,0
41265,2-Hexyl-1-decanol,default,23,8,8,0.34782608695652173,0.34782608695652173,0
26314,Zinc pyrithione,estimated,19,14,6,0.7368421052631579,0.3157894736842105,8
27650,Diallyldimethylammonium chloride,default,15,1,1,0.06666666666666667,0.06666666666666667,0
20189,FD&C Blue No. 1,estimated,38,18,11,0.47368421052631576,0.2894736842105263,7
48208,Methyl 2-methylbenzoate,default,17,1,1,0.058823529411764705,0.058823529411764705,0
41877,Dimethylbenzylcarbinyl acetate,default,16,1,1,0.0625,0.0625,0
32345,Chlorhexidine diacetate,estimated,23,17,10,0.7391304347826086,0.43478260869565216,7
29649,"1,3-Benzenedimethanamine",estimated,15,4,3,0.26666666666666666,0.2,1
26922,Tetraethylene glycol,default,16,4,4,0.25,0.25,0
24304,Sethoxydim,default,38,11,11,0.2894736842105263,0.2894736842105263,0
27955,Isooctyl acrylate,default,38,6,6,0.15789473684210525,0.15789473684210525,0
47628,Dicyclohexyl disulfide,estimated,36,10,1,0.2777777777777778,0.027777777777777776,9
47249,Fandosentan potassium salt,estimated,39,26,6,0.6666666666666666,0.15384615384615385,20
27360,Ammonium carbamate,default,36,3,3,0.08333333333333333,0.08333333333333333,0
34212,Spiroxamine,estimated,40,21,18,0.525,0.45,3
41442,Sodium 2-naphthalenesulfonate,default,16,4,4,0.25,0.25,0
27891,Calcium dodecylbenzene sulfonate,estimated,27,20,4,0.7407407407407407,0.14814814814814814,16
27868,tert-Nonanethiol,default,16,4,4,0.25,0.25,0
24704,4-tert-Butyltoluene,default,15,3,3,0.2,0.2,0
20770,Kepone,estimated,41,38,22,0.926829268292683,0.5365853658536586,16
41298,gamma-Caprolactone,default,16,2,2,0.125,0.125,0
20430,"1,2-Dichlorobenzene",default,36,4,4,0.1111111111111111,0.1111111111111111,0
29290,(-)-alpha-Pinene,estimated,15,3,1,0.2,0.06666666666666667,2
24676,Butyl acrylate,default,19,5,5,0.2631578947368421,0.2631578947368421,0
26904,2-Butoxyethyl acetate,default,16,3,3,0.1875,0.1875,0
34700,"Acetic acid, 2-(4-chloro-2-methylphenoxy)-, sodium salt (1:1)",default,16,2,2,0.125,0.125,0
41299,Dihydrojasmone lactone,default,15,5,5,0.3333333333333333,0.3333333333333333,0
27525,Potassium 2-ethylhexanoate,default,17,1,1,0.058823529411764705,0.058823529411764705,0
22422,"4,4'-Diaminobiphenyl methane",default,37,11,11,0.2972972972972973,0.2972972972972973,0
21932,Diethanolamine,default,38,15,15,0.39473684210526316,0.39473684210526316,0
20278,"1-Chloro-2,4-dinitrobenzene",estimated,18,14,7,0.7777777777777778,0.3888888888888889,7
22310,Daidzein,estimated,39,18,9,0.46153846153846156,0.23076923076923078,9
21754,"5,5-Dimethylhydantoin",default,36,3,3,0.08333333333333333,0.08333333333333333,0
21869,p-Cresol,default,37,4,4,0.10810810810810811,0.10810810810810811,0
20560,Endosulfan,estimated,40,34,16,0.85,0.4,18
42422,Styrene glycol,default,15,2,2,0.13333333333333333,0.13333333333333333,0
27364,"N,N-Dimethyloctanamide",default,15,1,1,0.06666666666666667,0.06666666666666667,0
33371,Cyclopentanol,default,16,3,3,0.1875,0.1875,0
48180,4-Propylaniline,default,16,3,3,0.1875,0.1875,0
48194,Heptanophenone,default,16,5,5,0.3125,0.3125,0
20828,4-Methoxyphenol,default,16,6,6,0.375,0.375,0
20932,Nicotinic acid,default,39,4,4,0.10256410256410256,0.10256410256410256,0
27390,Phenolsulfonic acid,default,16,4,4,0.25,0.25,0
35708,Methylbenzethonium chloride,estimated,22,19,6,0.8636363636363636,0.2727272727272727,13
20737,Indole,default,17,6,6,0.35294117647058826,0.35294117647058826,0
42276,o-Ethoxyphenol,estimated,16,4,0,0.25,0.0,4
24182,2-Methoxyethanol,default,39,4,4,0.10256410256410256,0.10256410256410256,0
24204,Metribuzin,default,38,9,9,0.23684210526315788,0.23684210526315788,0
25895,"N-Phenyl-1,4-benzenediamine",estimated,38,26,15,0.6842105263157895,0.39473684210526316,11
32365,"2,6-Dichlorobenzonitrile",default,37,6,6,0.16216216216216217,0.16216216216216217,0
20293,2-Chloroacetophenone,estimated,36,20,10,0.5555555555555556,0.2777777777777778,10
36299,"N,N-Dimethyloctylamine",default,37,6,6,0.16216216216216217,0.16216216216216217,0
38788,"1,4-Cyclohexanedicarboxylic acid",default,16,5,5,0.3125,0.3125,0
20814,Mestranol,estimated,25,19,11,0.76,0.44,8
21138,"1,4-Benzenediamine",estimated,19,12,8,0.631578947368421,0.42105263157894735,4
24193,Thitrol,default,17,5,5,0.29411764705882354,0.29411764705882354,0
48203,Ethyl 4-chlorophenyl ketone,default,15,2,2,0.13333333333333333,0.13333333333333333,0
24913,Decane,default,38,4,4,0.10526315789473684,0.10526315789473684,0
21248,Rotenone,estimated,42,38,17,0.9047619047619048,0.40476190476190477,21
29761,Sodium dichloroisocyanurate dihydrate,default,16,2,2,0.125,0.125,0
25141,"1,3-Dimethylolurea",default,17,1,1,0.058823529411764705,0.058823529411764705,0
34497,Metconazole,estimated,19,13,7,0.6842105263157895,0.3684210526315789,6
37749,5-Chlorosalicylanilide,estimated,18,13,8,0.7222222222222222,0.4444444444444444,5
24123,Haloxyfop-methyl,default,17,9,9,0.5294117647058824,0.5294117647058824,0
47497,Octyl decyl phthalate,default,16,3,3,0.1875,0.1875,0
47178,2-Ethylhexyl octadecanoate,default,24,3,3,0.125,0.125,0
20972,Nitrofurantoin,estimated,38,24,5,0.631578947368421,0.13157894736842105,19
37208,Diclofenac sodium,estimated,38,15,8,0.39473684210526316,0.21052631578947367,7
27932,Dodecylbenzene sulfonate triethanolamine(1:1),estimated,39,26,13,0.6666666666666666,0.3333333333333333,13
42059,Isopentyl butyrate,default,37,4,4,0.10810810810810811,0.10810810810810811,0
47297,CP-085958,default,36,19,19,0.5277777777777778,0.5277777777777778,0
23999,Cyromazine,default,37,6,6,0.16216216216216217,0.16216216216216217,0
24152,Imazaquin,default,36,7,7,0.19444444444444445,0.19444444444444445,0
23159,Iopanoic acid,estimated,16,7,2,0.4375,0.125,5
34576,2-Bromo-4-hydroxyacetophenone,estimated,20,8,4,0.4,0.2,4
26258,Tris(2-chloroethyl) phosphite,default,16,1,1,0.0625,0.0625,0
24922,"1,6-Hexanediamine",default,16,2,2,0.125,0.125,0
48211,Ethyl 4-methylbenzoate,default,15,2,2,0.13333333333333333,0.13333333333333333,0
29616,Imidazole,default,15,2,2,0.13333333333333333,0.13333333333333333,0
26841,Dihexyl hexanedioate,default,25,3,3,0.12,0.12,0
23745,D-Xylose,default,23,3,3,0.13043478260869565,0.13043478260869565,0
48511,Ro 3280,estimated,39,35,23,0.8974358974358975,0.5897435897435898,12
42171,4-Dodecylmorpholine,default,19,6,6,0.3157894736842105,0.3157894736842105,0
48187,1-Methoxy-4-tert-pentylcyclohexane,default,15,3,3,0.2,0.2,0
25220,1-Dodecanethiol,estimated,25,11,4,0.44,0.16,7
37745,4-tert-Butylphenyl salicylate,estimated,17,8,3,0.47058823529411764,0.17647058823529413,5
21821,2-Butanone oxime,default,36,4,4,0.1111111111111111,0.1111111111111111,0
22828,Cladribine,estimated,39,29,4,0.7435897435897436,0.10256410256410256,25
47385,SAR377142,estimated,36,22,8,0.6111111111111112,0.2222222222222222,14
26525,2-tert-Butylphenol,estimated,38,8,5,0.21052631578947367,0.13157894736842105,3
21607,Hexanoic acid,default,36,3,3,0.08333333333333333,0.08333333333333333,0
20794,Maneb,estimated,40,31,17,0.775,0.425,14
44784,1-Methyltrimethylene dimethacrylate,default,16,3,3,0.1875,0.1875,0
29653,Ammonium isothiocyanate,default,19,4,4,0.21052631578947367,0.21052631578947367,0
26513,"1,2,3,6-Tetrahydrophthalimide",default,16,1,1,0.0625,0.0625,0
30606,Acesulfame potassium,default,15,2,2,0.13333333333333333,0.13333333333333333,0
35010,Sodium warfarin,default,17,5,5,0.29411764705882354,0.29411764705882354,0
24814,4-Chlorotoluene,default,36,4,4,0.1111111111111111,0.1111111111111111,0
34598,Fenoxaprop-P-ethyl,estimated,20,8,2,0.4,0.1,6
22049,"2,4,6-Trimethylphenol",default,36,9,9,0.25,0.25,0
34614,Flucarbazone-sodium,estimated,19,6,2,0.3157894736842105,0.10526315789473684,4
24055,Dimethyl sulfate,default,38,5,5,0.13157894736842105,0.13157894736842105,0
40611,"3-Oxa-2,4-disilaheptan-1-ol, 2,2,4-trimethyl-4-(trimethylsiloxy)-, monoether with polyethylene glycol",estimated,16,11,6,0.6875,0.375,5
26694,2-Ethylhexyl acetate,default,17,2,2,0.11764705882352941,0.11764705882352941,0
26496,alpha-Terpinyl acetate,estimated,24,11,1,0.4583333333333333,0.041666666666666664,10
21798,Quinoline,default,36,4,4,0.1111111111111111,0.1111111111111111,0
20807,2-Mercaptobenzothiazole,estimated,39,18,12,0.46153846153846156,0.3076923076923077,6
26183,Tributylamine,default,36,5,5,0.1388888888888889,0.1388888888888889,0
20029,Acrylonitrile,default,17,4,4,0.23529411764705882,0.23529411764705882,0
20679,Heptachlor,estimated,40,25,17,0.625,0.425,8
25395,Hexamethyldisilazane,default,16,3,3,0.1875,0.1875,0
22171,1-Decanamine,default,15,3,3,0.2,0.2,0
21199,Pebulate,estimated,17,5,3,0.29411764705882354,0.17647058823529413,2
20076,Amitrole,default,19,2,2,0.10526315789473684,0.10526315789473684,0
29214,Methylionone,default,17,5,5,0.29411764705882354,0.29411764705882354,0
29145,Dimethyl malonate,default,36,7,7,0.19444444444444445,0.19444444444444445,0
32361,"2,2-Dibromo-3-nitrilopropionamide",default,37,9,9,0.24324324324324326,0.24324324324324326,0
26307,"2,6-Dimethylaniline",default,37,4,4,0.10810810810810811,0.10810810810810811,0
23733,Valproic acid,default,39,6,6,0.15384615384615385,0.15384615384615385,0
26501,alpha-Pinene,default,15,2,2,0.13333333333333333,0.13333333333333333,0
48198,4-Propylcyclohexanone,default,16,2,2,0.125,0.125,0
48178,FR130739,estimated,37,19,8,0.5135135135135135,0.21621621621621623,11
26684,2-(Phenylmethylene)octanal,estimated,37,13,3,0.35135135135135137,0.08108108108108109,10
47366,SAR115740,estimated,39,35,20,0.8974358974358975,0.5128205128205128,15
47344,Cariporide mesylate,default,37,20,20,0.5405405405405406,0.5405405405405406,0
32638,Pyraclostrobin,estimated,40,35,17,0.875,0.425,18
34588,Famoxadone,estimated,38,34,28,0.8947368421052632,0.7368421052631579,6
34227,Icaridin,default,37,8,8,0.21621621621621623,0.21621621621621623,0
21877,2-Chloroethanol,default,36,4,4,0.1111111111111111,0.1111111111111111,0
41790,Citronellal,default,17,1,1,0.058823529411764705,0.058823529411764705,0
42061,Isobornyl acetate,default,16,2,2,0.125,0.125,0
27412,"3,6,9,12-Tetraoxahexadecan-1-ol",default,15,3,3,0.2,0.2,0
21888,2-Pentanone,default,16,2,2,0.125,0.125,0
47033,gamma-Cyclodextrin,default,16,1,1,0.0625,0.0625,0
48188,4-Thiocresol,estimated,16,5,1,0.3125,0.0625,4
24699,tert-Butyl perbenzoate,estimated,36,11,2,0.3055555555555556,0.05555555555555555,9
21936,Hexanedinitrile,default,36,2,2,0.05555555555555555,0.05555555555555555,0
21992,Sodium saccharin hydrate,default,38,2,2,0.05263157894736842,0.05263157894736842,0
26645,p-Cymene,default,36,3,3,0.08333333333333333,0.08333333333333333,0
47796,Formalin,default,17,1,1,0.058823529411764705,0.058823529411764705,0
41691,Butam,default,37,12,12,0.32432432432432434,0.32432432432432434,0
48183,(-)-Enterolactone,default,25,10,10,0.4,0.4,0
25021,Dicyclohexyl phthalate,estimated,26,21,12,0.8076923076923077,0.46153846153846156,9
34549,1-Methyl-2-nitro-3-((tetrahydrofuran-3-yl)methyl)guanidine,default,18,2,2,0.1111111111111111,0.1111111111111111,0
42423,Sucrose octaacetate,default,36,3,3,0.08333333333333333,0.08333333333333333,0
34528,Diclosulam,default,39,17,17,0.4358974358974359,0.4358974358974359,0
22056,"1,3-Dichlorobenzene",estimated,36,5,2,0.1388888888888889,0.05555555555555555,3
41184,(-)-beta-Pinene,default,15,2,2,0.13333333333333333,0.13333333333333333,0
44833,Terpinyl propionate,default,16,5,5,0.3125,0.3125,0
26514,Phthalimide,default,16,2,2,0.125,0.125,0
41920,2-(2-Ethylhexyloxy)ethanol,default,15,3,3,0.2,0.2,0
32533,Chlorfenapyr,estimated,18,14,10,0.7777777777777778,0.5555555555555556,4
44435,Procaine hydrochloride,default,17,4,4,0.23529411764705882,0.23529411764705882,0
42007,Glyceryl monoricinoleate,default,17,6,6,0.35294117647058826,0.35294117647058826,0
21393,Triethylene glycol,default,36,4,4,0.1111111111111111,0.1111111111111111,0
34586,Etoxazole,estimated,39,25,12,0.6410256410256411,0.3076923076923077,13
24104,Fluoranthene,estimated,37,16,6,0.43243243243243246,0.16216216216216217,10
20663,Glycerol,default,37,4,4,0.10810810810810811,0.10810810810810811,0
21517,Maleic acid,default,16,2,2,0.125,0.125,0
24126,Heptachlor epoxide B,estimated,39,22,17,0.5641025641025641,0.4358974358974359,5
25178,"1,3-Diphenylguanidine",estimated,39,18,8,0.46153846153846156,0.20512820512820512,10
26647,4-Hydroxybenzoic acid,default,17,3,3,0.17647058823529413,0.17647058823529413,0
23869,Ametryn,default,38,22,22,0.5789473684210527,0.5789473684210527,0
48521,PharmaGSID_48521,default,37,6,6,0.16216216216216217,0.16216216216216217,0
32500,Triflumizole,estimated,40,34,15,0.85,0.375,19
47539,"Hexane-1,6-diyl dibenzoate",estimated,36,9,4,0.25,0.1111111111111111,5
21848,N-Ethyl-3-methylaniline,default,36,3,3,0.08333333333333333,0.08333333333333333,0
48204,4-Butylcyclohexanol,default,15,3,3,0.2,0.2,0
29304,Glyceryl stearate,default,16,2,2,0.125,0.125,0
25427,2-Hydroxy-2-methylpropanenitrile,default,17,3,3,0.17647058823529413,0.17647058823529413,0
26623,4-tert-Butylcyclohexanol,default,16,3,3,0.1875,0.1875,0
21777,Riboflavin,estimated,18,13,5,0.7222222222222222,0.2777777777777778,8
22391,Apigenin,estimated,18,12,12,0.6666666666666666,0.6666666666666666,0
24063,"2,6-Dimethylphenol",default,36,7,7,0.19444444444444445,0.19444444444444445,0
20224,gamma-Butyrolactone,default,37,14,14,0.3783783783783784,0.3783783783783784,0
34723,Isoxaflutole,default,38,11,11,0.2894736842105263,0.2894736842105263,0
24955,Di-tert-butyl peroxide,default,36,3,3,0.08333333333333333,0.08333333333333333,0
25148,"3,5-Dimethylphenol",default,15,3,3,0.2,0.2,0
47322,SB243213A,estimated,38,30,9,0.7894736842105263,0.23684210526315788,21
34265,Clopyralid-olamine,default,37,8,8,0.21621621621621623,0.21621621621621623,0
44430,"1,2-Diphenylethanone",default,18,6,6,0.3333333333333333,0.3333333333333333,0
37730,"1,4-Dihydroxy-2-naphthoic acid",estimated,20,14,8,0.7,0.4,6
26368,Salicylic acid,default,18,4,3,0.2222222222222222,0.16666666666666666,1
30698,alpha-Cyclodextrin,default,36,5,5,0.1388888888888889,0.1388888888888889,0
25293,2-Ethylhexanoic acid,default,38,5,5,0.13157894736842105,0.13157894736842105,0
20930,(-)-Nicotine,default,40,8,8,0.2,0.2,0
41250,"1,4-Bis(N-isopropylamino)anthraquinone",estimated,17,9,7,0.5294117647058824,0.4117647058823529,2
24994,Sodium dichloroisocyanurate,default,17,3,3,0.17647058823529413,0.17647058823529413,0
48190,Methyl abietate,estimated,18,10,2,0.5555555555555556,0.1111111111111111,8
41721,C.I. Acid Yellow 3 disodium salt,estimated,19,10,6,0.5263157894736842,0.3157894736842105,4
21897,3-Methylpyridine,default,25,2,2,0.08,0.08,0
41610,Arabinose,default,16,2,2,0.125,0.125,0
42273,"2,4-Diisopropylphenol",estimated,18,11,2,0.6111111111111112,0.1111111111111111,9
26792,3-Methylaniline,default,37,4,4,0.10810810810810811,0.10810810810810811,0
21800,"N,N-Diethylaniline",default,36,3,3,0.08333333333333333,0.08333333333333333,0
21272,Sodium chlorite,default,37,4,4,0.10810810810810811,0.10810810810810811,0
47372,AVE3295,estimated,37,22,10,0.5945945945945946,0.2702702702702703,12
29133,4-Hydroxyacetophenone,default,15,3,3,0.2,0.2,0
20207,Dinoseb,estimated,39,35,29,0.8974358974358975,0.7435897435897436,6
44593,1-Benzylquinolinium chloride,estimated,37,27,8,0.7297297297297297,0.21621621621621623,19
47254,CP-457920,estimated,38,15,6,0.39473684210526316,0.15789473684210525,9
21201,Gallic acid n-propyl ester,estimated,38,22,15,0.5789473684210527,0.39473684210526316,7
24154,Iprodione,default,38,23,23,0.6052631578947368,0.6052631578947368,0
32329,Bensulide,estimated,38,32,17,0.8421052631578947,0.4473684210526316,15
25692,Myrcene,default,36,6,6,0.16666666666666666,0.16666666666666666,0
24337,Thiobencarb,estimated,37,14,9,0.3783783783783784,0.24324324324324326,5
21518,Fumaric acid,default,16,4,4,0.25,0.25,0
36467,"Disodium 4,4'-bis(2-sulfostyryl)biphenyl",default,20,10,10,0.5,0.5,0
27496,"2,4-D sodium salt",default,17,4,4,0.23529411764705882,0.23529411764705882,0
27877,Diisodecylphenyl phosphite,estimated,17,6,4,0.35294117647058826,0.23529411764705882,2
24553,Azodicarbonamide,default,15,5,5,0.3333333333333333,0.3333333333333333,0
47327,MK-578,estimated,36,18,7,0.5,0.19444444444444445,11
21808,o-Cresol,default,36,3,3,0.08333333333333333,0.08333333333333333,0
48509,PharmaGSID_48509,estimated,37,26,11,0.7027027027027027,0.2972972972972973,15
32392,Fenoxaprop-ethyl,estimated,38,19,3,0.5,0.07894736842105263,16
47538,"Pentane-1,5-diyl dibenzoate",estimated,37,20,18,0.5405405405405406,0.4864864864864865,2
41302,(Dicyclopentadienyloxy)ethyl methacrylate,default,17,5,5,0.29411764705882354,0.29411764705882354,0
23897,Triadimefon,estimated,40,17,7,0.425,0.175,10
24287,Imazethapyr,default,37,5,5,0.13513513513513514,0.13513513513513514,0
40716,4-(2-Methylbutan-2-yl)cyclohexanol,estimated,36,5,2,0.1388888888888889,0.05555555555555555,3
23889,Quizalofop-ethyl,estimated,38,18,8,0.47368421052631576,0.21052631578947367,10
40002,Monobutyl phthalate,default,37,8,8,0.21621621621621623,0.21621621621621623,0
20205,Benzyl butyl phthalate,estimated,40,16,6,0.4,0.15,10
24145,Hexazinone,default,36,8,8,0.2222222222222222,0.2222222222222222,0
32553,Flumetralin,estimated,38,25,10,0.6578947368421053,0.2631578947368421,15
27774,Ethylenediaminetetraacetic acid ferric sodium salt,default,15,5,5,0.3333333333333333,0.3333333333333333,0
22408,Phenol red,estimated,19,9,3,0.47368421052631576,0.15789473684210525,6
29302,2-Propyl-1-heptanol,default,17,1,1,0.058823529411764705,0.058823529411764705,0
42325,4-Propylanisole,default,16,2,2,0.125,0.125,0
41962,Ethyltriethoxysilane,default,15,4,4,0.26666666666666666,0.26666666666666666,0
42416,Sodium myristyl sulfate,estimated,38,25,14,0.6578947368421053,0.3684210526315789,11
29677,Silica,default,36,4,4,0.1111111111111111,0.1111111111111111,0
29874,Fenofibrate,estimated,38,23,15,0.6052631578947368,0.39473684210526316,8
48209,tert-Butyl phenyl ketone,default,15,2,2,0.13333333333333333,0.13333333333333333,0
40001,Monomethyl phthalate,default,39,7,7,0.1794871794871795,0.1794871794871795,0
24368,2-[2-(2-Ethoxyethoxy)ethoxy]ethanol,default,36,5,5,0.1388888888888889,0.1388888888888889,0
47296,Zenarestat,estimated,37,14,4,0.3783783783783784,0.10810810810810811,10
22174,O-Ethyl O-(p-nitrophenyl phenyl)phosphonothioate,estimated,39,23,12,0.5897435897435898,0.3076923076923077,11
32641,Quinclorac,default,36,3,3,0.08333333333333333,0.08333333333333333,0
47319,Carabersat,estimated,36,6,1,0.16666666666666666,0.027777777777777776,5
32645,Sulfentrazone,default,37,9,9,0.24324324324324326,0.24324324324324326,0
21427,Urethane,default,36,3,3,0.08333333333333333,0.08333333333333333,0
42060,Isoborneol,default,16,1,1,0.0625,0.0625,0
41514,(4Z)-4-Decenal,default,17,3,3,0.17647058823529413,0.17647058823529413,0
41643,Sodium 2-formylbenzenesulfonate,default,15,4,4,0.26666666666666666,0.26666666666666666,0
25403,Hexyl benzoate,estimated,15,5,1,0.3333333333333333,0.06666666666666667,4
44888,Barium bis(2-ethylhexanoate),default,15,2,2,0.13333333333333333,0.13333333333333333,0
26342,2-Phenylethanol,default,15,4,4,0.26666666666666666,0.26666666666666666,0
47304,CP-100829,estimated,37,32,16,0.8648648648648649,0.43243243243243246,16
22018,Disulfoton,default,39,17,17,0.4358974358974359,0.4358974358974359,0
27034,"2-(Hydroxymethyl)-2-nitro-1,3-propanediol",estimated,36,6,1,0.16666666666666666,0.027777777777777776,5
27036,"2,2-Dimethylpropane-1,3-diol",default,23,7,7,0.30434782608695654,0.30434782608695654,0
48170,FR150011,estimated,38,33,14,0.868421052631579,0.3684210526315789,19
48520,Piragliatin,default,36,21,21,0.5833333333333334,0.5833333333333334,0
21520,2-[2-(2-Butoxyethoxy)ethoxy]ethanol,estimated,17,5,0,0.29411764705882354,0.0,5
20299,Chlorobenzilate,estimated,37,22,9,0.5945945945945946,0.24324324324324326,13
23951,Carboxin,default,37,23,23,0.6216216216216216,0.6216216216216216,0
20154,Clorophene,estimated,40,34,20,0.85,0.5,14
32393,Fenoxycarb,estimated,36,29,5,0.8055555555555556,0.1388888888888889,24
27263,Pentyl acetate,estimated,36,7,5,0.19444444444444445,0.1388888888888889,2
32544,"Dipropyl 2,5-pyridinedicarboxylate",default,36,8,8,0.2222222222222222,0.2222222222222222,0
20107,Aspartame,default,19,4,4,0.21052631578947367,0.21052631578947367,0
48206,4-Chloropentylbenzene,estimated,16,3,0,0.1875,0.0,3
27550,Sodium chloroacetate,default,17,2,2,0.11764705882352941,0.11764705882352941,0
25297,2-Ethylhexyl acrylate,estimated,26,13,8,0.5,0.3076923076923077,5
38830,"alpha,alpha-Dimethylphenethyl butyrate",default,15,4,4,0.26666666666666666,0.26666666666666666,0
32412,Imazamethabenz-methyl,default,15,3,3,0.2,0.2,0
27494,"2,3-Diaminotoluene",default,38,29,29,0.7631578947368421,0.7631578947368421,0
24793,Chloroneb,default,37,5,5,0.13513513513513514,0.13513513513513514,0
24489,5-Amino-2-methylphenol,estimated,37,16,9,0.43243243243243246,0.24324324324324326,7
41521,4-Morpholinepropanamine,default,16,2,2,0.125,0.125,0
22777,Celecoxib,estimated,40,32,11,0.8,0.275,21
37262,Pregnenolone carbonitrile,estimated,15,5,1,0.3333333333333333,0.06666666666666667,4
44928,Isopropyl triethanolamine titanate,default,37,10,10,0.2702702702702703,0.2702702702702703,0
48172,PharmaGSID_48172,estimated,37,20,11,0.5405405405405406,0.2972972972972973,9
32470,Propetamphos,default,38,20,20,0.5263157894736842,0.5263157894736842,0
22525,2-Ethylhexyl p-hydroxybenzoate,estimated,20,16,3,0.8,0.15,13
34402,Butachlor,estimated,37,20,13,0.5405405405405406,0.35135135135135137,7
24091,S-Ethyl dipropylthiocarbamate,default,38,9,9,0.23684210526315788,0.23684210526315788,0
32651,Thidiazuron,estimated,38,29,7,0.7631578947368421,0.18421052631578946,22
25306,5-Ethylidene-2-norbornene,default,17,5,5,0.29411764705882354,0.29411764705882354,0
40792,Pyridoxine hydrochloride,default,16,1,1,0.0625,0.0625,0
47594,Sodium 4-octylbenzenesulfonate,estimated,18,9,2,0.5,0.1111111111111111,7
41981,2-Fluoroacetic acid,default,16,2,2,0.125,0.125,0
27916,Neodecanoic acid,default,16,3,3,0.1875,0.1875,0
47741,Dibenzothiophene,default,25,7,7,0.28,0.28,0
48182,Cyclohexylphenylketone,default,37,9,9,0.24324324324324326,0.24324324324324326,0
20407,Diazinon,default,39,17,17,0.4358974358974359,0.4358974358974359,0
26727,Geraniol,default,36,5,5,0.1388888888888889,0.1388888888888889,0
44697,4-Ethyloct-1-yn-3-ol,default,36,7,7,0.19444444444444445,0.19444444444444445,0
27713,Poly(oxyethylene) monoleate,default,17,8,8,0.47058823529411764,0.47058823529411764,0
34872,Chloridazon,default,38,6,6,0.15789473684210525,0.15789473684210525,0
34465,Clothianidin,default,39,15,15,0.38461538461538464,0.38461538461538464,0
32416,Cybutryne,estimated,18,8,4,0.4444444444444444,0.2222222222222222,4
24163,Linuron,estimated,39,26,10,0.6666666666666666,0.2564102564102564,16
47258,Enadoline,default,38,13,13,0.34210526315789475,0.34210526315789475,0
47272,CJ-013610,estimated,36,31,10,0.8611111111111112,0.2777777777777778,21
21832,"N,N,4-Trimethylaniline",default,36,6,6,0.16666666666666666,0.16666666666666666,0
20699,4-Hexylresorcinol,estimated,39,24,11,0.6153846153846154,0.28205128205128205,13
21735,Dimethyl sulfoxide,default,16,3,3,0.1875,0.1875,0
27466,ECC,estimated,15,3,2,0.2,0.13333333333333333,1
24528,Anise oil,default,17,7,7,0.4117647058823529,0.4117647058823529,0
44538,C.I. Disperse Orange 37,estimated,21,11,2,0.5238095238095238,0.09523809523809523,9
44553,Sodium 2-methylbenzenesulfonate,default,15,3,3,0.2,0.2,0
26298,m-Xylene,default,15,3,3,0.2,0.2,0
25145,"2,5-Dimethylphenol",default,36,6,6,0.16666666666666666,0.16666666666666666,0
26156,"Toluene 2,4-diisocyanate",estimated,37,21,5,0.5675675675675675,0.13513513513513514,16
27041,"2,4,7,9-Tetramethyl-5-decyne-4,7-diol",default,38,10,10,0.2631578947368421,0.2631578947368421,0
26912,2-[2-(2-Methoxyethoxy)ethoxy]ethanol,default,17,1,1,0.058823529411764705,0.058823529411764705,0
21105,Fartox,estimated,37,18,6,0.4864864864864865,0.16216216216216217,12
48510,PharmaGSID_48510,estimated,37,23,12,0.6216216216216216,0.32432432432432434,11
48189,Lauryl gallate,estimated,20,15,10,0.75,0.5,5
21788,3-(Trifluoromethyl)-4-nitrophenol,estimated,19,13,5,0.6842105263157895,0.2631578947368421,8
25068,Dihexyl phthalate,estimated,38,12,6,0.3157894736842105,0.15789473684210525,6
20686,Lindane,estimated,39,18,10,0.46153846153846156,0.2564102564102564,8
20442,"2,4-Dichlorophenoxyacetic acid",default,39,10,10,0.2564102564102564,0.2564102564102564,0
20964,Nitrobenzene,default,37,3,3,0.08108108108108109,0.08108108108108109,0
32562,Octylbicycloheptenedicarboximide,estimated,39,28,10,0.717948717948718,0.2564102564102564,18
23833,Poly[oxy(dimethylsilylene)],default,17,1,1,0.058823529411764705,0.058823529411764705,0
41270,"3,5,5-Trimethylhexyl acetate",default,23,8,8,0.34782608695652173,0.34782608695652173,0
42399,Sodium abietate,estimated,16,8,2,0.5,0.125,6
24691,Butyl glycidyl ether,estimated,16,4,0,0.25,0.0,4
24255,Phenmedipham,default,18,10,10,0.5555555555555556,0.5555555555555556,0
26864,Methyl octanoate,default,36,4,4,0.1111111111111111,0.1111111111111111,0
26915,1-Undecanol,estimated,37,13,1,0.35135135135135137,0.02702702702702703,12
32572,Prallethrin,estimated,40,23,11,0.575,0.275,12
24266,Pirimiphos-methyl,estimated,39,21,10,0.5384615384615384,0.2564102564102564,11
26488,Camphene,default,16,3,3,0.1875,0.1875,0
32569,Pirimicarb,default,40,13,13,0.325,0.325,0
32464,Profenofos,estimated,38,17,11,0.4473684210526316,0.2894736842105263,6
22265,Alachlor,estimated,37,17,11,0.4594594594594595,0.2972972972972973,6
24316,Tebuthiuron,default,36,5,5,0.1388888888888889,0.1388888888888889,0
32619,Halofenozide,estimated,17,6,0,0.35294117647058826,0.0,6
20683,"Hexachloro-1,3-butadiene",estimated,27,13,4,0.48148148148148145,0.14814814814814814,9
21837,"N,N-Diethylethanolamine",default,37,2,2,0.05405405405405406,0.05405405405405406,0
26031,Sodium dodecyl sulfate,estimated,38,30,11,0.7894736842105263,0.2894736842105263,19
47180,Triisodecyl trimellitate,default,15,3,3,0.2,0.2,0
21224,C.I. Acid Red 114,estimated,20,15,5,0.75,0.25,10
25478,Isopropyl acetate,default,16,2,2,0.125,0.125,0
25809,Oleic acid,estimated,19,7,1,0.3684210526315789,0.05263157894736842,6
40151,Imidazolidinyl urea,default,15,5,5,0.3333333333333333,0.3333333333333333,0
21940,1-Octanol,default,37,3,3,0.08108108108108109,0.08108108108108109,0
20759,Isophorone,estimated,37,5,1,0.13513513513513514,0.02702702702702703,4
20625,Finasteride,default,18,8,8,0.4444444444444444,0.4444444444444444,0
22247,Nerolidol,estimated,15,8,1,0.5333333333333333,0.06666666666666667,7
24206,Molinate,default,38,10,10,0.2631578947368421,0.2631578947368421,0
27367,1-Tetradecene,default,36,5,5,0.1388888888888889,0.1388888888888889,0
27522,Octrizole,estimated,36,23,4,0.6388888888888888,0.1111111111111111,19
20160,Bifenthrin,estimated,39,16,14,0.41025641025641024,0.358974358974359,2
20242,Captafol,estimated,41,33,19,0.8048780487804879,0.4634146341463415,14
41097,1-(2-Chlorophenyl)-N-methyl-N-(1-methylpropyl)-3-isoquinolinecarboxamide,estimated,38,20,15,0.5263157894736842,0.39473684210526316,5
20216,Butylated hydroxytoluene,estimated,18,11,3,0.6111111111111112,0.16666666666666666,8
32611,Ethoprop,default,38,16,16,0.42105263157894735,0.42105263157894735,0
20501,Methadone hydrochloride,estimated,38,19,10,0.5,0.2631578947368421,9
48196,4-tert-Butylbenzenethiol,default,16,5,5,0.3125,0.3125,0
21485,"1,3-Benzenedicarboxylic acid",default,36,3,3,0.08333333333333333,0.08333333333333333,0
20764,Chlorpropham,estimated,40,15,12,0.375,0.3,3
42369,Rhodamine B,estimated,18,10,3,0.5555555555555556,0.16666666666666666,7
25486,Isoproterenol hydrochloride,estimated,38,19,17,0.5,0.4473684210526316,2
41422,7-(Dimethylamino)-4-methylcoumarin,estimated,18,8,4,0.4444444444444444,0.2222222222222222,4
22934,Digoxin,estimated,19,12,4,0.631578947368421,0.21052631578947367,8
27414,"2,3-Dihydro-2,2-dimethyl-7-benzofuranol",default,25,7,7,0.28,0.28,0
20510,"7,12-Dimethylbenz[a]anthracene",estimated,39,31,15,0.7948717948717948,0.38461538461538464,16
20819,Methidathion,default,37,16,16,0.43243243243243246,0.43243243243243246,0
40363,Diniconazole,estimated,38,32,12,0.8421052631578947,0.3157894736842105,20
24944,"1,2-Dibromo-2,4-dicyanobutane",estimated,27,22,13,0.8148148148148148,0.48148148148148145,9
32620,Hexaflumuron,default,38,14,14,0.3684210526315789,0.3684210526315789,0
47356,Ilepatril,default,37,4,4,0.10810810810810811,0.10810810810810811,0
21515,Butanoic acid,default,37,4,4,0.10810810810810811,0.10810810810810811,0
24051,Bis(1-methylethyl) methylphosphonate,default,37,8,8,0.21621621621621623,0.21621621621621623,0
47330,PharmaGSID_47330,estimated,39,28,17,0.717948717948718,0.4358974358974359,11
20869,"4,4'-Methylenebis(N,N-dimethylaniline)",estimated,37,24,6,0.6486486486486487,0.16216216216216217,18
24836,"3,7-Dimethyl-2,6-octadienal",default,40,9,9,0.225,0.225,0
44202,Octyl acetate,default,16,3,3,0.1875,0.1875,0
29879,Ketoconazole,estimated,40,37,18,0.925,0.45,19
21378,Trichloroacetic acid,default,38,6,6,0.15789473684210525,0.15789473684210525,0
47359,"4-Bromophenyl 1,4-diazabicyclo(3.2.2)nonane-4-carboxylate",default,38,14,14,0.3684210526315789,0.3684210526315789,0
21164,Piperazine,default,37,6,6,0.16216216216216217,0.16216216216216217,0
32309,"2,4-D-Butotyl",default,16,4,4,0.25,0.25,0
28022,1-(Bromomethyl)-3-phenoxybenzene,default,17,7,7,0.4117647058823529,0.4117647058823529,0
34456,Cinmethylin,estimated,38,16,8,0.42105263157894735,0.21052631578947367,8
20541,"5,5-Diphenylhydantoin",default,40,9,9,0.225,0.225,0
38700,2-Methoxy-4-nitroaniline,estimated,20,7,4,0.35,0.2,3
24102,Fenamiphos,default,39,19,19,0.48717948717948717,0.48717948717948717,0
37523,Diazoxon,default,38,13,13,0.34210526315789475,0.34210526315789475,0
22053,"4,6-Dinitro-o-cresol",estimated,36,33,17,0.9166666666666666,0.4722222222222222,16
24035,"2,4-Dichlorophenoxybutyric acid",default,37,13,13,0.35135135135135137,0.35135135135135137,0
22020,Bromacil,default,40,20,20,0.5,0.5,0
32327,Bendiocarb,estimated,37,13,11,0.35135135135135137,0.2972972972972973,2
21804,Benzocaine,default,17,6,6,0.35294117647058826,0.35294117647058826,0
22817,Carminic acid,estimated,38,16,6,0.42105263157894735,0.15789473684210525,10
20970,Nitrofen,estimated,39,24,11,0.6153846153846154,0.28205128205128205,13
21975,Diphenylamine,estimated,37,19,7,0.5135135135135135,0.1891891891891892,12
20168,Bis(chloroethyl) ether,default,38,2,2,0.05263157894736842,0.05263157894736842,0
24315,Myclobutanil,estimated,40,21,14,0.525,0.35,7
29612,Limonene,default,17,5,5,0.29411764705882354,0.29411764705882354,0
42074,Isopropyl-o-cresol,estimated,17,6,2,0.35294117647058826,0.11764705882352941,4
24834,(2E)-3-Phenylprop-2-enal,default,16,5,5,0.3125,0.3125,0
20959,C.I. Azoic Diazo Component 12,default,37,12,12,0.32432432432432434,0.32432432432432434,0
34492,Cyazofamid,estimated,39,35,21,0.8974358974358975,0.5384615384615384,14
20108,Aspirin,default,40,9,9,0.225,0.225,0
41357,"Ethyl (2E,4Z)-deca-2,4-dienoate",estimated,17,12,3,0.7058823529411765,0.17647058823529413,9
23936,Butylate,default,37,5,5,0.13513513513513514,0.13513513513513514,0
32556,Fluthiacet-methyl,default,37,13,13,0.35135135135135137,0.35135135135135137,0
20966,4-Nitrobenzoic acid,default,37,3,3,0.08108108108108109,0.08108108108108109,0
35957,Cyfluthrin,estimated,40,19,13,0.475,0.325,6
32520,Azoxystrobin,estimated,40,32,18,0.8,0.45,14
27198,N-Methylphthalimide,default,16,1,1,0.0625,0.0625,0
24200,m-Cresol,default,17,3,3,0.17647058823529413,0.17647058823529413,0
42206,1-Dodecyl-2-pyrrolidinone,estimated,38,18,7,0.47368421052631576,0.18421052631578946,11
23846,Acephate,default,39,8,8,0.20512820512820512,0.20512820512820512,0
47528,Benzyloctyl adipate,default,36,4,4,0.1111111111111111,0.1111111111111111,0
23523,Propofol,estimated,17,9,3,0.5294117647058824,0.17647058823529413,6
20371,Dapsone,default,38,8,8,0.21052631578947367,0.21052631578947367,0
26302,Sodium xylenesulfonate,default,36,3,3,0.08333333333333333,0.08333333333333333,0
24940,Dibromoacetonitrile,default,37,7,7,0.1891891891891892,0.1891891891891892,0
22589,Aminoglutethimide,estimated,18,4,2,0.2222222222222222,0.1111111111111111,2
20790,Malaoxon,default,40,15,15,0.375,0.375,0
20617,Eugenol,default,39,11,11,0.28205128205128205,0.28205128205128205,0
24159,Isoxaben,estimated,39,21,14,0.5384615384615384,0.358974358974359,7
39223,Aldicarb,default,39,10,10,0.2564102564102564,0.2564102564102564,0
52447,4-Chlorodiphenyl ether,estimated,16,6,0,0.375,0.0,6
41927,Ethirimol,estimated,14,3,0,0.21428571428571427,0.0,3
47261,"(2S,3S)-3-Methyl-2-(3-oxo-1,2-benzothiazol-2(3H)-yl)pentanoic acid",estimated,36,10,4,0.2777777777777778,0.1111111111111111,6
26900,Dodecyltrimethylammonium chloride,estimated,41,34,13,0.8292682926829268,0.3170731707317073,21
47271,PD 0343701,estimated,39,36,15,0.9230769230769231,0.38461538461538464,21
34618,Flufenpyr-ethyl,default,36,6,6,0.16666666666666666,0.16666666666666666,0
24666,"1,4-Butanediol",default,23,4,4,0.17391304347826086,0.17391304347826086,0
47381,AVE8923,estimated,37,24,16,0.6486486486486487,0.43243243243243246,8
42390,Sodium (2-pyridylthio)-N-oxide,estimated,38,20,9,0.5263157894736842,0.23684210526315788,11
20944,Nitrofurazone,estimated,38,23,17,0.6052631578947368,0.4473684210526316,6
23742,Warfarin,default,39,13,13,0.3333333333333333,0.3333333333333333,0
25892,N-Phenyl-1-naphthylamine,estimated,25,21,12,0.84,0.48,9
20597,Ethylene glycol,estimated,38,7,6,0.18421052631578946,0.15789473684210525,1
41653,Methyl 3-methylorsellinate,estimated,19,9,6,0.47368421052631576,0.3157894736842105,3
25055,Bis(2-ethylhexyl) decanedioate,default,37,9,9,0.24324324324324326,0.24324324324324326,0
32519,Acibenzolar-S-methyl,default,40,13,13,0.325,0.325,0
40707,4-Pentylaniline,estimated,37,16,7,0.43243243243243246,0.1891891891891892,9
24845,Colchicine,estimated,41,30,8,0.7317073170731707,0.1951219512195122,22
26076,Tannic acid,estimated,39,33,18,0.8461538461538461,0.46153846153846156,15
21389,Trichlorfon,estimated,38,18,15,0.47368421052631576,0.39473684210526316,3
24235,Flusilazole,estimated,40,32,16,0.8,0.4,16
20348,Coumarin,default,37,11,11,0.2972972972972973,0.2972972972972973,0
23877,2-Anisidine,default,36,8,8,0.2222222222222222,0.2222222222222222,0
42167,Monopotassium phthalate,default,16,2,2,0.125,0.125,0
46970,"2-(2,6-Diisopropylphenyl)-5-hydroxy-1H-isoindole-1,3-dione",estimated,39,30,17,0.7692307692307693,0.4358974358974359,13
24311,Sodium fluoroacetate,default,16,2,2,0.125,0.125,0
22187,"2,3,6-Trimethylphenol",default,37,10,10,0.2702702702702703,0.2702702702702703,0
47389,SAR 150640,estimated,40,27,17,0.675,0.425,10
35204,Tributyltin methacrylate,estimated,39,34,17,0.8717948717948718,0.4358974358974359,17
20890,6-Methyl-2-thiouracil,default,38,8,8,0.21052631578947367,0.21052631578947367,0
44825,3-tert-Butylphenol,default,25,6,6,0.24,0.24,0
32337,Butralin,estimated,40,17,6,0.425,0.15,11
44571,3-Isopropylphenol,default,17,5,5,0.29411764705882354,0.29411764705882354,0
32379,Dithiopyr,estimated,36,23,7,0.6388888888888888,0.19444444444444445,16
26967,Diethylene glycol dibenzoate,default,37,8,8,0.21621621621621623,0.21621621621621623,0
43709,Cyclopamine,estimated,39,17,12,0.4358974358974359,0.3076923076923077,5
21243,Rhodamine 6G,estimated,20,15,10,0.75,0.5,5
47331,MK-547,default,38,6,6,0.15789473684210525,0.15789473684210525,0
24986,"4,4'-Dichlorodiphenyl sulfone",default,25,13,13,0.52,0.52,0
27149,Cyanoacetic acid,default,14,1,1,0.07142857142857142,0.07142857142857142,0
21217,Pyrimethamine,estimated,39,24,10,0.6153846153846154,0.2564102564102564,14
21218,Quercetin,estimated,39,24,15,0.6153846153846154,0.38461538461538464,9
47263,PharmaGSID_47263,estimated,37,13,6,0.35135135135135137,0.16216216216216217,7
26261,"Tris(1,3-dichloro-2-propyl) phosphate",estimated,39,33,16,0.8461538461538461,0.41025641025641024,17
47309,UK-156819,estimated,37,13,6,0.35135135135135137,0.16216216216216217,7
21348,Thiourea,default,17,4,4,0.23529411764705882,0.23529411764705882,0
23296,C.I. Basic Blue 9,estimated,21,16,12,0.7619047619047619,0.5714285714285714,4
47364,SSR 103800,estimated,37,33,16,0.8918918918918919,0.43243243243243246,17
42121,Mepanipyrim,estimated,40,26,3,0.65,0.075,23
20286,3-Chloro-4-methylaniline,default,17,5,5,0.29411764705882354,0.29411764705882354,0
26132,Theobromine,default,36,4,4,0.1111111111111111,0.1111111111111111,0
23819,Stavudine,default,38,6,6,0.15789473684210525,0.15789473684210525,0
20148,Benzotrichloride,default,37,5,5,0.13513513513513514,0.13513513513513514,0
21087,Oxazepam,estimated,17,7,1,0.4117647058823529,0.058823529411764705,6
47957,Octylparaben,estimated,20,15,3,0.75,0.15,12
23900,Benomyl,estimated,39,16,1,0.41025641025641024,0.02564102564102564,15
34580,Ethofumesate,estimated,37,27,5,0.7297297297297297,0.13513513513513514,22
24143,"1,6-Diisocyanatohexane",default,37,5,5,0.13513513513513514,0.13513513513513514,0
24134,delta-Hexachlorocyclohexane,estimated,25,15,8,0.6,0.32,7
20943,5-Nitro-o-anisidine,default,38,11,11,0.2894736842105263,0.2894736842105263,0
24466,4-Aminobenzoic acid,default,36,4,4,0.1111111111111111,0.1111111111111111,0
26529,2-Tert-Butyl-5-methylphenol,estimated,38,17,3,0.4473684210526316,0.07894736842105263,14
22353,"3-Chloro[1,1′-biphenyl]-4-ol",estimated,17,12,6,0.7058823529411765,0.35294117647058826,6
20014,Dehydroacetic acid,default,16,1,1,0.0625,0.0625,0
24344,Tri-allate,estimated,39,19,7,0.48717948717948717,0.1794871794871795,12
20961,4-Nitrobenzenamine,estimated,36,5,3,0.1388888888888889,0.08333333333333333,2
42436,Sulisobenzone,default,17,4,4,0.23529411764705882,0.23529411764705882,0
47339,SR144190,estimated,37,19,7,0.5135135135135135,0.1891891891891892,12
48185,Apomorphine hydrochloride,estimated,18,12,8,0.6666666666666666,0.4444444444444444,4
30307,"3,5-Dichloroaniline",default,17,5,5,0.29411764705882354,0.29411764705882354,0
44865,"2,2'-(Tetradecylimino)diethanol",estimated,21,16,6,0.7619047619047619,0.2857142857142857,10
23216,"3,5,3'-Triiodothyronine",default,38,27,27,0.7105263157894737,0.7105263157894737,0
24869,Cumene hydroperoxide,estimated,37,13,2,0.35135135135135137,0.05405405405405406,11
47295,UK-373911,estimated,39,33,8,0.8461538461538461,0.20512820512820512,25
47371,AVE5638,estimated,38,33,21,0.868421052631579,0.5526315789473685,12
38881,C.I. Acid Orange 7,estimated,19,12,4,0.631578947368421,0.21052631578947367,8
27014,2-Octanol,default,15,5,5,0.3333333333333333,0.3333333333333333,0
32355,Clomazone,default,38,12,12,0.3157894736842105,0.3157894736842105,0
20006,Acetaminophen,default,40,5,5,0.125,0.125,0
47527,"Adipic acid, polypropyleneglycol, laurate",default,36,5,5,0.1388888888888889,0.1388888888888889,0
47879,2-Hydroxybenzophenone,estimated,16,5,3,0.3125,0.1875,2
20529,"2,4-Dinitrotoluene",default,37,10,10,0.2702702702702703,0.2702702702702703,0
22381,Hexestrol,estimated,37,29,14,0.7837837837837838,0.3783783783783784,15
38795,"1,1,1,3,5,5,5-Heptamethyltrisiloxane",default,15,2,2,0.13333333333333333,0.13333333333333333,0
27200,"4,4'-Bipyridine",default,38,8,8,0.21052631578947367,0.21052631578947367,0
21456,FD&C Yellow 6,estimated,38,12,4,0.3157894736842105,0.10526315789473684,8
25091,C.I. Disperse Black 6,default,37,19,19,0.5135135135135135,0.5135135135135135,0
21653,Pentanal,default,37,5,5,0.13513513513513514,0.13513513513513514,0
33836,4-Nonylphenol,estimated,39,28,10,0.717948717948718,0.2564102564102564,18
25680,Mono(2-ethylhexyl) phthalate,default,39,17,17,0.4358974358974359,0.4358974358974359,0
22153,Tetrabutyltin,estimated,16,11,5,0.6875,0.3125,6
34973,Tralkoxydim,estimated,38,12,3,0.3157894736842105,0.07894736842105263,9
37712,"4,4',4''-Ethane-1,1,1-triyltriphenol",estimated,37,30,14,0.8108108108108109,0.3783783783783784,16
34165,Nilutamide,estimated,36,24,5,0.6666666666666666,0.1388888888888889,19
32493,Triadimenol,estimated,38,20,11,0.5263157894736842,0.2894736842105263,9
37185,Amiodarone hydrochloride,estimated,39,37,18,0.9487179487179487,0.46153846153846156,19
22442,Bisphenol B,estimated,38,21,16,0.5526315789473685,0.42105263157894735,5
47542,Picoxystrobin,estimated,39,33,15,0.8461538461538461,0.38461538461538464,18
26602,"2,4-Di-tert-butylphenol",estimated,38,25,16,0.6578947368421053,0.42105263157894735,9
21871,4-Chlorophenol,default,16,3,3,0.1875,0.1875,0
47328,"Potassium 5-carbamoyl-3-[5'-fluoro-2'-(2,2,3,3,3-pentafluoropropoxy)-3-biphenylyl]-1,2,4-triazol-1-ide hydrate (1:1:1)",estimated,40,29,15,0.725,0.375,14
24112,Fomesafen,default,36,13,13,0.3611111111111111,0.3611111111111111,0
42130,Diphenylmercury(II),estimated,19,10,8,0.5263157894736842,0.42105263157894735,2
34881,Quinoxyfen,estimated,39,26,8,0.6666666666666666,0.20512820512820512,18
47526,C10-21 alkanesulfonic acids phenyl esters,default,38,8,8,0.21052631578947367,0.21052631578947367,0
20114,Auramine hydrochloride,estimated,21,17,8,0.8095238095238095,0.38095238095238093,9
21717,4-Chloro-3-methylphenol,default,38,10,10,0.2631578947368421,0.2631578947368421,0
23899,Benfluralin,estimated,37,13,9,0.35135135135135137,0.24324324324324326,4
21815,"3,4-Dichloroaniline",default,19,7,7,0.3684210526315789,0.3684210526315789,0
20212,4-Methyl-2-tert-butylphenol,estimated,25,19,5,0.76,0.2,14
27403,Tributyltin chloride,estimated,39,36,16,0.9230769230769231,0.41025641025641024,20
24320,"1,2,4,5-Tetrachlorobenzene",default,37,3,3,0.08108108108108109,0.08108108108108109,0
41516,2-Ethyl-3-hydroxy-4-pyrone,default,17,6,6,0.35294117647058826,0.35294117647058826,0
27635,"2,2,4-Trimethyl-1,3-pentanediol diisobutyrate",estimated,37,7,2,0.1891891891891892,0.05405405405405406,5
21234,FD&C Red 4,estimated,16,6,1,0.375,0.0625,5
20730,8-Hydroxyquinoline,estimated,38,19,9,0.5,0.23684210526315788,10
45191,Ranitidine,default,16,3,3,0.1875,0.1875,0
21336,Theophylline,default,38,8,8,0.21052631578947367,0.21052631578947367,0
28665,DINP branched,default,17,2,2,0.11764705882352941,0.11764705882352941,0
27222,Terpinolene,default,16,3,3,0.1875,0.1875,0
47312,GSK232420A,default,37,10,10,0.2702702702702703,0.2702702702702703,0
21125,Phenolphthalein,estimated,40,30,13,0.75,0.325,17
20190,C.I. Acid Blue 74,default,16,7,7,0.4375,0.4375,0
47283,CP-728663,estimated,40,22,12,0.55,0.3,10
48514,PharmaGSID_48514,estimated,37,15,4,0.40540540540540543,0.10810810810810811,11
41682,Bromophenol blue,estimated,21,15,6,0.7142857142857143,0.2857142857142857,9
26974,"2,4-Di-tert-pentylphenol",estimated,39,25,15,0.6410256410256411,0.38461538461538464,10
20350,2-Methoxy-5-methylaniline,default,37,9,9,0.24324324324324326,0.24324324324324326,0
22731,Carbamazepine,default,39,12,12,0.3076923076923077,0.3076923076923077,0
21097,Oxytetracycline hydrochloride,default,42,13,13,0.30952380952380953,0.30952380952380953,0
22519,Folic acid,default,39,7,7,0.1794871794871795,0.1794871794871795,0
47375,AVE9423,default,37,9,9,0.24324324324324326,0.24324324324324326,0
47287,UK-333747,default,37,5,5,0.13513513513513514,0.13513513513513514,0
41421,"5,7-Dimethoxy-2H-chromen-2-one",default,17,6,6,0.35294117647058826,0.35294117647058826,0
47311,GSK163929B,estimated,37,30,9,0.8108108108108109,0.24324324324324326,21
47316,Aplaviroc hydrochloride,estimated,37,30,28,0.8108108108108109,0.7567567567567568,2
20069,o-Aminoazotoluene,estimated,39,35,27,0.8974358974358975,0.6923076923076923,8
20221,"4-(1,1-Dimethylethyl)phenol",estimated,37,10,5,0.2702702702702703,0.13513513513513514,5
47259,"1,3-Dichloro-6,7,8,9,10,12-hexahydroazepino[2,1-b]quinazoline hydrochloride (1:1)",estimated,39,14,7,0.358974358974359,0.1794871794871795,7
44693,Magnesium dibenzoate,default,16,2,2,0.125,0.125,0
47348,SSR504734,estimated,37,30,10,0.8108108108108109,0.2702702702702703,20
47246,Darbufelone mesylate,estimated,40,33,16,0.825,0.4,17
34210,Prodiamine,estimated,40,28,11,0.7,0.275,17
47288,UK-337312,estimated,40,34,18,0.85,0.45,16
29329,Tripropylene glycol monomethyl ether,default,36,2,2,0.05555555555555555,0.05555555555555555,0
25101,3-Dimethylaminophenol,estimated,16,8,4,0.5,0.25,4
48513,PharmaGSID_48513,estimated,36,33,13,0.9166666666666666,0.3611111111111111,20
27050,Sodium dimethyldithiocarbamate,estimated,39,19,7,0.48717948717948717,0.1794871794871795,12
48167,FR 409,default,36,9,9,0.25,0.25,0
47305,CP-608039,default,36,7,7,0.19444444444444445,0.19444444444444445,0
32683,Mevinphos,default,36,15,15,0.4166666666666667,0.4166666666666667,0
41544,Tonalide,estimated,18,8,3,0.4444444444444444,0.16666666666666666,5
20127,3'-Azido-3'-deoxythymidine,default,38,4,4,0.10526315789473684,0.10526315789473684,0
20446,Diuron,default,38,20,20,0.5263157894736842,0.5263157894736842,0
24624,Bisphenol A diglycidyl ether,estimated,21,12,5,0.5714285714285714,0.23809523809523808,7
36496,Levonorgestrel,default,37,16,16,0.43243243243243246,0.43243243243243246,0
40788,2-tert-Butyl-4-methoxyphenol,default,37,13,13,0.35135135135135137,0.35135135135135137,0
25436,8-Hydroxyquinoline sulfate,estimated,16,10,6,0.625,0.375,4
26102,Tetrachlorophthalic anhydride,default,16,4,4,0.25,0.25,0
24086,Ethion,default,39,24,24,0.6153846153846154,0.6153846153846154,0
24002,Fenpropathrin,estimated,38,18,14,0.47368421052631576,0.3684210526315789,4
22292,Permethrin,estimated,40,17,13,0.425,0.325,4
37551,Fenuron,default,17,3,3,0.17647058823529413,0.17647058823529413,0
20005,Acetamide,default,37,4,4,0.10810810810810811,0.10810810810810811,0
25217,(2-Dodecenyl)succinic anhydride,default,18,8,8,0.4444444444444444,0.4444444444444444,0
40371,Fenaminosulf,estimated,38,23,7,0.6052631578947368,0.18421052631578946,16
23878,Anthracene,default,40,13,13,0.325,0.325,0
47265,CP-471358,default,37,5,5,0.13513513513513514,0.13513513513513514,0
20855,Methyl parathion,estimated,38,21,13,0.5526315789473685,0.34210526315789475,8
38321,3-Phenoxybenzoic acid,default,36,7,7,0.19444444444444445,0.19444444444444445,0
32648,Z-Tetrachlorvinphos,estimated,22,13,8,0.5909090909090909,0.36363636363636365,5
47252,Ingliforib,estimated,36,15,2,0.4166666666666667,0.05555555555555555,13
21414,Tris(2-ethylhexyl) phosphate,estimated,39,14,2,0.358974358974359,0.05128205128205128,12
21268,Simazine,default,38,12,12,0.3157894736842105,0.3157894736842105,0
43938,Monobenzyl phthalate,default,37,6,6,0.16216216216216217,0.16216216216216217,0
32600,Cyclanilide,estimated,37,27,9,0.7297297297297297,0.24324324324324326,18
47383,AVE3247,default,36,10,10,0.2777777777777778,0.2777777777777778,0
22405,2-Hydroxy-4-methoxybenzophenone,default,29,18,18,0.6206896551724138,0.6206896551724138,0
44487,Methyltrioctylammonium chloride,estimated,21,17,9,0.8095238095238095,0.42857142857142855,8
47284,"(R)-N-(Quinuclidin-3-yl)furo(2,3-C)pyridine-5-carboxamide",default,37,8,8,0.21621621621621623,0.21621621621621623,0
21206,"1,2-Propylene glycol",default,39,4,3,0.10256410256410256,0.07692307692307693,1
26029,Sodium dehydroacetate,default,37,3,3,0.08108108108108109,0.08108108108108109,0
32615,Flumetsulam,default,39,5,5,0.1282051282051282,0.1282051282051282,0
24107,1-Methyl-3-phenyl-5-(3-(trifluoromethyl)phenyl)-4-pyridone,estimated,38,17,10,0.4473684210526316,0.2631578947368421,7
20561,Endrin,estimated,41,26,7,0.6341463414634146,0.17073170731707318,19
27756,3-Phenoxybenzenemethanol,default,18,7,7,0.3888888888888889,0.3888888888888889,0
32640,Pyriproxyfen,estimated,39,20,9,0.5128205128205128,0.23076923076923078,11
32655,Triticonazole,default,39,15,15,0.38461538461538464,0.38461538461538464,0
22369,Fulvestrant,estimated,36,26,14,0.7222222222222222,0.3888888888888889,12
21866,Dibutyl adipate,default,36,4,4,0.1111111111111111,0.1111111111111111,0
48512,Ro 23-7637,estimated,36,33,8,0.9166666666666666,0.2222222222222222,25
22588,Aminopterin,estimated,37,14,3,0.3783783783783784,0.08108108108108109,11
24882,Cycloheximide,estimated,38,34,8,0.8947368421052632,0.21052631578947367,26
20863,Methyldopa sesquihydrate,estimated,38,13,4,0.34210526315789475,0.10526315789473684,9
22162,Bromoxynil,estimated,38,30,13,0.7894736842105263,0.34210526315789475,17
22439,Phenolphthalin,default,39,11,11,0.28205128205128205,0.28205128205128205,0
47425,4-Butylphenol,estimated,20,9,4,0.45,0.2,5
41210,gamma-Terpinene,default,15,1,1,0.06666666666666667,0.06666666666666667,0
47290,UK-416244,estimated,38,21,10,0.5526315789473685,0.2631578947368421,11
24157,Isopropalin,estimated,38,23,14,0.6052631578947368,0.3684210526315789,9
41794,Cloquintocet-mexyl,estimated,19,10,4,0.5263157894736842,0.21052631578947367,6
20249,Carbofuran,default,39,15,15,0.38461538461538464,0.38461538461538464,0
22254,Terbufos,estimated,38,19,14,0.5,0.3684210526315789,5
20307,Chloromethyl methyl ether,default,15,3,3,0.2,0.2,0
47349,AVE8488,estimated,38,28,13,0.7368421052631579,0.34210526315789475,15
20027,Acrylamide,default,42,6,6,0.14285714285714285,0.14285714285714285,0
27887,Bis(2-ethylhexyl) tetrabromophthalate,default,25,8,8,0.32,0.32,0
29241,"2,4-Bis(1-methyl-1-phenylethyl)phenol",estimated,39,33,17,0.8461538461538461,0.4358974358974359,16
26564,Triethylene glycol bis(2-ethylhexanoate),estimated,39,11,2,0.28205128205128205,0.05128205128205128,9
34803,Penoxsulam,default,37,12,12,0.32432432432432434,0.32432432432432434,0
32667,Es-fenvalerate,estimated,41,21,11,0.5121951219512195,0.2682926829268293,10
24109,Flutolanil,estimated,38,16,7,0.42105263157894735,0.18421052631578946,9
21948,Propoxur,default,37,12,12,0.32432432432432434,0.32432432432432434,0
21322,Tetraethylthiuram disulfide,estimated,40,26,14,0.65,0.35,12
21135,C.I. Solvent Yellow 14,estimated,39,32,23,0.8205128205128205,0.5897435897435898,9
27875,Glyceryl monooleate,default,19,9,9,0.47368421052631576,0.47368421052631576,0
26228,Triethyl phosphate,default,16,5,5,0.3125,0.3125,0
48186,Tetrac,estimated,38,30,17,0.7894736842105263,0.4473684210526316,13
24276,Propargite,estimated,38,32,11,0.8421052631578947,0.2894736842105263,21
20119,Azathioprine,estimated,40,27,15,0.675,0.375,12
25599,Methylene bis(thiocyanate),estimated,39,36,14,0.9230769230769231,0.358974358974359,22
20498,Dimethyl terephthalate,estimated,38,6,2,0.15789473684210525,0.05263157894736842,4
20144,Benzoin,default,16,5,5,0.3125,0.3125,0
21126,Phenothiazine,estimated,40,23,7,0.575,0.175,16
47394,Grinstad Soft-N-Safe,default,36,13,13,0.3611111111111111,0.3611111111111111,0
22000,Ethanolamine,default,36,4,4,0.1111111111111111,0.1111111111111111,0
32424,Mesotrione,estimated,39,10,2,0.2564102564102564,0.05128205128205128,8
20337,Clomiphene citrate (1:1),estimated,41,36,20,0.8780487804878049,0.4878048780487805,16
24827,Chlorpromazine hydrochloride,estimated,40,36,16,0.9,0.4,20
21824,Dichlorophen,estimated,22,19,9,0.8636363636363636,0.4090909090909091,10
20290,"[4-Chloro-6-(2,3-xylidino)-2-pyrimidinylthio]acetic acid",default,38,14,14,0.3684210526315789,0.3684210526315789,0
47294,CP-863187,estimated,37,26,14,0.7027027027027027,0.3783783783783784,12
48201,Cyclobutyl phenyl ketone,estimated,16,5,2,0.3125,0.125,3
44303,Atorvastatin calcium,estimated,17,10,5,0.5882352941176471,0.29411764705882354,5
37541,Endosulfan sulfate,estimated,29,22,12,0.7586206896551724,0.41379310344827586,10
24048,Difenzoquat metilsulfate,estimated,38,32,15,0.8421052631578947,0.39473684210526316,17
37495,Deisopropylatrazine,default,39,13,13,0.3333333333333333,0.3333333333333333,0
22253,Resmethrin,estimated,39,20,13,0.5128205128205128,0.3333333333333333,7
27061,2-Naphthalenol,estimated,37,15,12,0.40540540540540543,0.32432432432432434,3
25438,Hydroxyurea,default,40,9,9,0.225,0.225,0
20123,Azobenzene,default,39,9,9,0.23076923076923078,0.23076923076923078,0
24000,Chlorthal-dimethyl,default,37,10,10,0.2702702702702703,0.2702702702702703,0
34674,Ipconazole,estimated,17,12,5,0.7058823529411765,0.29411764705882354,7
29170,4-Methylpent-3-en-2-one,default,16,2,2,0.125,0.125,0
22325,"2,2-Bis(4-hydroxyphenyl)-1,1,1-trichloroethane",estimated,41,38,21,0.926829268292683,0.5121951219512195,17
34627,Fluroxypyr,default,37,6,6,0.16216216216216217,0.16216216216216217,0
41248,"2,5-Di-tert-butylbenzene-1,4-diol",estimated,37,29,15,0.7837837837837838,0.40540540540540543,14
34612,Fluazifop-butyl,default,37,8,8,0.21621621621621623,0.21621621621621623,0
47333,PharmaGSID_47333,estimated,39,18,11,0.46153846153846156,0.28205128205128205,7
47324,SB281832,default,37,13,13,0.35135135135135137,0.35135135135135137,0
27923,Dodecylbenzenesulfonic acid,estimated,38,32,17,0.8421052631578947,0.4473684210526316,15
29210,Butyltin trichloride,default,15,4,4,0.26666666666666666,0.26666666666666666,0
26033,Sodium ethasulfate,default,15,2,2,0.13333333333333333,0.13333333333333333,0
20666,Glycidol,estimated,36,3,1,0.08333333333333333,0.027777777777777776,2
32523,"1,2-Benzisothiazolin-3-one",estimated,38,25,12,0.6578947368421053,0.3157894736842105,13
32344,Chlorethoxyfos,estimated,37,19,11,0.5135135135135135,0.2972972972972973,8
47262,CI-1029,default,38,19,19,0.5,0.5,0
32398,Fludioxonil,estimated,38,29,10,0.7631578947368421,0.2631578947368421,19
20820,Methimazole,default,38,9,9,0.23684210526315788,0.23684210526315788,0
47280,CP-607366,estimated,37,27,10,0.7297297297297297,0.2702702702702703,17
20152,Benzyl alcohol,default,37,4,4,0.10810810810810811,0.10810810810810811,0
23998,Cypermethrin,estimated,40,18,9,0.45,0.225,9
26918,1-Dodecanol,estimated,38,12,0,0.3157894736842105,0.0,12
24902,Dazomet,estimated,37,17,7,0.4594594594594595,0.1891891891891892,10
48171,FR145237,estimated,38,23,6,0.6052631578947368,0.15789473684210525,17
23902,Benz(a)anthracene,estimated,40,31,8,0.775,0.2,23
47363,Volinanserin,estimated,39,22,11,0.5641025641025641,0.28205128205128205,11
20462,Diethylene glycol,default,37,4,4,0.10810810810810811,0.10810810810810811,0
34583,Ethyl 1-naphthaleneacetate,default,17,5,5,0.29411764705882354,0.29411764705882354,0
47268,CI-959,estimated,38,29,8,0.7631578947368421,0.21052631578947367,21
21256,Sulfasalazine,estimated,39,15,7,0.38461538461538464,0.1794871794871795,8
21793,1-Naphthol,default,27,15,15,0.5555555555555556,0.5555555555555556,0
44713,Acid Red 337,estimated,19,8,2,0.42105263157894735,0.10526315789473684,6
20087,(E)-Anethole,default,37,6,6,0.16216216216216217,0.16216216216216217,0
25469,Isopentyl alcohol,default,38,3,3,0.07894736842105263,0.07894736842105263,0
47342,SR125047,estimated,40,36,16,0.9,0.4,20
20347,Coumaphos,estimated,40,31,11,0.775,0.275,20
32482,Tebupirimfos,estimated,38,26,13,0.6842105263157895,0.34210526315789475,13
25857,"1,10-Phenanthroline",estimated,17,11,7,0.6470588235294118,0.4117647058823529,4
20941,Sodium nitrite,default,37,2,2,0.05405405405405406,0.05405405405405406,0
22536,4-Cumylphenol,estimated,37,24,10,0.6486486486486487,0.2702702702702703,14
34287,5-Heptyldihydro-2(3H)-furanone,default,38,5,5,0.13157894736842105,0.13157894736842105,0
20022,Acifluorfen,default,38,16,16,0.42105263157894735,0.42105263157894735,0
20392,Diallyl phthalate,default,39,11,11,0.28205128205128205,0.28205128205128205,0
22364,5alpha-Dihydrotestosterone,estimated,38,17,7,0.4473684210526316,0.18421052631578946,10
26081,"3,3',5,5'-Tetrabromobisphenol A",estimated,43,33,18,0.7674418604651163,0.4186046511627907,15
21100,Parathion,default,39,21,21,0.5384615384615384,0.5384615384615384,0
32497,Triclopyr,default,36,9,9,0.25,0.25,0
47299,CP-422935,default,37,6,6,0.16216216216216217,0.16216216216216217,0
21984,1-Dodecanamine,estimated,16,7,4,0.4375,0.25,3
32389,Farnesol,estimated,19,9,6,0.47368421052631576,0.3157894736842105,3
42415,Sodium 4-methylbenzenesulfonate,default,16,2,2,0.125,0.125,0
25050,Diethylenetriamine,default,23,5,5,0.21739130434782608,0.21739130434782608,0
41909,Dysprosium(III) chloride,default,16,2,2,0.125,0.125,0
44575,MON-4660,estimated,16,6,3,0.375,0.1875,3
24272,Prometryn,default,38,22,22,0.5789473684210527,0.5789473684210527,0
41889,Diphenyl phosphite,default,17,3,3,0.17647058823529413,0.17647058823529413,0
22109,gamma-Decanolactone,default,16,2,2,0.125,0.125,0
22413,Isoeugenol,default,38,13,13,0.34210526315789475,0.34210526315789475,0
22528,Ethylparaben,default,37,7,7,0.1891891891891892,0.1891891891891892,0
27270,1-Pentadecanol,estimated,37,13,4,0.35135135135135137,0.10810810810810811,9
26994,n-Dodecylbenzene,default,38,9,9,0.23684210526315788,0.23684210526315788,0
44718,C.I. Acid Orange 156,estimated,21,14,3,0.6666666666666666,0.14285714285714285,11
29164,"Sodium 1,4-diisobutyl sulfosuccinate",default,15,2,2,0.13333333333333333,0.13333333333333333,0
21288,Sucrose,default,37,2,2,0.05405405405405406,0.05405405405405406,0
23890,Asulam,default,36,6,6,0.16666666666666666,0.16666666666666666,0
42382,Tetrapropyl orthosilicate,default,23,5,5,0.21739130434782608,0.21739130434782608,0
26997,4-Methoxybenzaldehyde,default,17,1,1,0.058823529411764705,0.058823529411764705,0
34961,Thiacloprid,default,40,9,9,0.225,0.225,0
41512,4-Chlorophenylurea,default,17,3,3,0.17647058823529413,0.17647058823529413,0
24261,Phosmet,default,39,17,17,0.4358974358974359,0.4358974358974359,0
32613,Fenitrothion,estimated,38,19,9,0.5,0.23684210526315788,10
20575,Estragole,default,15,3,3,0.2,0.2,0
32579,Triclopyr 2-butoxyethyl ester,default,15,4,4,0.26666666666666666,0.26666666666666666,0
41978,Flufenoxuron,estimated,17,11,6,0.6470588235294118,0.35294117647058826,5
38810,Divinyltetramethyldisiloxane,default,15,2,2,0.13333333333333333,0.13333333333333333,0
26235,Trimellitic anhydride,default,16,2,2,0.125,0.125,0
20845,Methyl methanesulfonate,default,37,5,5,0.13513513513513514,0.13513513513513514,0
48518,PharmaGSID_48518,estimated,37,15,3,0.40540540540540543,0.08108108108108109,12
25130,Dimethylnaphthalene,default,17,6,6,0.35294117647058826,0.35294117647058826,0
44536,Celestolide,estimated,17,7,3,0.4117647058823529,0.17647058823529413,4
47537,Dioctyl sebacate,default,36,5,5,0.1388888888888889,0.1388888888888889,0
24046,Paraoxon,default,17,9,9,0.5294117647058824,0.5294117647058824,0
20106,L-Ascorbic acid,default,18,7,7,0.3888888888888889,0.3888888888888889,0
26797,"1,3,5-Trimethylbenzene",default,37,2,2,0.05405405405405406,0.05405405405405406,0
48507,PharmaGSID_48507,estimated,39,20,13,0.5128205128205128,0.3333333333333333,7
29146,4-Methylmorpholine,default,15,2,2,0.13333333333333333,0.13333333333333333,0
22137,(Z)-3-Hexen-1-ol,default,16,2,2,0.125,0.125,0
32516,2-Hydroxyethyl octyl sulfide,estimated,17,4,1,0.23529411764705882,0.058823529411764705,3
42096,L-Glucitol,default,15,2,2,0.13333333333333333,0.13333333333333333,0
27345,Triphenylborane,default,19,11,11,0.5789473684210527,0.5789473684210527,0
20281,1-Chloro-4-nitrobenzene,default,36,2,2,0.05555555555555555,0.05555555555555555,0
32654,"N,N'-Bis(1-formamido-2,2,2-trichloroethyl)piperazine",default,19,6,6,0.3157894736842105,0.3157894736842105,0
44537,Sodium triisopropyl naphthalene sulfonate,default,16,5,5,0.3125,0.3125,0
47696,Cremophor EL,default,17,5,5,0.29411764705882354,0.29411764705882354,0
27833,2-Ethyl-6-methylaniline,default,15,3,3,0.2,0.2,0
28666,"1,2-Benzenedicarboxylic acid, di-C9-11-branched alkyl esters, C10-rich",default,36,6,6,0.16666666666666666,0.16666666666666666,0
27388,Diisooctyl adipate,default,25,5,5,0.2,0.2,0
41409,2-Chloro-N-phenylacetamide,estimated,18,9,4,0.5,0.2222222222222222,5
21460,Zearalenone,estimated,19,12,10,0.631578947368421,0.5263157894736842,2
26118,Tetralin,default,15,2,2,0.13333333333333333,0.13333333333333333,0
47525,Pravastatin sodium,default,41,13,13,0.3170731707317073,0.3170731707317073,0
41891,Diphenylmethane,default,17,4,4,0.23529411764705882,0.23529411764705882,0
33161,Aldicarb sulfoxide,default,16,7,7,0.4375,0.4375,0
24338,Thiophanate-methyl,estimated,37,17,5,0.4594594594594595,0.13513513513513514,12
20479,Dimethoate,default,39,9,9,0.23076923076923078,0.23076923076923078,0
21151,2-Phenylphenol,estimated,39,14,8,0.358974358974359,0.20512820512820512,6
37539,Endosulfan I,estimated,18,13,8,0.7222222222222222,0.4444444444444444,5
44815,Dibutyl azelate,default,24,5,5,0.20833333333333334,0.20833333333333334,0
34376,Denatonium benzoate,default,24,10,10,0.4166666666666667,0.4166666666666667,0
21931,1-Hexanol,default,15,1,1,0.06666666666666667,0.06666666666666667,0
23645,Tetracycline,default,39,12,12,0.3076923076923077,0.3076923076923077,0
20292,2-Chloroacetaldehyde,default,15,5,5,0.3333333333333333,0.3333333333333333,0
21544,2-Chlorophenol,default,36,3,3,0.08333333333333333,0.08333333333333333,0
48505,PharmaGSID_48505,estimated,37,34,25,0.918918918918919,0.6756756756756757,9
29153,Benzyl benzoate,default,16,8,8,0.5,0.5,0
20969,Nitroethane,default,15,3,3,0.2,0.2,0
32628,Methoxyfenozide,estimated,37,11,8,0.2972972972972973,0.21621621621621623,3
44902,Calcium neodecanoate,default,15,4,4,0.26666666666666666,0.26666666666666666,0
22678,Bicalutamide,estimated,16,8,4,0.5,0.25,4
23719,Troglitazone,estimated,40,31,18,0.775,0.45,13
25791,2-Nitrotoluene,default,36,2,2,0.05555555555555555,0.05555555555555555,0
41861,Diethyl phosphite,default,16,1,1,0.0625,0.0625,0
40484,Forskolin,estimated,19,11,9,0.5789473684210527,0.47368421052631576,2
20664,"3-Chloro-1,2-propanediol",default,16,2,2,0.125,0.125,0
24176,Methacrylonitrile,estimated,16,2,1,0.125,0.0625,1
27094,Bis(2-ethylhexyl) maleate,estimated,23,7,4,0.30434782608695654,0.17391304347826086,3
27076,Dodecyl sulfate triethanolamine salt,estimated,18,6,2,0.3333333333333333,0.1111111111111111,4
26906,"N,N-Dimethyldodecan-1-amine",default,26,8,8,0.3076923076923077,0.3076923076923077,0
22977,Ethylenediaminetetraacetic acid,estimated,14,1,0,0.07142857142857142,0.0,1
24573,Benzimidazole,default,18,2,2,0.1111111111111111,0.1111111111111111,0
25231,Emodin,estimated,15,9,8,0.6,0.5333333333333333,1
47505,"3,5,3′-Triiodo-L-thyronine monosodium salt",default,16,7,7,0.4375,0.4375,0
42249,Phenylarsine oxide,estimated,15,11,6,0.7333333333333333,0.4,5
31444,Indium phosphide,default,14,1,1,0.07142857142857142,0.07142857142857142,0
44654,Labetalol hydrochloride,estimated,14,7,1,0.5,0.07142857142857142,6
21089,Oxolinic acid,default,14,2,2,0.14285714285714285,0.14285714285714285,0
44647,Pargyline hydrochloride,default,14,1,1,0.07142857142857142,0.07142857142857142,0
41197,(Z)-Hexadec-9-enoic acid,estimated,15,7,0,0.4666666666666667,0.0,7
32029,Scopolamine hydrobromide,default,15,1,1,0.06666666666666667,0.06666666666666667,0
44554,Cromolyn sodium,default,14,2,2,0.14285714285714285,0.14285714285714285,0
20110,Astemizole,estimated,29,25,15,0.8620689655172413,0.5172413793103449,10
40745,4-[3-(4-Acetyl-3-hydroxy-2-propylphenoxy)propoxy]phenoxy-acetic acid,estimated,15,8,5,0.5333333333333333,0.3333333333333333,3
52621,4-Prop-1-enylveratrole,default,18,4,4,0.2222222222222222,0.2222222222222222,0
23201,Leflunomide,estimated,15,9,6,0.6,0.4,3
44645,Hydralazine hydrochloride,estimated,15,8,5,0.5333333333333333,0.3333333333333333,3
23041,Felbamate,estimated,15,2,0,0.13333333333333333,0.0,2
40619,Bexarotene,estimated,16,11,7,0.6875,0.4375,4
31133,Di-n-propylphthalate,default,26,6,6,0.23076923076923078,0.23076923076923078,0
45703,Oxcarbazepine,default,14,3,3,0.21428571428571427,0.21428571428571427,0
41132,SU-5416,estimated,14,8,3,0.5714285714285714,0.21428571428571427,5
22601,Amphotericin B,estimated,14,7,2,0.5,0.14285714285714285,5
21215,Pyrazinamide,default,15,4,4,0.26666666666666666,0.26666666666666666,0
44822,3-Methyl-5-phenylpentan-1-ol,default,15,3,3,0.2,0.2,0
47070,Tetramethylpyrazine,default,14,2,2,0.14285714285714285,0.14285714285714285,0
22999,Estradiol cypionate,estimated,15,8,4,0.5333333333333333,0.26666666666666666,4
21182,Praziquantel,default,15,5,5,0.3333333333333333,0.3333333333333333,0
22824,Ciprofloxacin,default,14,5,5,0.35714285714285715,0.35714285714285715,0
26526,2-Amino-5-methylbenzenesulfonic acid,default,15,1,1,0.06666666666666667,0.06666666666666667,0
20803,Meloxicam,estimated,15,6,4,0.4,0.26666666666666666,2
21904,Butylamine,default,15,4,4,0.26666666666666666,0.26666666666666666,0
42019,Haloxyfop,estimated,14,6,0,0.42857142857142855,0.0,6
33314,Chlorhexidine,estimated,15,11,6,0.7333333333333333,0.4,5
46557,Cridanimod,default,14,5,5,0.35714285714285715,0.35714285714285715,0
23437,"3,7-Dihydro-3,7-dimethyl-1-(5-oxohexyl)-1H-Purine-2,6-dione",default,14,2,2,0.14285714285714285,0.14285714285714285,0
22798,Chlormezanone,default,15,4,4,0.26666666666666666,0.26666666666666666,0
52307,"1,3,5-Tribromobenzene",default,14,3,3,0.21428571428571427,0.21428571428571427,0
44112,Oxfendazole,estimated,14,6,3,0.42857142857142855,0.21428571428571427,3
23752,Zileuton,default,15,6,6,0.4,0.4,0
20088,Chloralose,default,15,3,3,0.2,0.2,0
23016,Ethisterone,estimated,15,5,5,0.3333333333333333,0.3333333333333333,0
21292,Sulfisoxazole,default,16,3,3,0.1875,0.1875,0
20738,Indole-3-acetic acid,default,15,3,3,0.2,0.2,0
42633,Clomipramine hydrochloride,estimated,16,12,6,0.75,0.375,6
44464,"1,4-Dihydroxyanthracene-9,10-dione",estimated,26,16,10,0.6153846153846154,0.38461538461538464,6
37237,Glybenclamide,default,15,5,5,0.3333333333333333,0.3333333333333333,0
51650,"4,4'-(Isopropylidenebis(4,1-phenyleneoxy))dianiline",estimated,16,9,5,0.5625,0.3125,4
22080,"2,4,6-Triiodophenol",estimated,23,15,7,0.6521739130434783,0.30434782608695654,8
23194,Lamivudine,default,15,2,2,0.13333333333333333,0.13333333333333333,0
47890,"3,3'-Dimethylbisphenol A",estimated,26,24,18,0.9230769230769231,0.6923076923076923,6
40438,Calcium pantothenate,default,8,2,2,0.25,0.25,0
26303,p-Xylenol blue,estimated,24,9,5,0.375,0.20833333333333334,4
47518,Levamisole hydrochloride,default,14,4,4,0.2857142857142857,0.2857142857142857,0
20636,Fluvastatin,estimated,15,7,3,0.4666666666666667,0.2,4
44810,"2,6-Dimethyloctan-2-ol",default,15,3,3,0.2,0.2,0
22301,Flucythrinate,default,15,5,5,0.3333333333333333,0.3333333333333333,0
30423,"5,6-Benzoflavone",estimated,15,8,6,0.5333333333333333,0.4,2
23314,Metyrapone,default,15,2,2,0.13333333333333333,0.13333333333333333,0
21650,Pyruvic acid,default,15,4,4,0.26666666666666666,0.26666666666666666,0
37072,Sodium valproate,default,17,2,1,0.11764705882352941,0.058823529411764705,1
21296,Suxibuzone,default,15,4,4,0.26666666666666666,0.26666666666666666,0
46977,Buflomedil hydrochloride,default,14,2,2,0.14285714285714285,0.14285714285714285,0
24733,Carisoprodol,default,14,1,1,0.07142857142857142,0.07142857142857142,0
51447,"N-(3-Chlorophenyl)-6,7-dimethoxyquinazolin-4-amine",default,17,9,9,0.5294117647058824,0.5294117647058824,0
20226,Cadmium chloride,estimated,24,19,15,0.7916666666666666,0.625,4
25540,Thimerosal,estimated,15,12,5,0.8,0.3333333333333333,7
40743,"4-(2-(5,6,7,8-Tetrahydro-5,5,8,8-tetramethyl-2-naphthenyl)-1E-propen-1-yl)benzoic acid",default,14,6,6,0.42857142857142855,0.42857142857142855,0
44633,Indapamide,default,14,3,3,0.21428571428571427,0.21428571428571427,0
41985,Fluorosalan,estimated,16,11,7,0.6875,0.4375,4
41117,Roxithromycin,estimated,15,3,1,0.2,0.06666666666666667,2
24835,3-Phenylprop-2-enal,default,15,3,3,0.2,0.2,0
21188,Probenecid,default,15,2,2,0.13333333333333333,0.13333333333333333,0
32437,Naptalam,default,14,5,5,0.35714285714285715,0.35714285714285715,0
30695,Aloe-emodin,estimated,15,6,4,0.4,0.26666666666666666,2
110043,Dipyrone monohydrate,default,2,1,1,0.5,0.5,0
40724,Atropine sulfate monohydrate,default,14,2,2,0.14285714285714285,0.14285714285714285,0
47435,Fluorometholone,estimated,15,5,4,0.3333333333333333,0.26666666666666666,1
23434,Pentetic acid,estimated,17,4,0,0.23529411764705882,0.0,4
21136,"4-Butyl-1,2-diphenyl-3,5-Pyrazolidinedione",default,27,13,13,0.48148148148148145,0.48148148148148145,0
40758,AM580,estimated,17,12,6,0.7058823529411765,0.35294117647058826,6
37224,Erythromycin estolate,estimated,14,9,1,0.6428571428571429,0.07142857142857142,8
44268,Cetirizine hydrochloride (1:2),default,16,6,6,0.375,0.375,0
35209,Oxypurinol,default,15,1,1,0.06666666666666667,0.06666666666666667,0
20923,Nefiracetam,default,15,2,2,0.13333333333333333,0.13333333333333333,0
47504,Timolol maleate salt,default,14,1,1,0.07142857142857142,0.07142857142857142,0
47434,Flurandrenolide,estimated,15,5,5,0.3333333333333333,0.3333333333333333,0
36684,4-Hydroxybenzophenone,default,15,7,7,0.4666666666666667,0.4666666666666667,0
23810,Benzethonium chloride,estimated,25,23,18,0.92,0.72,5
44568,"1,4-Dioxacyclohexadecane-5,16-dione",estimated,16,2,0,0.125,0.0,2
42437,Swep,default,15,6,6,0.4,0.4,0
47529,"1-Propanesulfonic acid, 3-(acetylamino)-, calcium salt (2:1)",estimated,14,3,0,0.21428571428571427,0.0,3
25648,1-Methyl phenanthrene,estimated,24,12,6,0.5,0.25,6
22557,Adenine,default,17,1,1,0.058823529411764705,0.058823529411764705,0
40751,N-(9-Fluorenylmethoxycarbonyl)-L-leucine,default,15,6,6,0.4,0.4,0
40674,Fluocinolone acetonide,default,15,6,6,0.4,0.4,0
22736,Carbimazole,default,14,3,3,0.21428571428571427,0.21428571428571427,0
26108,Tetraethylenepentamine,default,14,3,3,0.21428571428571427,0.21428571428571427,0
20577,Ethionamide,default,15,2,2,0.13333333333333333,0.13333333333333333,0
24452,Amiloride hydrochloride,default,15,7,7,0.4666666666666667,0.4666666666666667,0
22603,Amrinone,default,14,5,5,0.35714285714285715,0.35714285714285715,0
32623,Indole-3-butyric acid,default,14,1,1,0.07142857142857142,0.07142857142857142,0
22598,Amoxapine,estimated,15,9,4,0.6,0.26666666666666666,5
42477,Tolnaftate,estimated,15,9,4,0.6,0.26666666666666666,5
25139,Benzalkonium chloride C18 (BAC C18),estimated,27,23,16,0.8518518518518519,0.5925925925925926,7
52342,Thymine,estimated,15,1,0,0.06666666666666667,0.0,1
48650,Febuxostat,default,14,7,7,0.5,0.5,0
21290,Sulfamethazine,default,17,4,4,0.23529411764705882,0.23529411764705882,0
23567,Rofecoxib,estimated,22,9,0,0.4090909090909091,0.0,9
44392,2-Methoxynaphthalene,default,16,2,2,0.125,0.125,0
46801,Mizolastine,estimated,25,12,9,0.48,0.36,3
23243,Mefenamic acid,default,15,7,7,0.4666666666666667,0.4666666666666667,0
40676,Glipizide,default,14,3,3,0.21428571428571427,0.21428571428571427,0
21795,Xanthone,default,24,10,10,0.4166666666666667,0.4166666666666667,0
40760,"{4-[({2-[3-Fluoro-4-(trifluoromethyl)phenyl]-4-methyl-1,3-thiazol-5-yl}methyl)sulfanyl]-2-methylphenoxy}acetic acid",estimated,15,10,3,0.6666666666666666,0.2,7
45267,Khellin,estimated,14,4,2,0.2857142857142857,0.14285714285714285,2
22857,Cortisone,estimated,15,6,6,0.4,0.4,0
20614,Ethynodiol diacetate,estimated,15,9,5,0.6,0.3333333333333333,4
46467,Argatroban,default,14,1,1,0.07142857142857142,0.07142857142857142,0
20239,Candesartan cilexetil,estimated,14,11,4,0.7857142857142857,0.2857142857142857,7
22667,Betamethasone,default,15,6,6,0.4,0.4,0
44380,"1,2-Diphenylethanedione",default,24,9,9,0.375,0.375,0
20322,Chlorpropamide,default,15,3,3,0.2,0.2,0
47436,Glycocholic acid,estimated,15,2,0,0.13333333333333333,0.0,2
22880,Danazol,estimated,25,19,14,0.76,0.56,5
21142,(-)-Phenylephrine hydrochloride,default,24,9,9,0.375,0.375,0
22161,Ioxynil,estimated,15,9,6,0.6,0.4,3
22520,Ethyl cinnamate,default,26,10,10,0.38461538461538464,0.38461538461538464,0
46029,Efavirenz,estimated,14,10,5,0.7142857142857143,0.35714285714285715,5
40723,2-Chloro-5-nitro-N-phenylbenzamide,estimated,15,6,5,0.4,0.3333333333333333,1
44670,Clonidine hydrochloride,default,14,1,1,0.07142857142857142,0.07142857142857142,0
24397,Acetoacetanilide,default,16,3,3,0.1875,0.1875,0
27284,"1,3-Dioxolane",default,16,3,3,0.1875,0.1875,0
23624,Sulindac,default,15,7,7,0.4666666666666667,0.4666666666666667,0
44720,4-Methylpyridin-2-amine,default,15,4,4,0.26666666666666666,0.26666666666666666,0
44446,Betaine hydrochloride,default,15,2,2,0.13333333333333333,0.13333333333333333,0
43917,D-Ribose,default,15,1,1,0.06666666666666667,0.06666666666666667,0
40736,Fumagillin,default,14,5,5,0.35714285714285715,0.35714285714285715,0
40683,Megestrol acetate,estimated,14,8,6,0.5714285714285714,0.42857142857142855,2
44808,3-(4-tert-Butylphenyl)propanal,default,15,4,4,0.26666666666666666,0.26666666666666666,0
44626,Trazodone hydrochloride,estimated,14,4,0,0.2857142857142857,0.0,4
21654,Glutaric acid,default,15,3,3,0.2,0.2,0
52509,4-Hydroxybenzonitrile,default,15,1,1,0.06666666666666667,0.06666666666666667,0
22563,Albendazole,estimated,15,9,4,0.6,0.26666666666666666,5
26068,Sulfathiazole,default,18,5,5,0.2777777777777778,0.2777777777777778,0
44507,Maprotiline hydrochloride,estimated,16,11,7,0.6875,0.4375,4
20344,Tomelukast,default,15,8,8,0.5333333333333333,0.5333333333333333,0
47963,Bisphenol Z,estimated,14,11,4,0.7857142857142857,0.2857142857142857,7
23377,Nomifensine,default,15,6,6,0.4,0.4,0
41280,"4-Hydroxy-2,2,6,6-tetramethylpiperidin-1-yl)oxidanyl",default,24,5,5,0.20833333333333334,0.20833333333333334,0
25815,Orphenadrine hydrochloride,estimated,15,8,2,0.5333333333333333,0.13333333333333333,6
21371,Triamcinolone acetonide,default,15,6,6,0.4,0.4,0
21121,Phenformin hydrochloride,estimated,15,5,3,0.3333333333333333,0.2,2
29889,(-)-Epigallocatechin gallate,estimated,15,9,4,0.6,0.26666666666666666,5
26560,3-Hydroxy-2-naphthoic acid,default,15,7,7,0.4666666666666667,0.4666666666666667,0
29182,Isovaleric acid,default,17,5,5,0.29411764705882354,0.29411764705882354,0
20378,Deflazacort,default,15,5,5,0.3333333333333333,0.3333333333333333,0
23324,Milrinone,default,16,4,4,0.25,0.25,0
40650,alpha-Naphthoflavone,default,3,2,2,0.6666666666666666,0.6666666666666666,0
49245,"Dibenz[a,c]anthracene",estimated,16,9,7,0.5625,0.4375,2
40152,Arbutin,default,15,1,1,0.06666666666666667,0.06666666666666667,0
44132,Temafloxacin,default,14,1,1,0.07142857142857142,0.07142857142857142,0
45141,Meclofenoxate hydrochloride,default,14,1,1,0.07142857142857142,0.07142857142857142,0
20552,Doxylamine succinate,default,16,4,4,0.25,0.25,0
21648,4-Oxopentanoic acid,default,15,2,2,0.13333333333333333,0.13333333333333333,0
21478,Lynestrenol,estimated,26,21,12,0.8076923076923077,0.46153846153846156,9
44520,Tetrabromophenolphthalein ethyl ester,estimated,24,18,12,0.75,0.5,6
23063,Flufenamic acid,estimated,15,8,1,0.5333333333333333,0.06666666666666667,7
44582,"1-tert-Butyl-3,4,5-trimethyl-2,6-dinitrobenzene",default,15,8,8,0.5333333333333333,0.5333333333333333,0
20635,Fluoxetine hydrochloride,estimated,17,13,9,0.7647058823529411,0.5294117647058824,4
23510,Primidone,default,15,3,3,0.2,0.2,0
33307,Cetylpyridinium bromide,estimated,15,13,6,0.8666666666666667,0.4,7
26562,N-(2-Methylphenyl)-3-oxobutanamide,default,16,3,3,0.1875,0.1875,0
44519,"1,1,3,3,5-Pentamethyl-4,6-dinitro-2,3-dihydro-1H-indene",estimated,24,16,13,0.6666666666666666,0.5416666666666666,3
23376,Nizatidine,default,15,2,2,0.13333333333333333,0.13333333333333333,0
22311,Formononetin,default,16,8,8,0.5,0.5,0
20116,5-Azacytidine,estimated,17,9,8,0.5294117647058824,0.47058823529411764,1
23378,Norepinephrine,default,14,8,8,0.5714285714285714,0.5714285714285714,0
21367,Toremifene citrate,estimated,16,13,8,0.8125,0.5,5
20007,Acetohexamide,default,15,3,3,0.2,0.2,0
40635,"2,2'-Bipyridine",default,24,8,8,0.3333333333333333,0.3333333333333333,0
24506,5-Aminosalicylic acid,estimated,15,7,2,0.4666666666666667,0.13333333333333333,5
40300,4-Chlorobiphenyl,estimated,24,9,1,0.375,0.041666666666666664,8
20202,Budesonide,estimated,15,8,7,0.5333333333333333,0.4666666666666667,1
21715,Menadione,estimated,16,11,5,0.6875,0.3125,6
40704,"1,4-Naphthoquinone",estimated,25,22,11,0.88,0.44,11
34769,N-Vanillylnonanamide,estimated,25,16,11,0.64,0.44,5
23474,Pimozide,estimated,15,10,5,0.6666666666666666,0.3333333333333333,5
21192,Promethazine hydrochloride,estimated,15,11,6,0.7333333333333333,0.4,5
37734,2-Bromohexadecanoic acid,estimated,15,7,2,0.4666666666666667,0.13333333333333333,5
21342,Bithionol,estimated,25,18,13,0.72,0.52,5
23519,Propantheline bromide,default,23,13,13,0.5652173913043478,0.5652173913043478,0
21805,Piperine,estimated,15,5,5,0.3333333333333333,0.3333333333333333,0
44346,Vitamin B12,estimated,14,2,0,0.14285714285714285,0.0,2
20175,"1,4-Bis[2-(3,5-dichloropyridyloxy)]benzene",estimated,15,6,2,0.4,0.13333333333333333,4
22673,Betamethasone valerate,estimated,14,9,5,0.6428571428571429,0.35714285714285715,4
25421,Benzohydroxamic acid,default,23,10,10,0.43478260869565216,0.43478260869565216,0
37231,Flurbiprofen,estimated,14,6,2,0.42857142857142855,0.14285714285714285,4
21784,Salicylanilide,estimated,16,9,7,0.5625,0.4375,2
22544,Acetazolamide,default,15,2,2,0.13333333333333333,0.13333333333333333,0
22877,Cytarabine,default,17,7,7,0.4117647058823529,0.4117647058823529,0
20892,Metronidazole,default,16,3,3,0.1875,0.1875,0
23622,Sulfanilamide,default,15,5,5,0.3333333333333333,0.3333333333333333,0
44466,Pyromellitic acid,default,14,2,2,0.14285714285714285,0.14285714285714285,0
22445,Bis(4-hydroxyphenyl)methane,default,26,12,12,0.46153846153846156,0.46153846153846156,0
22164,2-Allylphenol,default,15,2,2,0.13333333333333333,0.13333333333333333,0
22403,"2,2′-Dihydroxy-4-methoxybenzophenone",estimated,23,13,6,0.5652173913043478,0.2608695652173913,7
20464,Diethyl maleate,default,26,6,6,0.23076923076923078,0.23076923076923078,0
28005,3-Phenoxybenzaldehyde,default,24,7,7,0.2916666666666667,0.2916666666666667,0
20674,Griseofulvin,estimated,26,16,10,0.6153846153846154,0.38461538461538464,6
20321,Chlorpheniramine maleate,estimated,27,14,7,0.5185185185185185,0.25925925925925924,7
44914,"3,5-Dichlorosalicylic acid",default,15,3,3,0.2,0.2,0
44404,2-Hydroxyethyl disulfide,default,14,2,2,0.14285714285714285,0.14285714285714285,0
21130,1-Phenyl-3-methyl-5-pyrazolone,default,25,9,9,0.36,0.36,0
41308,"2,2-Bis(4-chlorophenyl)ethanol",estimated,15,11,3,0.7333333333333333,0.2,8
21299,Chlorotrianisene,default,15,6,6,0.4,0.4,0
33187,Amitriptyline hydrochloride,estimated,15,11,6,0.7333333333333333,0.4,5
47006,Glycyrrhizin,default,14,4,4,0.2857142857142857,0.2857142857142857,0
33562,Hydroxyflutamide,estimated,36,21,17,0.5833333333333334,0.4722222222222222,4
32551,Fluazinam,estimated,41,34,22,0.8292682926829268,0.5365853658536586,12
47353,SSR 241586 HCl,estimated,39,35,12,0.8974358974358975,0.3076923076923077,23
26181,Tribromsalan,estimated,16,13,6,0.8125,0.375,7
47320,SB236057A,estimated,38,32,17,0.8421052631578947,0.4473684210526316,15
31089,D&C Red 27,estimated,26,21,10,0.8076923076923077,0.38461538461538464,11
40767,"3,5-Dichlorosalicyl-3,4-dichloroanilide",estimated,16,12,7,0.75,0.4375,5
44400,Tetrabutylammonium bromide,default,23,10,10,0.43478260869565216,0.43478260869565216,0
39719,"Nitric acid, calcium salt (2:1)",default,22,4,4,0.18181818181818182,0.18181818181818182,0
873178,Bosentan hydrate,default,2,1,1,0.5,0.5,0
44791,Benzyl propanoate,default,23,3,3,0.13043478260869565,0.13043478260869565,0
47201,4-Formyl-2-methoxyphenyl isobutyrate,default,23,5,5,0.21739130434782608,0.21739130434782608,0
25301,2-Ethylhexyl glycidyl ether,default,23,4,4,0.17391304347826086,0.17391304347826086,0
44934,"4,5-Dihydroxy-1,3-dimethylimidazolidin-2-one",default,23,3,3,0.13043478260869565,0.13043478260869565,0
20142,"6-Phenyl-1,3,5-triazine-2,4-diamine",default,24,6,6,0.25,0.25,0
20241,Capsaicin,estimated,22,12,3,0.5454545454545454,0.13636363636363635,9
40127,"2,6-Diaminopyridine",default,26,6,6,0.23076923076923078,0.23076923076923078,0
42170,"4,4'-(Oxydiethylene)bis(morpholine)",default,22,2,2,0.09090909090909091,0.09090909090909091,0
20215,Butylated hydroxyanisole,estimated,23,13,7,0.5652173913043478,0.30434782608695654,6
44374,p-Methylacetophenone,default,24,3,3,0.125,0.125,0
36541,Pregnenolone,estimated,23,11,7,0.4782608695652174,0.30434782608695654,4
47113,(-)-Ambroxide,estimated,23,11,3,0.4782608695652174,0.13043478260869565,8
44938,Ethenylsilanetriyl triacetate,default,23,8,8,0.34782608695652173,0.34782608695652173,0
44836,"2,4,4'-Trihydroxybenzophenone",estimated,24,15,11,0.625,0.4583333333333333,4
21333,Tetramethylthiuram monosulfide,estimated,26,22,11,0.8461538461538461,0.4230769230769231,11
52148,C.I.Disperse Yellow 42,estimated,10,9,5,0.9,0.5,4
44997,"2,6-Di-tert-butyl-4-[(dimethylamino)methyl]phenol",estimated,24,11,5,0.4583333333333333,0.20833333333333334,6
44821,"Ethyl 2-cyano-3,3-diphenylacrylate",estimated,23,12,7,0.5217391304347826,0.30434782608695654,5
38822,Neopentyl glycol dibenzoate,estimated,25,12,2,0.48,0.08,10
44961,"Bis{2-[2-(propan-2-yl)-1,3-oxazolidin-3-yl]ethyl} hexane-1,6-diylbiscarbamate",default,22,8,8,0.36363636363636365,0.36363636363636365,0
37750,(3Z)-Hexenyl salicylate,estimated,24,16,4,0.6666666666666666,0.16666666666666666,12
44354,N-Butyldiethanolamine,default,24,4,4,0.16666666666666666,0.16666666666666666,0
44352,Methyl phenylacetate,default,24,4,4,0.16666666666666666,0.16666666666666666,0
20062,2-Amino-4-nitrophenol,estimated,23,14,9,0.6086956521739131,0.391304347826087,5
42521,Zoalene,default,23,8,8,0.34782608695652173,0.34782608695652173,0
44427,4-Morpholinecarboxaldehyde,default,24,3,3,0.125,0.125,0
20912,Nalidixic acid,default,23,4,4,0.17391304347826086,0.17391304347826086,0
47725,"2,2,2-Trichloro-1-phenylethyl acetate",estimated,23,7,1,0.30434782608695654,0.043478260869565216,6
44357,(4-Methoxyphenyl)methanol,default,23,6,6,0.2608695652173913,0.2608695652173913,0
23938,"1,2-Benzenedicarboxylic acid, 2-butoxy-2-oxoethyl butyl ester",default,23,7,7,0.30434782608695654,0.30434782608695654,0
44608,Propylsilanetriyl triacetate,default,10,3,3,0.3,0.3,0
40215,Dimethyl (3-((hydroxymethyl)amino)-3-oxopropyl)phosphonate,default,23,4,4,0.17391304347826086,0.17391304347826086,0
27792,Ethyltriacetoxysilane,default,23,9,9,0.391304347826087,0.391304347826087,0
44890,2-[(4-Hydroxyphenyl)methyl]phenol,estimated,24,11,6,0.4583333333333333,0.25,5
20284,"2-Chloro-1,4-diaminobenzene sulfate (1:1)",estimated,24,17,13,0.7083333333333334,0.5416666666666666,4
40245,Sucralose,default,23,2,2,0.08695652173913043,0.08695652173913043,0
44922,1-(2-Hydroxyethyl)pyrrolidin-2-one,estimated,23,8,0,0.34782608695652173,0.0,8
44532,D&C Blue No. 9,default,28,12,12,0.42857142857142855,0.42857142857142855,0
40734,2-Ethylhexyl salicylate,estimated,25,10,2,0.4,0.08,8
44463,Ethenyl(triethoxy)silane,default,24,6,6,0.25,0.25,0
44764,2-Phenylethyl 2-methylpropanoate,default,23,3,3,0.13043478260869565,0.13043478260869565,0
23300,Methylprednisolone,default,23,11,11,0.4782608695652174,0.4782608695652174,0
44494,2-Phenylethyl phenylacetate,default,23,8,8,0.34782608695652173,0.34782608695652173,0
44755,Prop-2-en-1-yl 3-cyclohexylpropanoate,default,23,3,3,0.13043478260869565,0.13043478260869565,0
47198,Ethyl 2-methylpentanoate,default,23,2,2,0.08695652173913043,0.08695652173913043,0
37731,"4,4'-(9H-Fluorene-9,9-diyl)diphenol",estimated,24,20,11,0.8333333333333334,0.4583333333333333,9
40373,Metaflumizone,estimated,24,13,9,0.5416666666666666,0.375,4
23039,Famotidine,default,17,3,3,0.17647058823529413,0.17647058823529413,0
20690,Hexachlorophene,estimated,28,22,17,0.7857142857142857,0.6071428571428571,5
21102,Penicillin VK,default,17,5,5,0.29411764705882354,0.29411764705882354,0
37555,tau-Fluvalinate,default,17,9,9,0.5294117647058824,0.5294117647058824,0
23309,Metoprolol,default,17,5,5,0.29411764705882354,0.29411764705882354,0
20732,Ibuprofen,default,25,10,10,0.4,0.4,0
24701,tert-Butylphenyl diphenyl phosphate,estimated,29,24,14,0.8275862068965517,0.4827586206896552,10
23270,Metformin,default,17,3,3,0.17647058823529413,0.17647058823529413,0
47672,Flubendiamide,estimated,17,8,5,0.47058823529411764,0.29411764705882354,3
37197,Captopril,default,15,2,2,0.13333333333333333,0.13333333333333333,0
22707,Buspirone,estimated,16,10,4,0.625,0.25,6
32192,Tri-o-cresyl phosphate,estimated,28,21,11,0.75,0.39285714285714285,10
22602,Ampicillin,default,20,6,6,0.3,0.3,0
32330,beta-Cyfluthrin,default,3,2,2,0.6666666666666666,0.6666666666666666,0
31356,Galactosamine hydrochloride,default,16,3,3,0.1875,0.1875,0
44584,Selegiline hydrochloride,default,16,2,2,0.125,0.125,0
41201,alpha-Cypermethrin,default,16,7,7,0.4375,0.4375,0
41464,"3,3'-Iminobispropanenitrile",default,18,2,2,0.1111111111111111,0.1111111111111111,0
47037,Tembotrione,default,17,5,5,0.29411764705882354,0.29411764705882354,0
44774,"1,4-Dioxacycloheptadecane-5,17-dione",estimated,16,6,1,0.375,0.0625,5
20266,Chloranil,estimated,27,20,12,0.7407407407407407,0.4444444444444444,8
24687,4-tert-Butylcatechol,estimated,27,20,8,0.7407407407407407,0.2962962962962963,12
34259,2-Methyl-3(2H)-isothiazolone,estimated,15,10,5,0.6666666666666666,0.3333333333333333,5
44748,(1-Hydroxycyclohexyl)(phenyl)methanone,default,15,2,2,0.13333333333333333,0.13333333333333333,0
22006,Hexyl acetate,estimated,17,6,0,0.35294117647058826,0.0,6
42151,Methyl cinnamate,estimated,16,4,0,0.25,0.0,4
52529,2-Methoxy-4-vinylphenol,default,16,7,7,0.4375,0.4375,0
23569,Rosiglitazone maleate,estimated,26,18,12,0.6923076923076923,0.46153846153846156,6
40733,Triphenyltin chloride,estimated,25,20,14,0.8,0.56,6
20365,Cyclosporin A,estimated,23,16,11,0.6956521739130435,0.4782608695652174,5
21221,Quinapril hydrochloride,estimated,15,6,2,0.4,0.13333333333333333,4
38857,2-Methyl-4'-(methylthio)-2-morpholinopropiophenone,default,15,6,6,0.4,0.4,0
51499,4-Vinylpyridine,default,17,5,5,0.29411764705882354,0.29411764705882354,0
40134,Vincamine,default,16,7,7,0.4375,0.4375,0
20391,Diallate,estimated,15,5,1,0.3333333333333333,0.06666666666666667,4
42203,Nitralin,estimated,15,7,3,0.4666666666666667,0.2,4
40725,4-Chloromercuribenzoic acid,estimated,16,11,8,0.6875,0.5,3
36545,Triphenylsilanol,estimated,25,17,7,0.68,0.28,10
51306,"1,1-Bis(3-cyclohexyl-4-hydroxyphenyl)cyclohexane",estimated,15,9,4,0.6,0.26666666666666666,5
25715,Nifedipine,estimated,15,8,4,0.5333333333333333,0.26666666666666666,4
41744,C.I. Solvent Red 49,estimated,25,13,4,0.52,0.16,9
44518,(-)-Isolongifolene,estimated,26,15,3,0.5769230769230769,0.11538461538461539,12
32614,Fluchloralin,default,15,4,4,0.26666666666666666,0.26666666666666666,0
20846,Methylnitronitrosoguanidine,estimated,15,7,2,0.4666666666666667,0.13333333333333333,5
44618,1-Bromo-3-methoxybenzene,default,15,1,1,0.06666666666666667,0.06666666666666667,0
41494,Diflufenican,default,15,6,6,0.4,0.4,0
44415,"N,N'-1,3-Phenylenedimaleimide",estimated,16,10,2,0.625,0.125,8
21255,Salbutamol,default,15,2,2,0.13333333333333333,0.13333333333333333,0
25690,Musk ketone,default,26,13,13,0.5,0.5,0
41680,Bromociclen,estimated,15,9,4,0.6,0.26666666666666666,5
49415,Epinephrine bitartrate,estimated,15,7,3,0.4666666666666667,0.2,4
58654,BisOPP-A,estimated,15,11,5,0.7333333333333333,0.3333333333333333,6
47111,Sclareol,estimated,16,11,3,0.6875,0.1875,8
20058,"2-Amino-5-(5-nitro-2-furyl)-1,3,4-oxadiazole",estimated,16,7,2,0.4375,0.125,5
47673,Bis(2-methyl-3-furyl)disulfide,estimated,15,9,0,0.6,0.0,9
44635,Sodium 4-vinylbenzenesulfonate,estimated,15,9,7,0.6,0.4666666666666667,2
44940,Tricyclodecanedimethanol diacrylate,estimated,15,9,4,0.6,0.26666666666666666,5
20193,HC Blue 2,estimated,18,10,4,0.5555555555555556,0.2222222222222222,6
30048,"2,2',4,4',5-Pentabromodiphenyl ether",estimated,16,10,3,0.625,0.1875,7
44590,"2',4',5',7'-Tetrabromofluorescein",estimated,16,8,0,0.5,0.0,8
43765,Ouabain,estimated,18,11,2,0.6111111111111112,0.1111111111111111,9
41684,Bromophos-ethyl,default,15,8,8,0.5333333333333333,0.5333333333333333,0
33247,(E)-beta-Nitrostyrene,estimated,15,11,0,0.7333333333333333,0.0,11
26547,6-Amino-4-hydroxynaphthalene-2-sulfonic acid,estimated,15,6,1,0.4,0.06666666666666667,5
32331,Bis(trichloromethyl)sulfone,estimated,24,20,13,0.8333333333333334,0.5416666666666666,7
27297,Dodecanedioic acid,estimated,16,6,0,0.375,0.0,6
44704,"Sodium 2,6-dibromo-4-(3-(3,5-dibromo-4-hydroxy-2-methylphenyl)-2,2-dioxido-3H-1,2-benzoxathiol-3-yl)-3-methylphenolate",estimated,16,10,0,0.625,0.0,10
47913,1-Decyl-3-methylimidazolium bis(trifluoromethylsulfonyl)imide,estimated,15,11,5,0.7333333333333333,0.3333333333333333,6
44781,"2,3,4,5-Tetrachloro-6-(trichloromethyl)pyridine",estimated,16,12,5,0.75,0.3125,7
44459,Bromcresol green,estimated,16,10,2,0.625,0.125,8
20876,Methylhydroquinone,estimated,15,9,6,0.6,0.4,3
44429,"1,3,5-Benzenetricarbonyl trichloride",estimated,24,16,9,0.6666666666666666,0.375,7
52603,"2,4-Dichlorobenzoyl chloride",estimated,16,6,0,0.375,0.0,6
25302,Octinoxate,estimated,22,13,4,0.5909090909090909,0.18181818181818182,9
46627,Bosentan,estimated,21,7,3,0.3333333333333333,0.14285714285714285,4
21302,Tannins,default,1,1,1,1.0,1.0,0
75365,Salicylhydroxamic acid,default,2,1,1,0.5,0.5,0
42443,Terbufos sulfone,estimated,24,13,12,0.5416666666666666,0.5,1
145904,6-Hydroxy-2-oxopyridinium chloride,default,2,1,1,0.5,0.5,0
25536,2-Mercaptobenzimidazole,default,16,8,8,0.5,0.5,0
64235,5-Nitro-2-mercaptobenzimidazole,default,2,1,1,0.5,0.5,0
51782,3-Hydroxy-2-pyridone,estimated,16,6,1,0.375,0.0625,5
274239,(+/-)-Naringenin,default,2,1,1,0.5,0.5,0
46492,Sunitinib malate,estimated,16,12,6,0.75,0.375,6
22224,"5-Chloro-1,3-benzothiazole-2(3H)-thione",default,2,1,1,0.5,0.5,0
178252,"1-Methyl-1,3-dihydro-2H-benzimidazole-2-thione",default,2,1,1,0.5,0.5,0
47753,Perylene,default,4,1,1,0.25,0.25,0
52682,"3,6-Dimethylphenanthrene",default,3,2,2,0.6666666666666666,0.6666666666666666,0
29869,Bezafibrate,default,15,4,4,0.26666666666666666,0.26666666666666666,0
40661,Clofibric acid,default,15,4,4,0.26666666666666666,0.26666666666666666,0
977813,"2-Methyl-2-(4-{[({4-methyl-2-[4-(trifluoromethyl)phenyl]-1,3-thiazol-5-yl}carbonyl)amino]methyl}phenoxy)propanoic acid",default,1,1,1,1.0,1.0,0
52574,"1,5-Dihydroxynaphthalene",estimated,16,10,5,0.625,0.3125,5
20139,Benzo[a]pyrene,estimated,16,9,5,0.5625,0.3125,4
24838,C.I. Solvent Red 80,estimated,24,18,12,0.75,0.5,6
52618,3-Hydroxy-2-naphthanilide,default,1,1,1,1.0,1.0,0
21418,DL-Tryptophan,default,14,3,3,0.21428571428571427,0.21428571428571427,0
37250,Nimesulide,estimated,14,4,2,0.2857142857142857,0.14285714285714285,2
40761,CITCO,default,2,1,1,0.5,0.5,0
26294,Vitamin D3,estimated,14,9,3,0.6428571428571429,0.21428571428571427,6
23706,Trilostane,default,16,7,7,0.4375,0.4375,0
25485,N-Isopropyl-N'-phenyl-p-phenylenediamine,estimated,28,24,16,0.8571428571428571,0.5714285714285714,8
36732,Sulforaphane,default,3,3,3,1.0,1.0,0
41030,Fenofibric acid,default,3,2,2,0.6666666666666666,0.6666666666666666,0
37131,Rosiglitazone,default,15,5,5,0.3333333333333333,0.3333333333333333,0
20978,1-Nitronaphthalene,default,25,7,7,0.28,0.28,0
44994,2-Ethylanthraquinone,default,15,7,7,0.4666666666666667,0.4666666666666667,0
41629,"2,2'-Dibenzoylaminodiphenyl disulfide",estimated,25,17,13,0.68,0.52,4
20920,1-Naphthylamine,estimated,27,16,5,0.5925925925925926,0.18518518518518517,11
44824,4-Methyl-1-(1-methylethyl)-3-cyclohexen-1-ol,default,17,3,3,0.17647058823529413,0.17647058823529413,0
20778,D-Limonene,default,17,2,2,0.11764705882352941,0.11764705882352941,0
20145,"1,4-Benzoquinone",estimated,26,17,8,0.6538461538461539,0.3076923076923077,9
25668,Methyl 4-methylbenzoate,default,25,8,8,0.32,0.32,0
239551,GSK-690693,default,1,1,1,1.0,1.0,0
48733,Pazopanib,estimated,15,9,4,0.6,0.26666666666666666,5
49073,Vatalanib dihydrochloride,estimated,23,17,6,0.7391304347826086,0.2608695652173913,11
215294,Brivanib,default,1,1,1,1.0,1.0,0
153427,Apatinib mesylate,default,1,1,1,1.0,1.0,0
40945,Temsirolimus,default,9,1,1,0.1111111111111111,0.1111111111111111,0
40599,Everolimus,estimated,9,6,2,0.6666666666666666,0.2222222222222222,4
23582,Sirolimus,estimated,9,7,4,0.7777777777777778,0.4444444444444444,3
155842,Taselisib,default,1,1,1,1.0,1.0,0
241486,Buparlisib,default,1,1,1,1.0,1.0,0
61428,"1,2,4-Triazine, 5,6-diphenyl-3-(2-pyridinyl)-",default,2,2,2,1.0,1.0,0
875905,"1,4-Benzenediol, diacetate",default,2,2,2,1.0,1.0,0
63992,"Benzaldehyde, 4-butoxy-",default,2,2,2,1.0,1.0,0
862220,"2-Ethoxy-1,2-diphenylethanone",default,2,1,1,0.5,0.5,0
66624,Undecylenoyl monoethanolamide,default,2,2,2,1.0,1.0,0
883336,meso-Tartaric acid,default,2,1,1,0.5,0.5,0
21236,HC Red 3,estimated,16,9,3,0.5625,0.1875,6
44942,"1,1'-Sulfonylbis[3,5-dibromo-4-(2,3-dibromopropoxy)benzene]",default,2,1,1,0.5,0.5,0
47596,delta-Dodecalactone,default,2,2,2,1.0,1.0,0
63449,"Heptane, 1-isothiocyanato-",default,2,2,2,1.0,1.0,0
67169,"3H-Indole, 2,3,3,5-tetramethyl-",default,2,2,2,1.0,1.0,0
59766,Acridine,default,2,2,2,1.0,1.0,0
44148,Bromocyclohexane,default,2,1,1,0.5,0.5,0
65687,"Hexanoic acid, 5-oxo-, methyl ester",default,2,2,2,1.0,1.0,0
64339,"1,3-Benzenediamine, 4-[2-(1-naphthalenyl)diazenyl]-",default,2,2,2,1.0,1.0,0
61693,"Furan, 2-[(methylthio)methyl]-",default,2,1,1,0.5,0.5,0
61457,"1H-Imidazole, 2-ethyl-",default,2,1,1,0.5,0.5,0
59317,Diethyl 3-oxoglutarate,default,2,1,1,0.5,0.5,0
67940,3-(2-Benzoxazolyl)-7-(diethylamino)coumarin,default,2,2,2,1.0,1.0,0
61929,Cresol Red,default,2,1,1,0.5,0.5,0
74954,"4,4′-Cyclohexylidenebis[2-methylphenol]",default,2,2,2,1.0,1.0,0
61120,Pentafluorophenol,default,2,2,2,1.0,1.0,0
1355915,(9E)-9-Octadecen-1-ol,default,2,1,1,0.5,0.5,0
60327,Carbon tetrabromide,default,2,2,2,1.0,1.0,0
60844,"1,5-Hexadiene, 2,5-dimethyl-",default,2,1,1,0.5,0.5,0
59653,"2-Naphthalenecarboxamide, 3-hydroxy-N-(2-methylphenyl)-",default,2,2,2,1.0,1.0,0
69556,"Benzothiazole, 5,6-dimethoxy-2-methyl-",default,2,2,2,1.0,1.0,0
61424,"[1,1'-Biphenyl]-4,4'-diamine, 2,2',3,3',5,5',6,6'-octafluoro-",default,2,2,2,1.0,1.0,0
59623,"1(4H)-Naphthalenone, 4-[[4-(dimethylamino)phenyl]imino]-",default,2,2,2,1.0,1.0,0
879594,(2S)-2-(3-Aminopropanamido)-3-(1H-imidazol-4-yl)propanoic acid,default,2,1,1,0.5,0.5,0
162196,L-Sulforaphane,default,2,2,2,1.0,1.0,0
67603,4-Benzylpiperidine,default,2,2,2,1.0,1.0,0
63520,"1,8-Dibromooctane",default,2,2,2,1.0,1.0,0
67478,"1,3,5-Triazine-2,4(1H,3H)-dithione, 6-(dibutylamino)-",default,2,2,2,1.0,1.0,0
44567,3-(4-Methoxyphenyl)-2-methylpropanal,default,2,2,2,1.0,1.0,0
58078,Pentachlorophenyl laurate,default,2,2,2,1.0,1.0,0
66183,6-(Acetyloxy)-2-naphthalenecarboxylic acid,default,2,1,1,0.5,0.5,0
59622,"2-Naphthalenol, 1-nitroso-",default,2,2,2,1.0,1.0,0
51780,Triethylene glycol diacrylate,default,2,2,2,1.0,1.0,0
40940,3-Bromo-2-oxopropionic acid,default,2,2,2,1.0,1.0,0
60905,Bilirubin,default,2,2,2,1.0,1.0,0
867465,Dimethylcyclohexenecarbaldehyde,default,2,1,1,0.5,0.5,0
62188,"Pyridine, 4-(phenylmethyl)-",default,2,2,2,1.0,1.0,0
60525,"1,3-Benzenediol, 2-nitro-",default,2,2,2,1.0,1.0,0
63835,Hydrazine-S-methylcarbodithioate,default,2,2,2,1.0,1.0,0
61947,"1H-Indole-3-carboxaldehyde, 1-methyl-2-phenyl-",default,2,2,2,1.0,1.0,0
34095,Verapamil hydrochloride,estimated,16,6,3,0.375,0.1875,3
922157,"1H,5H,11H,15H-Xantheno(2,3,4-ij:5,6,7-i'j')diquinolizin-18-ium, 9-(2,4-disulfophenyl)-2,3,6,7,12,13,16,17-octahydro-, inner salt",default,2,2,2,1.0,1.0,0
65383,Cyclohexyl carbonochloridate,default,2,1,1,0.5,0.5,0
60028,(Trifluoromethoxy)benzene,default,2,1,1,0.5,0.5,0
60849,"Pentane, 1-iodo-",default,2,1,1,0.5,0.5,0
20188,C.I. Disperse Blue 1,default,2,2,2,1.0,1.0,0
52040,"2-Hydroxy-N-(4H-1,2,4-triazol-3-yl)benzamide",default,2,1,1,0.5,0.5,0
48416,Amperozide,default,2,2,2,1.0,1.0,0
23688,Topiramate,default,16,3,3,0.1875,0.1875,0
61568,"Phenol, 2,2'-(1,2-ethanediylidenedinitrilo)bis-",default,2,2,2,1.0,1.0,0
63539,6-Carboxymethyluracil,default,2,1,1,0.5,0.5,0
65756,"2,1-Benzisothiazol-3-amine, 5-nitro-",default,2,2,2,1.0,1.0,0
904377,"4,4'-Ethylidenediphenyl dicyanate",default,2,2,2,1.0,1.0,0
59031,"Diallyl(4,6-diamino-1,3,5-triazin-2-yl)amine",default,2,2,2,1.0,1.0,0
65707,Dioctadecyl phthalate,default,2,2,2,1.0,1.0,0
1015546,Cucurbitacin I,default,2,2,2,1.0,1.0,0
36646,"1,2-Octanediol",default,17,3,3,0.17647058823529413,0.17647058823529413,0
61184,"8-Quinolinol, 2-methyl-",default,2,2,2,1.0,1.0,0
51942,Bis(vinylsulphonylmethyl) ether,default,2,2,2,1.0,1.0,0
64046,"2,5-Bis(1,1-dimethylethyl)phenol",default,2,2,2,1.0,1.0,0
63158,"2,4,6-Tribromophenyl acrylate",default,2,2,2,1.0,1.0,0
887178,"Propanoic acid, 2-oxo-, (3Z)-3-hexen-1-yl ester",default,2,2,2,1.0,1.0,0
872988,Tetrabenzylthiuram disulfide,default,2,2,2,1.0,1.0,0
61067,"2,4,5,7-Tetranitro-9-fluorenone",default,2,2,2,1.0,1.0,0
60207,4'-(Dimethylamino)benzalrhodanine,default,2,2,2,1.0,1.0,0
63491,Bismarck Brown R Base,default,2,2,2,1.0,1.0,0
60082,Thioxanthen-9-one,default,2,1,1,0.5,0.5,0
59434,"1-Naphthalenesulfonic acid, 4-amino-3-hydroxy-",default,2,2,2,1.0,1.0,0
1014692,Salicylaldazine,default,2,1,1,0.5,0.5,0
27763,"4-Amino-3,5,6-trichloro-2-pyridinecarbonitrile",default,2,1,1,0.5,0.5,0
58948,"Benzaldehyde, 3,4,5-trimethoxy-",default,2,2,2,1.0,1.0,0
61567,"2,2':6',2''-Terpyridine",default,2,2,2,1.0,1.0,0
881386,"Methyl N-{[(2S,3S)-3-(propylcarbamoyl)-2-oxiranyl]carbonyl}-L-isoleucyl-L-prolinate",default,2,2,2,1.0,1.0,0
190494,Carbonyl cyanide p-trifluoromethoxyphenylhydrazone,default,2,2,2,1.0,1.0,0
21900,2-Methylpiperazine,default,2,1,1,0.5,0.5,0
60092,"1,3-Benzenediol, 4-methyl-",default,2,2,2,1.0,1.0,0
52065,2-Decenal,default,2,2,2,1.0,1.0,0
67198,N-(5-Amino-2-((p-nitrophenyl)azo)phenyl)acetamide,default,2,2,2,1.0,1.0,0
62490,4-(4-Morpholino)aniline,default,2,2,2,1.0,1.0,0
65700,"N-[3-(5-Sulfanylidene-2,5-dihydro-1H-tetrazol-1-yl)phenyl]acetamide",default,2,1,1,0.5,0.5,0
59440,"9,10-Anthracenedione, 1-amino-4-hydroxy-",default,2,2,2,1.0,1.0,0
20648,Furosemide,default,16,4,4,0.25,0.25,0
61190,"Phosphine, dicyclohexyl-",default,2,1,1,0.5,0.5,0
48061,"N-Dodecylpropane-1,3-diamine",default,2,2,2,1.0,1.0,0
60561,"2,6-Dibromophenol",default,2,1,1,0.5,0.5,0
45067,Trithiocyanuric acid,default,2,1,1,0.5,0.5,0
20031,Actinomycin D,estimated,15,10,9,0.6666666666666666,0.6,1
22556,Acyclovir,default,15,2,2,0.13333333333333333,0.13333333333333333,0
1017388,"(2R,3S)-2-(3,4-Dihydroxyphenyl)-3,4-dihydro-2H-1-benzopyran-3,5,7-triol hydrate (1:x)",default,2,2,2,1.0,1.0,0
40979,Dasatinib,estimated,15,11,8,0.7333333333333333,0.5333333333333333,3
23177,13-cis Retinoic acid,estimated,15,9,7,0.6,0.4666666666666667,2
41034,Gefitinib,estimated,15,9,3,0.6,0.2,6
40502,Imatinib mesylate,estimated,15,6,1,0.4,0.06666666666666667,5
1003945,Ketanserin tartrate,default,2,2,2,1.0,1.0,0
46664,Lenalidomide,default,15,2,2,0.13333333333333333,0.13333333333333333,0
746660,Esomeprazole magnesium hydrate,default,2,2,2,1.0,1.0,0
1017640,Methotrexate hydrate(1:x),default,2,2,2,1.0,1.0,0
944145,Mianserin hydrochloride,default,2,2,2,1.0,1.0,0
33105,5-Bromo-2'-deoxyuridine,default,15,5,5,0.3333333333333333,0.3333333333333333,0
893458,Pomalidomide,default,2,2,2,1.0,1.0,0
42594,Ritanserin,estimated,15,9,3,0.6,0.2,6
41128,Sorafenib,default,2,2,2,1.0,1.0,0
904761,Tegaserod maleate,default,2,2,2,1.0,1.0,0
46681,Vandetanib,estimated,15,6,0,0.4,0.0,6
23753,Ziprasidone,estimated,15,8,4,0.5333333333333333,0.26666666666666666,4
1006988,Dorsomorphin,default,2,2,2,1.0,1.0,0
51446,6-aminopyridine-3-carboxamide,estimated,16,5,3,0.3125,0.1875,2
23214,Levothyroxine,default,16,6,6,0.375,0.375,0
274180,L-Domoic acid,default,2,2,2,1.0,1.0,0
24120,Glufosinate-ammonium,default,3,1,1,0.3333333333333333,0.3333333333333333,0
40137,Ketamine hydrochloride,default,2,2,2,1.0,1.0,0
31521,Lead(II) acetate trihydrate,default,15,7,7,0.4666666666666667,0.4666666666666667,0
40681,Manganese dichloride,default,2,2,2,1.0,1.0,0
25568,Methylazoxymethanol acetate,default,2,2,2,1.0,1.0,0
20813,Methylmercuric(II) chloride,estimated,17,15,5,0.8823529411764706,0.29411764705882354,10
880040,1-Methyl-4-phenylpyridinium iodide,default,2,2,2,1.0,1.0,0
183677,Narciclasine,default,2,2,2,1.0,1.0,0
37580,Omethoate,default,17,6,6,0.35294117647058826,0.35294117647058826,0
1044510,Methyl viologen dichloride hydrate,default,2,1,1,0.5,0.5,0
30056,"2,2',4,4'-Tetrabromodiphenyl ether",estimated,15,7,4,0.4666666666666667,0.26666666666666666,3
58005,Penthiopyrad,default,2,2,2,1.0,1.0,0
34185,Sodium perchlorate,default,2,1,1,0.5,0.5,0
52871,beta-Cypermethrin,default,2,1,1,0.5,0.5,0
45437,Terbutaline hemisulfate,default,15,3,3,0.2,0.2,0
40712,Triethyltin bromide,estimated,16,12,7,0.75,0.4375,5
48893,"(+/-)-3,4-Methylenedioxymethamphetamine hydrochloride",estimated,15,5,2,0.3333333333333333,0.13333333333333333,3
20103,Arsenic oxide (As2O3),default,9,4,4,0.4444444444444444,0.4444444444444444,0
20795,Manganese(II) sulfate monohydrate,default,2,1,1,0.5,0.5,0
30047,"2,2',4,4',5,5'-Hexabromodiphenyl ether",estimated,15,6,1,0.4,0.06666666666666667,5
38299,"2,2',3,4,4',5,5'-Heptachlorobiphenyl",default,2,2,2,1.0,1.0,0
32048,Dibasic sodium arsenate (Na2HAsO4.7H2O),default,2,2,2,1.0,1.0,0
42496,Trimethyltin chloride,default,2,2,2,1.0,1.0,0
25065,Digitonin,estimated,15,11,8,0.7333333333333333,0.5333333333333333,3
29872,Econazole,default,2,1,1,0.5,0.5,0
1339551,AFFF Solberg Unfractionated (1X),default,3,2,2,0.6666666666666666,0.6666666666666666,0
1339553,AFFF Solberg F1 (1X),default,3,2,2,0.6666666666666666,0.6666666666666666,0
1339554,AFFF Solberg F2 (1X),default,3,2,2,0.6666666666666666,0.6666666666666666,0
1339555,AFFF Solberg F3 (1X),default,3,2,2,0.6666666666666666,0.6666666666666666,0
1339556,AFFF Solberg F1 (0.33X) + F2 (0.33X) + F3 (0.33X),default,3,2,2,0.6666666666666666,0.6666666666666666,0
1339557,AFFF Solberg F1 (0.5X) +  F2 (0.5X),default,3,2,2,0.6666666666666666,0.6666666666666666,0
1339558,AFFF Solberg F1 (0.5X) + F3 (0.5X),default,3,2,2,0.6666666666666666,0.6666666666666666,0
1339559,AFFF Solberg F2(0.5X) + F3(0.5X),default,3,2,2,0.6666666666666666,0.6666666666666666,0
1339593,AFFF Solberg F1 blank,default,3,1,1,0.3333333333333333,0.3333333333333333,0
1339598,AFFF Solberg F3 blank,default,3,1,1,0.3333333333333333,0.3333333333333333,0
41284,6:2 Fluorotelomer sulfonamide betaine,default,3,2,2,0.6666666666666666,0.6666666666666666,0
30711,"2-Hydroxy-1,2,3-propanetricarboxylic acid aluminum salt (1:x)",default,2,2,2,1.0,1.0,0
37500,Bensulide oxon,default,2,2,2,1.0,1.0,0
37509,Chlorethoxyfos oxon,default,2,2,2,1.0,1.0,0
24983,Cisplatin,default,15,11,11,0.7333333333333333,0.7333333333333333,0
274167,zeta-Cypermethrin,default,2,2,2,1.0,1.0,0
909356,Dolutegravir,default,2,2,2,1.0,1.0,0
20596,Ethylbenzene,default,15,3,3,0.2,0.2,0
58166,Flumethrin,default,2,2,2,1.0,1.0,0
25383,Hexabromocyclododecane,default,2,2,2,1.0,1.0,0
20762,Isopropanol,estimated,15,7,1,0.4666666666666667,0.06666666666666667,6
34698,2-Ethylhexyl (4-chloro-2-methylphenoxy)acetate,default,15,6,6,0.4,0.4,0
32440,N-Methylneodecanamide,default,2,2,2,1.0,1.0,0
33736,Nelfinavir mesylate,estimated,15,10,5,0.6666666666666666,0.3333333333333333,5
37586,Phorate oxon,default,2,1,1,0.5,0.5,0
42286,Phosmetoxon,default,2,1,1,0.5,0.5,0
52741,Propineb,default,2,2,2,1.0,1.0,0
58104,Pyroxasulfone,default,2,2,2,1.0,1.0,0
27348,Sodium citrate (x:1),default,2,2,2,1.0,1.0,0
37602,2-tert-Butylpyrimidin-5-yl ethyl isopropyl phosphate,default,2,2,2,1.0,1.0,0
37601,Terbufos oxon,default,2,2,2,1.0,1.0,0
42444,Terbufos sulfoxide,default,2,1,1,0.5,0.5,0
24331,Thallium(I) acetate,estimated,15,6,2,0.4,0.13333333333333333,4
46812,Transfluthrin,default,9,3,3,0.3333333333333333,0.3333333333333333,0
1018461,Aconite,default,2,1,1,0.5,0.5,0
1334841,Bupleurum,default,2,2,2,1.0,1.0,0
1336159,Fu Zi (Zhi) (Aconitum Lateralis) root,default,2,1,1,0.5,0.5,0
1336160,"Guarana from ground, unprocessed seed",default,2,2,2,1.0,1.0,0
1018738,Guarana extract,default,2,1,1,0.5,0.5,0
1334842,Mitragyna speciosa,default,2,2,2,1.0,1.0,0
1334843,Wormwood,default,2,2,2,1.0,1.0,0
1335118,Wormwood Herb 10:1,default,2,2,2,1.0,1.0,0
1335117,Powdered wormwood,default,2,1,1,0.5,0.5,0
32291,Yohimbe bark extract,default,2,2,2,1.0,1.0,0
1351484,Propylparaben; 2-(Phenylmethylene)octanal (33:67),default,3,2,2,0.6666666666666666,0.6666666666666666,0
1351485,Propylparaben; 2-(Phenylmethylene)octanal (67:33),default,3,1,1,0.3333333333333333,0.3333333333333333,0
1351786,Propylparaben; Butylated hydroxytoluene (33:67),default,3,2,2,0.6666666666666666,0.6666666666666666,0
1351787,Propylparaben; Butylated hydroxytoluene (67:33),default,3,1,1,0.3333333333333333,0.3333333333333333,0
1351788,2-(Phenylmethylene)octanal; Butylated hydroxytoluene (33:67),default,3,2,2,0.6666666666666666,0.6666666666666666,0
1351789,2-(Phenylmethylene)octanal; Butylated hydroxytoluene (67:33),default,3,2,2,0.6666666666666666,0.6666666666666666,0
1351790,Citric acid; Butylated hydroxytoluene (33:67),default,3,2,2,0.6666666666666666,0.6666666666666666,0
1351791,Citric acid; Butylated hydroxytoluene (67:33),default,3,1,1,0.3333333333333333,0.3333333333333333,0
1351793,Dodecanoic acid; Propylparaben (67:33),default,3,2,2,0.6666666666666666,0.6666666666666666,0
1351794,Dodecanoic acid; Propylparaben (33:67),default,3,2,2,0.6666666666666666,0.6666666666666666,0
1351795,1-Phenyl-3-methyl-5-pyrazolone; Propylparaben (33:67),default,3,1,1,0.3333333333333333,0.3333333333333333,0
1351796,1-Phenyl-3-methyl-5-pyrazolone; Propylparaben (67:33),default,3,2,2,0.6666666666666666,0.6666666666666666,0
1351798,Propylparaben; Bisphenol A (50:50),default,3,2,2,0.6666666666666666,0.6666666666666666,0
1351799,Propylparaben and Triclosan (50:50),default,3,2,2,0.6666666666666666,0.6666666666666666,0
1351801,Propylparaben; Rifampicin (50:50),default,3,2,2,0.6666666666666666,0.6666666666666666,0
1351802,2-(Phenylmethylene)octanal; Bisphenol A (50:50),default,3,2,2,0.6666666666666666,0.6666666666666666,0
1351803,2-(Phenylmethylene)octanal and Triclosan (50:50),default,3,2,2,0.6666666666666666,0.6666666666666666,0
1351804,2-(Phenylmethylene)octanal; Pioglitazone hydrochloride (50:50),default,3,2,2,0.6666666666666666,0.6666666666666666,0
1351805,2-(Phenylmethylene)octanal; Bexarotene (50:50),default,3,2,2,0.6666666666666666,0.6666666666666666,0
1351806,Citric acid; Bexarotene (50:50),default,3,2,2,0.6666666666666666,0.6666666666666666,0
1351807,Butylated hydroxytoluene; Bexarotene (50:50),default,3,2,2,0.6666666666666666,0.6666666666666666,0
24457,9-Aminoacridine hydrochloride monohydrate,estimated,14,10,7,0.7142857142857143,0.5,3
47853,Vinrosidine sulfate (1:x),estimated,14,7,6,0.5,0.42857142857142855,1
23714,Trimetrexate,default,4,3,3,0.75,0.75,0
46776,Ataluren,estimated,14,7,4,0.5,0.2857142857142857,3
885616,"1,2,3-Benzothiadiazole-7-carboxylic acid",default,2,2,2,1.0,1.0,0
1365068,Bone morphogenetic protein 2 (human),default,2,1,1,0.5,0.5,0
1365071,Bone morphogenetic protein 7 (human),default,2,1,1,0.5,0.5,0
47889,1-Ethyl-3-methyl-1H-imidazol-3-ium diethyl phosphate,estimated,15,12,7,0.8,0.4666666666666667,5
24887,4H-Cyclopenta(def)phenanthrene,estimated,15,4,1,0.26666666666666666,0.06666666666666667,3
45838,Oxidopamine hydrochloride,default,15,6,6,0.4,0.4,0
27279,Manganese(II) acetate,default,17,5,5,0.29411764705882354,0.29411764705882354,0
23908,"Benzo[g,h,i]perylene",default,15,4,4,0.26666666666666666,0.26666666666666666,0
24602,Berberine chloride,estimated,15,10,8,0.6666666666666666,0.5333333333333333,2
22432,Chrysene,default,16,5,5,0.3125,0.3125,0
880073,Firemaster 550,default,2,2,2,1.0,1.0,0
25465,Isodecyl diphenyl phosphate,estimated,27,19,12,0.7037037037037037,0.4444444444444444,7
21122,Phenobarbital,default,15,1,1,0.06666666666666667,0.06666666666666667,0
41150,Valinomycin,default,2,2,2,1.0,1.0,0
1020545,Glufosinate-P ammonium,default,3,1,1,0.3333333333333333,0.3333333333333333,0
40183,Cadmium(II) chloride hydrate (2:5),default,2,2,2,1.0,1.0,0
880060,Chlordiazepoxide hydrochloride,default,2,2,2,1.0,1.0,0
1027734,Esketamine hydrochloride,default,2,2,2,1.0,1.0,0
57865,Dextroamphetamine sulfate,default,2,1,1,0.5,0.5,0
20406,Diazepam,estimated,15,6,3,0.4,0.2,3
880006,"4-(4-Chlorophenyl)-4-hydroxy-N,N-dimethyl-alpha,alpha-diphenylpiperidine-1-butyramide monohydrochloride",default,3,3,3,1.0,1.0,0
32240,Trimethyltin hydroxide,default,2,2,2,1.0,1.0,0
20166,Bis(tributyltin)oxide,estimated,15,12,6,0.8,0.4,6
25509,Lithium chloride,default,1,1,1,1.0,1.0,0
24243,Paraquat dichloride,default,2,2,2,1.0,1.0,0
20104,Sodium arsenite,default,2,2,2,1.0,1.0,0
20630,Sodium fluoride,default,2,1,0,0.5,0.0,1
157932,Bisindolylmaleimide I,default,2,2,2,1.0,1.0,0
37269,Sodium orthovanadate,default,2,2,2,1.0,1.0,0
863216,3-Nitro-L-tyrosine,default,1,1,1,1.0,1.0,0
32642,Rimsulfuron,default,27,8,8,0.2962962962962963,0.2962962962962963,0
23864,Metsulfuron-methyl,default,28,6,6,0.21428571428571427,0.21428571428571427,0
24101,Tribenuron-methyl,default,28,10,10,0.35714285714285715,0.35714285714285715,0
32463,Primisulfuron-methyl,default,20,6,6,0.3,0.3,0
34753,Foramsulfuron,default,19,2,2,0.10526315789473684,0.10526315789473684,0
23980,Chlorsulfuron,default,28,7,7,0.25,0.25,0
24345,Triasulfuron,default,27,7,7,0.25925925925925924,0.25925925925925924,0
34496,Prohexadione-calcium,default,18,3,3,0.16666666666666666,0.16666666666666666,0
44337,Diquat-d4 dibromide,estimated,21,11,5,0.5238095238095238,0.23809523809523808,6
34573,Ethametsulfuron-methyl,default,18,7,7,0.3888888888888889,0.3888888888888889,0
34737,Metiram,estimated,22,19,6,0.8636363636363636,0.2727272727272727,13
34650,Halosulfuron-methyl,default,19,5,5,0.2631578947368421,0.2631578947368421,0
32502,Triflusulfuron-methyl,default,18,6,6,0.3333333333333333,0.3333333333333333,0
34364,Oxasulfuron,default,20,7,7,0.35,0.35,0
34712,Mesosulfuron-methyl,default,19,2,2,0.10526315789473684,0.10526315789473684,0
47245,Corexit 9500,default,3,2,2,0.6666666666666666,0.6666666666666666,0
872706,EPAMED_Water_Set3-1,default,4,1,1,0.25,0.25,0
872715,EPAMED_Water_Set3-10,default,4,2,2,0.5,0.5,0
872716,EPAMED_Water_Set3-11,default,4,1,1,0.25,0.25,0
872717,EPAMED_Water_Set3-12,default,4,1,1,0.25,0.25,0
872718,EPAMED_Water_Set3-13,default,4,1,1,0.25,0.25,0
872720,EPAMED_Water_Set3-15,default,4,1,1,0.25,0.25,0
872721,EPAMED_Water_Set3-16,default,4,1,1,0.25,0.25,0
872722,EPAMED_Water_Set3-17,default,4,1,1,0.25,0.25,0
872723,EPAMED_Water_Set3-18,default,4,2,2,0.5,0.5,0
872724,EPAMED_Water_Set3-19,default,4,1,1,0.25,0.25,0
872707,EPAMED_Water_Set3-2,default,4,2,2,0.5,0.5,0
872725,EPAMED_Water_Set3-20,default,4,2,2,0.5,0.5,0
872726,EPAMED_Water_Set3-21,default,4,2,2,0.5,0.5,0
872727,EPAMED_Water_Set3-22,default,4,1,1,0.25,0.25,0
872728,EPAMED_Water_Set3-23,default,4,2,2,0.5,0.5,0
872729,EPAMED_Water_Set3-24,default,4,1,1,0.25,0.25,0
872730,EPAMED_Water_Set3-25,default,4,2,2,0.5,0.5,0
872731,EPAMED_Water_Set3-26,default,4,2,2,0.5,0.5,0
872732,EPAMED_Water_Set3-27,default,4,2,2,0.5,0.5,0
872733,EPAMED_Water_Set3-28,default,4,1,1,0.25,0.25,0
872734,EPAMED_Water_Set3-29,default,4,2,2,0.5,0.5,0
872708,EPAMED_Water_Set3-3,default,4,2,2,0.5,0.5,0
872736,EPAMED_Water_Set3-31,default,4,1,1,0.25,0.25,0
872737,EPAMED_Water_Set3-32,default,4,1,1,0.25,0.25,0
872738,EPAMED_Water_Set3-33,default,4,1,1,0.25,0.25,0
872740,EPAMED_Water_Set3-35,default,4,1,1,0.25,0.25,0
872741,EPAMED_Water_Set3-36,default,4,1,1,0.25,0.25,0
872742,EPAMED_Water_Set3-37,default,4,1,1,0.25,0.25,0
872743,EPAMED_Water_Set3-38,default,4,1,1,0.25,0.25,0
872744,EPAMED_Water_Set3-39,default,4,1,1,0.25,0.25,0
872746,EPAMED_Water_Set3-41,default,4,2,2,0.5,0.5,0
872747,EPAMED_Water_Set3-42,default,4,2,2,0.5,0.5,0
872748,EPAMED_Water_Set3-43,default,4,2,2,0.5,0.5,0
872749,EPAMED_Water_Set3-44,default,4,2,2,0.5,0.5,0
872750,EPAMED_Water_Set3-45,default,4,2,2,0.5,0.5,0
872751,EPAMED_Water_Set3-46,default,4,2,2,0.5,0.5,0
872752,EPAMED_Water_Set3-47,default,4,2,2,0.5,0.5,0
872754,EPAMED_Water_Set3-49,default,4,1,1,0.25,0.25,0
872710,EPAMED_Water_Set3-5,default,4,2,2,0.5,0.5,0
872755,EPAMED_Water_Set3-50,default,4,1,1,0.25,0.25,0
872756,EPAMED_Water_Set3-51,default,4,1,1,0.25,0.25,0
872757,EPAMED_Water_Set3-52,default,4,1,1,0.25,0.25,0
872711,EPAMED_Water_Set3-6,default,4,1,1,0.25,0.25,0
872713,EPAMED_Water_Set3-8,default,4,1,1,0.25,0.25,0
872714,EPAMED_Water_Set3-9,default,4,1,1,0.25,0.25,0
903825,EPAMED_Water_Set4-1,default,3,1,1,0.3333333333333333,0.3333333333333333,0
903834,EPAMED_Water_Set4-10,default,3,2,2,0.6666666666666666,0.6666666666666666,0
903835,EPAMED_Water_Set4-11,default,3,2,2,0.6666666666666666,0.6666666666666666,0
903836,EPAMED_Water_Set4-12,default,3,2,2,0.6666666666666666,0.6666666666666666,0
903837,EPAMED_Water_Set4-13,default,3,2,2,0.6666666666666666,0.6666666666666666,0
903838,EPAMED_Water_Set4-14,default,3,2,2,0.6666666666666666,0.6666666666666666,0
903839,EPAMED_Water_Set4-15,default,3,2,2,0.6666666666666666,0.6666666666666666,0
903840,EPAMED_Water_Set4-16,default,3,2,2,0.6666666666666666,0.6666666666666666,0
903841,EPAMED_Water_Set4-17,default,3,2,2,0.6666666666666666,0.6666666666666666,0
903842,EPAMED_Water_Set4-18,default,3,1,1,0.3333333333333333,0.3333333333333333,0
903843,EPAMED_Water_Set4-19,default,3,2,2,0.6666666666666666,0.6666666666666666,0
903826,EPAMED_Water_Set4-2,default,3,1,1,0.3333333333333333,0.3333333333333333,0
903844,EPAMED_Water_Set4-20,default,3,2,2,0.6666666666666666,0.6666666666666666,0
903845,EPAMED_Water_Set4-21,default,3,2,2,0.6666666666666666,0.6666666666666666,0
903846,EPAMED_Water_Set4-22,default,3,2,2,0.6666666666666666,0.6666666666666666,0
903847,EPAMED_Water_Set4-23,default,3,1,1,0.3333333333333333,0.3333333333333333,0
903849,EPAMED_Water_Set4-25,default,3,1,1,0.3333333333333333,0.3333333333333333,0
903850,EPAMED_Water_Set4-26,default,3,1,1,0.3333333333333333,0.3333333333333333,0
903851,EPAMED_Water_Set4-27,default,3,1,1,0.3333333333333333,0.3333333333333333,0
903827,EPAMED_Water_Set4-3,default,3,1,1,0.3333333333333333,0.3333333333333333,0
903854,EPAMED_Water_Set4-30,default,3,1,1,0.3333333333333333,0.3333333333333333,0
903832,EPAMED_Water_Set4-8,default,3,2,2,0.6666666666666666,0.6666666666666666,0
903833,EPAMED_Water_Set4-9,default,3,2,2,0.6666666666666666,0.6666666666666666,0
903830,EPAMED_Water_Set4-6,default,3,2,2,0.6666666666666666,0.6666666666666666,0
903828,EPAMED_Water_Set4-4,default,3,1,1,0.3333333333333333,0.3333333333333333,0
903829,EPAMED_Water_Set4-5,default,3,1,1,0.3333333333333333,0.3333333333333333,0
903831,EPAMED_Water_Set4-7,default,3,2,2,0.6666666666666666,0.6666666666666666,0
26712,"1,4-Cyclohexanedimethanol",default,15,1,1,0.06666666666666667,0.06666666666666667,0
72990,4-Methoxymethylcyclohexanemethanol,default,4,1,1,0.25,0.25,0
195822,4-Methylcyclohexanecarboxylic acid,default,4,1,1,0.25,0.25,0
41813,4-Methylcyclohexanemethanol,default,15,1,1,0.06666666666666667,0.06666666666666667,0
274132,DOWANOL DiPPH Glycol Ether,default,4,1,1,0.25,0.25,0
20971,2-Nitrofluorene,default,15,8,8,0.5333333333333333,0.5333333333333333,0
22531,Chalcone,default,2,2,2,1.0,1.0,0
862527,"1,3-Diphenylpropane",default,2,1,1,0.5,0.5,0
60109,"Benzene, 1,1'-(1,2-ethynediyl)bis-",default,2,1,1,0.5,0.5,0
27886,"2-(2-Hydroxy-3,5-di-tert-pentylphenyl)benzotriazole",estimated,15,2,0,0.13333333333333333,0.0,2
22384,(Z)-4-Hydroxytamoxifen,estimated,15,13,7,0.8666666666666667,0.4666666666666667,6
36438,Bumetrizole,default,24,4,4,0.16666666666666666,0.16666666666666666,0
67428,"Phenol, 2-(phenylmethyl)-",default,2,2,2,1.0,1.0,0
22399,Coumestrol,estimated,15,8,3,0.5333333333333333,0.2,5
47892,"2,2-Diphenylpropane",estimated,15,4,0,0.26666666666666666,0.0,4
41668,Bibenzyl,estimated,25,14,3,0.56,0.12,11
31626,Methyl trans-styryl ketone,default,24,9,9,0.375,0.375,0
891560,trans-alpha-Methylstilbene,default,2,1,1,0.5,0.5,0
858693,Polyoxyethylene branched-C9-alkylphenol,default,2,1,1,0.5,0.5,0
26050,trans-Stilbene,default,15,5,5,0.3333333333333333,0.3333333333333333,0
891559,trans-Stilbene oxide,default,2,1,1,0.5,0.5,0
47468,2-tert-Butyl-6-methylphenol,estimated,16,4,1,0.25,0.0625,3
47286,Candoxatril,estimated,36,5,2,0.1388888888888889,0.05555555555555555,3
34868,Prosulfuron,default,19,10,10,0.5263157894736842,0.5263157894736842,0
40755,Fenoxaprop-(2S)-ethyl,estimated,19,11,9,0.5789473684210527,0.47368421052631576,2
24164,Bensulfuron-methyl,default,27,5,5,0.18518518518518517,0.18518518518518517,0
22001,Ethyl acetate,default,18,4,4,0.2222222222222222,0.2222222222222222,0
26122,"N,N,N',N'-Tetramethylethylenediamine",default,16,1,1,0.0625,0.0625,0
21881,Ethylenediamine,default,15,4,4,0.26666666666666666,0.26666666666666666,0
24366,Triethylamine,default,18,2,2,0.1111111111111111,0.1111111111111111,0
44812,3-Methoxybutan-1-ol,default,15,2,2,0.13333333333333333,0.13333333333333333,0
21604,Hexanal,estimated,16,3,1,0.1875,0.0625,2
21982,Butyl acetate,default,15,2,2,0.13333333333333333,0.13333333333333333,0
21889,4-Methyl-2-pentanone,default,16,1,1,0.0625,0.0625,0
20569,"1,2-Epoxybutane",default,16,3,3,0.1875,0.1875,0
40117,Ethyl formate,default,4,1,1,0.25,0.25,0
21635,2-Methylpropanal,default,16,3,3,0.1875,0.1875,0
42137,Methfuroxam,estimated,14,7,1,0.5,0.07142857142857142,6
44862,Undecanedioic acid,default,15,3,3,0.2,0.2,0
42248,"4,4'-Methylenebis(N,N-diglycidylaniline)",estimated,15,8,6,0.5333333333333333,0.4,2
24911,"(E,E)-2,4-Decadienal",estimated,25,20,10,0.8,0.4,10
47512,Indium(III) chloride hydrate,default,14,5,5,0.35714285714285715,0.35714285714285715,0
21127,Phenoxybenzamine hydrochloride,estimated,14,11,5,0.7857142857142857,0.35714285714285715,6
27206,3-Methyl-2-buten-1-ol,default,17,1,1,0.058823529411764705,0.058823529411764705,0
44161,Antimony trichloride,estimated,15,6,3,0.4,0.2,3
44402,tert-Butyl 3-oxobutanoate,default,14,1,1,0.07142857142857142,0.07142857142857142,0
41461,"3,3,4,4-Tetrachlorotetrahydrothiophene 1,1-dioxide",estimated,25,21,15,0.84,0.6,6
41242,"2,2,4-Trimethylpentane-1,3-diyl dibenzoate",default,15,7,7,0.4666666666666667,0.4666666666666667,0
47242,"2,4-Diaminoanisole sulfate hydrate (1:1:x)",estimated,14,8,5,0.5714285714285714,0.35714285714285715,3
44615,Ethylene acrylate,estimated,15,7,4,0.4666666666666667,0.26666666666666666,3
22127,4-Phenoxyphenol,estimated,15,7,1,0.4666666666666667,0.06666666666666667,6
38801,N-Benzyl-9-(tetrahydro-2H-pyran-2-yl)adenine,estimated,15,5,2,0.3333333333333333,0.13333333333333333,3
41600,Amiprofos-methyl,default,14,7,7,0.5,0.5,0
27308,2-Ethylhexanoyl chloride,default,15,1,1,0.06666666666666667,0.06666666666666667,0
29265,"4'-Chloro-2',5'-dimethoxyacetoacetanilide",estimated,15,7,2,0.4666666666666667,0.13333333333333333,5
41524,4-Nitropyridine-1-oxide,estimated,14,7,2,0.5,0.14285714285714285,5
47446,Fipexide hydrochloride,estimated,15,8,4,0.5333333333333333,0.26666666666666666,4
44642,Disperse Red 82,estimated,14,9,2,0.6428571428571429,0.14285714285714285,7
47102,Dehydroabietylamine acetate,estimated,15,11,4,0.7333333333333333,0.26666666666666666,7
46992,Nicardipine hydrochloride,estimated,15,13,5,0.8666666666666667,0.3333333333333333,8
44200,"3,3'-Thiodipropionic acid",default,15,1,1,0.06666666666666667,0.06666666666666667,0
29282,"4,4'-(4-Methylpentane-2,2-diyl)diphenol",estimated,15,12,5,0.8,0.3333333333333333,7
41681,Bromofenoxim,estimated,14,9,6,0.6428571428571429,0.42857142857142855,3
35784,(7S)-Hydroprene,estimated,25,19,6,0.76,0.24,13
20958,"4-Nitro-1,2-phenylenediamine",estimated,15,8,5,0.5333333333333333,0.3333333333333333,3
40283,Chlorfenethol,estimated,14,11,4,0.7857142857142857,0.2857142857142857,7
47183,Triethanolamine Laurate,estimated,14,6,0,0.42857142857142855,0.0,6
44504,Cadmium dinitrate,estimated,15,9,7,0.6,0.4666666666666667,2
44639,"2,4-Dichloro-1,3-dinitro-5-(trifluoromethyl)benzene",estimated,15,11,6,0.7333333333333333,0.4,5
47418,Acetaldehyde ethyl cis-3-hexenyl acetal,default,15,4,4,0.26666666666666666,0.26666666666666666,0
47187,Citronellyl propionate,default,15,5,5,0.3333333333333333,0.3333333333333333,0
31461,1-Butyl-3-methylimidazolium chloride,default,15,2,2,0.13333333333333333,0.13333333333333333,0
41527,"2,2,6,6-Tetramethyl-4-piperidone",default,16,1,1,0.0625,0.0625,0
47112,Didodecyldimethylammonium bromide,estimated,15,11,3,0.7333333333333333,0.2,8
41367,"2,4-Dinitrophenyl thiocyanate",estimated,15,12,2,0.8,0.13333333333333333,10
42129,Phenylmercuric chloride,estimated,14,12,5,0.8571428571428571,0.35714285714285715,7
47498,Triphenyllead acetate,estimated,14,13,7,0.9285714285714286,0.5,6
44646,"5,5-Dimethyl-2-phenoxy-1,3,2-dioxaphosphinane",default,15,2,2,0.13333333333333333,0.13333333333333333,0
41206,alpha-Terthiophene,estimated,15,8,3,0.5333333333333333,0.2,5
41851,Dichlofluanid,estimated,14,11,7,0.7857142857142857,0.5,4
41268,Fenchlorazole-ethyl,estimated,15,9,3,0.6,0.2,6
29136,3-((Ethylphenylamino)methyl)benzenesulfonic acid,default,14,2,2,0.14285714285714285,0.14285714285714285,0
26520,7-Amino-4-hydroxynaphthalene-2-sulfonic acid,estimated,15,7,5,0.4666666666666667,0.3333333333333333,2
41405,2-Chloro-4-nitrobenzamide,default,15,1,1,0.06666666666666667,0.06666666666666667,0
40278,Iodenphos,default,15,8,8,0.5333333333333333,0.5333333333333333,0
47709,Cananga oil,estimated,15,8,3,0.5333333333333333,0.2,5
21373,Triamterene,estimated,15,8,5,0.5333333333333333,0.3333333333333333,3
40728,"Phosphoric acid, dibutyl ester",default,15,4,4,0.26666666666666666,0.26666666666666666,0
25861,Phenethyl anthranilate,estimated,15,9,3,0.6,0.2,6
41883,Dinoterb,estimated,14,9,5,0.6428571428571429,0.35714285714285715,4
47681,"3,4-Hexanedione",default,14,3,3,0.21428571428571427,0.21428571428571427,0
41622,Benfuracarb,estimated,25,18,11,0.72,0.44,7
44950,Exifone,estimated,15,9,3,0.6,0.2,6
21835,4-Dimethylaminobenzaldehyde,default,15,3,3,0.2,0.2,0
47629,2-Methylundecanal,estimated,15,5,0,0.3333333333333333,0.0,5
47530,Hydroxyzine hydrochloride,estimated,14,9,4,0.6428571428571429,0.2857142857142857,5
42089,Lauryl thiocyanate,default,14,3,3,0.21428571428571427,0.21428571428571427,0
37522,Dialifor,estimated,14,8,6,0.5714285714285714,0.42857142857142855,2
40787,Benzalkonium chloride C12 (BAC C12),estimated,15,12,5,0.8,0.3333333333333333,7
44607,sec-Butylparaben,estimated,15,8,3,0.5333333333333333,0.2,5
41359,"2,4-Dichloro-3,5-dimethylphenol",estimated,15,6,3,0.4,0.2,3
20704,2-Hydrazino-4-(4-aminophenyl) thiazole,estimated,15,8,5,0.5333333333333333,0.3333333333333333,3
23817,Dicyclohexylcarbodiimide,estimated,24,19,11,0.7916666666666666,0.4583333333333333,8
40265,Dinitramine,estimated,14,10,4,0.7142857142857143,0.2857142857142857,6
25737,3-Nitrobenzoic acid,default,15,1,1,0.06666666666666667,0.06666666666666667,0
47462,3-Carene,default,15,5,5,0.3333333333333333,0.3333333333333333,0
44528,Oxyphenisatin,estimated,15,7,6,0.4666666666666667,0.4,1
24824,"Chlorinated paraffins (C12, 60% chlorine)",estimated,15,9,3,0.6,0.2,6
21247,C.I. Basic Red 9 monohydrochloride,estimated,15,11,6,0.7333333333333333,0.4,5
44514,Hexylparaben,estimated,15,12,4,0.8,0.26666666666666666,8
44549,Potassium dicyanoaurate,estimated,14,9,5,0.6428571428571429,0.35714285714285715,4
47163,"6-Acetyl-1,2,3,4-tetrahydronaphthalene",default,15,3,3,0.2,0.2,0
27781,C.I. Fluorescent Brightener 220,default,15,4,4,0.26666666666666666,0.26666666666666666,0
44613,"1,1'-Diazene-1,2-diyldicyclohexanecarbonitrile",default,14,3,3,0.21428571428571427,0.21428571428571427,0
23775,Diphenylhydantoin sodium,default,14,3,3,0.21428571428571427,0.21428571428571427,0
42462,Tetraiodoethene,estimated,14,9,6,0.6428571428571429,0.42857142857142855,3
21339,Thiotepa,estimated,25,10,5,0.4,0.2,5
27773,Trimethylolpropane triacrylate,estimated,24,19,13,0.7916666666666666,0.5416666666666666,6
20310,Chlorfenson,default,15,8,8,0.5333333333333333,0.5333333333333333,0
23685,Tolcapone,estimated,15,9,7,0.6,0.4666666666666667,2
41995,Fuberidazole,estimated,14,6,4,0.42857142857142855,0.2857142857142857,2
41665,Benzalkonium chloride C16 (BAC C16),estimated,27,23,15,0.8518518518518519,0.5555555555555556,8
23371,Nisoldipine,estimated,15,8,4,0.5333333333333333,0.26666666666666666,4
31458,Indole-3-carbinol,estimated,26,18,8,0.6923076923076923,0.3076923076923077,10
20063,2-Amino-5-nitrophenol,estimated,25,11,7,0.44,0.28,4
21626,4-Isopropylbenzyl alcohol,default,23,6,6,0.2608695652173913,0.2608695652173913,0
29868,Atorvastatin,estimated,15,7,2,0.4666666666666667,0.13333333333333333,5
47132,3-(Methylthio)propyl isothiocyanate,estimated,14,7,3,0.5,0.21428571428571427,4
42264,Pentaerythritol tetraacrylate,estimated,15,8,5,0.5333333333333333,0.3333333333333333,3
41977,Flamprop-isopropyl,estimated,14,7,3,0.5,0.21428571428571427,4
21344,"4,4'-Thiodianiline",default,15,6,6,0.4,0.4,0
47160,Linalyl isovalerate,default,15,4,4,0.26666666666666666,0.26666666666666666,0
40269,Binapacryl,estimated,23,19,12,0.8260869565217391,0.5217391304347826,7
20957,"2-Nitro-1,4-phenylenediamine",estimated,25,13,12,0.52,0.48,1
42261,Pencycuron,estimated,14,10,4,0.7142857142857143,0.2857142857142857,6
28300,"1-(4-Chlorophenyl)-4,4-dimethyl-pentan-3-one",default,15,2,2,0.13333333333333333,0.13333333333333333,0
25730,9-Nitroanthracene,default,15,7,7,0.4666666666666667,0.4666666666666667,0
47109,Hydrotropic aldehyde dimethyl acetal,default,15,2,2,0.13333333333333333,0.13333333333333333,0
44872,Bis[4-(glycidyloxy)phenyl]methane,estimated,15,6,4,0.4,0.26666666666666666,2
47447,"Hydrazinecarboxylic acid, phenylmethyl ester",default,15,2,2,0.13333333333333333,0.13333333333333333,0
34250,Chlorfenvinphos,estimated,25,19,11,0.76,0.44,8
44395,1-Bromododecane,estimated,15,5,0,0.3333333333333333,0.0,5
42256,Parinol,estimated,15,10,4,0.6666666666666666,0.26666666666666666,6
42140,Methiuron,default,14,5,5,0.35714285714285715,0.35714285714285715,0
25164,"1,3-Dinitronaphthalene",default,15,7,7,0.4666666666666667,0.4666666666666667,0
20963,4-Nitroanthranilic acid,default,15,5,5,0.3333333333333333,0.3333333333333333,0
37728,"2,3,4-Trihydroxbenzophenone",estimated,16,8,3,0.5,0.1875,5
37715,"2,2-Dimethoxy-1,2-diphenylethanone",default,25,11,11,0.44,0.44,0
42441,Terbucarb,default,14,3,3,0.21428571428571427,0.21428571428571427,0
44481,"1,1'-Disulfanediyldiazepan-2-one",estimated,15,6,2,0.4,0.13333333333333333,4
42180,"N-(3,4-Dichlorophenyl)-N'-methylurea",default,14,7,7,0.5,0.5,0
23035,Etoposide,estimated,15,7,4,0.4666666666666667,0.26666666666666666,3
21316,Tetradifon,estimated,24,17,11,0.7083333333333334,0.4583333333333333,6
25221,tert-Dodecanethiol,default,15,2,2,0.13333333333333333,0.13333333333333333,0
26739,Diethlylene glycol bis chloroformate,default,16,5,5,0.3125,0.3125,0
27870,"3-(Dodecenyl)dihydro-2,5-furandione",estimated,24,8,3,0.3333333333333333,0.125,5
21372,"3,4,4'-Triaminodiphenyl ether",estimated,15,10,6,0.6666666666666666,0.4,4
27323,4-Nitro-N-phenylaniline,estimated,25,15,9,0.6,0.36,6
41778,Chloropropylate,estimated,14,11,4,0.7857142857142857,0.2857142857142857,7
47683,"2,5-Dimethyl-1,4-dithiane-2,5-diol",default,14,8,8,0.5714285714285714,0.5714285714285714,0
28015,Tripropylene glycol diacrylate,estimated,23,16,12,0.6956521739130435,0.5217391304347826,4
24638,2-Bromobiphenyl,default,14,4,4,0.2857142857142857,0.2857142857142857,0
47679,2-Pentylfuran,default,15,7,7,0.4666666666666667,0.4666666666666667,0
21314,"2,2',5,5'-Tetrachlorobenzidine",estimated,15,12,6,0.8,0.4,6
23224,Loratadine,estimated,15,9,6,0.6,0.4,3
25812,Olivetol,estimated,15,10,3,0.6666666666666666,0.2,7
42500,Triphenyltin fluoride,estimated,15,11,6,0.7333333333333333,0.4,5
37553,Fluorodifen,estimated,14,8,1,0.5714285714285714,0.07142857142857142,7
41683,Bromofos,default,14,7,7,0.5,0.5,0
32589,Bromadiolone,estimated,26,20,11,0.7692307692307693,0.4230769230769231,9
22217,"2,4,5-Trimethoxybenzaldehyde",default,15,3,3,0.2,0.2,0
20066,"2-Amino-5-nitro-1,3-thiazole",estimated,25,10,3,0.4,0.12,7
21577,"1,3-Dichloropropanone",estimated,15,8,4,0.5333333333333333,0.26666666666666666,4
40738,Imipramine hydrochloride,estimated,14,9,5,0.6428571428571429,0.35714285714285715,4
27185,Hexamethylcyclotrisiloxane,default,15,1,1,0.06666666666666667,0.06666666666666667,0
47146,Diethylstilbestrol dipropionate,estimated,15,8,6,0.5333333333333333,0.4,2
42499,Triphenylbismuthine dichloride,estimated,15,11,8,0.7333333333333333,0.5333333333333333,3
44915,"3-Methyl-3,4-dihydro-2H-1,4-benzoxazine",default,14,3,3,0.21428571428571427,0.21428571428571427,0
41759,Quaternium 17,estimated,27,22,15,0.8148148148148148,0.5555555555555556,7
44844,3-(Octyloxy)propan-1-amine,estimated,14,6,3,0.42857142857142855,0.21428571428571427,3
32751,"1,3-Diiminobenz(f)isoindoline",estimated,14,11,5,0.7857142857142857,0.35714285714285715,6
20451,"N,N'-Dicyclohexylthiourea",estimated,25,15,4,0.6,0.16,11
35783,S-Methoprene,estimated,25,18,3,0.72,0.12,15
44381,Bismaleimide,estimated,26,21,11,0.8076923076923077,0.4230769230769231,10
42123,Mercury(II) acetate,estimated,14,12,5,0.8571428571428571,0.35714285714285715,7
44205,Rabeprazole sodium,estimated,15,7,5,0.4666666666666667,0.3333333333333333,2
44895,tert-Butyl 4-hydroxybenzoate,default,15,6,6,0.4,0.4,0
44841,Bisphenol A glycidyl methacrylate,estimated,15,8,3,0.5333333333333333,0.2,5
40320,Bifenox,estimated,15,10,2,0.6666666666666666,0.13333333333333333,8
44982,2-Amino-N-cyclohexyl-N-methylbenzenesulfonamide,estimated,14,4,0,0.2857142857142857,0.0,4
20064,4-Amino-2-nitrophenol,estimated,15,8,1,0.5333333333333333,0.06666666666666667,7
26098,"2,3,5,6-Tetrachloronitrobenzene",default,15,5,5,0.3333333333333333,0.3333333333333333,0
21559,"2,6-Di-tert-butyl-4-nitrophenol",estimated,24,18,10,0.75,0.4166666666666667,8
47649,4-Methoxybenzyl formate,default,14,1,1,0.07142857142857142,0.07142857142857142,0
25401,"1,6-Hexanediol diacrylate",estimated,25,17,12,0.68,0.48,5
44309,"1,10-Phenanthroline hydrochloride hydrate",estimated,15,9,5,0.6,0.3333333333333333,4
44585,Dantrolene sodium,estimated,14,7,3,0.5,0.21428571428571427,4
21148,Phenylhydrazine hydrochloride,default,14,7,7,0.5,0.5,0
37498,Azinphos-ethyl,estimated,27,16,8,0.5925925925925926,0.2962962962962963,8
44936,"(2,4,6-Trioxo-1,3,5-triazinane-1,3,5-triyl)triethane-2,1-diyl trisprop-2-enoate",estimated,15,9,5,0.6,0.3333333333333333,4
40270,Dithianon,estimated,14,12,5,0.8571428571428571,0.35714285714285715,7
45072,"2,4,5-Trichlorobenzenesulfonic acid",estimated,14,3,1,0.21428571428571427,0.07142857142857142,2
42084,"N-(1,1-Dimethylethyl)-, 3-[[(dimethylamino)carbonyl]amino]phenyl ester",default,14,5,5,0.35714285714285715,0.35714285714285715,0
44623,4-Hydroxybutyl prop-2-enoate,estimated,14,6,4,0.42857142857142855,0.2857142857142857,2
47545,3-Thiatetradecanoic acid,estimated,15,7,1,0.4666666666666667,0.06666666666666667,6
42509,"2-Isovaleryl-1,3-indanedione",estimated,14,8,1,0.5714285714285714,0.07142857142857142,7
42090,Lauryldiethanolamine,estimated,14,10,5,0.7142857142857143,0.35714285714285715,5
24585,Benzo(f)quinoline,estimated,25,13,6,0.52,0.24,7
40268,Dinobuton,estimated,24,19,15,0.7916666666666666,0.625,4
46989,D-Tryptophan,default,14,2,2,0.14285714285714285,0.14285714285714285,0
27771,"N-(1-Methylheptyl)-N'-phenyl-1,4-benzenediamine",estimated,15,9,3,0.6,0.2,6
44786,2-Benzyl-2-(dimethylamino)-1-[4-(morpholin-4-yl)phenyl]butan-1-one,estimated,15,7,5,0.4666666666666667,0.3333333333333333,2
20296,4-Chloroaniline hydrochloride,default,14,5,5,0.35714285714285715,0.35714285714285715,0
40990,Carbonyl cyanide chlorophenylhydrazone,estimated,14,11,8,0.7857142857142857,0.5714285714285714,3
21867,4-Bromoaniline,estimated,15,5,2,0.3333333333333333,0.13333333333333333,3
44322,Dodecylamine hydrochloride,estimated,14,11,3,0.7857142857142857,0.21428571428571427,8
46979,"1-(2,6-Dichlorophenyl)-2-indolinone",estimated,15,7,2,0.4666666666666667,0.13333333333333333,5
47476,2-Thienyl disulfide,estimated,14,9,7,0.6428571428571429,0.5,2
41761,Cetylpyridinium chloride,estimated,14,12,6,0.8571428571428571,0.42857142857142855,6
27795,"3,4,5,6-Tetrachloropyridine-2-carbonitrile",estimated,15,8,6,0.5333333333333333,0.4,2
47035,(2E)-2-Decenal,default,14,4,4,0.2857142857142857,0.2857142857142857,0
44993,"4,4'-Propane-2,2-diyldicyclohexanol",default,15,2,2,0.13333333333333333,0.13333333333333333,0
44545,Minocycline hydrochloride,estimated,16,8,6,0.5,0.375,2
25035,7-Diethylamino-4-methylcoumarin,estimated,25,15,8,0.6,0.32,7
24291,Quinalphos,estimated,14,6,4,0.42857142857142855,0.2857142857142857,2
24532,4-Methoxybenzenamine,default,17,6,6,0.35294117647058826,0.35294117647058826,0
42260,Penconazole,estimated,14,7,4,0.5,0.2857142857142857,3
44962,"3,3'-Sulphonyldianiline",default,15,3,3,0.2,0.2,0
26725,12-Hydroxyoctadecanoic acid,estimated,15,5,2,0.3333333333333333,0.13333333333333333,3
41887,Dipentaerythritol pentaacrylate,estimated,15,9,5,0.6,0.3333333333333333,4
44851,2-Hydroxy-3-phenoxypropyl prop-2-enoate,estimated,15,8,3,0.5333333333333333,0.2,5
44966,"N-(4-Methylpentan-2-yl)-N-phenylbenzene-1,4-diamine",estimated,15,10,4,0.6666666666666666,0.26666666666666666,6
42124,Mercuric iodide,estimated,14,12,8,0.8571428571428571,0.5714285714285714,4
25842,Pentaerythritol triacrylate,estimated,24,19,15,0.7916666666666666,0.625,4
47191,Linalyl benzoate,estimated,15,7,4,0.4666666666666667,0.26666666666666666,3
44544,3-Hydroxy-N-(3-nitrophenyl)naphthalene-2-carboxamide,estimated,15,10,6,0.6666666666666666,0.4,4
38922,Tetrabromobisphenol A bis(2-hydroxyethyl) ether,estimated,24,21,16,0.875,0.6666666666666666,5
35481,4-[4-(Acetyloxy)phenyl]-2-butanone,default,14,1,1,0.07142857142857142,0.07142857142857142,0
44893,2-Hexyldecanoic acid,estimated,14,7,2,0.5,0.14285714285714285,5
42459,Tetradecylpyridinium bromide,estimated,15,12,7,0.8,0.4666666666666667,5
20057,1-Amino-2-methylanthraquinone,estimated,25,18,14,0.72,0.56,4
44367,Tetradonium bromide,estimated,26,22,14,0.8461538461538461,0.5384615384615384,8
47144,Chlorhexidine dihydrochloride,estimated,25,22,16,0.88,0.64,6
41910,Edifenphos,default,14,7,7,0.5,0.5,0
41966,Famphur,default,25,13,13,0.52,0.52,0
44913,N-[3-(Dimethylamino)propyl]dodecanamide,estimated,15,12,5,0.8,0.3333333333333333,7
24458,2-Aminoanthracene,default,15,9,9,0.6,0.6,0
20706,2-Hydrazino-4-(4-nitrophenyl)thiazole,estimated,15,11,6,0.7333333333333333,0.4,5
20960,5-Nitroacenaphthene,default,25,15,15,0.6,0.6,0
44817,Isobornyl cyclohexanol,estimated,15,10,2,0.6666666666666666,0.13333333333333333,8
33566,Indium trichloride,default,15,3,3,0.2,0.2,0
42478,Tolylfluanid,estimated,15,11,6,0.7333333333333333,0.4,5
37571,Methylparaoxon,estimated,14,7,5,0.5,0.35714285714285715,2
44379,Gold trichloride,estimated,15,9,5,0.6,0.3333333333333333,4
44992,"2,5-Bis(2-methylbutan-2-yl)benzene-1,4-diol",estimated,15,10,5,0.6666666666666666,0.3333333333333333,5
47569,2-Hydroxyfluorene,estimated,14,8,3,0.5714285714285714,0.21428571428571427,5
44796,(Acryloyloxy)(tributyl)stannane,estimated,15,12,5,0.8,0.3333333333333333,7
37757,10-Undecen-1-al,default,25,5,5,0.2,0.2,0
47568,Metamitron,default,14,4,4,0.2857142857142857,0.2857142857142857,0
44971,"2,2',2''-[Methanetriyltris(benzene-4,1-diyloxymethanediyl)]trioxirane",estimated,15,8,4,0.5333333333333333,0.26666666666666666,4
41772,Chlorfluazuron,estimated,15,6,5,0.4,0.3333333333333333,1
23200,Lansoprazole,estimated,15,8,3,0.5333333333333333,0.2,5
35285,"9,12-Tetradecadien-1-ol, 1-acetate, (9E,12Z)-",estimated,25,17,5,0.68,0.2,12
26232,"2',4',5'-Trihydroxybutyrophenone",estimated,15,7,4,0.4666666666666667,0.26666666666666666,3
44668,"1,1,2-Trimethyl-1H-benzo[e]indole",estimated,15,8,3,0.5333333333333333,0.2,5
41619,Benalaxyl,estimated,14,8,3,0.5714285714285714,0.21428571428571427,5
41617,Barban,estimated,14,8,6,0.5714285714285714,0.42857142857142855,2
20223,beta-Butyrolactone,default,17,2,2,0.11764705882352941,0.11764705882352941,0
32421,Lithium perfluorooctanesulfonate,estimated,14,6,1,0.42857142857142855,0.07142857142857142,5
41502,"3-Methyl-4,6-di-tert-butylphenol",estimated,26,19,12,0.7307692307692307,0.46153846153846156,7
32622,Hymexazol,default,15,2,2,0.13333333333333333,0.13333333333333333,0
25930,Pindone,estimated,15,9,3,0.6,0.2,6
25560,5-Methoxypsoralen,estimated,15,6,2,0.4,0.13333333333333333,4
41411,2-Chloro-N-(2-methyl-4-bromophenyl)acetamide,estimated,14,7,5,0.5,0.35714285714285715,2
24772,4-Chlorobenzoic acid,default,14,1,1,0.07142857142857142,0.07142857142857142,0
44366,Dodecyltrimethylammonium bromide,estimated,15,8,5,0.5333333333333333,0.3333333333333333,3
45076,Chlortetracycline hydrochloride,estimated,15,8,1,0.5333333333333333,0.06666666666666667,7
37739,4-Anilinophenol,estimated,26,18,10,0.6923076923076923,0.38461538461538464,8
44525,Phenylmercuric lactate,estimated,14,12,6,0.8571428571428571,0.42857142857142855,6
40287,Chloroxuron,estimated,25,14,6,0.56,0.24,8
38877,3-Hydroxy-2-naphthoic o-anisidide,estimated,15,10,6,0.6666666666666666,0.4,4
31531,Leucomalachite green,estimated,26,22,10,0.8461538461538461,0.38461538461538464,12
44375,Glycerol 1-allylether,default,17,5,5,0.29411764705882354,0.29411764705882354,0
24600,Benzyltrimethylammonium chloride,default,16,5,5,0.3125,0.3125,0
42337,Propyl propionate,default,16,2,2,0.125,0.125,0
41573,Triethyl phosphonoacetate,default,15,3,3,0.2,0.2,0
25571,"2-Methyl-1,3-benzenediol",default,24,9,9,0.375,0.375,0
21190,Procarbazine hydrochloride,default,17,6,6,0.35294117647058826,0.35294117647058826,0
40698,Triisobutyl phosphate,default,25,7,7,0.28,0.28,0
27558,p-Toluenesulphonyl isocyanate,default,16,2,2,0.125,0.125,0
21883,Propargyl alcohol,default,16,1,1,0.0625,0.0625,0
38800,Butyl 4-oxopentanoate,default,16,1,1,0.0625,0.0625,0
44353,"Benzeneacetic acid, ethyl ester",default,15,2,2,0.13333333333333333,0.13333333333333333,0
26914,1-Dodecene,default,16,1,1,0.0625,0.0625,0
27361,"3-Hydroxy-2,2-dimethylpropyl 3-hydroxy-2,2-dimethylpropanoate",default,17,3,3,0.17647058823529413,0.17647058823529413,0
21375,Tricaprylin,default,16,3,3,0.1875,0.1875,0
21543,1-Chlorooctane,default,16,6,6,0.375,0.375,0
25501,Limonene dimercaptan,estimated,24,16,8,0.6666666666666666,0.3333333333333333,8
22082,2-Hydroxyacetanilide,default,23,8,8,0.34782608695652173,0.34782608695652173,0
27086,Methyl 12-hydroxyoctadecanoate,default,23,7,7,0.30434782608695654,0.30434782608695654,0
27884,(2Z)-2-Pentenenitrile,default,17,2,2,0.11764705882352941,0.11764705882352941,0
24512,3-(Trifluoromethyl)aniline,default,15,2,2,0.13333333333333333,0.13333333333333333,0
44347,4'-Methoxyacetophenone,default,15,3,3,0.2,0.2,0
44332,Benzyltrimethylammonium hydroxide,default,16,3,3,0.1875,0.1875,0
21851,2-Methyl-4-phenylbutan-2-ol,default,19,2,2,0.10526315789473684,0.10526315789473684,0
27432,3-Dimethylaminopropionitrile,default,16,2,2,0.125,0.125,0
20977,Nitromethane,default,16,4,4,0.25,0.25,0
41638,3-Phenyl-1-propanol,default,16,1,1,0.0625,0.0625,0
27615,Tris(2-chloropropyl) phosphate,default,24,6,6,0.25,0.25,0
25279,Ethyl cyanoacrylate,estimated,16,7,1,0.4375,0.0625,6
29242,"Diethyl (N,N-bis(2-hydroxyethyl)amino)methanephosphonate",default,15,2,2,0.13333333333333333,0.13333333333333333,0
27069,2-Methyl-1-butanol,estimated,17,5,1,0.29411764705882354,0.058823529411764705,4
27841,Isooctyl 2-mercaptoacetate,default,25,11,11,0.44,0.44,0
25047,Diethylene glycol diethyl ether,default,17,4,4,0.23529411764705882,0.23529411764705882,0
41230,"2-Amino-4-methoxy-6-methyl-1,3,5-triazine",default,16,1,1,0.0625,0.0625,0
27504,2-(Dimethylamino)ethyl methacrylate,default,15,2,2,0.13333333333333333,0.13333333333333333,0
27259,"1,3-Benzenedicarbonitrile",default,17,3,3,0.17647058823529413,0.17647058823529413,0
27530,"1,1,1-Trimethylolpropane trimethacrylate",estimated,24,16,5,0.6666666666666666,0.20833333333333334,11
20368,Cytembena,estimated,26,20,12,0.7692307692307693,0.46153846153846156,8
44360,"3,7-Dimethyloctan-1-ol",estimated,25,10,2,0.4,0.08,8
41371,"3,6,9,12,15-Pentaoxahexadecanol",default,16,1,1,0.0625,0.0625,0
43908,"3-(3,4-Methylenedioxyphenyl)-2-methylpropanal",default,25,7,7,0.28,0.28,0
21331,Tetrakis(hydroxymethyl)phosphonium sulfate,estimated,17,9,5,0.5294117647058824,0.29411764705882354,4
21974,4-Isopropylbenzaldehyde,default,15,2,2,0.13333333333333333,0.13333333333333333,0
27959,1-[(1-Butoxy-2-propanyl)oxy]-2-propanol,default,15,1,1,0.06666666666666667,0.06666666666666667,0
21241,Retinol palmitate,estimated,26,16,8,0.6153846153846154,0.3076923076923077,8
20236,Calcium lactate,default,15,3,3,0.2,0.2,0
44437,"3,5-Diaminobenzoic acid",default,16,4,4,0.25,0.25,0
25610,Methyl 4-formylbenzoate,default,16,3,3,0.1875,0.1875,0
20743,Iodoform,default,23,8,8,0.34782608695652173,0.34782608695652173,0
26436,2-Methyl-2-nitro-1-propanol,default,16,1,1,0.0625,0.0625,0
26653,"1,4-Benzenedicarbonyl dichloride",default,15,2,2,0.13333333333333333,0.13333333333333333,0
44495,4-(4-Hydroxyphenyl)butan-2-one,default,16,2,2,0.125,0.125,0
25012,"2,3-Dichloro-1-propene",default,15,1,1,0.06666666666666667,0.06666666666666667,0
20815,Metepa,default,15,1,1,0.06666666666666667,0.06666666666666667,0
26266,Tris(2-hydroxyethyl) isocyanurate,estimated,15,6,0,0.4,0.0,6
22279,"2,6-Diisopropylaniline",estimated,23,7,5,0.30434782608695654,0.21739130434782608,2
23419,Paraldehyde,default,17,4,4,0.23529411764705882,0.23529411764705882,0
26457,Azobisisobutyronitrile,default,17,3,3,0.17647058823529413,0.17647058823529413,0
44370,N-Butylaniline,default,25,2,2,0.08,0.08,0
27598,Triisopropyl orthoborate,default,16,1,1,0.0625,0.0625,0
20694,Hexamethylphosphoramide,estimated,16,3,1,0.1875,0.0625,2
38847,(3-Isocyanatopropyl)triethoxysilane,default,24,3,3,0.125,0.125,0
21131,N-Phenyl-2-naphthylamine,estimated,27,20,11,0.7407407407407407,0.4074074074074074,9
44490,Methyl 3-sulfamoylthiophene-2-carboxylate,default,15,2,2,0.13333333333333333,0.13333333333333333,0
25150,Dimethyl phosphate,default,24,8,8,0.3333333333333333,0.3333333333333333,0
44359,Pentadecan-15-olide,estimated,24,13,3,0.5416666666666666,0.125,10
26615,Ethylene glycol dimethacrylate,default,15,4,4,0.26666666666666666,0.26666666666666666,0
43902,"1,1,3,3-Tetrabutylurea",estimated,24,17,2,0.7083333333333334,0.08333333333333333,15
21156,Phosphamidon,default,24,10,10,0.4166666666666667,0.4166666666666667,0
41580,Iminodiacetonitrile,default,16,2,2,0.125,0.125,0
40719,"N-(2,4-Dimethylphenyl)-3-oxobutanamide",default,15,1,1,0.06666666666666667,0.06666666666666667,0
26536,"1H,3H-Benzo(1,2-c:4,5-c')difuran-1,3,5,7-tetrone",default,15,2,2,0.13333333333333333,0.13333333333333333,0
27443,N-(Butoxymethyl)acrylamide,default,23,6,6,0.2608695652173913,0.2608695652173913,0
42199,N-Chlorosuccinimide,default,16,1,1,0.0625,0.0625,0
44363,Ethyl decanoate,estimated,24,11,0,0.4583333333333333,0.0,11
27518,Aluminum n-butoxide,default,16,2,2,0.125,0.125,0
24739,(-)-(E)-Caryophyllene,estimated,23,11,3,0.4782608695652174,0.13043478260869565,8
22090,4-(2-Hydroxyethyl)morpholine,default,23,5,5,0.21739130434782608,0.21739130434782608,0
27342,Sodium benzenethiolate,default,23,6,6,0.2608695652173913,0.2608695652173913,0
27085,Bis[2-(2-butoxyethoxy)ethyl] adipate,default,24,3,3,0.125,0.125,0
21438,"1,1-Dichloroethylene",default,16,2,2,0.125,0.125,0
27133,"O,O′-Diethyl hydrogen dithiophosphate",default,25,10,10,0.4,0.4,0
26544,"1,2,3-Benzotriazin-4(1H)-one",default,17,2,2,0.11764705882352941,0.11764705882352941,0
25991,4-Nitrosophenol,estimated,25,12,5,0.48,0.2,7
27653,Isobornyl methacrylate,estimated,23,14,3,0.6086956521739131,0.13043478260869565,11
21757,1-Ethynylcyclohexanol,estimated,15,1,0,0.06666666666666667,0.0,1
27902,Methylcyclopentadiene dimer,estimated,24,10,3,0.4166666666666667,0.125,7
27588,"1,1-Methylenebis(4-isocyanatocyclohexane)",estimated,26,14,7,0.5384615384615384,0.2692307692307692,7
38317,"3,5,6-Trichloro-2-pyridinol",default,23,10,10,0.43478260869565216,0.43478260869565216,0
27489,Trimethoxy[3-(oxiran-2-ylmethoxy)propyl]silane,default,15,5,5,0.3333333333333333,0.3333333333333333,0
32417,Isofenphos,estimated,25,13,7,0.52,0.28,6
27747,"2,2'-Azobis(2-methylbutanenitrile)",default,23,4,4,0.17391304347826086,0.17391304347826086,0
26991,Triethyl phosphite,default,15,4,4,0.26666666666666666,0.26666666666666666,0
20474,"3,4-Dihydrocoumarin",default,15,1,1,0.06666666666666667,0.06666666666666667,0
40765,Dimethyl maleate,estimated,24,6,6,0.25,0.25,0
38818,"7-Methoxy-3,7-dimethyloctanal",default,15,1,1,0.06666666666666667,0.06666666666666667,0
21843,2-Pyridinecarbonitrile,default,15,2,2,0.13333333333333333,0.13333333333333333,0
21586,"6,10-Dimethyl-5,9-undecadiene-2-one",default,25,8,8,0.32,0.32,0
44541,Isocyclocitral,default,24,5,5,0.20833333333333334,0.20833333333333334,0
21818,2-Methylbutanal,estimated,17,4,0,0.23529411764705882,0.0,4
27407,Ethyl dichlorophosphate,estimated,15,2,0,0.13333333333333333,0.0,2
21629,6-Methyl-5-hepten-2-one,default,16,2,2,0.125,0.125,0
24485,6-Methoxy-2-benzothiazolamine,estimated,26,11,2,0.4230769230769231,0.07692307692307693,9
25361,Glycidyl methacrylate,default,16,2,2,0.125,0.125,0
27579,Pentaethylene glycol,default,15,3,3,0.2,0.2,0
21498,2-Bromobenzothiazole,default,23,5,5,0.21739130434782608,0.21739130434782608,0
25406,n-Hexyl methacrylate,default,15,3,3,0.2,0.2,0
25364,Glyoxal,default,15,2,2,0.13333333333333333,0.13333333333333333,0
44236,Triethylene glycol bis(3-tert-butyl-4-hydroxy-5-methylphenyl)propionate,estimated,24,12,3,0.5,0.125,9
42279,2-Phenoxyethyl isobutyrate,default,17,4,4,0.23529411764705882,0.23529411764705882,0
44454,Ethyl 4-chloro-3-oxobutanoate,estimated,23,14,7,0.6086956521739131,0.30434782608695654,7
34936,Sulfometuron-methyl,default,15,2,2,0.13333333333333333,0.13333333333333333,0
24012,"1,4-Dibromobenzene",default,15,3,3,0.2,0.2,0
22096,Dipropyl disulfide,default,16,2,2,0.125,0.125,0
27832,2-Ethylhexyl chloroformate,default,17,3,3,0.17647058823529413,0.17647058823529413,0
25134,"1,3-Dimethyl-2-nitrobenzene",estimated,15,5,5,0.3333333333333333,0.3333333333333333,0
27294,sec-Butylurea,default,17,3,3,0.17647058823529413,0.17647058823529413,0
32624,Kinoprene,default,23,12,12,0.5217391304347826,0.5217391304347826,0
21778,Diphenyl phthalate,estimated,24,12,8,0.5,0.3333333333333333,4
42280,Phenthoate,estimated,26,17,9,0.6538461538461539,0.34615384615384615,8
21583,"2,3-Butanedione",default,16,2,2,0.125,0.125,0
27302,"2,3,5,6-Tetrachlorobenzene-1,4-dicarbonyl dichloride",default,23,5,5,0.21739130434782608,0.21739130434782608,0
40114,tert-Butylacrylamide,default,25,5,5,0.2,0.2,0
20767,Isosafrole,default,17,6,6,0.35294117647058826,0.35294117647058826,0
21725,Nicotine sulfate (2:1),default,16,1,1,0.0625,0.0625,0
27584,"N,N-Dicyclohexyl-2-benzothiazolesulfenamide",estimated,23,14,8,0.6086956521739131,0.34782608695652173,6
26084,"4,5,6,7-Tetrabromo-1,3-Isobenzofurandione",default,16,3,3,0.1875,0.1875,0
27928,2-Ethylhexyl nitrate,estimated,24,9,1,0.375,0.041666666666666664,8
27498,"1,3-Bis(2-isocyanato-2-propyl)benzene",estimated,24,10,4,0.4166666666666667,0.16666666666666666,6
41418,2-Ethylbutyric acid,default,16,2,2,0.125,0.125,0
20265,Chloramphenicol,default,18,4,4,0.2222222222222222,0.2222222222222222,0
44522,Tetraethylurea,default,24,5,5,0.20833333333333334,0.20833333333333334,0
44475,"rel-(2R,5R)-5-Methyl-2-(1-methylethyl)cyclohexanone",default,16,1,1,0.0625,0.0625,0
24810,2-Chloropyridine,default,16,2,2,0.125,0.125,0
26652,"1,4-Diisopropylbenzene",estimated,25,11,0,0.44,0.0,11
24890,p-Cymen-8-ol,default,19,3,3,0.15789473684210525,0.15789473684210525,0
32631,Oxadixyl,default,23,2,2,0.08695652173913043,0.08695652173913043,0
21330,Tetramethylolphosphonium chloride,default,17,7,7,0.4117647058823529,0.4117647058823529,0
26921,2-[2-(Hexyloxy)ethoxy]ethanol,default,16,1,1,0.0625,0.0625,0
24399,Acetoin,default,16,1,1,0.0625,0.0625,0
20256,d-Carvone,default,25,6,6,0.24,0.24,0
27386,Isodecyl acrylate,default,24,12,12,0.5,0.5,0
44462,Triethoxy(phenyl)silane,default,17,2,2,0.11764705882352941,0.11764705882352941,0
21346,Thiosemicarbazide,estimated,17,8,5,0.47058823529411764,0.29411764705882354,3
40476,Fenazaquin,default,16,3,3,0.1875,0.1875,0
41431,2-Isopropoxyphenol,default,23,6,6,0.2608695652173913,0.2608695652173913,0
26998,"2,6,8-Trimethyl-4-nonanone",estimated,24,11,1,0.4583333333333333,0.041666666666666664,10
27589,1-Butoxy-2-propanol,default,16,1,1,0.0625,0.0625,0
22070,2-Tridecanone,estimated,24,10,5,0.4166666666666667,0.20833333333333334,5
41349,"2,4-D-Methyl",default,17,3,3,0.17647058823529413,0.17647058823529413,0
26955,"2H-3,1-Benzoxazine-2,4(1H)-dione",default,17,4,4,0.23529411764705882,0.23529411764705882,0
25588,6-Methyl coumarin,default,16,3,3,0.1875,0.1875,0
21915,Diethyl decanedioate,default,25,4,4,0.16,0.16,0
41892,Diphenylsulfone,default,26,6,6,0.23076923076923078,0.23076923076923078,0
25209,C.I. Disperse Blue 27,estimated,25,21,15,0.84,0.6,6
27749,1-Chloropinacolone,default,24,8,8,0.3333333333333333,0.3333333333333333,0
25243,"1,2-Epoxydodecane",estimated,23,11,4,0.4782608695652174,0.17391304347826086,7
44362,Glutaric anhydride,default,16,2,2,0.125,0.125,0
21359,Tolbutamide,default,16,4,4,0.25,0.25,0
22121,Triphenylphosphine oxide,default,23,10,10,0.43478260869565216,0.43478260869565216,0
25461,Isobutyl methacrylate,estimated,17,7,0,0.4117647058823529,0.0,7
41224,"1,2,6-Hexanetriol",default,17,5,5,0.29411764705882354,0.29411764705882354,0
41437,"2-Methyl-2-nitro-1,3-propanediol",default,17,1,1,0.058823529411764705,0.058823529411764705,0
42097,Limonene diepoxide,default,23,7,7,0.30434782608695654,0.30434782608695654,0
39233,Allyl isovalerate,default,16,2,2,0.125,0.125,0
27021,Diethylene glycol monobutyl ether acetate,estimated,17,2,1,0.11764705882352941,0.058823529411764705,1
24628,Biurea,default,17,1,1,0.058823529411764705,0.058823529411764705,0
21134,1-Phenyl-2-thiourea,estimated,25,10,5,0.4,0.2,5
40271,2-Methylquinoline,default,19,4,4,0.21052631578947367,0.21052631578947367,0
22180,"(1R,2S,5R)-(-)-Menthol",default,18,1,1,0.05555555555555555,0.05555555555555555,0
37741,4-Methylbenzophenone,estimated,24,14,3,0.5833333333333334,0.125,11
44472,Diethyl oxalate,default,18,2,2,0.1111111111111111,0.1111111111111111,0
27233,2-Bromopropionic acid,default,16,1,1,0.0625,0.0625,0
25572,Methyl benzoate,estimated,17,3,2,0.17647058823529413,0.11764705882352941,1
44447,3-Methoxybenzaldehyde,default,18,2,2,0.1111111111111111,0.1111111111111111,0
24761,3-Chloroaniline,estimated,18,4,2,0.2222222222222222,0.1111111111111111,2
41412,2-Chloro-N-(hydroxymethyl)acetamide,default,24,7,7,0.2916666666666667,0.2916666666666667,0
41400,"2-Butyl-2-ethyl-1,3-propanediol",default,15,2,2,0.13333333333333333,0.13333333333333333,0
20438,"1,2-Dichloroethane",default,16,1,1,0.0625,0.0625,0
22004,"1,3-Dichloropropane",default,18,2,2,0.1111111111111111,0.1111111111111111,0
41416,2-Ethyl-1-butanol,default,16,1,1,0.0625,0.0625,0
22035,[(1S)-endo]-(-)-Borneol,default,17,1,1,0.058823529411764705,0.058823529411764705,0
41246,"1,3-Propanediol",default,18,2,2,0.1111111111111111,0.1111111111111111,0
29607,Triethylene glycol dimethacrylate,default,25,7,7,0.28,0.28,0
27520,Hexa(methoxymethyl)melamine,default,23,3,3,0.13043478260869565,0.13043478260869565,0
29117,"1,1':3',1''-Terphenyl",estimated,24,16,7,0.6666666666666666,0.2916666666666667,9
27502,2-Isopropyl-6-methyl-4-pyrimidone,default,16,2,2,0.125,0.125,0
23367,Nicotinyl alcohol,default,16,1,1,0.0625,0.0625,0
25285,Ethylene glycol diethyl ether,default,16,1,1,0.0625,0.0625,0
27603,(Ethylenedinitrilo)tetraacetonitrile,default,17,2,2,0.11764705882352941,0.11764705882352941,0
44547,2-Heptylcyclopentanone,estimated,23,12,1,0.5217391304347826,0.043478260869565216,11
27240,"3,4-Dinitrotoluene",estimated,26,17,13,0.6538461538461539,0.5,4
20580,Dulcin,default,17,3,3,0.17647058823529413,0.17647058823529413,0
38762,Thiamine nitrate,default,16,1,1,0.0625,0.0625,0
27241,2-Chlorobenzyl chloride,default,16,3,3,0.1875,0.1875,0
22058,Dibutyl sulfide,default,16,4,4,0.25,0.25,0
21816,Allyl methacrylate,default,16,1,1,0.0625,0.0625,0
42242,2-Ethylaniline,default,16,3,3,0.1875,0.1875,0
41261,Allyl 3-chloro-2-hydroxypropyl ether,default,24,5,5,0.20833333333333334,0.20833333333333334,0
24775,1-Chloro-2-bromoethane,default,17,3,3,0.17647058823529413,0.17647058823529413,0
26573,"2-(Morpholin-4-yldithio)-1,3-benzothiazole",estimated,25,19,14,0.76,0.56,5
44506,2-Phenylethyl acetate,default,18,1,1,0.05555555555555555,0.05555555555555555,0
27181,Isobutylbenzene,default,18,1,1,0.05555555555555555,0.05555555555555555,0
24916,Diacetone acrylamide,default,17,3,3,0.17647058823529413,0.17647058823529413,0
27729,Isomethyltetrahydrophthalic anhydride,default,16,2,2,0.125,0.125,0
44389,3-Methoxy-3-methylbutan-1-ol,default,17,1,1,0.058823529411764705,0.058823529411764705,0
20092,2-Methoxyaniline hydrochloride,default,17,7,7,0.4117647058823529,0.4117647058823529,0
25789,beta-Nitrostyrene,estimated,27,20,10,0.7407407407407407,0.37037037037037035,10
44456,Cytosine,default,17,1,1,0.058823529411764705,0.058823529411764705,0
21971,1-Chloro-3-nitrobenzene,default,16,4,4,0.25,0.25,0
41366,"2,4-Dinitroanisole",default,18,5,5,0.2777777777777778,0.2777777777777778,0
29331,2-Pentyl-2-cyclopenten-1-one,default,25,12,12,0.48,0.48,0
29369,Vinyl neodecanoate,estimated,24,13,3,0.5416666666666666,0.125,10
25925,Piperonyl acetate,default,17,3,3,0.17647058823529413,0.17647058823529413,0
20545,"2,5-Dithiobiurea",default,19,5,5,0.2631578947368421,0.2631578947368421,0
22188,n-Undecyl cyanide,estimated,25,12,2,0.48,0.08,10
27103,Dodecyl 2-methylacrylate,default,24,4,4,0.16666666666666666,0.16666666666666666,0
41178,"6-Diazo-5,6-dihydro-5-oxo1-naphthalenesulfonic acid sodium salt",default,25,8,8,0.32,0.32,0
44489,"2-Chloro-N,N-dimethyl-3-oxobutanamide",estimated,25,12,5,0.48,0.2,7
27288,"2,6-Dimethyl-2,4,6-octatriene",estimated,23,11,7,0.4782608695652174,0.30434782608695654,4
44517,3-Methyl-1-phenyl-1H-pyrazol-5-amine,default,17,5,5,0.29411764705882354,0.29411764705882354,0
41517,"4-Hydroxy-2,5-dimethyl-3(2H)furanone",default,17,2,2,0.11764705882352941,0.11764705882352941,0
21405,Musk Xylene,estimated,23,14,7,0.6086956521739131,0.30434782608695654,7
41490,3-Methyl-3-penten-2-one,default,23,6,6,0.2608695652173913,0.2608695652173913,0
27344,Azacyclotridecan-2-one,default,23,4,4,0.17391304347826086,0.17391304347826086,0
21769,beta-Ionone,default,23,7,7,0.30434782608695654,0.30434782608695654,0
23146,myo-Inositol,default,16,3,3,0.1875,0.1875,0
27293,2-Ethylhexyl 2-methyl-2-propenoate,estimated,17,3,0,0.17647058823529413,0.0,3
42343,Propyl ether,default,16,1,1,0.0625,0.0625,0
25303,3-((2-Ethylhexyl)oxy)propionitrile,default,25,9,9,0.36,0.36,0
26783,Imidodicarbonic diamide,default,18,2,2,0.1111111111111111,0.1111111111111111,0
31492,Isopropenyl acetate,estimated,17,4,2,0.23529411764705882,0.11764705882352941,2
21404,"1,1,3-Trimethyl-2-thiourea",estimated,17,5,1,0.29411764705882354,0.058823529411764705,4
21328,Tetrahydrofuran,default,17,1,1,0.058823529411764705,0.058823529411764705,0
20360,N-Cyclohexyl-2-benzothiazolesulfenamide,estimated,24,13,7,0.5416666666666666,0.2916666666666667,6
20263,Chlorambucil,estimated,23,17,8,0.7391304347826086,0.34782608695652173,9
40718,"2,5-Dimethoxy-4-chloroaniline",default,25,7,7,0.28,0.28,0
44513,"3,7-Dimethyloctane-1,7-diol",default,17,5,5,0.29411764705882354,0.29411764705882354,0
44396,"2,5,8,11,14-Pentaoxapentadecane",default,16,1,1,0.0625,0.0625,0
36827,"3,3'-Diaminobenzidine",estimated,25,20,10,0.8,0.4,10
44364,"1,4-Dibromobutane",default,17,2,2,0.11764705882352941,0.11764705882352941,0
39231,Allyl chloride,default,16,2,2,0.125,0.125,0
44496,6-Pentyltetrahydro-2H-pyran-2-one,default,17,2,2,0.11764705882352941,0.11764705882352941,0
27039,Dipentaerythritol,default,16,4,4,0.25,0.25,0
20918,"N,N'-Di-2-naphthyl-p-phenylenediamine",default,24,11,11,0.4583333333333333,0.4583333333333333,0
25632,4-Methyl-2-nitroaniline,default,18,8,8,0.4444444444444444,0.4444444444444444,0
20589,"p,p'-Ethyl-DDD",estimated,23,17,9,0.7391304347826086,0.391304347826087,8
21362,o-Toluenesulfonamide,default,17,2,2,0.11764705882352941,0.11764705882352941,0
27322,Cyclododecanone,default,23,6,6,0.2608695652173913,0.2608695652173913,0
22170,"2,6-Dichlorobenzamide",default,24,7,7,0.2916666666666667,0.2916666666666667,0
25922,Pinane,default,17,2,2,0.11764705882352941,0.11764705882352941,0
27438,Dibutyl phosphite,default,17,2,2,0.11764705882352941,0.11764705882352941,0
27797,Tetraethylene glycol di(2-ethylhexanoate),estimated,24,11,1,0.4583333333333333,0.041666666666666664,10
20981,2-Nitropropane,default,16,2,2,0.125,0.125,0
25557,4-Methoxy-4-methyl-2-pentanone,default,16,2,2,0.125,0.125,0
34776,Tolclofos-methyl,estimated,25,16,4,0.64,0.16,12
26913,Dodecane,default,16,3,3,0.1875,0.1875,0
29237,3-(Trimethoxysilyl)propyl methacrylate,estimated,16,5,1,0.3125,0.0625,4
44428,3-Mercaptopropyltrimethoxysilane,default,17,4,4,0.23529411764705882,0.23529411764705882,0
22194,Hexyl acrylate,default,16,2,2,0.125,0.125,0
41234,"1,3,6-Hexanetricarbonitrile",default,17,2,2,0.11764705882352941,0.11764705882352941,0
44511,Dipropyl hexanedioate,default,16,5,5,0.3125,0.3125,0
24318,Terbutryn,estimated,24,13,6,0.5416666666666666,0.25,7
44515,Tetraethyleneglycol dimethacrylate,default,24,8,8,0.3333333333333333,0.3333333333333333,0
44526,N-(4-Ethoxyphenyl)-3-oxobutanamide,default,16,6,6,0.375,0.375,0
40115,"2,5-Dimercapto-1,3,4-thiadiazole",default,17,6,6,0.35294117647058826,0.35294117647058826,0
26558,N-(2-Methoxyphenyl)-3-oxobutanamide,default,24,6,6,0.25,0.25,0
33241,Benzylacetone,default,17,1,1,0.058823529411764705,0.058823529411764705,0
23114,Guaifenesin,default,16,2,2,0.125,0.125,0
25094,Di(2-methoxyethyl) phthalate,estimated,16,4,0,0.25,0.0,4
44479,3-(Triethoxysilyl)propane-1-thiol,default,17,5,5,0.29411764705882354,0.29411764705882354,0
44384,"(2S,5R)-2-Isopropyl-5-methylcyclohexan-1-one",default,17,4,4,0.23529411764705882,0.23529411764705882,0
20980,1-Nitropropane,estimated,18,5,1,0.2777777777777778,0.05555555555555555,4
24738,Carvyl acetate,estimated,16,5,0,0.3125,0.0,5
44457,Tetraethylammonium bromide,default,16,1,1,0.0625,0.0625,0
44383,Diphenyl sulfide,estimated,24,15,2,0.625,0.08333333333333333,13
20294,4'-(Chloroacetyl)acetanilide,estimated,24,21,11,0.875,0.4583333333333333,10
21716,"2,3,4,6-Tetrachlorophenol",estimated,24,15,10,0.625,0.4166666666666667,5
41137,Tetraethylammonium chloride,default,16,1,1,0.0625,0.0625,0
41253,"3,6-Dimethyl-2,5-dioxo-1,4-dioxane",default,16,2,2,0.125,0.125,0
21380,"1,1,2-Trichloroethane",default,16,3,3,0.1875,0.1875,0
24799,4-Chloro-3-nitrobenzotrifluoride,default,24,6,6,0.25,0.25,0
30319,3-Amino-9-ethylcarbazole,estimated,27,19,9,0.7037037037037037,0.3333333333333333,10
25210,C.I. Disperse Red 60,estimated,24,13,10,0.5416666666666666,0.4166666666666667,3
32342,Chinomethionate,estimated,23,17,6,0.7391304347826086,0.2608695652173913,11
51704,Aluminum trisacetoacetate,default,16,2,2,0.125,0.125,0
38919,"1,3-Bis(isocyanatomethyl)benzene",default,23,3,3,0.13043478260869565,0.13043478260869565,0
44233,Antioxidant 1098,estimated,24,8,8,0.3333333333333333,0.3333333333333333,0
44480,Acetone thiosemicarbazide,estimated,15,7,2,0.4666666666666667,0.13333333333333333,5
40779,Diheptyl phthalate,default,23,6,6,0.2608695652173913,0.2608695652173913,0
51381,Di-p-methylbenzylidenesorbitol,estimated,15,4,2,0.26666666666666666,0.13333333333333333,2
57888,Argatroban monohydrate,default,17,5,5,0.29411764705882354,0.29411764705882354,0
22003,"1,3-Diethylbenzene",default,15,1,1,0.06666666666666667,0.06666666666666667,0
40264,Sodium pentachlorophenate,estimated,24,17,11,0.7083333333333334,0.4583333333333333,6
44154,"2,2'-Dicyanodiethyl ether",default,15,3,3,0.2,0.2,0
44416,"1,2,4-Butanetriol",default,16,2,2,0.125,0.125,0
47607,3-Phenyl-2-propen-1-yl propionate,default,24,6,6,0.25,0.25,0
21550,Cyanogen bromide,default,15,3,3,0.2,0.2,0
21978,2-Methylpentanal,default,15,1,1,0.06666666666666667,0.06666666666666667,0
47439,Benzyl 3-methylbutyl ether,default,16,2,2,0.125,0.125,0
21910,Pyrrole,default,16,2,2,0.125,0.125,0
52620,"2,5-Dimethoxybenzaldehyde",estimated,15,6,3,0.4,0.2,3
38839,2-Amino-5-nitrobenzonitrile,estimated,24,7,4,0.2916666666666667,0.16666666666666666,3
41745,C.I. Solvent Yellow 56,estimated,24,18,8,0.75,0.3333333333333333,10
47760,Tetrahydrothiophene,estimated,15,1,0,0.06666666666666667,0.0,1
46448,Pitavastatin calcium,estimated,25,16,10,0.64,0.4,6
51566,Benzyltriphenylphosphonium chloride,estimated,17,12,8,0.7058823529411765,0.47058823529411764,4
52109,(2-Chloroethyl)dimethylamine hydrochloride,default,15,3,3,0.2,0.2,0
22198,3-(3-Pyridyl)-1-propanol,default,15,1,1,0.06666666666666667,0.06666666666666667,0
38743,5-Methyl-1H-benzotriazole,default,24,2,2,0.08333333333333333,0.08333333333333333,0
41551,"6-tert-Butyl-2,4-xylenol",estimated,23,14,0,0.6086956521739131,0.0,14
47222,Farnesyl acetate,default,23,10,10,0.43478260869565216,0.43478260869565216,0
44199,"2-Methyl-4,6-bis[(octylthio)methyl]phenol",estimated,15,6,0,0.4,0.0,6
43910,"beta-(3,4-Epoxycyclohexyl)ethyltrimethoxysilane",default,16,1,1,0.0625,0.0625,0
51580,6-Methyl-3-hydroxypyridine,default,15,2,2,0.13333333333333333,0.13333333333333333,0
51716,2(1H)-Pyridinone,default,16,1,1,0.0625,0.0625,0
42445,Terbumeton,estimated,23,8,5,0.34782608695652173,0.21739130434782608,3
44372,Tripropan-2-yl phosphite,default,23,6,6,0.2608695652173913,0.2608695652173913,0
24861,Cresyl diphenyl phosphate,estimated,26,21,10,0.8076923076923077,0.38461538461538464,11
41560,Methyl linolenate,estimated,24,18,10,0.75,0.4166666666666667,8
41674,Triethyl borate,estimated,15,1,0,0.06666666666666667,0.0,1
21450,C.I. Disperse Yellow 3,estimated,25,17,11,0.68,0.44,6
51493,"2,3-Diaminopyridine",default,15,6,6,0.4,0.4,0
51836,3-Mercapto-1-propanol,default,14,2,2,0.14285714285714285,0.14285714285714285,0
39224,Acetaldehyde,estimated,15,12,6,0.8,0.4,6
40145,"1,5-Naphthalene diisocyanate",default,15,8,8,0.5333333333333333,0.5333333333333333,0
27789,"O,O-Dimethyl phosphoramidothioate",default,24,7,7,0.2916666666666667,0.2916666666666667,0
22002,"2,6-Dimethyl morpholine",default,15,1,1,0.06666666666666667,0.06666666666666667,0
22036,(1S)-(-)-Camphor,default,15,4,4,0.26666666666666666,0.26666666666666666,0
52839,Metribuzin-DA,default,15,3,3,0.2,0.2,0
52042,4-Fluoro-3-nitroaniline,default,16,4,4,0.25,0.25,0
52043,4-(2-Chloroethyl)morpholine hydrochloride (1:1),default,15,1,1,0.06666666666666667,0.06666666666666667,0
41397,Damascenone,default,24,3,3,0.125,0.125,0
25170,"4,4'-Dioctyldiphenylamine",default,24,9,9,0.375,0.375,0
52838,Alachlor sec-oxanilic acid sodium salt,default,15,1,1,0.06666666666666667,0.06666666666666667,0
37564,Mefenpyr-diethyl,estimated,25,12,2,0.48,0.08,10
41812,Dihydro-alpha-terpineol,default,15,1,1,0.06666666666666667,0.06666666666666667,0
52124,(T-4)-Trihydro(morpholine-κN4)boron,default,15,2,2,0.13333333333333333,0.13333333333333333,0
52198,Di-iso-amyl ether,default,16,3,3,0.1875,0.1875,0
51695,Europium(III) chloride hexahydrate,default,16,6,6,0.375,0.375,0
37567,Metolachlor ESA,default,23,4,4,0.17391304347826086,0.17391304347826086,0
48494,Sarafloxacin,default,23,4,4,0.17391304347826086,0.17391304347826086,0
28011,"Thiodiethylene bis(3-(3,5-di-tert-butyl-4-hydroxyphenyl)propionate)",default,14,4,4,0.2857142857142857,0.2857142857142857,0
41901,Disulfoton sulfone,estimated,26,11,8,0.4230769230769231,0.3076923076923077,3
47602,Benzyl 2-methylpropanoate,estimated,14,1,0,0.07142857142857142,0.0,1
52554,Naphthalenetetracarboxylic dianhydride,default,14,1,1,0.07142857142857142,0.07142857142857142,0
51631,"1,2-Bis((chlorocarbonyl)oxy)ethane",default,16,1,1,0.0625,0.0625,0
21973,2-Chloro-4-nitroaniline,estimated,27,9,6,0.3333333333333333,0.2222222222222222,3
51771,4-Methyl-2-(2-methylprop-1-en-1-yl)tetrahydro-2H-pyran,default,15,2,2,0.13333333333333333,0.13333333333333333,0
51529,n-Decylbenzene,default,16,4,4,0.25,0.25,0
51707,Iron(III) acetylacetonate,default,15,4,4,0.26666666666666666,0.26666666666666666,0
51575,Butyl vinyl ether,default,16,2,2,0.125,0.125,0
51856,Allyl carbamate,default,15,1,1,0.06666666666666667,0.06666666666666667,0
22012,3-Methoxyphenol,default,25,4,4,0.16,0.16,0
25707,Neopentyl glycol diglycidyl ether,estimated,25,7,2,0.28,0.08,5
51687,4-Chlorobenzophenone,estimated,16,9,3,0.5625,0.1875,6
37568,Metolachlor OA,default,15,1,1,0.06666666666666667,0.06666666666666667,0
51939,"2,2-Dichloro-1-phenylethanone",estimated,16,9,5,0.5625,0.3125,4
51914,"1,3-Phenylenedi(4-aminophenyl ether)",default,18,10,10,0.5555555555555556,0.5555555555555556,0
51724,Sulfathiazole sodium,default,15,3,3,0.2,0.2,0
52213,2'-Aminoacetophenone,estimated,15,3,1,0.2,0.06666666666666667,2
51708,4-Chlorophenylacetonitrile,default,17,4,4,0.23529411764705882,0.23529411764705882,0
51544,"1,4-Dimethylpiperazine",default,16,2,2,0.125,0.125,0
36525,Androsterone,estimated,24,10,2,0.4166666666666667,0.08333333333333333,8
51895,"2,6-Dichloropyridine",default,16,1,1,0.0625,0.0625,0
52125,"2,4,6-Trimethylbenzaldehyde",default,17,3,3,0.17647058823529413,0.17647058823529413,0
52281,"1,7-Dimethylxanthine",default,16,3,3,0.1875,0.1875,0
51732,Indan-5-ol,default,16,5,5,0.3125,0.3125,0
51574,1-Hexanethiol,default,16,4,4,0.25,0.25,0
24780,2-Chloropropyldimethylamine hydrochloride,estimated,23,8,6,0.34782608695652173,0.2608695652173913,2
52571,1-Chloroanthraquinone,estimated,18,8,4,0.4444444444444444,0.2222222222222222,4
51586,(-)Carophyllene oxide,estimated,16,4,1,0.25,0.0625,3
51540,Geranyl propionate,default,17,3,3,0.17647058823529413,0.17647058823529413,0
51581,1-Bromodecane,default,16,4,4,0.25,0.25,0
51779,Ethylcyclohexane,default,15,1,1,0.06666666666666667,0.06666666666666667,0
52060,Methyl 3-methoxypropionate,estimated,15,4,0,0.26666666666666666,0.0,4
51996,3-Methyl-4-(methylthio)phenol,estimated,18,10,6,0.5555555555555556,0.3333333333333333,4
51542,Ethyl octanoate,default,16,1,1,0.0625,0.0625,0
22271,4-(Diethylamino)salicylaldehyde,default,25,12,12,0.48,0.48,0
51900,2-(Diethylamino)ethyl acrylate,default,16,3,3,0.1875,0.1875,0
21963,4-(Diethylamino)benzaldehyde,estimated,26,11,7,0.4230769230769231,0.2692307692307692,4
51454,3-Methylstyrene,default,16,2,2,0.125,0.125,0
51890,beta-Damascone,default,16,5,5,0.3125,0.3125,0
51560,"1,3,5-Trimethyl-1,3,5-triazacyclohexane",default,18,2,2,0.1111111111111111,0.1111111111111111,0
51477,4-Methylbenzyl chloride,default,16,2,2,0.125,0.125,0
25433,3-Hydroxypropanenitrile,default,15,1,1,0.06666666666666667,0.06666666666666667,0
44385,(2E)-3-Phenylprop-2-enenitrile,default,16,3,3,0.1875,0.1875,0
44338,"2-(1-Chlorocyclopropyl)-1-(2-chlorophenyl)-3-(1H-1,2,4-triazol-1-yl)-2-propanol",estimated,26,10,6,0.38461538461538464,0.23076923076923078,4
52740,"4,6-Dimethyldibenzothiophene",default,15,3,3,0.2,0.2,0
51662,"1,2-Dihydro-1-methyl-5H-tetrazole-5-thione",default,16,5,5,0.3125,0.3125,0
51536,Hex-1-yn-3-ol,default,16,3,3,0.1875,0.1875,0
51629,Succinimide,estimated,16,2,0,0.125,0.0,2
42282,Phorate sulfone,default,27,14,14,0.5185185185185185,0.5185185185185185,0
51944,"N,N-Dimethylacrylamide",default,16,1,1,0.0625,0.0625,0
51525,"N,O-bis(Trimethylsilyl)acetamide",default,17,2,2,0.11764705882352941,0.11764705882352941,0
37616,Diketometribuzin,default,14,1,1,0.07142857142857142,0.07142857142857142,0
52010,"1,1,3,3-Tetramethyldisiloxane",default,15,1,1,0.06666666666666667,0.06666666666666667,0
52846,Methenamid ESA,default,7,1,1,0.14285714285714285,0.14285714285714285,0
51618,"N,N,3-Trimethylaniline",default,17,1,1,0.058823529411764705,0.058823529411764705,0
51690,2-Methoxybenzaldehyde,default,15,3,3,0.2,0.2,0
51738,Dysprosium(III) chloride hexahydrate,estimated,15,4,2,0.26666666666666666,0.13333333333333333,2
38346,trans-Chlordane,default,15,2,2,0.13333333333333333,0.13333333333333333,0
52884,"1,2,3-Hexanetriol",default,16,1,1,0.0625,0.0625,0
51736,Cyclopropanecarboxaldehyde,default,14,2,2,0.14285714285714285,0.14285714285714285,0
51474,Tributyl phosphite,default,17,6,6,0.35294117647058826,0.35294117647058826,0
25512,Malachite green,estimated,23,21,16,0.9130434782608695,0.6956521739130435,5
51999,C.I. Disperse Orange 25,default,16,4,4,0.25,0.25,0
52672,(L)-alpha-Terpineol,default,14,1,1,0.07142857142857142,0.07142857142857142,0
44403,Phenyl carbonochloridate,default,24,4,4,0.16666666666666666,0.16666666666666666,0
51778,Digoxigenin,estimated,17,9,0,0.5294117647058824,0.0,9
52186,4-Iodophenol,default,17,9,9,0.5294117647058824,0.5294117647058824,0
47620,2-Methylpyrazine,default,24,4,4,0.16666666666666666,0.16666666666666666,0
51907,2-Isobutyl-3-methoxypyrazine,default,14,1,1,0.07142857142857142,0.07142857142857142,0
51850,Scandium chloride hexahydrate,default,15,2,2,0.13333333333333333,0.13333333333333333,0
52558,Quinalizarin,estimated,15,6,4,0.4,0.26666666666666666,2
51824,2-Aminobenzonitrile,default,15,4,4,0.26666666666666666,0.26666666666666666,0
51863,Chromic acetylacetonate,default,15,2,2,0.13333333333333333,0.13333333333333333,0
52132,"2,3-Dihydro-1H-indene",default,15,1,1,0.06666666666666667,0.06666666666666667,0
38899,Tetrabutyl ethylidenebisphenol,estimated,23,9,6,0.391304347826087,0.2608695652173913,3
51619,4-Chlorobenzoyl chloride,estimated,16,2,0,0.125,0.0,2
29171,Cyclopentene,estimated,16,2,0,0.125,0.0,2
37483,Acetochlor ESA,default,16,1,1,0.0625,0.0625,0
44605,"1,4-Bis(butylamino)anthracene-9,10-dione",default,23,10,10,0.43478260869565216,0.43478260869565216,0
28985,"2-(2H-Benzotriazol-2-yl)-4,6-bis(1-methyl-1-phenylethyl)phenol",default,16,3,3,0.1875,0.1875,0
26902,"N,N,N-Trimethyloctadecan-1-aminium chloride",estimated,26,22,17,0.8461538461538461,0.6538461538461539,5
27556,Calcium propionate,default,16,2,2,0.125,0.125,0
35013,Zinc chloride,estimated,19,9,6,0.47368421052631576,0.3157894736842105,3
20927,Nickel bis(dibutyldithiocarbamate),default,24,7,7,0.2916666666666667,0.2916666666666667,0
47546,"1,3,5-Undecatriene",estimated,22,7,0,0.3181818181818182,0.0,7
40706,C.I. Solvent Orange 7,estimated,23,11,4,0.4782608695652174,0.17391304347826086,7
47520,"1,1-Dimethoxyoctane",default,15,1,1,0.06666666666666667,0.06666666666666667,0
21996,Sodium propionate,default,15,2,2,0.13333333333333333,0.13333333333333333,0
44563,"6H-Dibenzo[c,e][1,2]oxaphosphinine 6-oxide",default,15,3,3,0.2,0.2,0
29202,"Dimethyl 2,6-naphthalenedicarboxylate",default,15,6,6,0.4,0.4,0
26293,D&C Violet 2,default,23,8,8,0.34782608695652173,0.34782608695652173,0
47049,trans-beta-Farnesene,default,22,8,8,0.36363636363636365,0.36363636363636365,0
29149,Methyl hexadecanoate,default,16,1,1,0.0625,0.0625,0
44918,"1,3,5-Tribromo-2-(prop-2-en-1-yloxy)benzene",estimated,23,14,8,0.6086956521739131,0.34782608695652173,6
27835,"Potassium (E,E)-hexa-2,4-dienoate",default,16,3,3,0.1875,0.1875,0
47218,"Sodium bisulfite, mixture of NaHSO3 and Na2S2O5",default,14,2,2,0.14285714285714285,0.14285714285714285,0
21141,"1,4-Benzenediamine dihydrochloride",estimated,23,12,6,0.5217391304347826,0.2608695652173913,6
29225,Trimethylenediaminetetraacetic acid,estimated,15,4,0,0.26666666666666666,0.0,4
47400,5-Isopropyl-2-methylanisole,default,14,4,4,0.2857142857142857,0.2857142857142857,0
52577,"2,3-Dichloro-5,6-dicyano-p-benzoquinone",estimated,16,8,3,0.5,0.1875,5
44717,Dimethoxy(diphenyl)silane,estimated,24,14,3,0.5833333333333334,0.125,11
52308,6-Methyluracil,default,14,1,1,0.07142857142857142,0.07142857142857142,0
52446,"2,3,5-Trimethylhydroquinone",estimated,15,4,0,0.26666666666666666,0.0,4
44476,(S)-(-)-Citronellal,default,14,2,2,0.14285714285714285,0.14285714285714285,0
41220,"cis-1,2,3,6-Tetrahydrophthalimide",estimated,17,6,0,0.35294117647058826,0.0,6
34372,Cloransulam-methyl,default,23,5,5,0.21739130434782608,0.21739130434782608,0
41503,Tralopyril,estimated,25,20,13,0.8,0.52,7
52311,1-Ethoxybutane,default,15,3,3,0.2,0.2,0
52610,"N,N-Diethyl-m-toluidine",default,17,5,5,0.29411764705882354,0.29411764705882354,0
22104,2-Decanone,default,16,1,1,0.0625,0.0625,0
52300,Ethyl glycinate hydrochloride,default,15,1,1,0.06666666666666667,0.06666666666666667,0
49075,Ximelagatran,default,21,5,5,0.23809523809523808,0.23809523809523808,0
52511,Trityl chloride,default,16,4,4,0.25,0.25,0
52587,Methyl 2-methylbutyrate,default,16,3,3,0.1875,0.1875,0
52724,3-Chloro-7-hydroxy-4-methyl-2-benzopyrone,estimated,16,8,2,0.5,0.125,6
52536,Dibutyl butylphosphonate,estimated,16,4,3,0.25,0.1875,1
22462,3-Phenylphenol,estimated,26,14,5,0.5384615384615384,0.19230769230769232,9
52629,Hydratropaldehyde,default,15,2,2,0.13333333333333333,0.13333333333333333,0
52573,"2,6-Dibromo-4-nitroaniline",default,16,6,6,0.375,0.375,0
52597,Diethyl L-tartrate,default,14,3,3,0.21428571428571427,0.21428571428571427,0
52294,"2,2-Diethoxyacetophenone",default,16,3,3,0.1875,0.1875,0
52328,2-Isopropylaniline,default,16,6,6,0.375,0.375,0
21710,Benzyl trialkyl ammonium compound C2:C2:C2 (BTAAC C2:C2:C2),default,23,6,6,0.2608695652173913,0.2608695652173913,0
32541,Diiodomethyl 4-methylphenyl sulfone,estimated,23,20,12,0.8695652173913043,0.5217391304347826,8
24837,Citral diethyl acetal,estimated,23,13,5,0.5652173913043478,0.21739130434782608,8
51497,"2,3-Dihydro-4-methyl-1-phenyl-1H-phosphole 1-oxide",default,14,1,1,0.07142857142857142,0.07142857142857142,0
52502,"Diphenyl(2,4,6-trimethylbenzoyl)phosphine oxide",estimated,16,11,7,0.6875,0.4375,4
52539,1-Bromo-2-methylpropane,default,15,1,1,0.06666666666666667,0.06666666666666667,0
52295,Furfurylamine,estimated,15,2,0,0.13333333333333333,0.0,2
28618,Diethylmethylbenzenediamine,default,23,6,6,0.2608695652173913,0.2608695652173913,0
20880,4-(Methylnitrosamino)-1-(3-pyridyl)-1-butanol,default,15,2,2,0.13333333333333333,0.13333333333333333,0
50403,1-Ethyl-2-methylbenzene,default,15,1,1,0.06666666666666667,0.06666666666666667,0
24904,C.I. Solvent Red 72,estimated,22,15,5,0.6818181818181818,0.22727272727272727,10
52619,4'-Acetylbiphenyl,default,18,8,8,0.4444444444444444,0.4444444444444444,0
52299,Cyclohexyl acetate,default,14,1,1,0.07142857142857142,0.07142857142857142,0
52319,4-Chloro-3-nitroaniline,default,16,6,6,0.375,0.375,0
52595,p-Toluoyl chloride,default,15,1,1,0.06666666666666667,0.06666666666666667,0
52837,"Alachlor ESA, sodium salt",default,16,2,2,0.125,0.125,0
52463,2-Amino-5-chlorobenzophenone,estimated,16,9,3,0.5625,0.1875,6
22125,2-Nonanone,default,16,1,1,0.0625,0.0625,0
52648,1-Methylpyrrole,default,15,3,3,0.2,0.2,0
52278,2-Chlorobenzamide,default,15,4,4,0.26666666666666666,0.26666666666666666,0
35839,"1,3-Dichloro-5-ethyl-5-methylhydantoin",default,22,5,5,0.22727272727272727,0.22727272727272727,0
38771,"2,4-Dimethylpentan-3-one",default,23,4,4,0.17391304347826086,0.17391304347826086,0
52284,"1,2-Bis(chloromethyl)benzene",estimated,15,4,2,0.26666666666666666,0.13333333333333333,2
52228,(-)Bornyl acetate,default,15,1,1,0.06666666666666667,0.06666666666666667,0
52460,2-Phenylbenzimidazole,estimated,15,7,5,0.4666666666666667,0.3333333333333333,2
52591,Diethyl ethoxymethylenemalonate,default,15,2,2,0.13333333333333333,0.13333333333333333,0
52832,"2,2',3,4',5,5',6-Heptachlorobiphenyl",estimated,23,11,7,0.4782608695652174,0.30434782608695654,4
51808,C.I. Basic Green 4 oxalate (1:x),estimated,17,14,8,0.8235294117647058,0.47058823529411764,6
52596,4-Anisonitrile,default,14,2,2,0.14285714285714285,0.14285714285714285,0
26216,"Phosphoric acid, tris(3-methylphenyl) ester",default,25,10,10,0.4,0.4,0
52833,Arsenobetaine,default,15,2,2,0.13333333333333333,0.13333333333333333,0
51834,2-(4-tert-Butylphenoxy)cyclohexanol,estimated,15,7,1,0.4666666666666667,0.06666666666666667,6
52288,"1,3-Dihydro-2H-inden-2-one",default,14,5,5,0.35714285714285715,0.35714285714285715,0
52301,2-Methylpent-2-enal,default,14,3,3,0.21428571428571427,0.21428571428571427,0
49697,o-Terphenyl,estimated,15,7,4,0.4666666666666667,0.26666666666666666,3
24950,"2,3-Dibromopropyl acrylate",estimated,23,15,5,0.6521739130434783,0.21739130434782608,10
44754,Prop-2-en-1-yl heptanoate,default,16,2,2,0.125,0.125,0
52598,Diethylcarbamoyl chloride,default,16,2,2,0.125,0.125,0
52602,"1,4-Dichloro-2-nitrobenzene",default,15,1,1,0.06666666666666667,0.06666666666666667,0
52866,cis-Permethrin in cyclohexane,default,15,2,2,0.13333333333333333,0.13333333333333333,0
47727,2-Ethoxy-5-(1-propenyl)phenol,default,25,13,13,0.52,0.52,0
40375,"1,2-Butanediol",default,14,2,2,0.14285714285714285,0.14285714285714285,0
38827,2-Chloro-5-nitroaniline,default,25,6,6,0.24,0.24,0
52590,"4,7-Dichloroquinoline",default,17,5,5,0.29411764705882354,0.29411764705882354,0
25432,Lactonitrile,default,15,4,4,0.26666666666666666,0.26666666666666666,0
22085,Methyl p-nitrobenzoate,default,14,3,3,0.21428571428571427,0.21428571428571427,0
37535,Demeton-S,default,24,8,8,0.3333333333333333,0.3333333333333333,0
52654,2-Furylmethanethiol,default,15,5,5,0.3333333333333333,0.3333333333333333,0
37611,trans-Permethrin,default,16,3,3,0.1875,0.1875,0
52607,"2,6-Dimethoxyphenol",default,16,4,4,0.25,0.25,0
43855,2-Amino-6-chloro-4-nitrophenol,estimated,23,6,2,0.2608695652173913,0.08695652173913043,4
40164,3-Oxobutanamide,default,14,1,1,0.07142857142857142,0.07142857142857142,0
43937,Dimethyl sulfone,default,23,3,3,0.13043478260869565,0.13043478260869565,0
52250,Isobornyl acrylate,default,15,3,3,0.2,0.2,0
52735,"1,2-dibromo(phenyl)ethane",default,16,2,2,0.125,0.125,0
35217,"1,3-Dimethylol-5,5-dimethylhydantoin",default,16,4,4,0.25,0.25,0
25394,Triazinetriethanol,estimated,24,12,4,0.5,0.16666666666666666,8
52267,Glycerol tributyrate,default,15,3,3,0.2,0.2,0
42336,(L)-(-)-Ethyl lactate,default,15,3,3,0.2,0.2,0
52283,But-2-en-1-ol,default,15,2,2,0.13333333333333333,0.13333333333333333,0
21782,"2,3,4,5,6-Pentabromoethylbenzene",default,22,8,8,0.36363636363636365,0.36363636363636365,0
52269,Triphenylstibine,estimated,16,10,5,0.625,0.3125,5
41570,Chloroacetamide,estimated,23,6,1,0.2608695652173913,0.043478260869565216,5
27634,1-Propene tetramer,default,23,8,8,0.34782608695652173,0.34782608695652173,0
47691,2-Methylpropyl but-2-enoate,default,15,2,2,0.13333333333333333,0.13333333333333333,0
23955,Chlorimuron-ethyl,estimated,14,3,1,0.21428571428571427,0.07142857142857142,2
52289,2-Chlorobenzothiazole,default,15,1,1,0.06666666666666667,0.06666666666666667,0
52567,Bis(2-chloroethyl)amine hydrochloride,default,16,1,1,0.0625,0.0625,0
52309,3-Chloropyridine,default,15,2,2,0.13333333333333333,0.13333333333333333,0
26267,Trixylyl phosphate,estimated,24,14,8,0.5833333333333334,0.3333333333333333,6
47693,alpha-Angelica lactone,default,15,1,1,0.06666666666666667,0.06666666666666667,0
43903,"2,3-Dihydroxynaphthalene",estimated,24,7,2,0.2916666666666667,0.08333333333333333,5
52652,Citronellyl isobutyrate,default,15,2,2,0.13333333333333333,0.13333333333333333,0
52298,4-Nitrobenzyl alcohol,default,16,2,2,0.125,0.125,0
52593,2-Chlorobenzonitrile,default,15,1,1,0.06666666666666667,0.06666666666666667,0
47472,"N,N-Dimethylbutylamine",default,16,1,1,0.0625,0.0625,0
37502,Bitertanol,estimated,24,18,5,0.75,0.20833333333333334,13
52310,4-Pyridinol,default,16,3,3,0.1875,0.1875,0
52585,9-Ethylcarbazole,default,17,6,6,0.35294117647058826,0.35294117647058826,0
52506,3-Methylbut-3-en-1-ol,default,15,7,7,0.4666666666666667,0.4666666666666667,0
41671,(+)-alpha-Pinene,default,15,2,2,0.13333333333333333,0.13333333333333333,0
44365,"(1,1-Dimethylethyl)urea",default,15,1,1,0.06666666666666667,0.06666666666666667,0
31294,Ethoxyacetic acid,default,15,2,2,0.13333333333333333,0.13333333333333333,0
27401,4-Thiazolecarbonitrile,default,15,4,4,0.26666666666666666,0.26666666666666666,0
27301,"1,2-Cyclohexanediamine",default,15,3,3,0.2,0.2,0
44746,Propan-2-yl benzoate,default,15,1,1,0.06666666666666667,0.06666666666666667,0
20282,"4-Chloro-1,3-diaminobenzene",default,15,5,5,0.3333333333333333,0.3333333333333333,0
20445,"2,4-D isopropyl ester",default,15,3,3,0.2,0.2,0
47467,Choline hydroxide,default,15,2,2,0.13333333333333333,0.13333333333333333,0
21343,Sodium thiocyanate,default,16,2,2,0.125,0.125,0
20520,"2,2-Dimethylvinyl chloride",default,15,5,5,0.3333333333333333,0.3333333333333333,0
44369,"N,N-Dimethylpyridin-4-amine",default,15,3,3,0.2,0.2,0
44771,N-(4-Methyl-2-pentanylidene)hydroxylamine,default,15,2,2,0.13333333333333333,0.13333333333333333,0
44953,2-(Pyridin-4-yl)ethanol,default,15,1,1,0.06666666666666667,0.06666666666666667,0
20349,4-Methoxy-2-methylaniline,default,15,5,5,0.3333333333333333,0.3333333333333333,0
20447,"2,4-Dichlorophenyl benzenesulfonate",estimated,15,9,4,0.6,0.26666666666666666,5
47486,Methoxybenzyl alcohol,default,15,2,2,0.13333333333333333,0.13333333333333333,0
22107,2-Methylimidazole,default,15,3,3,0.2,0.2,0
27596,3-Methoxypropylamine,default,15,1,1,0.06666666666666667,0.06666666666666667,0
27798,N-Ethyl-2-methylallylamine,default,15,3,3,0.2,0.2,0
44744,2-Ethyl-4-methyl-1H-imidazole,default,15,1,1,0.06666666666666667,0.06666666666666667,0
44703,4-Chlorobenzonitrile,default,15,2,2,0.13333333333333333,0.13333333333333333,0
47716,"3-Methyl-1,2-cyclopentanedione",default,15,3,3,0.2,0.2,0
20288,4-Chloro-2-methylaniline hydrochloride,estimated,15,5,1,0.3333333333333333,0.06666666666666667,4
20361,Cyclohexylamine hydrochloride,default,15,5,5,0.3333333333333333,0.3333333333333333,0
20497,"1,2-Dimethyl-5-nitroimidazole",default,15,3,3,0.2,0.2,0
27211,"3,3-Dimethyl-1-butene",default,15,1,1,0.06666666666666667,0.06666666666666667,0
21147,Phenylhydrazine,estimated,15,6,2,0.4,0.13333333333333333,4
29359,1-Methoxy-2-propylamine,default,15,2,2,0.13333333333333333,0.13333333333333333,0
44804,N-(2-Hydroxyethyl)acetamide,default,15,1,1,0.06666666666666667,0.06666666666666667,0
44910,"Hex-3-yne-2,5-diol",estimated,15,8,3,0.5333333333333333,0.2,5
20308,2-(Chloromethyl)pyridine hydrochloride,default,15,3,3,0.2,0.2,0
20401,"2,4-Diaminophenol dihydrochloride",estimated,15,8,2,0.5333333333333333,0.13333333333333333,6
20504,4-Dimethylaminoantipyrine,default,15,7,7,0.4666666666666667,0.4666666666666667,0
20838,3'-Methyl-4-(dimethylamino)azobenzene,estimated,15,12,7,0.8,0.4666666666666667,5
47657,"1,3-Nonanediol monoacetate",default,15,2,2,0.13333333333333333,0.13333333333333333,0
47461,3-Pyridinamine,default,15,2,2,0.13333333333333333,0.13333333333333333,0
47145,"3,3-Dimethylacrylic acid",default,15,1,1,0.06666666666666667,0.06666666666666667,0
20222,N-Butylurea,default,15,4,4,0.26666666666666666,0.26666666666666666,0
20309,3-(Chloromethyl)pyridine hydrochloride,default,15,5,5,0.3333333333333333,0.3333333333333333,0
20410,Dibenzo-p-dioxin,default,15,5,5,0.3333333333333333,0.3333333333333333,0
20539,Diphenylacetonitrile,estimated,15,4,2,0.26666666666666666,0.13333333333333333,2
20902,Monocrotaline,default,15,4,4,0.26666666666666666,0.26666666666666666,0
47465,6-(1-Methylethyl)quinoline,default,15,3,3,0.2,0.2,0
47463,"Tricyclo(5.2.1.02,6)decane-8-one",default,15,4,4,0.26666666666666666,0.26666666666666666,0
21039,Nitrosoheptamethyleneimine,default,15,3,3,0.2,0.2,0
26608,Methylenebutanedioic acid,default,15,2,2,0.13333333333333333,0.13333333333333333,0
20423,Mucochloric acid,estimated,15,8,4,0.5333333333333333,0.26666666666666666,4
47470,Methoxybenzyl acetate,default,15,1,1,0.06666666666666667,0.06666666666666667,0
20421,"2,3-Dichloro-p-dioxane",default,15,3,3,0.2,0.2,0
25793,1-Nitro-2-(trifluoromethyl)benzene,default,15,3,3,0.2,0.2,0
30428,5-(Hydroxymethyl)-2-furfural,default,15,1,1,0.06666666666666667,0.06666666666666667,0
20314,Tetrasul,default,15,3,3,0.2,0.2,0
20424,Chloranocryl,estimated,15,8,2,0.5333333333333333,0.13333333333333333,6
20917,N-(1-Naphthyl)ethylenediamine dihydrochloride,estimated,15,10,5,0.6666666666666666,0.3333333333333333,5
20962,1-Methoxy-2-nitrobenzene,default,15,2,2,0.13333333333333333,0.13333333333333333,0
27544,2-Butenoic acid,default,15,4,4,0.26666666666666666,0.26666666666666666,0
24918,Diallylamine,default,15,5,5,0.3333333333333333,0.3333333333333333,0
27341,2-(2-Aminoethoxy)ethanol,default,15,7,7,0.4666666666666667,0.4666666666666667,0
22016,"1,4-Diazabicyclo[2.2.2]octane",estimated,15,3,0,0.2,0.0,3
40316,Nickel chloride,default,15,6,6,0.4,0.4,0
20427,"2,6-Dichloro-1,4-benzenediamine",estimated,15,8,4,0.5333333333333333,0.26666666666666666,4
20721,3-Hydroxy-4-butyrophenetidide,default,15,1,1,0.06666666666666667,0.06666666666666667,0
20956,4-Hydroxy-3-nitrophenylarsonic acid,default,15,2,2,0.13333333333333333,0.13333333333333333,0
21479,"2,7-Acetylaminofluorene",default,15,3,3,0.2,0.2,0
21627,5-Methyl-2-furancarboxylic acid,default,15,1,1,0.06666666666666667,0.06666666666666667,0
24931,Dipentylamine,default,15,3,3,0.2,0.2,0
25508,(+-)-Lipoic acid,default,15,5,5,0.3333333333333333,0.3333333333333333,0
26174,Triallylamine,default,15,3,3,0.2,0.2,0
26975,2-Methyl-5-nitrobenzenesulfonic acid,default,15,3,3,0.2,0.2,0
27542,"Disodium 2,2'-(ethene-1,2-diyl)bis(5-nitrobenzene-1-sulfonate)",default,15,2,2,0.13333333333333333,0.13333333333333333,0
21487,"1,2,4-Benzenetricarboxylic acid",default,15,2,2,0.13333333333333333,0.13333333333333333,0
24934,Diazoaminobenzene,estimated,15,10,6,0.6666666666666666,0.4,4
27585,4-(Diglycidylamino)phenyl glycidyl ether,estimated,15,9,6,0.6,0.4,3
21184,Prednisolone,default,15,6,6,0.4,0.4,0
23747,"2',3'-Dideoxycytidine",default,15,3,3,0.2,0.2,0
24937,Phenoxathiin,estimated,15,6,2,0.4,0.13333333333333333,4
26209,"2,3,6-Trichlorophenol",default,15,5,5,0.3333333333333333,0.3333333333333333,0
27604,2-[4-(Diethylamino)-2-hydroxybenzoyl]benzoic acid,default,15,6,6,0.4,0.4,0
21683,Tridecanedioic acid,estimated,15,5,0,0.3333333333333333,0.0,5
24465,2-Aminobenzimidazole,default,15,4,4,0.26666666666666666,0.26666666666666666,0
24966,"2,4-Dichloroaniline",default,15,4,4,0.26666666666666666,0.26666666666666666,0
25824,Palladium(II) chloride,default,15,6,6,0.4,0.4,0
27620,3'-Amino-4'-methoxyacetanilide,default,15,4,4,0.26666666666666666,0.26666666666666666,0
20965,6-Nitrobenzimidazole,default,15,3,3,0.2,0.2,0
21603,(E)-Hexadec-9-enoic acid,default,15,4,4,0.26666666666666666,0.26666666666666666,0
23973,4-Chlorophenyl methyl sulfide,default,15,2,2,0.13333333333333333,0.13333333333333333,0
24491,2-Amino-6-nitrobenzothiazole,estimated,15,6,4,0.4,0.26666666666666666,2
25138,"N,N-Dimethyl-4-nitrosoaniline",estimated,15,9,6,0.6,0.4,3
21275,Sodium diethyldithiocarbamate trihydrate,estimated,15,9,5,0.6,0.3333333333333333,4
23974,4-Chlorophenyl methyl sulfone,estimated,15,2,0,0.13333333333333333,0.0,2
25873,Phenoxyacetic acid,default,15,2,2,0.13333333333333333,0.13333333333333333,0
27346,Trichloromethylstannane,default,15,3,3,0.2,0.2,0
27803,"N-Ethyl-N-(3-methylphenyl)ethane-1,2-diamine",estimated,15,7,1,0.4666666666666667,0.06666666666666667,6
21117,Phenazone,default,15,3,3,0.2,0.2,0
21347,Thiouracil,default,15,4,4,0.26666666666666666,0.26666666666666666,0
21617,3-Methylbenzoic acid,default,15,4,4,0.26666666666666666,0.26666666666666666,0
22051,2-Tolualdehyde,default,15,3,3,0.2,0.2,0
24015,"4,4'-Dibromodiphenyl ether",default,15,9,9,0.6,0.6,0
24568,Benzenesulfonic acid,default,15,1,1,0.06666666666666667,0.06666666666666667,0
25346,Furfuryl acetate,default,15,3,3,0.2,0.2,0
27503,Isophorone diamine,default,15,4,4,0.26666666666666666,0.26666666666666666,0
27805,4-Methylphthalic anhydride,default,15,1,1,0.06666666666666667,0.06666666666666667,0
21118,Phenazopyridine hydrochloride,estimated,15,10,2,0.6666666666666666,0.13333333333333333,8
21282,Streptozotocin,default,15,1,1,0.06666666666666667,0.06666666666666667,0
21621,2-Methylbutanoic acid,default,15,2,2,0.13333333333333333,0.13333333333333333,0
24346,"1,2,4-Tribromobenzene",estimated,15,4,0,0.26666666666666666,0.0,4
24670,"1,2,3,4-Butanetetracarboxylic acid",default,15,1,1,0.06666666666666667,0.06666666666666667,0
25492,1-Chlorododecane,estimated,15,5,0,0.3333333333333333,0.0,5
26120,"3,3',5,5'-Tetramethylbenzidine",default,15,7,7,0.4666666666666667,0.4666666666666667,0
27512,Bis[2-(dimethylamino)ethyl]ether,estimated,15,3,1,0.2,0.06666666666666667,2
29166,Sodium 6-hydroxynaphthalene-2-sulfonate,default,15,1,1,0.06666666666666667,0.06666666666666667,0
29201,Potassium 6-hydroxynaphthalene-2-sulfonate,default,15,1,1,0.06666666666666667,0.06666666666666667,0
31591,Methoxyacetic acid,default,15,4,4,0.26666666666666666,0.26666666666666666,0
40697,"2,6-Dichlorotoluene",default,15,1,1,0.06666666666666667,0.06666666666666667,0
44696,3-{[3-(Aziridin-1-yl)propanoyl]oxy}-2-({[3-(aziridin-1-yl)propanoyl]oxy}methyl)-2-(hydroxymethyl)propyl 3-(aziridin-1-yl)propanoate,default,15,1,1,0.06666666666666667,0.06666666666666667,0
44765,3-Phenyl-2-propen-1-yl acetate,default,15,3,3,0.2,0.2,0
44816,"(2Z)-3,7-Dimethylocta-2,6-dienenitrile",default,15,3,3,0.2,0.2,0
44871,1-(2-Isocyanatopropan-2-yl)-3-(prop-1-en-2-yl)benzene,default,15,4,4,0.26666666666666666,0.26666666666666666,0
44909,Dimethoxy(methyl)phenylsilane,default,15,3,3,0.2,0.2,0
40732,4-Chlorophenyl isocyanate,estimated,15,6,1,0.4,0.06666666666666667,5
44604,"1,4-Bis[(ethenyloxy)methyl]cyclohexane",default,15,1,1,0.06666666666666667,0.06666666666666667,0
44716,1-Cyclohexylpyrrolidin-2-one,default,15,2,2,0.13333333333333333,0.13333333333333333,0
44767,2-(2-Pyridyl)ethanol,default,15,1,1,0.06666666666666667,0.06666666666666667,0
44832,"1,1-Dimethoxy-3,7-dimethylocta-2,6-diene",default,15,2,2,0.13333333333333333,0.13333333333333333,0
41803,Copper(I) iodide,default,15,7,7,0.4666666666666667,0.4666666666666667,0
44573,2-(2-Methylbutan-2-yl)cyclohexyl acetate,estimated,15,4,0,0.26666666666666666,0.0,4
44747,N-Butylphosphorothioic triamide,default,15,2,2,0.13333333333333333,0.13333333333333333,0
44769,Cyclamen aldehyde,default,15,2,2,0.13333333333333333,0.13333333333333333,0
44873,Decyl prop-2-enoate,default,15,2,2,0.13333333333333333,0.13333333333333333,0
44927,Bis(2-ethylhexyl) phosphonate,default,15,2,2,0.13333333333333333,0.13333333333333333,0
29364,4-Methoxy-2-methyl-N-phenylaniline,estimated,15,9,3,0.6,0.2,6
44413,1-Ethyl-2-pyrrolidinone,default,15,1,1,0.06666666666666667,0.06666666666666667,0
44574,"2,4-Dimethyl-3-cyclohexene-1-carboxaldehyde",default,15,2,2,0.13333333333333333,0.13333333333333333,0
44616,Tetrabutylphosphonium chloride,estimated,15,4,3,0.26666666666666666,0.2,1
44750,4-Methoxy-2-nitroaniline,default,15,2,2,0.13333333333333333,0.13333333333333333,0
44770,4-Methoxybenzyl acetate,default,15,1,1,0.06666666666666667,0.06666666666666667,0
44794,4-(Hydroxymethyl)-4-methyl-1-phenylpyrazolidin-3-one,default,15,6,6,0.4,0.4,0
44882,Di(ethylene glycol) dimethacrylate,default,15,2,2,0.13333333333333333,0.13333333333333333,0
30162,2-Acetylthiazole,default,15,3,3,0.2,0.2,0
37584,Pentachloroaniline,default,15,3,3,0.2,0.2,0
44440,"2,6-Di(butan-2-yl)phenol",estimated,15,7,1,0.4666666666666667,0.06666666666666667,6
44577,Calcium bromide,default,15,1,1,0.06666666666666667,0.06666666666666667,0
44620,"Trimethyl benzene-1,2,4-tricarboxylate",default,15,3,3,0.2,0.2,0
44753,"2,6-Dimethylhept-5-enal",default,15,3,3,0.2,0.2,0
44799,2-tert-Butylcyclohexanol,estimated,15,1,0,0.06666666666666667,0.0,1
44848,N-(Isobutoxymethyl)acrylamide,default,15,2,2,0.13333333333333333,0.13333333333333333,0
44883,Butane-1-sulfonyl chloride,default,15,1,1,0.06666666666666667,0.06666666666666667,0
44960,"1,3-Propanediol, bis(4-aminobenzoate)",estimated,15,8,1,0.5333333333333333,0.06666666666666667,7
31460,1-Butyl-1-methylpyrrolidinium chloride,default,15,3,3,0.2,0.2,0
44580,Pentaerythritol allyl ether,default,15,2,2,0.13333333333333333,0.13333333333333333,0
44644,N-Isopropylphthalimide,default,15,2,2,0.13333333333333333,0.13333333333333333,0
44776,2-Cyanoethyl prop-2-enoate,estimated,15,6,1,0.4,0.06666666666666667,5
44826,"3,7-Dimethyloctanal",default,15,3,3,0.2,0.2,0
44853,"Trisodium 2,4,6-trithioxo-1,3,5-triazinane-1,3,5-triide",default,15,1,1,0.06666666666666667,0.06666666666666667,0
44552,Aluminum hydroxide acetate (1:1:2),default,15,3,3,0.2,0.2,0
44658,"1H-Isoindole-1,3(2H)-diimine",estimated,15,8,2,0.5333333333333333,0.13333333333333333,6
44757,3-Methylbutyl 3-methylbutanoate,estimated,15,2,0,0.13333333333333333,0.0,2
44777,2-Hydroxy-1-[4-(2-hydroxyethoxy)phenyl]-2-methylpropan-1-one,default,15,1,1,0.06666666666666667,0.06666666666666667,0
44809,"3,7-Dimethyloct-6-en-3-ol",default,15,2,2,0.13333333333333333,0.13333333333333333,0
44827,Propylene glycol diacetate,default,15,1,1,0.06666666666666667,0.06666666666666667,0
44868,"N-(2,4-Dimethylphenyl)acetamide",default,15,1,1,0.06666666666666667,0.06666666666666667,0
44898,4-Ethenylphenyl acetate,default,15,4,4,0.26666666666666666,0.26666666666666666,0
44976,"2,2-Bis[(prop-2-en-1-yloxy)methyl]butan-1-ol",default,15,2,2,0.13333333333333333,0.13333333333333333,0
31462,N-Butylpyridinium chloride,default,15,1,1,0.06666666666666667,0.06666666666666667,0
44560,"5-Bromo-5-nitro-1,3-dioxane",estimated,15,11,2,0.7333333333333333,0.13333333333333333,9
44587,3-[Ethyl(phenyl)amino]propanenitrile,default,15,2,2,0.13333333333333333,0.13333333333333333,0
44689,N-(4-Methoxyphenyl)-3-oxobutanamide,estimated,15,3,0,0.2,0.0,3
44779,"1,4-Butanediol diacrylate",estimated,15,7,4,0.4666666666666667,0.26666666666666666,3
44830,2-Hydroxy-2-methylpropiophenone,default,15,2,2,0.13333333333333333,0.13333333333333333,0
44870,"Butane-1,4-diyl bis(2-methylprop-2-enoate)",default,15,4,4,0.26666666666666666,0.26666666666666666,0
44905,"2,2,6,6-Tetramethyl-4-piperidone 1-nitroxide",default,15,2,2,0.13333333333333333,0.13333333333333333,0
44983,2-(2-Ethoxyethoxy)ethyl acrylate,default,15,3,3,0.2,0.2,0
44985,{2-[2-(Ethenyloxy)ethoxy]ethoxy}ethene,default,15,1,1,0.06666666666666667,0.06666666666666667,0
47000,"1,2-Bis(2-chloroethoxy)ethane",default,15,3,3,0.2,0.2,0
47068,"cis-3,7-Dimethyl-2,6-octadien-1-yl acetate",default,15,1,1,0.06666666666666667,0.06666666666666667,0
47086,(E)-2-Nonenal,estimated,15,6,0,0.4,0.0,6
47142,beta-Cyclocitral,default,15,2,2,0.13333333333333333,0.13333333333333333,0
44986,"3,6,9,12-Tetraoxatetradeca-1,13-diene",default,15,1,1,0.06666666666666667,0.06666666666666667,0
47001,Phenylacetaldehyde dimethyl acetal,default,15,2,2,0.13333333333333333,0.13333333333333333,0
47045,Longifolene,default,15,2,2,0.13333333333333333,0.13333333333333333,0
47058,Ethyl levulinate,default,15,2,2,0.13333333333333333,0.13333333333333333,0
47071,2-Methylphenethyl alcohol,default,15,1,1,0.06666666666666667,0.06666666666666667,0
47087,Methyl 2-methoxybenzoate,default,15,1,1,0.06666666666666667,0.06666666666666667,0
47098,3-Phenylbutyraldehyde,default,15,4,4,0.26666666666666666,0.26666666666666666,0
47126,Ethyl o-anisate,default,15,4,4,0.26666666666666666,0.26666666666666666,0
47164,delta-Octanolactone,default,15,3,3,0.2,0.2,0
47188,2-Cyclohexylethyl acetate,default,15,3,3,0.2,0.2,0
47031,Tribenzylamine,default,15,7,7,0.4666666666666667,0.4666666666666667,0
47046,Butyl 2-methylbutyrate,default,15,4,4,0.26666666666666666,0.26666666666666666,0
47059,Butyrophenone,default,15,1,1,0.06666666666666667,0.06666666666666667,0
47072,"3,5,5-Trimethyl-2-cyclohexen-1-ol",default,15,3,3,0.2,0.2,0
47099,6-Hexyltetrahydro-2H-pyran-2-one,default,15,6,6,0.4,0.4,0
47115,"3,7-Dimethylocta-2,6-dienoic acid",default,15,1,1,0.06666666666666667,0.06666666666666667,0
47129,Methyl geranate,default,15,4,4,0.26666666666666666,0.26666666666666666,0
47152,Geranyl butyrate,estimated,15,4,0,0.26666666666666666,0.0,4
47165,Methyl benzodioxepinone,default,15,3,3,0.2,0.2,0
47189,Decyl acetate,default,15,2,2,0.13333333333333333,0.13333333333333333,0
47032,(-)-alpha-Cedrene,default,15,4,4,0.26666666666666666,0.26666666666666666,0
47050,Nootkatone,estimated,15,5,2,0.3333333333333333,0.13333333333333333,3
47074,Isobutyl benzoate,default,15,2,2,0.13333333333333333,0.13333333333333333,0
47088,beta-Homocyclocitral,default,15,4,4,0.26666666666666666,0.26666666666666666,0
47104,"trans,cis-2,6-Nonadienal",default,15,4,4,0.26666666666666666,0.26666666666666666,0
47116,(-)-Isopulegol,default,15,2,2,0.13333333333333333,0.13333333333333333,0
47130,Benzyl (2E)-2-methylbut-2-enoate,default,15,2,2,0.13333333333333333,0.13333333333333333,0
47158,2-Heptanol,default,15,2,2,0.13333333333333333,0.13333333333333333,0
47166,4-(4-Methoxyphenyl)-2-butanone,default,15,1,1,0.06666666666666667,0.06666666666666667,0
47190,gamma-Dodecalactone,default,15,5,5,0.3333333333333333,0.3333333333333333,0
44996,"3,3,5-Trimethylcyclohexanone",default,15,1,1,0.06666666666666667,0.06666666666666667,0
47034,"(2E,6Z)-1,1-diethoxynona-2,6-diene",default,15,5,5,0.3333333333333333,0.3333333333333333,0
47051,Ocimene-Limonene mixture,default,15,4,4,0.26666666666666666,0.26666666666666666,0
47061,Heptadecane,default,15,2,2,0.13333333333333333,0.13333333333333333,0
47078,(S)-Limonene,default,15,2,2,0.13333333333333333,0.13333333333333333,0
47091,1-Phenylethyl propionate,default,15,2,2,0.13333333333333333,0.13333333333333333,0
47105,2-Methoxy-4-methylphenol,estimated,15,4,0,0.26666666666666666,0.0,4
47117,Ytterbium(III) chloride,default,15,2,2,0.13333333333333333,0.13333333333333333,0
47131,3-Methyl-2-butenyl benzoate,estimated,15,2,0,0.13333333333333333,0.0,2
47159,p-Tolyl isovalerate,default,15,2,2,0.13333333333333333,0.13333333333333333,0
47169,5-Methyl-2-thiophenecarboxaldehyde,estimated,15,3,0,0.2,0.0,3
47038,4-Ethyl-2-methoxyphenol,default,15,2,2,0.13333333333333333,0.13333333333333333,0
47052,Valencene,default,15,5,5,0.3333333333333333,0.3333333333333333,0
47092,cis-Jasmone,default,15,4,4,0.26666666666666666,0.26666666666666666,0
47106,Citronellic acid,default,15,3,3,0.2,0.2,0
47120,"4'-tert-Butyl-2',6'-dimethylacetophenone",estimated,15,3,0,0.2,0.0,3
47136,Bromopentafluorobenzene,default,15,2,2,0.13333333333333333,0.13333333333333333,0
47174,Bis(2-butoxyethyl) phthalate,estimated,15,6,2,0.4,0.13333333333333333,4
47192,"trans-2,cis-6-Nonadien-1-ol",default,15,4,4,0.26666666666666666,0.26666666666666666,0
44998,Fluxofenim,default,15,4,4,0.26666666666666666,0.26666666666666666,0
47042,alpha-Irone,default,15,4,4,0.26666666666666666,0.26666666666666666,0
47053,(R)-alpha-Phellandrene,estimated,15,4,1,0.26666666666666666,0.06666666666666667,3
47081,2-tert-Butylcyclohexanone,default,15,2,2,0.13333333333333333,0.13333333333333333,0
47093,Methyl 2-octynoate,default,15,4,4,0.26666666666666666,0.26666666666666666,0
47107,"3,5,5-Trimethylhexanal",default,15,3,3,0.2,0.2,0
47123,Nonyl acetate,default,15,2,2,0.13333333333333333,0.13333333333333333,0
47139,5-Cyclohexadecen-1-one,estimated,15,8,4,0.5333333333333333,0.26666666666666666,4
47184,"2,3,5-Trimethylphenol",default,15,2,2,0.13333333333333333,0.13333333333333333,0
47193,Rhodinol,default,15,4,4,0.26666666666666666,0.26666666666666666,0
46567,4-Tolyl acetate,default,15,3,3,0.2,0.2,0
47044,Ethyl dodecanoate,default,15,2,2,0.13333333333333333,0.13333333333333333,0
47055,"2,6,10,10-Tetramethyl-1-oxaspiro[4.5]dec-6-ene",default,15,4,4,0.26666666666666666,0.26666666666666666,0
47066,"2,3-Hexanedione",default,15,2,2,0.13333333333333333,0.13333333333333333,0
47082,3-sec-Butyl-2-methoxypyrazine,default,15,1,1,0.06666666666666667,0.06666666666666667,0
47094,Ethyl benzoylacetate,default,15,4,4,0.26666666666666666,0.26666666666666666,0
47124,Heptyl acetate,default,15,1,1,0.06666666666666667,0.06666666666666667,0
47141,Cyclopentadecanone,estimated,15,7,0,0.4666666666666667,0.0,7
47161,"4-(1,3-Benzodioxol-5-yl)butan-2-one",default,15,2,2,0.13333333333333333,0.13333333333333333,0
47186,Isobutyl salicylate,default,15,2,2,0.13333333333333333,0.13333333333333333,0
47195,p-Mentha-8-thiol-3-one,estimated,15,3,0,0.2,0.0,3
47405,Citronellyl butyrate,default,15,4,4,0.26666666666666666,0.26666666666666666,0
47416,2-methyl-6-methylideneoct-7-en-2-yl acetate,default,15,2,2,0.13333333333333333,0.13333333333333333,0
47444,"6-Methyl-1,2,3,4-tetrahydroquinoline",default,15,5,5,0.3333333333333333,0.3333333333333333,0
47519,Hexyl isobutyrate,default,15,1,1,0.06666666666666667,0.06666666666666667,0
47560,(3Z)-Hex-3-en-1-yl hexanoate,estimated,15,2,0,0.13333333333333333,0.0,2
47582,Hexyl propanoate,default,15,1,1,0.06666666666666667,0.06666666666666667,0
47601,"1,1-Dimethylphenylethanol",default,15,1,1,0.06666666666666667,0.06666666666666667,0
47618,4-Pentanolide,default,15,2,2,0.13333333333333333,0.13333333333333333,0
47643,1-Cyclohexylethanol,default,15,1,1,0.06666666666666667,0.06666666666666667,0
47655,Octanenitrile,default,15,3,3,0.2,0.2,0
47700,(Z)-5-Octen-1-ol,estimated,15,1,0,0.06666666666666667,0.0,1
47408,"Methyl 3,7-dimethyloct-6-enoate",default,15,4,4,0.26666666666666666,0.26666666666666666,0
47419,5-Methyl-2-phenyl-2-hexenal,estimated,15,5,1,0.3333333333333333,0.06666666666666667,4
47547,Hydroxycitronellal dimethyl acetal,default,15,1,1,0.06666666666666667,0.06666666666666667,0
47562,(3Z)-Hex-3-en-1-yl (2E)-2-methylbut-2-enoate,default,15,1,1,0.06666666666666667,0.06666666666666667,0
47584,2-Phenylethyl hexanoate,default,15,3,3,0.2,0.2,0
47603,Benzyl 3-methylbutanoate,default,15,1,1,0.06666666666666667,0.06666666666666667,0
47622,Oxacycloheptadecan-2-one,estimated,15,5,0,0.3333333333333333,0.0,5
47644,Isoquinoline,default,15,3,3,0.2,0.2,0
47656,9-Decen-1-ol,default,15,4,4,0.26666666666666666,0.26666666666666666,0
47702,2-Propylphenol,default,15,4,4,0.26666666666666666,0.26666666666666666,0
47199,2-Methoxy-4-propylphenol,default,15,4,4,0.26666666666666666,0.26666666666666666,0
47410,Linalyl cinnamate,estimated,15,7,2,0.4666666666666667,0.13333333333333333,5
47420,4-(4-Hydroxy-3-methoxyphenyl)-2-butanone,default,15,6,6,0.4,0.4,0
47567,2-Phenylethyl 2-methylbutanoate,default,15,3,3,0.2,0.2,0
47585,(3Z)-Hex-3-en-1-yl 2-methylpropanoate,default,15,1,1,0.06666666666666667,0.06666666666666667,0
47604,2-Phenylethyl butanoate,estimated,15,1,0,0.06666666666666667,0.0,1
47623,Dihexyl nonanedioate,default,15,3,3,0.2,0.2,0
47645,Methyl 4-methoxybenzoate,default,15,3,3,0.2,0.2,0
47659,Methyl 3-nonenoate,default,15,2,2,0.13333333333333333,0.13333333333333333,0
47703,2-Methyl-4-oxo-4H-pyran-3-yl isobutyrate,default,15,2,2,0.13333333333333333,0.13333333333333333,0
47200,Dihydro-beta-ionone,default,15,4,4,0.26666666666666666,0.26666666666666666,0
47411,3-Phenylpropyl cinnamate,default,15,5,5,0.3333333333333333,0.3333333333333333,0
47422,1-(5-Isopropyl-2-methyl-cyclohex-2-enyl)-propan-1-one,default,15,3,3,0.2,0.2,0
47464,2-Ethyl-3-methylpyrazine,default,15,2,2,0.13333333333333333,0.13333333333333333,0
47570,"rel-(1S,5S)-3,3,5-Trimethylcyclohexanol",default,15,2,2,0.13333333333333333,0.13333333333333333,0
47587,(6Z)-Non-6-en-1-ol,default,15,3,3,0.2,0.2,0
47605,Phenethyl cinnamate,default,15,8,8,0.5333333333333333,0.5333333333333333,0
47624,Butyl undec-10-enoate,default,15,2,2,0.13333333333333333,0.13333333333333333,0
47646,Isobutyl 3-phenylacrylate,default,15,5,5,0.3333333333333333,0.3333333333333333,0
47667,2-Tridecenenitrile,default,15,4,4,0.26666666666666666,0.26666666666666666,0
47705,12-Oxahexadecanolide,estimated,15,7,0,0.4666666666666667,0.0,7
47424,"1,1'-Bi(cyclohexyl)-2-one",default,15,1,1,0.06666666666666667,0.06666666666666667,0
47490,Linalyl isobutyrate,default,15,3,3,0.2,0.2,0
47551,epsilon-Decalactone,default,15,3,3,0.2,0.2,0
47574,"3,7-Dimethylocta-1,6-dien-3-yl propanoate",default,15,4,4,0.26666666666666666,0.26666666666666666,0
47589,6-Amyl-alpha-pyrone,default,15,3,3,0.2,0.2,0
47608,3-Phenylprop-2-en-1-yl 2-methylpropanoate,default,15,3,3,0.2,0.2,0
47647,3-Phenyl-2-propen-1-yl 3-phenylacrylate,default,15,5,5,0.3333333333333333,0.3333333333333333,0
47682,4-Cyclohexyl-4-methyl-pentan-2-one,default,15,1,1,0.06666666666666667,0.06666666666666667,0
47706,"2-Methyl-4-propyl-1,3-oxathiane",default,15,1,1,0.06666666666666667,0.06666666666666667,0
47202,alpha-Farnesene,default,15,5,5,0.3333333333333333,0.3333333333333333,0
47413,Geranyl tiglate,default,15,6,6,0.4,0.4,0
47437,alpha-Hexyl-gamma-butyrolactone,default,15,3,3,0.2,0.2,0
47508,Salicylic acid p-tolyl ester,default,15,6,6,0.4,0.4,0
47552,Hexyl hexanoate,default,15,1,1,0.06666666666666667,0.06666666666666667,0
47591,Allyl-alpha-ionone,estimated,15,5,1,0.3333333333333333,0.06666666666666667,4
47609,4-Hydroxyoctanoic acid lactone,default,15,2,2,0.13333333333333333,0.13333333333333333,0
47636,Hexyl octanoate,estimated,15,2,0,0.13333333333333333,0.0,2
47648,3-Phenylpropyl acetate,default,15,2,2,0.13333333333333333,0.13333333333333333,0
47684,Phenethyl 2-methylcrotonate,default,15,4,4,0.26666666666666666,0.26666666666666666,0
47713,Anisyl propionate,default,15,3,3,0.2,0.2,0
47203,2-Phenoxyethyl propanoate,default,15,1,1,0.06666666666666667,0.06666666666666667,0
47414,"Hexa-2,4-dienyl isobutyrate",estimated,15,7,2,0.4666666666666667,0.13333333333333333,5
47440,4-Isopropylbenzonitrile,estimated,15,1,0,0.06666666666666667,0.0,1
47554,(3Z)-Hex-3-en-1-yl benzoate,default,15,4,4,0.26666666666666666,0.26666666666666666,0
47593,alpha-Phellandrene,default,15,4,4,0.26666666666666666,0.26666666666666666,0
47610,3-Phenylpropanal,default,15,4,4,0.26666666666666666,0.26666666666666666,0
47639,Methyl 2-nonynoate,default,15,3,3,0.2,0.2,0
47651,Ethyl nonanoate,default,15,2,2,0.13333333333333333,0.13333333333333333,0
47686,(3aR)-(+)-Sclareolide,estimated,15,9,1,0.6,0.06666666666666667,8
47717,4-Methyl-1-phenylpentan-2-ol,default,15,3,3,0.2,0.2,0
47399,Cashmeran,estimated,15,3,1,0.2,0.06666666666666667,2
47415,Ethyl linalool,default,15,3,3,0.2,0.2,0
47443,3-Methoxy-5-methylphenol,default,15,2,2,0.13333333333333333,0.13333333333333333,0
47511,Ethyl hexadecanoate,default,15,1,1,0.06666666666666667,0.06666666666666667,0
47559,Hexyl butyrate,default,15,1,1,0.06666666666666667,0.06666666666666667,0
47599,Hexyl 2-methylbutanoate,default,15,1,1,0.06666666666666667,0.06666666666666667,0
47617,2-Isopropyl-5-methylanisole,default,15,1,1,0.06666666666666667,0.06666666666666667,0
47654,Ethyl tetradecanoate,default,15,1,1,0.06666666666666667,0.06666666666666667,0
47697,Naphthalen-2-yl 2-aminobenzoate,estimated,15,8,4,0.5333333333333333,0.26666666666666666,4
44896,"1,3,5-Tris[3-(trimethoxysilyl)propyl]-1,3,5-triazinane-2,4,6-trione",default,15,3,3,0.2,0.2,0
23815,Dibromoacetic acid,default,15,2,2,0.13333333333333333,0.13333333333333333,0
58655,BPS-MPE4,estimated,14,7,4,0.5,0.2857142857142857,3
47135,2-Methylbenzenethiol,default,15,5,5,0.3333333333333333,0.3333333333333333,0
47179,Isocetyl stearate,default,15,2,2,0.13333333333333333,0.13333333333333333,0
47128,"3,3-Dimethylallyl acetate",default,15,2,2,0.13333333333333333,0.13333333333333333,0
27834,2-Carboxyethyl acrylate,default,15,3,3,0.2,0.2,0
20841,Methyl hesperidin,default,15,1,1,0.06666666666666667,0.06666666666666667,0
29286,"1,1,2,2-(4,4',4'',4'''-Tetraglycidyloxyphenyl)ethane",estimated,15,8,6,0.5333333333333333,0.4,2
44843,C.I. Solvent Red 140,estimated,15,10,1,0.6666666666666666,0.06666666666666667,9
24674,2-(2-Butoxyethoxy)ethyl thiocyanate,default,15,4,4,0.26666666666666666,0.26666666666666666,0
21998,Dibutyl butanedioate,default,15,3,3,0.2,0.2,0
28967,2-Chloro-5-trichloromethylpyridine,default,15,4,4,0.26666666666666666,0.26666666666666666,0
21002,N-Methyl-4-nitro-N-nitrosobenzenamine,default,15,5,5,0.3333333333333333,0.3333333333333333,0
22305,4-tert-Butylstyrene,default,15,1,1,0.06666666666666667,0.06666666666666667,0
44445,4-Bromobenzyl bromide,default,15,3,3,0.2,0.2,0
44721,2-(Dimethylamino)-2-methylpropan-1-ol,default,15,2,2,0.13333333333333333,0.13333333333333333,0
47406,Eugenyl phenylacetate,default,15,5,5,0.3333333333333333,0.3333333333333333,0
20697,"1-O-Hexyl-2,3,5-trimethylhydroquinone",estimated,15,11,4,0.7333333333333333,0.26666666666666666,7
23471,Physostigmine,default,15,7,7,0.4666666666666667,0.4666666666666667,0
27981,"4-Amino-6-tert-butyl-3-thioxo-3,4-dihydro-1,2,4-triazin-5(2H)-one",default,15,3,3,0.2,0.2,0
47029,Perfluorotetradecahydrophenanthrene,default,15,2,2,0.13333333333333333,0.13333333333333333,0
44849,"3-Amino-1,2,4-triazole-5-thiol",default,15,4,4,0.26666666666666666,0.26666666666666666,0
42269,Phenkapton,default,15,1,1,0.06666666666666667,0.06666666666666667,0
22307,Chloromethyl styrene,default,15,5,5,0.3333333333333333,0.3333333333333333,0
21962,N-Phenyl diethanolamine,default,15,2,2,0.13333333333333333,0.13333333333333333,0
44700,"N,N,N,N',N',N'-Hexamethylhexane-1,6-diaminium dichloride",default,14,3,3,0.21428571428571427,0.21428571428571427,0
21305,(R)-Tegafur,default,15,2,2,0.13333333333333333,0.13333333333333333,0
44342,Spirotetramat,default,15,6,6,0.4,0.4,0
40284,Chlorfenac,default,15,3,3,0.2,0.2,0
44371,4-Morpholinepropanesulfonic acid,default,15,1,1,0.06666666666666667,0.06666666666666667,0
41654,2-Ethylhexyl benzoate,default,15,6,6,0.4,0.4,0
40699,"p,p'-DDA",default,15,5,5,0.3333333333333333,0.3333333333333333,0
21938,1-Bromooctane,default,15,2,2,0.13333333333333333,0.13333333333333333,0
40693,Acetyl-L-carnitine hydrochloride,default,15,1,1,0.06666666666666667,0.06666666666666667,0
21022,"1,1′-(Nitrosoimino)bis[2-propanone]",default,15,1,1,0.06666666666666667,0.06666666666666667,0
20629,"N-(2-Fluorenyl)-2,2,2-trifluoroacetamide",default,15,8,8,0.5333333333333333,0.5333333333333333,0
20509,"5,5-Dimethylbarbituric acid",estimated,15,2,0,0.13333333333333333,0.0,2
44835,4-{2-Oxo-2-[3-(trifluoromethyl)phenyl]ethyl}benzonitrile,estimated,15,7,2,0.4666666666666667,0.13333333333333333,5
20357,Cyclocytidine,estimated,15,4,4,0.26666666666666666,0.26666666666666666,0
41809,Cyclamic acid,default,15,3,3,0.2,0.2,0
20631,4'-Fluoro-4-aminodiphenyl,default,15,7,7,0.4666666666666667,0.4666666666666667,0
40274,Dichlofenthion,default,15,6,6,0.4,0.4,0
44886,"5,5'-Bi-2-benzofuran-1,1',3,3'-tetrone",estimated,15,6,0,0.4,0.0,6
34762,"1,3-Bis(4-nitrophenyl)urea 4,6-dimethylpyrimidin-2-ol (1:1)",estimated,14,3,1,0.21428571428571427,0.07142857142857142,2
44535,Sodium 2-anthraquinonesulfonate,default,15,4,4,0.26666666666666666,0.26666666666666666,0
21214,Purpurin,estimated,15,8,2,0.5333333333333333,0.13333333333333333,6
22193,Benzyl methacrylate,default,15,2,2,0.13333333333333333,0.13333333333333333,0
44676,2-(Dodecyloxy)ethanol,estimated,15,6,0,0.4,0.0,6
26130,Tetrapropylammonium bromide,default,15,1,1,0.06666666666666667,0.06666666666666667,0
44215,Pantoprazole sodium,default,15,5,5,0.3333333333333333,0.3333333333333333,0
24100,Ethyl phthalyl ethyl glycolate,default,15,2,2,0.13333333333333333,0.13333333333333333,0
47426,dl-Carvone,default,15,2,2,0.13333333333333333,0.13333333333333333,0
40800,Etidronic acid monohydrate,estimated,15,3,0,0.2,0.0,3
44527,"Ethane-1,2-diyl bis(sulfanylacetate)",default,15,6,6,0.4,0.4,0
44543,"Disodium 3-hydroxynaphthalene-2,7-disulfonate",default,15,4,4,0.26666666666666666,0.26666666666666666,0
29534,"2,3-Dichloro-5-(trichloromethyl)pyridine",estimated,15,6,2,0.4,0.13333333333333333,4
32314,"4,4-Dimethyl oxazolidine",default,14,2,2,0.14285714285714285,0.14285714285714285,0
21040,N-Nitrosohexamethyleneimine,default,15,3,3,0.2,0.2,0
41439,2-Methylanthraquinone,default,15,7,7,0.4666666666666667,0.4666666666666667,0
38770,Zinc acetate,default,15,3,3,0.2,0.2,0
46999,"2,6-Dimethoxybenzoic acid",estimated,15,2,0,0.13333333333333333,0.0,2
44465,"2,4-Diaminobenzenesulfonic acid",default,15,1,1,0.06666666666666667,0.06666666666666667,0
28492,C12-16-Alkylbenzyldimethylammonium chlorides,estimated,14,11,6,0.7857142857142857,0.42857142857142855,5
44368,Dodecanoyl chloride,estimated,14,5,0,0.35714285714285715,0.0,5
29251,Monomethyl maleate,default,15,2,2,0.13333333333333333,0.13333333333333333,0
44500,Dodecane-1-sulfonyl chloride,default,14,2,2,0.14285714285714285,0.14285714285714285,0
22284,2-Butanamine,default,15,2,2,0.13333333333333333,0.13333333333333333,0
22172,Aminocarb,default,15,7,7,0.4666666666666667,0.4666666666666667,0
42440,Teflubenzuron,default,15,3,3,0.2,0.2,0
41672,Diethyl dithiobis(thionoformate),default,15,5,5,0.3333333333333333,0.3333333333333333,0
44461,5-Methyl-2-(1-methylethenyl)cyclohexanol,default,14,3,3,0.21428571428571427,0.21428571428571427,0
44690,"1,1'-[Ethane-1,2-diylbis(oxy)]bis(3-methylbenzene)",default,15,4,4,0.26666666666666666,0.26666666666666666,0
44752,Diprop-2-en-1-yl (2Z)-but-2-enedioate,default,15,5,5,0.3333333333333333,0.3333333333333333,0
51444,"4,4'-(1-Phenylethylidene)bisphenol",estimated,14,9,4,0.6428571428571429,0.2857142857142857,5
27978,"3-[3,5-DI(tert-butyl)-4-hydroxyphenyl]propanohydrazide",default,15,5,5,0.3333333333333333,0.3333333333333333,0
20184,C.I. Direct Black 38,estimated,15,8,2,0.5333333333333333,0.13333333333333333,6
42083,Kadethrin,estimated,15,8,4,0.5333333333333333,0.26666666666666666,4
34460,Clofencet-potassium,default,14,2,2,0.14285714285714285,0.14285714285714285,0
47137,Betamethasone 21-phosphate disodium,default,15,5,5,0.3333333333333333,0.3333333333333333,0
44398,"N-[5-(Phenylimino)-1,3-pentadien-1-yl]aniline hydrochloride (1:1)",default,15,5,5,0.3333333333333333,0.3333333333333333,0
44981,Phenyl dihydrogen phosphate,default,15,4,4,0.26666666666666666,0.26666666666666666,0
35790,Sodium 2-methoxy-5-nitrophenolate,default,14,3,3,0.21428571428571427,0.21428571428571427,0
47721,Petitgrain oil,default,15,4,4,0.26666666666666666,0.26666666666666666,0
44409,"1,6-Dichlorohexane",default,15,1,1,0.06666666666666667,0.06666666666666667,0
27830,"3-(Chloromethyl)-1,2,3-benzotriazin-4(3H)-one",default,15,2,2,0.13333333333333333,0.13333333333333333,0
44503,C.I. Disperse Yellow 64,estimated,15,10,6,0.6666666666666666,0.4,4
44970,"2-(3a,4,5,6,7,7a-Hexahydro-1H-4,7-methanoinden-8-yloxy)ethyl prop-2-enoate",default,14,1,1,0.07142857142857142,0.07142857142857142,0
32406,Fosamine ammonium,default,15,1,1,0.06666666666666667,0.06666666666666667,0
47173,Sodium pantothenate,default,15,2,2,0.13333333333333333,0.13333333333333333,0
20210,Butyl-N-(4-hydroxybutyl)nitrosamine,default,15,3,3,0.2,0.2,0
47177,4-Phenyltoluene,estimated,15,4,0,0.26666666666666666,0.0,4
44793,Sodium 3-chloro-2-hydroxypropylsulfonate,default,15,2,2,0.13333333333333333,0.13333333333333333,0
44869,4-(3-Phenylpropyl)pyridine,estimated,15,7,1,0.4666666666666667,0.06666666666666667,6
27281,"2,3-Quinolinedicarboxylic acid",default,15,4,4,0.26666666666666666,0.26666666666666666,0
24629,Bixin,default,15,7,7,0.4666666666666667,0.4666666666666667,0
22084,4-Ethoxy-2-nitroaniline,estimated,15,4,1,0.26666666666666666,0.06666666666666667,3
20612,Ethylphenylacetylurea,default,15,1,1,0.06666666666666667,0.06666666666666667,0
44316,4-Methylbenzenesulfonic acid hydrate,default,15,2,2,0.13333333333333333,0.13333333333333333,0
44201,Quetiapine fumarate,estimated,15,8,1,0.5333333333333333,0.06666666666666667,7
38813,Isophthalyl dihydrazide,default,15,4,4,0.26666666666666666,0.26666666666666666,0
40703,4-tert-Butylbenzoic acid,default,15,2,2,0.13333333333333333,0.13333333333333333,0
21128,"1-Phenyl-3,3-dimethyltriazene",default,15,2,2,0.13333333333333333,0.13333333333333333,0
44889,"2,5-Di-tert-butylcyclohexa-2,5-diene-1,4-dione",estimated,14,5,4,0.35714285714285715,0.2857142857142857,1
21799,"N,N-Diethylcyclohexylamine",default,15,1,1,0.06666666666666667,0.06666666666666667,0
47156,"2-(2-Butyl)-4,5-dimethyl-3-thiazoline",default,15,3,3,0.2,0.2,0
22009,Dihexylamine,default,15,4,4,0.26666666666666666,0.26666666666666666,0
20118,Azaserine,estimated,15,4,0,0.26666666666666666,0.0,4
44534,4-Acetylphenyl acetate,default,15,2,2,0.13333333333333333,0.13333333333333333,0
21472,N-Nitroso-N-methylurethane,default,15,2,2,0.13333333333333333,0.13333333333333333,0
20703,Hydrazine sulfate,default,15,3,3,0.2,0.2,0
42210,N-Methylpyrrolidine,default,15,2,2,0.13333333333333333,0.13333333333333333,0
20441,"alpha-(2,5-Dichlorophenoxy)propionic acid",default,15,3,3,0.2,0.2,0
44782,"1-Amino-4-bromo-9,10-dioxo-9,10-dihydroanthracene-2-sulfonic acid",estimated,15,7,1,0.4666666666666667,0.06666666666666667,6
21822,"N,N-Diisopropylaminoethanol",default,15,1,1,0.06666666666666667,0.06666666666666667,0
38876,Phenyl 1-hydroxy-2-naphthoate,default,15,8,8,0.5333333333333333,0.5333333333333333,0
38798,"1,2-Diethoxybenzene",default,15,1,1,0.06666666666666667,0.06666666666666667,0
44629,"4,4'-Diazene-1,2-diylbis(4-cyanopentanoic acid)",default,15,1,1,0.06666666666666667,0.06666666666666667,0
25977,Pyrazineethanethiol,default,15,6,6,0.4,0.4,0
20728,2-Hydroxyethylhydrazine,default,15,2,2,0.13333333333333333,0.13333333333333333,0
21081,C.I. Acid Orange 3,estimated,15,5,0,0.3333333333333333,0.0,5
20948,"5-(5-Nitro-2-furyl)-1,3,4-oxadiazole-2-ol",estimated,15,6,3,0.4,0.2,3
27759,"2-Amino-2,3-dimethylbutanenitrile",default,15,2,2,0.13333333333333333,0.13333333333333333,0
44227,Pramipexole dihydrochloride monohydrate,default,15,4,4,0.26666666666666666,0.26666666666666666,0
44177,Nutmeg oil,estimated,15,5,2,0.3333333333333333,0.13333333333333333,3
44958,Trimethylsilyl silicate,default,15,1,1,0.06666666666666667,0.06666666666666667,0
27806,Potassium anilinoacetate,default,15,4,4,0.26666666666666666,0.26666666666666666,0
47157,3-(2-Methyl-3-furylthio)-4-heptanone,estimated,15,4,1,0.26666666666666666,0.06666666666666667,3
44221,Indinavir sulfate,estimated,15,7,2,0.4666666666666667,0.13333333333333333,5
23244,"(2R,3R,4R,5S)-6-(Methylamino)hexane-1,2,3,4,5-pentol",estimated,15,2,0,0.13333333333333333,0.0,2
40720,"4-Amino-2,6-dichlorophenol",estimated,15,7,5,0.4666666666666667,0.3333333333333333,2
44892,Diphenyl phosphorochloridate,default,15,2,2,0.13333333333333333,0.13333333333333333,0
21802,"1,1'-Bicyclohexyl",estimated,15,6,0,0.4,0.0,6
22138,trans-Hex-3-en-1-ol,default,15,3,3,0.2,0.2,0
27561,"Dimethyl 3,3'-thiodipropionate",default,15,2,2,0.13333333333333333,0.13333333333333333,0
44661,2-(2H-Benzotriazol-2-yl)-6-(butan-2-yl)-4-tert-butylphenol,default,14,3,3,0.21428571428571427,0.21428571428571427,0
40289,6-Chloro-2-picolinic acid,estimated,15,4,0,0.26666666666666666,0.0,4
47642,Linalyl formate,default,15,4,4,0.26666666666666666,0.26666666666666666,0
20252,Carbromal,default,15,3,3,0.2,0.2,0
21721,Strychnine hemisulphate salt,estimated,15,5,1,0.3333333333333333,0.06666666666666667,4
47614,Geranyl formate,default,15,1,1,0.06666666666666667,0.06666666666666667,0
21189,Procarbazine,default,15,4,4,0.26666666666666666,0.26666666666666666,0
29232,Pentasodium nitrilotris(methylenephosphonate),estimated,14,1,0,0.07142857142857142,0.0,1
44800,Sodium dibutylcarbamodithioate,default,15,6,6,0.4,0.4,0
42498,Triphenylbismuth,estimated,15,10,6,0.6666666666666666,0.4,4
46998,Tributylphosphine,default,15,3,3,0.2,0.2,0
25670,4-Methylumbelliferone,default,15,5,5,0.3333333333333333,0.3333333333333333,0
44340,Florasulam,default,15,3,3,0.2,0.2,0
44664,Todralazine hydrochloride,default,15,3,3,0.2,0.2,0
41420,2-Furancarboxylic acid,default,15,2,2,0.13333333333333333,0.13333333333333333,0
44719,"Dipropyl 3,4,5,6-tetrachlorobenzene-1,2-dicarboxylate",default,15,6,6,0.4,0.4,0
44702,N-Benzyl-N-hydroxy-1-phenylmethanamine,default,15,3,3,0.2,0.2,0
45254,21-Hydroxyprogesterone,estimated,15,6,5,0.4,0.3333333333333333,1
21656,Phenylacetic acid,default,15,3,3,0.2,0.2,0
44798,Sodium diisobutyldithiophosphinate,estimated,15,7,3,0.4666666666666667,0.2,4
22912,Diatrizoate sodium,default,15,1,1,0.06666666666666667,0.06666666666666667,0
38824,"1,4-Dioxane-2,3-diol",default,15,1,1,0.06666666666666667,0.06666666666666667,0
44621,"3,3'-(1,1,3,3-Tetramethyldisiloxane-1,3-diyl)dipropan-1-amine",default,15,3,3,0.2,0.2,0
44846,4-Chloro-3-nitrobenzaldehyde,estimated,15,6,2,0.4,0.13333333333333333,4
47891,Bisphenol E,estimated,15,7,2,0.4666666666666667,0.13333333333333333,5
38756,4-Fluorobenzaldehyde,default,15,2,2,0.13333333333333333,0.13333333333333333,0
20072,4-Biphenylamine hydrochloride,default,15,6,6,0.4,0.4,0
38855,1-Chloro-2-(chloromethyl)-3-fluorobenzene,default,15,4,4,0.26666666666666666,0.26666666666666666,0
21801,2-(N-Ethyl-m-toluidino)ethanol,default,15,3,3,0.2,0.2,0
40154,N-(3-Dimethylaminopropyl)methacrylamide,default,15,2,2,0.13333333333333333,0.13333333333333333,0
20829,2-Methoxy-2-phenylacetic acid,default,15,1,1,0.06666666666666667,0.06666666666666667,0
40326,8-Hydroxyquinoline citrate,estimated,15,8,5,0.5333333333333333,0.3333333333333333,3
44859,"5,5'-Oxybis(2-benzofuran-1,3-dione)",default,15,1,1,0.06666666666666667,0.06666666666666667,0
34792,Oxycarboxin,estimated,15,6,5,0.4,0.3333333333333333,1
28114,2-(Ethyl(3-methylphenyl)amino)acetonitrile,default,15,2,2,0.13333333333333333,0.13333333333333333,0
44790,3-Methyl-N-phenylaniline,estimated,15,7,0,0.4666666666666667,0.0,7
44595,"1-(4-Chlorophenyl)-4,4-dimethylpent-1-en-3-one",default,15,5,5,0.3333333333333333,0.3333333333333333,0
22246,"1,4-Piperazinedipropanamine",default,15,4,4,0.26666666666666666,0.26666666666666666,0
44727,N-Cyclohexyl-N-methylcyclohexanamine,default,15,4,4,0.26666666666666666,0.26666666666666666,0
26557,"2,2'-(3-Chlorophenylimino)diethanol",default,15,3,3,0.2,0.2,0
47412,1-(4-Methoxyphenyl)-1-pentene-3-one,default,15,5,5,0.3333333333333333,0.3333333333333333,0
42349,Prothiofos,default,15,8,8,0.5333333333333333,0.5333333333333333,0
34833,Potassium 1-naphthaleneacetate,default,14,1,1,0.07142857142857142,0.07142857142857142,0
32536,Cyphenothrin,default,14,3,3,0.21428571428571427,0.21428571428571427,0
44980,3-{[3-(Dimethylamino)propyl]amino}propanenitrile,default,14,1,1,0.07142857142857142,0.07142857142857142,0
47096,Piperazine dihydrochloride,default,14,1,1,0.07142857142857142,0.07142857142857142,0
43950,Tiron,default,14,1,1,0.07142857142857142,0.07142857142857142,0
35620,"(1S,5S)-4,6,6-Trimethylbicyclo[3.1.1]hept-3-en-2-one",default,14,1,1,0.07142857142857142,0.07142857142857142,0
38831,2-Methoxyethyl cyanoacetate,default,14,2,2,0.14285714285714285,0.14285714285714285,0
44772,Citronellyl formate,default,15,6,6,0.4,0.4,0
44858,5-Phenyl-1H-tetrazole,estimated,14,3,0,0.21428571428571427,0.0,3
44931,2-(tert-Butylamino)ethyl 2-methylprop-2-enoate,default,14,1,1,0.07142857142857142,0.07142857142857142,0
47428,(4-Methylphenoxy) acetic acid ethyl ester,default,14,3,3,0.21428571428571427,0.21428571428571427,0
42051,1-(o-Tolyl)biguanide,default,14,2,2,0.14285714285714285,0.14285714285714285,0
40295,Propamocarb,default,14,2,2,0.14285714285714285,0.14285714285714285,0
37748,"2,2,4,4,6,6-Hexamethylcyclotrisilazane",default,14,2,2,0.14285714285714285,0.14285714285714285,0
44974,"N'-[3-(Dimethylamino)propyl]-N,N-dimethylpropane-1,3-diamine",default,14,2,2,0.14285714285714285,0.14285714285714285,0
44559,Profluralin,estimated,14,5,1,0.35714285714285715,0.07142857142857142,4
37626,"4,4'-Dichlorobenzophenone",default,14,2,2,0.14285714285714285,0.14285714285714285,0
27084,Proxan-sodium,estimated,14,6,3,0.42857142857142855,0.21428571428571427,3
34382,Bioresmethrin,default,14,4,4,0.2857142857142857,0.2857142857142857,0
35286,(E)-11-Tetradecenyl acetate,default,14,5,5,0.35714285714285715,0.35714285714285715,0
35753,Ethyl 3-(N-butylacetamido)propionate,default,14,2,2,0.14285714285714285,0.14285714285714285,0
47155,L-Glutamic acid hydrochloride,default,14,2,2,0.14285714285714285,0.14285714285714285,0
40296,"2,3,6-Trichlorobenzoic acid",default,14,3,3,0.21428571428571427,0.21428571428571427,0
34729,Methyl 9-hydroxy-9H-fluorene-9-carboxylate,default,14,2,2,0.14285714285714285,0.14285714285714285,0
35305,(E)-5-Decen-1-ol,default,14,6,6,0.42857142857142855,0.42857142857142855,0
41238,"1,3-Cyclohexanedimethanamine",default,15,1,1,0.06666666666666667,0.06666666666666667,0
32375,Diflufenzopyr-sodium,default,15,3,3,0.2,0.2,0
35592,(E)-4-Tridecen-l-yl acetate,default,14,5,5,0.35714285714285715,0.35714285714285715,0
44565,"3,3'-[Oxybis(ethane-2,1-diyloxy)]dipropan-1-amine",estimated,14,6,1,0.42857142857142855,0.07142857142857142,5
42468,"3,3-Dimethyl-1-(methylthio)butanone-O-(N-methylcarbamoyl)oxime",default,14,6,6,0.42857142857142855,0.42857142857142855,0
40686,(+)-(S)-Naproxen,default,14,1,1,0.07142857142857142,0.07142857142857142,0
35156,2-Phenylethyl propionate,estimated,15,5,1,0.3333333333333333,0.06666666666666667,4
44405,Aminoguanidine hydrochloride,default,14,4,4,0.2857142857142857,0.2857142857142857,0
32474,Siduron,default,14,4,4,0.2857142857142857,0.2857142857142857,0
44408,2-Morpholinoethylamine,default,14,1,1,0.07142857142857142,0.07142857142857142,0
35206,Diallyl disulfide,default,14,5,5,0.35714285714285715,0.35714285714285715,0
47896,Enzacamene,estimated,15,9,4,0.6,0.26666666666666666,5
61315,Benzothiazolone,default,2,1,1,0.5,0.5,0
274236,2-(Methylthio)benzothiazole,default,2,2,2,1.0,1.0,0
274235,DL-Goitrin,default,2,1,1,0.5,0.5,0
62153,Butyl salicylate,default,2,1,1,0.5,0.5,0
24467,2-Aminobenzothiazole,default,15,5,5,0.3333333333333333,0.3333333333333333,0
26126,"1,1,3,3-Tetramethyl-2-thiourea",default,2,1,1,0.5,0.5,0
41372,"2,5-Dichloro-3-nitrobenzoic acid",default,15,2,2,0.13333333333333333,0.13333333333333333,0
44948,Methyl 5-chloro-2-nitrobenzoate,default,15,4,4,0.26666666666666666,0.26666666666666666,0
46976,4-Methylumbelliferone hydrate,default,15,6,6,0.4,0.4,0
47084,2-Acetylpyrrole,default,15,1,1,0.06666666666666667,0.06666666666666667,0
44356,N-Benzylethanolamine,default,15,1,1,0.06666666666666667,0.06666666666666667,0
44320,Diethylamine hydrochloride,default,15,2,2,0.13333333333333333,0.13333333333333333,0
41575,Diglycolic acid,default,15,2,2,0.13333333333333333,0.13333333333333333,0
44763,Parbenate,default,15,4,4,0.26666666666666666,0.26666666666666666,0
44847,Tetraisopropyl methylenediphosphonate,default,15,3,3,0.2,0.2,0
44880,2-[2-(2-Propoxyethoxy)ethoxy]ethanol,default,15,1,1,0.06666666666666667,0.06666666666666667,0
41321,"2,3-Butanediol",default,15,3,3,0.2,0.2,0
41692,Dimethyl acetylsuccinate,default,15,1,1,0.06666666666666667,0.06666666666666667,0
44318,Chloramine T hydrate (1:x),default,15,3,3,0.2,0.2,0
44509,"3,4,5,6-Tetrachloropyridine-2-carboxylic acid",default,15,6,6,0.4,0.4,0
41467,"3,4-Dichloro-5-isothiazolecarboxylic acid",default,15,4,4,0.26666666666666666,0.26666666666666666,0
41317,"2,3,5-Triiodobenzoic acid",default,15,4,4,0.26666666666666666,0.26666666666666666,0
41190,(4S)-4-(1-Methylethenyl)-1-cyclohexene-1-carboxaldehyde,default,15,4,4,0.26666666666666666,0.26666666666666666,0
44863,Ethyl 3-acetyl-4-oxopentanoate,default,15,1,1,0.06666666666666667,0.06666666666666667,0
41528,4-Pyridinecarbonitrile,default,15,1,1,0.06666666666666667,0.06666666666666667,0
47236,(S)-Citronellene,default,15,1,1,0.06666666666666667,0.06666666666666667,0
44929,1-(Methylsulfanyl)dodecane,default,15,3,3,0.2,0.2,0
41356,"2,4-DB-sodium",default,15,4,4,0.26666666666666666,0.26666666666666666,0
41256,"1,5-Pentanediol",default,15,2,2,0.13333333333333333,0.13333333333333333,0
44502,"2,2'-[Benzene-1,3-diylbis(oxy)]diethanol",default,15,4,4,0.26666666666666666,0.26666666666666666,0
44361,Hexanedihydrazide,default,15,1,1,0.06666666666666667,0.06666666666666667,0
44999,"4-(3-Methyl-5-oxo-4,5-dihydro-1H-pyrazol-1-yl)benzenesulfonic acid",default,15,1,1,0.06666666666666667,0.06666666666666667,0
44678,Orphenadrine dihydrogen citrate,estimated,15,8,1,0.5333333333333333,0.06666666666666667,7
41518,4-Methoxybenzeneethanol,default,15,3,3,0.2,0.2,0
44911,Isooctyl 3-mercaptopropionate,default,15,2,2,0.13333333333333333,0.13333333333333333,0
44773,Ethylene glycol phenyl ether methacrylate,estimated,15,7,0,0.4666666666666667,0.0,7
41507,4-Chloro-2-methylanisole,default,15,3,3,0.2,0.2,0
44317,8-Hydroxyquinoline-5-sulfonic acid hydrate (1:x),default,15,4,4,0.26666666666666666,0.26666666666666666,0
40664,Crotamiton,default,15,3,3,0.2,0.2,0
41388,2-(Methacryloyloxy)ethyl acetoacetate,default,15,1,1,0.06666666666666667,0.06666666666666667,0
41423,N-Vinylcaprolactam,default,15,1,1,0.06666666666666667,0.06666666666666667,0
41185,"(2,4-Dichlorophenyl)acetonitrile",default,15,3,3,0.2,0.2,0
44759,"1,1,3,3,5,5,7,7-Octamethyltetrasiloxane",default,15,4,4,0.26666666666666666,0.26666666666666666,0
41396,2-Butanethiol,default,15,1,1,0.06666666666666667,0.06666666666666667,0
37570,Methabenzthiazuron,default,15,7,7,0.4666666666666667,0.4666666666666667,0
44355,Dibenzylamine,default,15,4,4,0.26666666666666666,0.26666666666666666,0
41361,"2,4-Dichloro-6-nitroaniline",default,15,5,5,0.3333333333333333,0.3333333333333333,0
35163,"1,2,4-Trimethoxybenzene",default,15,2,2,0.13333333333333333,0.13333333333333333,0
41983,Fluoroglycofen-ethyl,estimated,15,8,2,0.5333333333333333,0.13333333333333333,6
41540,5-Nitroisophthalic acid,default,15,1,1,0.06666666666666667,0.06666666666666667,0
47454,Diprogulic acid,default,15,2,2,0.13333333333333333,0.13333333333333333,0
42365,"6-Ethoxy-2,2,4-trimethyl-1,2,3,4-tetrahydroquinoline",estimated,15,5,2,0.3333333333333333,0.13333333333333333,3
42143,Methyl 1-naphthaleneacetate,default,15,4,4,0.26666666666666666,0.26666666666666666,0
44315,"1,5-Naphthalenedisulfonic acid, disodium salt hydrate",default,15,1,1,0.06666666666666667,0.06666666666666667,0
37596,Simetryn,default,15,3,3,0.2,0.2,0
41460,3-(Trifluoromethyl)benzoic acid,default,15,1,1,0.06666666666666667,0.06666666666666667,0
47469,"N,N,N',N'-Tetramethyltrimethylenediamine",default,15,2,2,0.13333333333333333,0.13333333333333333,0
42263,Pentachlorothioanisole,estimated,15,6,4,0.4,0.26666666666666666,2
47056,"N,N-Didodecyl-1-dodecanamine",default,15,2,2,0.13333333333333333,0.13333333333333333,0
25609,Methyl formate,default,15,3,3,0.2,0.2,0
41615,Aziprotryne,estimated,15,4,1,0.26666666666666666,0.06666666666666667,3
41844,Glucurolactone,default,15,1,1,0.06666666666666667,0.06666666666666667,0
41441,(2-Methylphenoxy)acetic acid,default,15,2,2,0.13333333333333333,0.13333333333333333,0
41362,"2,4-Dichlorobenzyl alcohol",default,15,2,2,0.13333333333333333,0.13333333333333333,0
41699,Buturon,estimated,15,5,1,0.3333333333333333,0.06666666666666667,4
42574,Sulpiride,estimated,14,4,0,0.2857142857142857,0.0,4
44900,Tricyclodecanedimethanol,estimated,14,5,0,0.35714285714285715,0.0,5
20341,Codeine,default,14,2,2,0.14285714285714285,0.14285714285714285,0
37272,Tacrine,estimated,14,6,3,0.42857142857142855,0.21428571428571427,3
46994,Ethyl 3-ethoxy-3-iminopropionate hydrochloride,estimated,14,3,0,0.21428571428571427,0.0,3
20099,Sodium aristolochate-I,estimated,14,9,4,0.6428571428571429,0.2857142857142857,5
23590,Sparfloxacin,default,14,2,2,0.14285714285714285,0.14285714285714285,0
47711,"Oils, bran",default,14,6,6,0.42857142857142855,0.42857142857142855,0
23954,Technical chlordane,estimated,14,11,5,0.7857142857142857,0.35714285714285715,6
29317,"1,1,5-Trimethyl-6-heptenol",default,14,2,2,0.14285714285714285,0.14285714285714285,0
25264,Cinoxate,default,13,3,3,0.23076923076923078,0.23076923076923078,0
25811,(Z)-9-Octadecenoic acid methyl ester,default,14,2,2,0.14285714285714285,0.14285714285714285,0
47176,4-Phenyl-1-cyclohexene,default,14,1,1,0.07142857142857142,0.07142857142857142,0
44378,2-Ethylhexyl cyanoacetate,default,14,2,2,0.14285714285714285,0.14285714285714285,0
44837,2-Piperidineethanol,default,14,1,1,0.07142857142857142,0.07142857142857142,0
41209,beta-Terpineol,default,14,1,1,0.07142857142857142,0.07142857142857142,0
44591,"2-Butyl-1H-isoindole-1,3(2H)-dione",estimated,14,2,1,0.14285714285714285,0.07142857142857142,1
24515,Ammonium perchlorate,default,14,1,1,0.07142857142857142,0.07142857142857142,0
40279,Leptophos,estimated,14,8,4,0.5714285714285714,0.2857142857142857,4
37478,"2,7,8,9-Tricyclazole",default,14,6,6,0.42857142857142855,0.42857142857142855,0
44508,Barium chloride,default,14,1,1,0.07142857142857142,0.07142857142857142,0
34672,Iodine,estimated,14,7,2,0.5,0.14285714285714285,5
29668,Ammonium nitrate,estimated,14,5,0,0.35714285714285715,0.0,5
34836,Potassium iodide,default,14,1,1,0.07142857142857142,0.07142857142857142,0
47662,Iprovalicarb,default,14,3,3,0.21428571428571427,0.21428571428571427,0
47003,Potassium perchlorate,default,14,1,1,0.07142857142857142,0.07142857142857142,0
40727,Flutriafol,default,14,3,3,0.21428571428571427,0.21428571428571427,0
41997,Furazolidone,estimated,14,6,4,0.42857142857142855,0.2857142857142857,2
20548,Dodecylguanidine acetate,estimated,14,5,0,0.35714285714285715,0.0,5
40266,Thanite,default,8,1,1,0.125,0.125,0
45081,8-Quinolinol salicylic acid (1:1),estimated,14,4,1,0.2857142857142857,0.07142857142857142,3
25513,Malachite green oxalate,estimated,14,13,7,0.9285714285714286,0.5,6
45082,Cinchonine,default,8,1,1,0.125,0.125,0
45083,Aminoquinuride dihydrochloride,estimated,14,9,1,0.6428571428571429,0.07142857142857142,8
40461,Dimercaprol,estimated,8,5,0,0.625,0.0,5
45084,"(2R,3R)-2,3-Dimercaptosuccinic acid",default,14,4,4,0.2857142857142857,0.2857142857142857,0
45085,Trifluoperazine dihydrochloride,estimated,14,11,5,0.7857142857142857,0.35714285714285715,6
45086,Estradiol phosphate,default,8,3,3,0.375,0.375,0
40130,Yohimbine,default,14,5,5,0.35714285714285715,0.35714285714285715,0
45088,Pyridoxamine dihydrochloride,default,14,1,1,0.07142857142857142,0.07142857142857142,0
45090,Pridinol,default,14,5,5,0.35714285714285715,0.35714285714285715,0
45091,Buclizine dihydrochloride,default,8,3,3,0.375,0.375,0
45096,Benztropine methylsulfonate,estimated,8,3,1,0.375,0.125,2
26137,Fenticlor,estimated,14,11,7,0.7857142857142857,0.5,4
22810,Chlorprothixene,estimated,14,10,5,0.7142857142857143,0.35714285714285715,5
42465,Tetrasodium pyrophosphate,default,8,2,2,0.25,0.25,0
45099,Homatropine hydrobromide,default,14,2,2,0.14285714285714285,0.14285714285714285,0
40608,(-)-Scopolamine methobromide,default,14,1,1,0.07142857142857142,0.07142857142857142,0
45103,Atropine methylbromide,default,8,1,1,0.125,0.125,0
45105,Cyclobenzaprine hydrochloride,estimated,14,7,2,0.5,0.14285714285714285,5
22652,Benzbromarone,estimated,14,8,6,0.5714285714285714,0.42857142857142855,2
22941,Dimetacrine,estimated,8,3,0,0.375,0.0,3
45107,Phosphonoacetic acid,default,14,1,1,0.07142857142857142,0.07142857142857142,0
25548,Methdilazine hydrochloride,estimated,8,3,0,0.375,0.0,3
45109,Nortriptyline hydrochloride,estimated,8,4,0,0.5,0.0,4
45110,Etymemazine hydrochloride,estimated,8,6,2,0.75,0.25,4
45111,Adriamycin hydrochloride-DNA complex,estimated,14,11,4,0.7857142857142857,0.2857142857142857,7
45112,Tramazoline tosylate,default,8,1,1,0.125,0.125,0
23265,Mesoridazine,estimated,14,6,4,0.42857142857142855,0.2857142857142857,2
23593,Spiclomazine hydrochloride,estimated,8,7,1,0.875,0.125,6
45116,Domperidone,estimated,14,8,2,0.5714285714285714,0.14285714285714285,6
45117,Pifexole,default,14,6,6,0.42857142857142855,0.42857142857142855,0
45118,Oxaprozin,default,14,3,3,0.21428571428571427,0.21428571428571427,0
45119,(-)-Eburnamonine,estimated,14,7,3,0.5,0.21428571428571427,4
23870,4-Aminopyridine,default,14,1,1,0.07142857142857142,0.07142857142857142,0
45122,Alaproclate,default,14,4,4,0.2857142857142857,0.2857142857142857,0
22117,Amantadine,default,14,2,2,0.14285714285714285,0.14285714285714285,0
45124,N-Arachidonoyl glycine,estimated,14,6,2,0.42857142857142855,0.14285714285714285,4
45125,Docebenone,estimated,14,7,2,0.5,0.14285714285714285,5
22585,Amifostine,default,14,1,1,0.07142857142857142,0.07142857142857142,0
22617,Arecoline,default,14,2,2,0.14285714285714285,0.14285714285714285,0
43853,Amiloride,default,14,2,2,0.14285714285714285,0.14285714285714285,0
20070,Aminocaproic acid,default,14,3,3,0.21428571428571427,0.21428571428571427,0
22573,Allopurinol,default,14,1,1,0.07142857142857142,0.07142857142857142,0
22592,Amiodarone,estimated,14,9,3,0.6428571428571429,0.21428571428571427,6
45127,Alprenolol,default,14,2,2,0.14285714285714285,0.14285714285714285,0
22579,Hexamethylmelamine,default,14,1,1,0.07142857142857142,0.07142857142857142,0
45128,Aniracetam,estimated,14,2,0,0.14285714285714285,0.0,2
23458,Phenoxybenzamine,estimated,14,7,1,0.5,0.07142857142857142,6
22699,Bumetanide,default,14,1,1,0.07142857142857142,0.07142857142857142,0
22663,Bepridil,estimated,14,9,5,0.6428571428571429,0.35714285714285715,4
22674,Betaxolol,default,14,2,2,0.14285714285714285,0.14285714285714285,0
43897,Clobenztropine,estimated,8,7,4,0.875,0.5,3
45131,Cirazoline,default,14,3,3,0.21428571428571427,0.21428571428571427,0
22743,"N,N'-Bis(2-chloroethyl)-N-nitrosourea",default,14,2,2,0.14285714285714285,0.14285714285714285,0
45132,Cilostazol,estimated,14,6,1,0.42857142857142855,0.07142857142857142,5
45133,(-)-Epicatechin,default,14,1,1,0.07142857142857142,0.07142857142857142,0
22813,Chlorzoxazone,default,14,1,1,0.07142857142857142,0.07142857142857142,0
20329,Cimetidine,default,14,2,2,0.14285714285714285,0.14285714285714285,0
22800,Chlorothiazide,default,14,2,2,0.14285714285714285,0.14285714285714285,0
45136,Clemizole hydrochloride,estimated,14,7,5,0.5,0.35714285714285715,2
22821,Cinnarizine,estimated,14,6,2,0.42857142857142855,0.14285714285714285,4
45138,1-(3-Chlorophenyl)piperazine,default,14,2,2,0.14285714285714285,0.14285714285714285,0
22872,Cyproheptadine,estimated,14,7,5,0.5,0.35714285714285715,2
22855,Clozapine,estimated,14,7,2,0.5,0.14285714285714285,5
44681,Chloroquine bis(phosphate),estimated,14,4,2,0.2857142857142857,0.14285714285714285,2
22844,Clomipramine,estimated,14,11,1,0.7857142857142857,0.07142857142857142,10
22846,Clonidine,default,14,1,1,0.07142857142857142,0.07142857142857142,0
45140,"N-Cyclohexyl-4-((1,2-dihydro-2-oxo-6-quinolyl)oxy)-N-methylbutyramide",estimated,14,5,1,0.35714285714285715,0.07142857142857142,4
22808,Chlorpromazine,estimated,14,11,4,0.7857142857142857,0.2857142857142857,7
22871,Cyclothiazide,default,14,1,1,0.07142857142857142,0.07142857142857142,0
42570,Vanoxerine dihydrochloride,estimated,14,9,4,0.6428571428571429,0.2857142857142857,5
22958,DL-Dobutamine,estimated,14,8,0,0.5714285714285714,0.0,8
22949,Diphenhydramine,default,14,5,5,0.35714285714285715,0.35714285714285715,0
45144,Dequalinium dichloride,estimated,8,4,0,0.5,0.0,4
46942,Desipramine hydrochloride,estimated,14,8,3,0.5714285714285714,0.21428571428571427,5
45145,Doxepin hydrochloride,estimated,14,6,1,0.42857142857142855,0.07142857142857142,5
22914,Diazoxide,default,14,1,1,0.07142857142857142,0.07142857142857142,0
40668,Dipyridamole,estimated,14,8,3,0.5714285714285714,0.21428571428571427,5
23007,Ethamivan,default,14,1,1,0.07142857142857142,0.07142857142857142,0
45147,Enoximone,default,14,1,1,0.07142857142857142,0.07142857142857142,0
22978,Edrophonium chloride,default,14,1,1,0.07142857142857142,0.07142857142857142,0
45149,Efaroxan,default,14,5,5,0.35714285714285715,0.35714285714285715,0
45150,Ebselen,estimated,8,4,1,0.5,0.125,3
45151,Egtazic Acid,default,14,4,4,0.2857142857142857,0.2857142857142857,0
45152,Fluspirilene,estimated,14,11,5,0.7857142857142857,0.35714285714285715,6
45153,"3-Furfuryl-1,8-dimethylxanthine",default,14,1,1,0.07142857142857142,0.07142857142857142,0
23067,Fluoxetine,estimated,14,10,4,0.7142857142857143,0.2857142857142857,6
23068,Fluphenazine,estimated,14,10,4,0.7142857142857143,0.2857142857142857,6
23064,Flumazenil,default,14,3,3,0.21428571428571427,0.21428571428571427,0
23054,Flecainide,default,14,4,4,0.2857142857142857,0.2857142857142857,0
43896,Fenoldopam,default,14,6,6,0.42857142857142855,0.42857142857142855,0
23042,Felodipine,estimated,14,5,4,0.35714285714285715,0.2857142857142857,1
45157,Guanfacine hydrochloride,default,14,3,3,0.21428571428571427,0.21428571428571427,0
41032,Ganciclovir,default,14,1,1,0.07142857142857142,0.07142857142857142,0
45158,"9-Amino-1,2,3,4-tetrahydroacridin-1-ol maleate",default,14,2,2,0.14285714285714285,0.14285714285714285,0
22420,Dopamine,default,14,5,5,0.35714285714285715,0.35714285714285715,0
45160,Imazodan,default,8,2,2,0.25,0.25,0
23175,Isoproterenol,default,14,5,5,0.35714285714285715,0.35714285714285715,0
45161,Idazoxan,estimated,14,7,3,0.5,0.21428571428571427,4
43881,Imipramine,estimated,14,7,3,0.5,0.21428571428571427,4
45162,Imiloxan,default,14,2,2,0.14285714285714285,0.14285714285714285,0
23190,Ketotifen,default,14,4,4,0.2857142857142857,0.2857142857142857,0
45163,"1,3-Dihydro-1-phenyl-3,3-bis(4-pyridinylmethyl)-2H-Indol-2-one",default,14,1,1,0.07142857142857142,0.07142857142857142,0
23195,Lamotrigine,default,14,1,1,0.07142857142857142,0.07142857142857142,0
45165,Loperamide,estimated,14,9,3,0.6428571428571429,0.21428571428571427,6
20782,"1-(2,4-Dichlorobenzyl)-1H-indazole-3-carboxylic acid",default,14,6,6,0.42857142857142855,0.42857142857142855,0
45166,Lidocaine,default,14,2,2,0.14285714285714285,0.14285714285714285,0
45167,Metolazone,default,14,2,2,0.14285714285714285,0.14285714285714285,0
45168,Metrifudil,default,8,1,1,0.125,0.125,0
45169,Metoclopramide,default,14,1,1,0.07142857142857142,0.07142857142857142,0
31800,Nocodazole,estimated,14,9,2,0.6428571428571429,0.14285714285714285,7
45170,Moxonidine,default,14,1,1,0.07142857142857142,0.07142857142857142,0
23317,Mianserin,estimated,14,6,3,0.42857142857142855,0.21428571428571427,3
40685,Minoxidil,default,14,1,1,0.07142857142857142,0.07142857142857142,0
46946,Moxisylyte hydrochloride,estimated,14,5,0,0.35714285714285715,0.0,5
47858,Gallopamil hydrochloride,estimated,14,5,2,0.35714285714285715,0.14285714285714285,3
45173,Mitoxantrone dihydrochloride,estimated,14,11,4,0.7857142857142857,0.2857142857142857,7
23240,Mecamylamine,default,14,1,1,0.07142857142857142,0.07142857142857142,0
45174,Memantine,estimated,14,3,0,0.21428571428571427,0.0,3
45029,Maprotiline,estimated,14,10,1,0.7142857142857143,0.07142857142857142,9
23373,Nitrendipine,estimated,14,6,5,0.42857142857142855,0.35714285714285715,1
23370,Nimodipine,estimated,14,5,3,0.35714285714285715,0.21428571428571427,2
45175,Nisoxetine,default,14,6,6,0.42857142857142855,0.42857142857142855,0
23387,Nylidrin,default,14,6,6,0.42857142857142855,0.42857142857142855,0
45176,Naftopidil,estimated,14,7,3,0.5,0.21428571428571427,4
23368,Niflumic acid,default,14,8,8,0.5714285714285714,0.5714285714285714,0
23362,Nialamide,default,14,1,1,0.07142857142857142,0.07142857142857142,0
45178,Masoprocol,estimated,8,4,0,0.5,0.0,4
23363,Nicardipine,estimated,14,10,5,0.7142857142857143,0.35714285714285715,5
45179,Nimustine,default,14,2,2,0.14285714285714285,0.14285714285714285,0
40691,Oxymetazoline,default,14,2,2,0.14285714285714285,0.14285714285714285,0
45181,Oxatomide,estimated,14,9,5,0.6428571428571429,0.35714285714285715,4
45182,Pirenperone,estimated,14,5,0,0.35714285714285715,0.0,5
23476,Pindolol,default,14,2,2,0.14285714285714285,0.14285714285714285,0
42254,N-(2-Hydroxyethyl)palmitamide,estimated,14,2,0,0.14285714285714285,0.0,2
45183,Pirfenidone,default,14,1,1,0.07142857142857142,0.07142857142857142,0
25825,Papaverine hydrochloride,estimated,14,7,3,0.5,0.21428571428571427,4
23518,Promethazine,estimated,14,10,4,0.7142857142857143,0.2857142857142857,6
45184,Propafenone,estimated,14,8,3,0.5714285714285714,0.21428571428571427,5
44491,2-Oxo-1-Pyrrolidineacetamide,default,14,1,1,0.07142857142857142,0.07142857142857142,0
23542,Pyrilamine,estimated,14,8,4,0.5714285714285714,0.2857142857142857,4
21170,Piroxicam,default,14,3,3,0.21428571428571427,0.21428571428571427,0
23441,Perphenazine,estimated,14,12,6,0.8571428571428571,0.42857142857142855,6
46949,Promazine hydrochloride,estimated,14,10,5,0.7142857142857143,0.35714285714285715,5
21144,Phenylethylhydrazine sulfate,default,14,7,7,0.5,0.5,0
23487,Pirenzepine,default,14,1,1,0.07142857142857142,0.07142857142857142,0
45187,Propionylpromazine hydrochloride,estimated,14,7,1,0.5,0.07142857142857142,6
46951,Protriptyline hydrochloride,estimated,14,8,3,0.5714285714285714,0.21428571428571427,5
45188,Piribedil,default,14,1,1,0.07142857142857142,0.07142857142857142,0
45189,"3,7-Dihydro-3-methyl-1-(5-oxohexyl)-7-propyl-1H-Purine-2,6-dione",default,14,1,1,0.07142857142857142,0.07142857142857142,0
45190,Quipazine maleate,estimated,14,3,1,0.21428571428571427,0.07142857142857142,2
45192,6-(Trifluoromethoxy)-2-Benzothiazolamine,default,14,6,6,0.42857142857142855,0.42857142857142855,0
45193,Risperidone,estimated,14,5,0,0.35714285714285715,0.0,5
45194,Rilmenidine,default,14,5,5,0.35714285714285715,0.35714285714285715,0
45195,Ropinirole,default,14,1,1,0.07142857142857142,0.07142857142857142,0
45196,Ranolazine,default,14,1,1,0.07142857142857142,0.07142857142857142,0
23557,Ribavirin,estimated,14,4,2,0.2857142857142857,0.14285714285714285,2
45198,Spiroxatrine,estimated,14,4,2,0.2857142857142857,0.14285714285714285,2
23589,Sotalol,default,8,1,1,0.125,0.125,0
44131,Sulfaphenazole,default,14,1,1,0.07142857142857142,0.07142857142857142,0
45201,SR 57227A hydrochloride,default,14,2,2,0.14285714285714285,0.14285714285714285,0
45202,Siguazodan,default,14,1,1,0.07142857142857142,0.07142857142857142,0
45203,Sobuzoxane,default,8,3,3,0.375,0.375,0
40525,"Anthra(1,9-cd)pyrazol-6(2H)-one",default,8,6,6,0.75,0.75,0
45204,Sanguinarine,estimated,14,10,1,0.7142857142857143,0.07142857142857142,9
45205,Spiperone,estimated,14,10,7,0.7142857142857143,0.5,3
44137,Tropisetron,default,14,6,6,0.42857142857142855,0.42857142857142855,0
45208,Tracazolate hydrochloride,estimated,14,4,2,0.2857142857142857,0.14285714285714285,2
45209,Telenzepine,default,14,1,1,0.07142857142857142,0.07142857142857142,0
45210,Tiapride hydrochloride,default,14,1,1,0.07142857142857142,0.07142857142857142,0
21304,l-Taurine,estimated,14,7,1,0.5,0.07142857142857142,6
23658,Thiothixene,estimated,8,5,0,0.625,0.0,5
43874,Tyramine,default,14,3,3,0.21428571428571427,0.21428571428571427,0
45215,"((3,4-Dihydroxyphenyl)methylene)-Propanedinitrile",default,14,7,7,0.5,0.5,0
45216,Tyrphostin 25,estimated,8,4,0,0.5,0.0,4
45217,1-(2-Trifluoromethylphenyl)imidazole,default,14,1,1,0.07142857142857142,0.07142857142857142,0
42448,Tetracaine hydrochloride,default,14,4,4,0.2857142857142857,0.2857142857142857,0
23712,Trimethoprim,default,14,3,3,0.21428571428571427,0.21428571428571427,0
44266,Atomoxetine hydrochloride,estimated,14,6,1,0.42857142857142855,0.07142857142857142,5
42632,Bemesetron,estimated,14,6,3,0.42857142857142855,0.21428571428571427,3
23656,Thioridazine,estimated,14,10,6,0.7142857142857143,0.42857142857142855,4
23642,Terfenadine,estimated,14,9,3,0.6428571428571429,0.21428571428571427,6
45220,Tropicamide,default,14,1,1,0.07142857142857142,0.07142857142857142,0
45221,Brimonidine,default,14,1,1,0.07142857142857142,0.07142857142857142,0
41152,(+/-)-Verapamil,estimated,14,6,1,0.42857142857142855,0.07142857142857142,5
40643,Xylazine,default,14,2,2,0.14285714285714285,0.14285714285714285,0
45223,Xylometazoline hydrochloride,default,14,3,3,0.21428571428571427,0.21428571428571427,0
45224,Zaprinast,default,14,3,3,0.21428571428571427,0.21428571428571427,0
42559,Zardaverine,default,14,3,3,0.21428571428571427,0.21428571428571427,0
45226,Furegrelate sodium,default,8,1,1,0.125,0.125,0
45227,Loxapine succinate,estimated,14,7,3,0.5,0.21428571428571427,4
45228,Lorglumide sodium,default,14,5,5,0.35714285714285715,0.35714285714285715,0
45229,Pempidine d-tartaric acid,default,14,1,1,0.07142857142857142,0.07142857142857142,0
41126,Sodium nitroprusside dihydrate,default,14,3,3,0.21428571428571427,0.21428571428571427,0
23277,Methantheline bromide,default,14,2,2,0.14285714285714285,0.14285714285714285,0
45238,Idoxuridine,default,14,2,2,0.14285714285714285,0.14285714285714285,0
41752,Cantharidin,estimated,14,10,7,0.7142857142857143,0.5,3
45240,Demecarium bromide,default,8,1,1,0.125,0.125,0
23618,Sulfinpyrazone,default,14,2,2,0.14285714285714285,0.14285714285714285,0
25257,Ethacrynic acid,estimated,14,8,6,0.5714285714285714,0.42857142857142855,2
23209,Levodopa,default,8,1,1,0.125,0.125,0
21718,Tolazoline hydrochloride,default,14,2,2,0.14285714285714285,0.14285714285714285,0
45245,5-Chloro-2-benzoxazolamine,default,14,2,2,0.14285714285714285,0.14285714285714285,0
23271,Methacholine chloride,default,14,4,4,0.2857142857142857,0.2857142857142857,0
22948,Diphemanil methylsulfate,default,14,2,2,0.14285714285714285,0.14285714285714285,0
45248,Primaquine diphosphate,estimated,14,5,2,0.35714285714285715,0.14285714285714285,3
45252,Demeclocycline hydrochloride,default,14,2,2,0.14285714285714285,0.14285714285714285,0
21321,Tetracycline hydrochloride,default,14,5,5,0.35714285714285715,0.35714285714285715,0
21729,Dicumarol,estimated,14,7,4,0.5,0.2857142857142857,3
21069,Norethynodrel,default,8,4,4,0.5,0.5,0
22870,Cycloserine,default,14,1,1,0.07142857142857142,0.07142857142857142,0
23174,Isopropamide,default,14,2,2,0.14285714285714285,0.14285714285714285,0
23462,Phentolamine,default,14,6,6,0.42857142857142855,0.42857142857142855,0
22647,Bendroflumethiazide,default,14,2,2,0.14285714285714285,0.14285714285714285,0
23548,Quinethazone,default,14,1,1,0.07142857142857142,0.07142857142857142,0
23252,Mepenzolate bromide,default,14,3,3,0.21428571428571427,0.21428571428571427,0
45262,Pyrithyldione,default,14,1,1,0.07142857142857142,0.07142857142857142,0
22812,Chlorthalidone,default,14,2,2,0.14285714285714285,0.14285714285714285,0
45265,Sulfachloropyridazine,default,14,2,2,0.14285714285714285,0.14285714285714285,0
22382,Dienestrol,estimated,14,7,4,0.5,0.2857142857142857,3
23629,Syrosingopine,default,8,2,2,0.25,0.25,0
45271,Dibucaine,estimated,14,6,2,0.42857142857142855,0.14285714285714285,4
23591,Sparteine,default,14,1,1,0.07142857142857142,0.07142857142857142,0
22658,Benzthiazide,default,14,1,1,0.07142857142857142,0.07142857142857142,0
30588,p-Synephrine,default,14,1,1,0.07142857142857142,0.07142857142857142,0
22417,Butyl 4-aminobenzoate,estimated,14,4,1,0.2857142857142857,0.07142857142857142,3
20717,4-(Benzyloxyl)phenol,estimated,14,10,0,0.7142857142857143,0.0,10
22655,Benzonatate,estimated,14,5,0,0.35714285714285715,0.0,5
45280,Azacyclonol,default,14,3,3,0.21428571428571427,0.21428571428571427,0
45281,Succinylsulfathiazole,estimated,14,1,0,0.07142857142857142,0.0,1
22922,Dichlorphenamide,default,8,2,2,0.25,0.25,0
25818,Oxethazaine,estimated,14,6,3,0.42857142857142855,0.21428571428571427,3
21396,Trimethadione,default,14,1,1,0.07142857142857142,0.07142857142857142,0
45287,Sulfabenzamide,default,14,1,1,0.07142857142857142,0.07142857142857142,0
20260,Chenodeoxycholic acid,estimated,14,9,1,0.6428571428571429,0.07142857142857142,8
23385,Noscapine,estimated,14,5,2,0.35714285714285715,0.14285714285714285,3
45291,Oxyphenbutazone,estimated,14,9,4,0.6428571428571429,0.2857142857142857,5
45292,Crapinon,default,14,4,4,0.2857142857142857,0.2857142857142857,0
22837,Clioquinol,estimated,14,8,5,0.5714285714285714,0.35714285714285715,3
47772,Diphenylpyraline hydrochloride,default,14,4,4,0.2857142857142857,0.2857142857142857,0
45293,Benzydamine hydrochloride,estimated,14,7,3,0.5,0.21428571428571427,4
23699,Trichlormethiazide,default,14,1,1,0.07142857142857142,0.07142857142857142,0
23132,Hydroflumethiazide,default,14,2,2,0.14285714285714285,0.14285714285714285,0
45297,Hexetidine,estimated,14,7,2,0.5,0.14285714285714285,5
23615,Sulfamethizole,default,14,1,1,0.07142857142857142,0.07142857142857142,0
26067,Sulfapyridine,default,14,1,1,0.07142857142857142,0.07142857142857142,0
45300,Butacaine,default,14,4,4,0.2857142857142857,0.2857142857142857,0
22974,Dydrogesterone,default,14,6,6,0.42857142857142855,0.42857142857142855,0
22541,Acenocoumarol,default,14,3,3,0.21428571428571427,0.21428571428571427,0
25896,alpha-(1-Aminoethyl)benzyl alcohol hydrochloride,default,14,1,1,0.07142857142857142,0.07142857142857142,0
47773,Cyclizine hydrochloride,default,14,3,3,0.21428571428571427,0.21428571428571427,0
23110,Gossypol,estimated,14,10,2,0.7142857142857143,0.14285714285714285,8
45304,Dexpropranolol,default,14,4,4,0.2857142857142857,0.2857142857142857,0
45306,Isoflupredone acetate,default,14,5,5,0.35714285714285715,0.35714285714285715,0
45307,Fluocinonide,estimated,14,5,5,0.35714285714285715,0.35714285714285715,0
23532,Proscillaridin,estimated,14,8,0,0.5714285714285714,0.0,8
45312,alpha-Santonin,default,14,2,2,0.14285714285714285,0.14285714285714285,0
23031,Etofylline,estimated,14,1,0,0.07142857142857142,0.0,1
45315,Trimipramine hydrogen maleate,estimated,14,9,5,0.6428571428571429,0.35714285714285715,4
45316,Tetrahydrozoline hydrochloride,default,14,1,1,0.07142857142857142,0.07142857142857142,0
22724,Canadine,default,14,6,6,0.42857142857142855,0.42857142857142855,0
45318,Esculin,default,8,4,4,0.5,0.5,0
45320,Amylocaine hydrochloride,default,14,1,1,0.07142857142857142,0.07142857142857142,0
45321,Hexylcaine hydrochloride,default,14,1,1,0.07142857142857142,0.07142857142857142,0
45323,Dyclonine hydrochloride,estimated,14,7,2,0.5,0.14285714285714285,5
45324,Diperodon hydrochloride,estimated,14,6,3,0.42857142857142855,0.21428571428571427,3
22973,Droperidol,estimated,14,4,3,0.2857142857142857,0.21428571428571427,1
45326,Thonzonium bromide,estimated,14,10,3,0.7142857142857143,0.21428571428571427,7
47774,Trimethobenzamide hydrochloride,default,14,2,2,0.14285714285714285,0.14285714285714285,0
45328,Isoxsuprine hydrochloride,default,14,4,4,0.2857142857142857,0.2857142857142857,0
47775,Debrisoquin sulfate,default,14,1,1,0.07142857142857142,0.07142857142857142,0
22681,Bisacodyl,estimated,14,9,0,0.6428571428571429,0.0,9
45332,Zuclopenthixol dihydrochloride,default,8,3,3,0.375,0.375,0
47776,Proguanil hydrochloride,estimated,14,5,4,0.35714285714285715,0.2857142857142857,1
47777,Pramoxine hydrochloride,default,14,5,5,0.35714285714285715,0.35714285714285715,0
23613,Sulfamethoxydiazine,default,14,1,1,0.07142857142857142,0.07142857142857142,0
20478,Dimethadione,default,14,3,3,0.21428571428571427,0.21428571428571427,0
26064,Sulfamethoxazole,default,14,1,1,0.07142857142857142,0.07142857142857142,0
22868,Cyclopenthiazide,default,14,3,3,0.21428571428571427,0.21428571428571427,0
22578,Alprostadil,default,8,4,4,0.5,0.5,0
23568,Rolitetracycline,default,14,1,1,0.07142857142857142,0.07142857142857142,0
20380,Dehydroepiandrosterone 3-acetate,estimated,14,8,4,0.5714285714285714,0.2857142857142857,4
47778,Dothiepin hydrochloride,default,8,4,4,0.5,0.5,0
45341,Meprylcaine hydrochloride,default,14,3,3,0.21428571428571427,0.21428571428571427,0
45342,7-Aminocephalosporanic acid,default,14,1,1,0.07142857142857142,0.07142857142857142,0
45343,Nifuroxazide,estimated,14,7,5,0.5,0.35714285714285715,2
47779,Ethaverine hydrochloride,estimated,14,8,4,0.5714285714285714,0.2857142857142857,4
45346,Meticrane,default,14,1,1,0.07142857142857142,0.07142857142857142,0
45347,Ethopropazine hydrochloride,default,14,7,7,0.5,0.5,0
45348,Meclozine dihydrochloride,estimated,14,7,3,0.5,0.21428571428571427,4
37246,Metformin hydrochloride,default,14,4,4,0.2857142857142857,0.2857142857142857,0
22901,Dexamethasone acetate,default,14,5,5,0.35714285714285715,0.35714285714285715,0
47780,"Benzeneethanamine, N,α,α-trimethyl-, sulfate (2:1)",default,14,1,1,0.07142857142857142,0.07142857142857142,0
40625,Thiostrepton,estimated,8,5,2,0.625,0.25,3
45354,Vancomycin hydrochloride,default,8,1,1,0.125,0.125,0
45355,Bacitracin,default,8,1,1,0.125,0.125,0
45356,Oxybutynin hydrochloride,estimated,8,2,0,0.25,0.0,2
45357,Procyclidine hydrochloride,estimated,14,3,2,0.21428571428571427,0.14285714285714285,1
45359,Metixene hydrochloride,estimated,14,10,6,0.7142857142857143,0.42857142857142855,4
45360,Chlorcyclizine hydrochloride,estimated,8,3,0,0.375,0.0,3
45361,Azaperone,estimated,14,7,1,0.5,0.07142857142857142,6
31956,Prilocaine hydrochloride,default,14,1,1,0.07142857142857142,0.07142857142857142,0
47781,Tranylcypromine hydrochloride,default,14,1,1,0.07142857142857142,0.07142857142857142,0
22839,Clofazimine,estimated,8,3,0,0.375,0.0,3
45364,Benperidol,estimated,14,5,1,0.35714285714285715,0.07142857142857142,4
45365,Flumethasone,default,14,5,5,0.35714285714285715,0.35714285714285715,0
45366,Nifenazone,default,14,3,3,0.21428571428571427,0.21428571428571427,0
45367,Epitiostanol,default,8,4,4,0.5,0.5,0
45368,Bufexamac,estimated,14,5,1,0.35714285714285715,0.07142857142857142,4
23608,Sulfadoxine,estimated,14,2,0,0.14285714285714285,0.0,2
47782,Antazoline hydrochloride,default,14,4,4,0.2857142857142857,0.2857142857142857,0
45370,Methyldopate hydrochloride,estimated,14,6,1,0.42857142857142855,0.07142857142857142,5
45371,Medrysone,default,14,6,6,0.42857142857142855,0.42857142857142855,0
45372,Mebeverine hydrochloride,estimated,14,5,2,0.35714285714285715,0.14285714285714285,3
45373,Dimethisoquin hydrochloride,estimated,14,8,6,0.5714285714285714,0.42857142857142855,2
47493,Midodrine hydrochloride,default,14,1,1,0.07142857142857142,0.07142857142857142,0
45375,Halcinonide,estimated,14,6,4,0.42857142857142855,0.2857142857142857,2
23128,Hycanthone,estimated,14,9,4,0.6428571428571429,0.2857142857142857,5
45377,Lidoflazine,estimated,14,9,3,0.6428571428571429,0.21428571428571427,6
22835,Clidinium bromide,default,14,1,1,0.07142857142857142,0.07142857142857142,0
47783,Acetopromazine maleate,estimated,14,5,2,0.35714285714285715,0.14285714285714285,3
47784,Flavoxate hydrochloride,default,14,4,4,0.2857142857142857,0.2857142857142857,0
45380,Furaltadone hydrochloride,default,14,4,4,0.2857142857142857,0.2857142857142857,0
23481,Piperacetazine,estimated,14,9,2,0.6428571428571429,0.14285714285714285,7
23716,Trioxsalen,default,14,3,3,0.21428571428571427,0.21428571428571427,0
45383,Bromopride,default,14,2,2,0.14285714285714285,0.14285714285714285,0
45386,cis-Nanophine hydrochloride,default,14,1,1,0.07142857142857142,0.07142857142857142,0
45388,Cefalonium,default,14,1,1,0.07142857142857142,0.07142857142857142,0
45389,Felbinac,default,14,3,3,0.21428571428571427,0.21428571428571427,0
45390,Cyclopentolate hydrochloride,default,14,1,1,0.07142857142857142,0.07142857142857142,0
45391,Orciprenaline sulfate,default,14,2,2,0.14285714285714285,0.14285714285714285,0
45392,Hydrocotarnine hydrobromide,default,14,1,1,0.07142857142857142,0.07142857142857142,0
45393,Benoxinate hydrochloride,estimated,14,4,2,0.2857142857142857,0.14285714285714285,2
45394,Salicylic acid dihydrogen phosphate,default,14,1,1,0.07142857142857142,0.07142857142857142,0
21093,Oxprenolol hydrochloride,default,14,3,3,0.21428571428571427,0.21428571428571427,0
45399,Methotrimeprazine maleate,default,8,3,3,0.375,0.375,0
45402,Spiramycin,default,8,1,1,0.125,0.125,0
26339,alpha-Vitamin E,default,14,2,2,0.14285714285714285,0.14285714285714285,0
23697,Tribenoside,estimated,14,8,2,0.5714285714285714,0.14285714285714285,6
22690,Bromperidol,estimated,14,6,3,0.42857142857142855,0.21428571428571427,3
45405,Doxycycline hydrochloride,default,14,4,4,0.2857142857142857,0.2857142857142857,0
45406,Vitamin K2,default,8,2,2,0.25,0.25,0
45407,Trimetazidine dihydrochloride,default,14,2,2,0.14285714285714285,0.14285714285714285,0
45409,Tolfenamic acid,estimated,14,7,1,0.5,0.07142857142857142,6
45410,Parbendazole,estimated,14,7,0,0.5,0.0,7
45412,Benserazide hydrochloride,default,14,4,4,0.2857142857142857,0.2857142857142857,0
47785,Clemastine fumarate,estimated,14,11,2,0.7857142857142857,0.14285714285714285,9
45413,Cloperastine hydrochloride,estimated,14,8,4,0.5714285714285714,0.2857142857142857,4
21338,Thiamphenicol,default,14,3,3,0.21428571428571427,0.21428571428571427,0
45416,Trapidil,default,14,1,1,0.07142857142857142,0.07142857142857142,0
45417,"Indol-4(5H)-one, 3-ethyl-6,7-dihydro-2-methyl-5-(morpholinomethyl)-, monohydrochloride",default,14,1,1,0.07142857142857142,0.07142857142857142,0
45419,Fenoterol hydrobromide,default,14,4,4,0.2857142857142857,0.2857142857142857,0
23183,Josamycin,default,8,1,1,0.125,0.125,0
45422,Epirizole,default,14,5,5,0.35714285714285715,0.35714285714285715,0
23676,Tinidazole,default,14,2,2,0.14285714285714285,0.14285714285714285,0
45424,Piromidic acid,default,14,1,1,0.07142857142857142,0.07142857142857142,0
45425,Dilazep,estimated,14,8,1,0.5714285714285714,0.07142857142857142,7
40579,Parthenolide,estimated,8,6,2,0.75,0.25,4
45429,Spectinomycin dihydrochloride,default,14,1,1,0.07142857142857142,0.07142857142857142,0
20771,Ketoprofen,default,14,2,2,0.14285714285714285,0.14285714285714285,0
45433,Benfotiamine,default,14,2,2,0.14285714285714285,0.14285714285714285,0
22932,Diflunisal,default,14,7,7,0.5,0.5,0
45435,Famprofazone,estimated,14,7,2,0.5,0.14285714285714285,5
23319,Miconazole,default,8,5,5,0.625,0.625,0
45441,Nefopam hydrochloride,default,14,2,2,0.14285714285714285,0.14285714285714285,0
45442,Ambroxolhydrochloride,default,8,3,3,0.375,0.375,0
45444,Articaine hydrochloride,default,14,1,1,0.07142857142857142,0.07142857142857142,0
41070,Mycophenolic acid,estimated,14,5,2,0.35714285714285715,0.14285714285714285,3
23554,Rescinnamine,default,8,3,3,0.375,0.375,0
47524,Kanamycin A sulfate,default,14,5,5,0.35714285714285715,0.35714285714285715,0
23674,(S)-Timolol,default,14,2,2,0.14285714285714285,0.14285714285714285,0
45447,Isoconazole,estimated,14,9,4,0.6428571428571429,0.2857142857142857,5
20777,Levobunolol hydrochloride,default,14,2,2,0.14285714285714285,0.14285714285714285,0
45448,Etofenamate,estimated,14,5,0,0.35714285714285715,0.0,5
40682,Mebendazole,estimated,14,9,2,0.6428571428571429,0.14285714285714285,7
44561,Bupropion hydrochloride,default,14,4,4,0.2857142857142857,0.2857142857142857,0
47786,Moricizine hydrochloride,default,14,4,4,0.2857142857142857,0.2857142857142857,0
45452,Butoconazole nitrate,estimated,14,9,6,0.6428571428571429,0.42857142857142855,3
23665,Tiaprofenic acid,default,14,3,3,0.21428571428571427,0.21428571428571427,0
23033,Etomidate,default,14,2,2,0.14285714285714285,0.14285714285714285,0
23096,Gliquidone,default,14,5,5,0.35714285714285715,0.35714285714285715,0
45459,Pivampicillin,default,14,5,5,0.35714285714285715,0.35714285714285715,0
45460,Clocortolone pivalate,default,8,3,3,0.375,0.375,0
45461,Acebutolol hydrochloride,default,14,1,1,0.07142857142857142,0.07142857142857142,0
45462,Isoxicam,default,14,3,3,0.21428571428571427,0.21428571428571427,0
45463,Midecamycin,default,8,1,1,0.125,0.125,0
45464,Halofantrine hydrochloride,estimated,14,6,2,0.42857142857142855,0.14285714285714285,4
23043,Fenbufen,default,14,4,4,0.2857142857142857,0.2857142857142857,0
45466,Bacampicillin hydrochloride,default,14,1,1,0.07142857142857142,0.07142857142857142,0
45467,Penbutolol sulfate,default,8,2,2,0.25,0.25,0
45468,Talampicillin hydrochloride,default,8,1,1,0.125,0.125,0
45469,Suprofen,default,14,5,5,0.35714285714285715,0.35714285714285715,0
20615,Etodolac,default,14,2,2,0.14285714285714285,0.14285714285714285,0
45472,Nabumetone,default,14,5,5,0.35714285714285715,0.35714285714285715,0
23740,Vinpocetine,estimated,14,9,7,0.6428571428571429,0.5,2
40672,Fenbendazole,estimated,14,9,4,0.6428571428571429,0.2857142857142857,5
45474,Rimexolone,estimated,14,6,4,0.42857142857142855,0.2857142857142857,2
22749,Cefadroxil,default,14,1,1,0.07142857142857142,0.07142857142857142,0
45476,Butirosin disulfate,default,8,1,1,0.125,0.125,0
45479,Sisomicin sulfate,default,8,1,1,0.125,0.125,0
45480,Ribostamycin sulfate,default,14,1,1,0.07142857142857142,0.07142857142857142,0
23669,Ticlopidine,default,14,7,7,0.5,0.5,0
23488,Piretanide,default,14,2,2,0.14285714285714285,0.14285714285714285,0
23690,Torsemide,default,14,2,2,0.14285714285714285,0.14285714285714285,0
45484,Netilmicin sulfate,default,14,1,1,0.07142857142857142,0.07142857142857142,0
45485,Meptazinol hydrochloride,default,14,2,2,0.14285714285714285,0.14285714285714285,0
45486,Tenoxicam,default,14,4,4,0.2857142857142857,0.2857142857142857,0
23158,Iopamidol,default,14,2,2,0.14285714285714285,0.14285714285714285,0
45488,Clorsulon,default,14,1,1,0.07142857142857142,0.07142857142857142,0
45490,Sulconazole nitrate,estimated,14,10,3,0.7142857142857143,0.21428571428571427,7
44124,4-(3-Cyclopentyloxy-4-methoxyphenyl)-2-pyrrolidone,default,14,2,2,0.14285714285714285,0.14285714285714285,0
45493,Terazosin hydrochloride,default,14,4,4,0.2857142857142857,0.2857142857142857,0
45494,Dipivefrin hydrochloride,default,8,2,2,0.25,0.25,0
45496,Naftifine hydrochloride,estimated,14,6,3,0.42857142857142855,0.21428571428571427,3
45497,Glafenine hydrochloride,estimated,14,7,3,0.5,0.21428571428571427,4
45498,Terconazole,estimated,8,4,0,0.5,0.0,4
45500,Florfenicol,default,14,3,3,0.21428571428571427,0.21428571428571427,0
21080,Omeprazole,estimated,14,7,4,0.5,0.2857142857142857,3
45502,Prednicarbate,default,8,3,3,0.375,0.375,0
23143,Imipenem,default,14,1,1,0.07142857142857142,0.07142857142857142,0
23179,Isradipine,estimated,14,5,3,0.35714285714285715,0.21428571428571427,2
22640,Aztreonam,default,14,1,1,0.07142857142857142,0.07142857142857142,0
45506,Ozagrel hydrochloride,default,14,1,1,0.07142857142857142,0.07142857142857142,0
45508,Levocabastine hydrochloride,default,14,1,1,0.07142857142857142,0.07142857142857142,0
45511,Fluticasone propionate,default,14,6,6,0.42857142857142855,0.42857142857142855,0
22825,Cisapride,estimated,14,6,3,0.42857142857142855,0.21428571428571427,3
45513,Racecadotril,default,14,2,2,0.14285714285714285,0.14285714285714285,0
45514,Alfuzosin hydrochloride,estimated,14,6,0,0.42857142857142855,0.0,6
45515,Bambuterol hydrochloride,default,14,3,3,0.21428571428571427,0.21428571428571427,0
23333,Mometasone furoate,estimated,14,8,5,0.5714285714285714,0.35714285714285715,3
47787,Clebopride maleate,estimated,14,5,2,0.35714285714285715,0.14285714285714285,3
45519,Quinpirole hydrochloride,default,14,2,2,0.14285714285714285,0.14285714285714285,0
45522,Aceclofenac,default,14,5,5,0.35714285714285715,0.35714285714285715,0
47788,Ciprofloxacin hydrochloride,default,14,1,1,0.07142857142857142,0.07142857142857142,0
40675,Glimepiride,default,14,3,3,0.21428571428571427,0.21428571428571427,0
22629,Atovaquone,estimated,14,5,5,0.35714285714285715,0.35714285714285715,0
45526,Meropenem,default,14,1,1,0.07142857142857142,0.07142857142857142,0
45527,Lomefloxacin hydrochloride,default,14,2,2,0.14285714285714285,0.14285714285714285,0
45529,Sertaconazole nitrate,default,8,3,3,0.375,0.375,0
45530,Dorzolamide hydrochloride,default,14,1,1,0.07142857142857142,0.07142857142857142,0
23552,Repaglinide,default,8,2,2,0.25,0.25,0
45533,Nafronyl oxalate,estimated,14,6,1,0.42857142857142855,0.07142857142857142,5
45534,Flunisolide,default,14,5,5,0.35714285714285715,0.35714285714285715,0
45535,Alclometasone dipropionate,default,8,4,4,0.5,0.5,0
45536,Disopyramide,default,14,4,4,0.2857142857142857,0.2857142857142857,0
45538,Cefotiam dihydrochloride,default,14,1,1,0.07142857142857142,0.07142857142857142,0
45540,Tocainide hydrochloride,estimated,14,3,0,0.21428571428571427,0.0,3
45543,Methylatropine nitrate,default,14,2,2,0.14285714285714285,0.14285714285714285,0
45544,Prenylamine lactate,estimated,8,3,0,0.375,0.0,3
45545,Mercurochrome,default,8,3,3,0.375,0.375,0
45547,Amprolium hydrochloride,default,14,1,1,0.07142857142857142,0.07142857142857142,0
37649,Deferoxamine mesylate,default,14,4,4,0.2857142857142857,0.2857142857142857,0
45551,Cloxacillin sodium,default,14,1,1,0.07142857142857142,0.07142857142857142,0
23386,Novobiocin sodium,default,14,2,2,0.14285714285714285,0.14285714285714285,0
45555,Diethylcarbamazine citrate,default,14,5,5,0.35714285714285715,0.35714285714285715,0
45556,Oxalamine citrate,default,14,3,3,0.21428571428571427,0.21428571428571427,0
45557,Deptropine citrate,default,8,2,2,0.25,0.25,0
45558,Thioproperazine dimethanesulfonate,estimated,14,10,4,0.7142857142857143,0.2857142857142857,6
23545,Pyrvinium pamoate,estimated,8,7,3,0.875,0.375,4
45560,Trimeprazine tartrate,estimated,14,9,5,0.6428571428571429,0.35714285714285715,4
45562,Alverine citrate,estimated,14,6,3,0.42857142857142855,0.21428571428571427,3
20543,Dipyrone,default,14,3,3,0.21428571428571427,0.21428571428571427,0
21219,Quercetin dihydrate,estimated,14,10,6,0.7142857142857143,0.42857142857142855,4
45565,Quinacrine dihydrochloride dihydrate,estimated,14,11,3,0.7857142857142857,0.21428571428571427,8
45566,"Mebhydrolin 1,5-naphtalenedisulfonate",default,8,2,2,0.25,0.25,0
45567,"Sodium 2-((2,6-dichloro-3-methylphenyl)amino)benzoate",default,14,6,6,0.42857142857142855,0.42857142857142855,0
45568,Amodiaquin dihydrochloride dihydrate,estimated,8,2,0,0.25,0.0,2
45569,Dextromethorphan hydrobromide monohydrate,default,8,1,1,0.125,0.125,0
45570,Nafcillin sodium monohydrate,default,14,4,4,0.2857142857142857,0.2857142857142857,0
45572,Carbenoxolone sodium,default,14,5,5,0.35714285714285715,0.35714285714285715,0
45573,Monensin sodium,estimated,8,4,3,0.5,0.375,1
45574,Cephapirin sodium,default,14,1,1,0.07142857142857142,0.07142857142857142,0
45575,Morantel tartrate,default,14,3,3,0.21428571428571427,0.21428571428571427,0
45576,Naproxen sodium,default,14,1,1,0.07142857142857142,0.07142857142857142,0
45578,Yohimbic acid monohydrate,default,14,1,1,0.07142857142857142,0.07142857142857142,0
45580,Metaraminol bitartrate,default,14,1,1,0.07142857142857142,0.07142857142857142,0
45583,Ciclopirox olamine,estimated,14,8,2,0.5714285714285714,0.14285714285714285,6
45584,Flunixin meglumine,estimated,14,8,2,0.5714285714285714,0.14285714285714285,6
45585,Cefsulodin sodium salt hydrate,default,8,1,1,0.125,0.125,0
45586,Thiethylperazine malate,default,8,2,2,0.25,0.25,0
45587,Fenoprofen calcium salt dihydrate,default,14,3,3,0.21428571428571427,0.21428571428571427,0
37248,Metoprolol tartrate,default,14,1,1,0.07142857142857142,0.07142857142857142,0
45590,Cefmetazole sodium,default,14,1,1,0.07142857142857142,0.07142857142857142,0
45591,Gabexate mesilate,default,14,3,3,0.21428571428571427,0.21428571428571427,0
22630,Atracurium besylate,default,8,3,3,0.375,0.375,0
45594,Tolmetin sodium dihydrate,estimated,14,6,4,0.42857142857142855,0.2857142857142857,2
45596,Meclocycline sulfosalicylate,default,8,3,3,0.375,0.375,0
45597,Ketorolac tromethamine,default,14,5,5,0.35714285714285715,0.35714285714285715,0
45598,Doxazosin mesylate,estimated,14,5,0,0.35714285714285715,0.0,5
45601,Clofilium tosylate,estimated,14,7,5,0.5,0.35714285714285715,2
45602,Potassium canrenoate,default,8,3,3,0.375,0.375,0
45604,Verteporfin,estimated,8,5,1,0.625,0.125,4
20669,Glycyrrhetinic acid,estimated,14,9,1,0.6428571428571429,0.07142857142857142,8
20557,Ellagic acid,default,14,2,2,0.14285714285714285,0.14285714285714285,0
45605,Picrotoxin,default,8,1,1,0.125,0.125,0
45606,Galanthamine,default,8,1,1,0.125,0.125,0
42584,"(+)-N-(Carboxy)-1-methyl-9,10-dihydrolysergamine benzyl ester",estimated,14,8,4,0.5714285714285714,0.2857142857142857,4
23283,Methergine,default,14,2,2,0.14285714285714285,0.14285714285714285,0
45607,Nicergoline,estimated,14,6,3,0.42857142857142855,0.21428571428571427,3
45608,Rauwolscine,default,8,1,1,0.125,0.125,0
45611,"(1S,9R)-beta-Hydrastine",estimated,14,4,0,0.2857142857142857,0.0,4
20113,(+/-)-Atropine,default,14,2,2,0.14285714285714285,0.14285714285714285,0
40583,Pergolide methanesulfonate,default,14,4,4,0.2857142857142857,0.2857142857142857,0
45614,Dihydroergotamine,estimated,14,7,2,0.5,0.14285714285714285,5
23426,Paroxypropione,default,14,2,2,0.14285714285714285,0.14285714285714285,0
23155,Iodoquinol,estimated,14,6,4,0.42857142857142855,0.2857142857142857,2
45615,Fasudil hydrochloride,estimated,14,5,1,0.35714285714285715,0.07142857142857142,4
45616,Flunarizine,estimated,14,7,3,0.5,0.21428571428571427,4
40948,Sodium 4-phenylbutyrate,default,14,2,2,0.14285714285714285,0.14285714285714285,0
45618,Miglustat,default,14,1,1,0.07142857142857142,0.07142857142857142,0
23693,"N-(3′,4′-Dimethoxycinnamoyl)anthranilic acid",default,8,5,5,0.625,0.625,0
44002,Fluvoxamine,estimated,14,8,1,0.5714285714285714,0.07142857142857142,7
40705,Cinchophen,default,14,4,4,0.2857142857142857,0.2857142857142857,0
45624,Dropropizine,default,14,1,1,0.07142857142857142,0.07142857142857142,0
45625,Oxibendazole,estimated,14,7,0,0.5,0.0,7
45626,Betamipron,default,14,2,2,0.14285714285714285,0.14285714285714285,0
23021,Ethoxzolamide,default,14,4,4,0.2857142857142857,0.2857142857142857,0
45631,Bifonazole,estimated,14,9,5,0.6428571428571429,0.35714285714285715,4
45632,Oxyphenonium bromide,default,14,2,2,0.14285714285714285,0.14285714285714285,0
45633,Hydrocortisone valerate,default,14,4,4,0.2857142857142857,0.2857142857142857,0
23180,Itraconazole,estimated,14,6,4,0.42857142857142855,0.2857142857142857,2
45635,Homochlorcyclizine,estimated,14,9,3,0.6428571428571429,0.21428571428571427,6
45636,Diacerein,estimated,14,4,0,0.2857142857142857,0.0,4
45638,Suloctidil,estimated,14,10,3,0.7142857142857143,0.21428571428571427,7
45640,Butetamate,default,14,2,2,0.14285714285714285,0.14285714285714285,0
47790,Phenyltoloxamine citrate,estimated,14,6,2,0.42857142857142855,0.14285714285714285,4
23188,Ketanserin,estimated,14,5,1,0.35714285714285715,0.07142857142857142,4
45642,Cortodoxone,default,14,4,4,0.2857142857142857,0.2857142857142857,0
22998,Estradiol benzoate,default,8,4,4,0.5,0.5,0
22612,Anisotropine methylbromide,default,8,2,2,0.25,0.25,0
23347,Nalmefene,default,14,2,2,0.14285714285714285,0.14285714285714285,0
45645,Podofilox,estimated,14,8,3,0.5714285714285714,0.21428571428571427,5
45646,Diflorasone diacetate,default,14,5,5,0.35714285714285715,0.35714285714285715,0
22894,Deoxycorticosterone acetate,estimated,14,5,5,0.35714285714285715,0.35714285714285715,0
20021,N-Acetyl-L-cysteine,default,14,4,4,0.2857142857142857,0.2857142857142857,0
22635,6-Azaribine,estimated,14,6,3,0.42857142857142855,0.21428571428571427,3
20274,Chlormadinone acetate,estimated,14,10,6,0.7142857142857143,0.42857142857142855,4
20714,Hydrocortisone,default,14,4,4,0.2857142857142857,0.2857142857142857,0
22576,Alphaxalone,default,14,3,3,0.21428571428571427,0.21428571428571427,0
21162,Pilocarpine,default,14,1,1,0.07142857142857142,0.07142857142857142,0
45647,Desoximetasone,default,14,6,6,0.42857142857142855,0.42857142857142855,0
22558,Adenosine,default,14,2,2,0.14285714285714285,0.14285714285714285,0
23057,Floxuridine,estimated,14,5,4,0.35714285714285715,0.2857142857142857,1
23307,Methysergide,default,14,5,5,0.35714285714285715,0.35714285714285715,0
22883,Daunorubicin,estimated,14,10,6,0.7142857142857143,0.42857142857142855,4
22940,(+)-Diltiazem,estimated,14,5,1,0.35714285714285715,0.07142857142857142,4
23219,Lobeline,default,8,2,2,0.25,0.25,0
22980,Emetine,estimated,14,8,4,0.5714285714285714,0.2857142857142857,4
45648,(E)-4-amino-2-butenoic acid,default,14,2,2,0.14285714285714285,0.14285714285714285,0
45649,D-Alanine,default,14,2,2,0.14285714285714285,0.14285714285714285,0
40526,Kainic acid,default,14,3,3,0.21428571428571427,0.21428571428571427,0
45651,Azasetron,default,14,6,6,0.42857142857142855,0.42857142857142855,0
22687,Bromocriptine,default,8,6,6,0.75,0.75,0
45652,Cimaterol,default,14,2,2,0.14285714285714285,0.14285714285714285,0
22734,Carbetapentane,estimated,14,4,2,0.2857142857142857,0.14285714285714285,2
22735,Carbidopa,default,8,2,2,0.25,0.25,0
45653,Cinanserin,estimated,14,4,1,0.2857142857142857,0.07142857142857142,3
45654,Flurofamide,default,14,3,3,0.21428571428571427,0.21428571428571427,0
45655,Alrestatin,default,14,3,3,0.21428571428571427,0.21428571428571427,0
42579,AMI-193,estimated,14,10,7,0.7142857142857143,0.5,3
45656,Ifenprodil,default,14,4,4,0.2857142857142857,0.2857142857142857,0
44000,Metitepine,estimated,14,10,4,0.7142857142857143,0.2857142857142857,6
42618,"Tropanyl 3,5-dimethylbenzoate",default,8,2,2,0.25,0.25,0
23718,Triprolidine,default,14,7,7,0.5,0.5,0
45659,Anpirtoline,default,14,2,2,0.14285714285714285,0.14285714285714285,0
45660,Pirlindole mesylate,estimated,14,4,1,0.2857142857142857,0.07142857142857142,3
45661,Tesmilifene,estimated,14,8,3,0.5714285714285714,0.21428571428571427,5
45662,"4-[(R)-[(2S,5R)-2,5-Dimethyl-4-(2-propen-1-yl)-1-piperazinyl](3-methoxyphenyl)methyl]-N,N-diethylbenzamide",estimated,14,6,2,0.42857142857142855,0.14285714285714285,4
45663,Bifemelane,estimated,14,11,4,0.7857142857142857,0.2857142857142857,7
21193,Pronethalol,default,14,3,3,0.21428571428571427,0.21428571428571427,0
21179,Practolol,estimated,14,5,0,0.35714285714285715,0.0,5
22815,C.I. Direct Blue 53,estimated,8,4,0,0.5,0.0,4
45666,Guanabenz,estimated,14,5,0,0.35714285714285715,0.0,5
42583,N-{[(2S)-1-Ethylpyrrolidin-2-yl]methyl}-2-methoxy-5-sulfamoylbenzamide,default,14,1,1,0.07142857142857142,0.07142857142857142,0
45668,Remoxipride,default,14,1,1,0.07142857142857142,0.07142857142857142,0
45669,(Z)-N-[(4-Hydroxy-3-methoxyphenyl)methyl]octadec-9-enamide,estimated,14,7,2,0.5,0.14285714285714285,5
45673,Procaterol,default,14,3,3,0.21428571428571427,0.21428571428571427,0
45674,AF-DX 116,default,14,2,2,0.14285714285714285,0.14285714285714285,0
42602,GR 103691,estimated,14,5,0,0.35714285714285715,0.0,5
45676,Loreclezole hydrochloride,default,14,4,4,0.2857142857142857,0.2857142857142857,0
45678,Omacetaxine mepesuccinate,estimated,8,7,0,0.875,0.0,7
45679,Formoterol hemifumarate dihydrate,default,8,1,1,0.125,0.125,0
45680,Roquinimex,default,14,1,1,0.07142857142857142,0.07142857142857142,0
48161,Rimcazole dihydrochloride,estimated,14,11,4,0.7857142857142857,0.2857142857142857,7
45682,Pinacidil monohydrate,default,14,2,2,0.14285714285714285,0.14285714285714285,0
43895,Roxindole,estimated,14,7,5,0.5,0.35714285714285715,2
45683,Remacemide hydrochloride,default,14,4,4,0.2857142857142857,0.2857142857142857,0
42612,Nemonapride,default,8,2,2,0.25,0.25,0
45686,Zacopride hydrochloride,default,14,2,2,0.14285714285714285,0.14285714285714285,0
42592,Altanserin hydrochloride,estimated,14,9,3,0.6428571428571429,0.21428571428571427,6
45687,Raclopride,default,14,2,2,0.14285714285714285,0.14285714285714285,0
45688,Ipsapirone,default,14,3,3,0.21428571428571427,0.21428571428571427,0
45689,Vapiprost hydrochloride,default,8,2,2,0.25,0.25,0
45690,Reboxetine mesylate,estimated,14,3,1,0.21428571428571427,0.07142857142857142,2
23325,Mirtazapine,default,8,2,2,0.25,0.25,0
45691,Medetomidine hydrochloride,default,8,3,3,0.375,0.375,0
22614,Apomorphine,estimated,14,8,3,0.5714285714285714,0.21428571428571427,5
45692,Nicorandil,default,14,1,1,0.07142857142857142,0.07142857142857142,0
45693,Metanixin,default,8,4,4,0.5,0.5,0
45694,Nixylic acid,default,8,2,2,0.25,0.25,0
40554,Moclobemide,default,14,3,3,0.21428571428571427,0.21428571428571427,0
22315,Zearalanol,estimated,14,9,6,0.6428571428571429,0.42857142857142855,3
21096,N-Oxydiethylene-2-benzothiazylsulfenamide,default,14,5,5,0.35714285714285715,0.35714285714285715,0
45698,Nicotredole,default,14,3,3,0.21428571428571427,0.21428571428571427,0
45699,Giparmen,default,8,2,2,0.25,0.25,0
45700,"4,5-Diphenylimidazole",default,14,5,5,0.35714285714285715,0.35714285714285715,0
45701,Trovafloxacin mesylate,estimated,14,5,1,0.35714285714285715,0.07142857142857142,4
45702,Trimecaine monohydrochloride,default,14,2,2,0.14285714285714285,0.14285714285714285,0
31797,Nevirapine,default,14,3,3,0.21428571428571427,0.21428571428571427,0
45704,Gatifloxacin,default,14,1,1,0.07142857142857142,0.07142857142857142,0
41047,Imiquimod,estimated,14,4,1,0.2857142857142857,0.07142857142857142,3
45705,Metralindole,default,14,3,3,0.21428571428571427,0.21428571428571427,0
45706,Quinocide,estimated,8,4,0,0.5,0.0,4
45707,Metomidate hydrochloride,default,14,1,1,0.07142857142857142,0.07142857142857142,0
45709,Rufloxacin hydrochloride,default,14,3,3,0.21428571428571427,0.21428571428571427,0
45710,Eterobarb,default,14,2,2,0.14285714285714285,0.14285714285714285,0
45711,Fluanisone,default,8,2,2,0.25,0.25,0
40770,"(Z,E)-Diethylstilbestrol",estimated,14,8,3,0.5714285714285714,0.21428571428571427,5
33989,Sodium zomepirac,default,14,5,5,0.35714285714285715,0.35714285714285715,0
32005,4-Hydroxyphenyl retinamide,estimated,14,13,5,0.9285714285714286,0.35714285714285715,8
30760,Azithromycin,estimated,14,4,2,0.2857142857142857,0.14285714285714285,2
25948,Potassium dichromate,estimated,14,8,6,0.5714285714285714,0.42857142857142855,2
20804,Melphalan,estimated,14,9,3,0.6428571428571429,0.21428571428571427,6
33960,Rifabutin,estimated,14,9,5,0.6428571428571429,0.35714285714285715,4
20358,beta-Cyclodextrin,estimated,14,4,0,0.2857142857142857,0.0,4
33757,Nitazoxanide,estimated,14,10,8,0.7142857142857143,0.5714285714285714,2
32627,Methoprene,default,14,5,5,0.35714285714285715,0.35714285714285715,0
23771,"2',3'-Dideoxyadenosine",default,14,2,2,0.14285714285714285,0.14285714285714285,0
20306,Chloroform,estimated,14,5,0,0.35714285714285715,0.0,5
24392,Acedoben,default,14,1,1,0.07142857142857142,0.07142857142857142,0
25371,Halothane,default,14,1,1,0.07142857142857142,0.07142857142857142,0
37684,Polybrene,default,8,1,1,0.125,0.125,0
33468,Domiphen bromide,estimated,14,12,4,0.8571428571428571,0.2857142857142857,8
34085,Triton X 100,estimated,14,9,4,0.6428571428571429,0.2857142857142857,5
20250,Carbon tetrachloride,default,14,1,1,0.07142857142857142,0.07142857142857142,0
22329,Epitestosterone,default,8,4,4,0.5,0.5,0
33389,Sodium deoxycholate,estimated,14,8,1,0.5714285714285714,0.07142857142857142,7
26018,Silybin,estimated,14,9,2,0.6428571428571429,0.14285714285714285,7
20206,1-Chlorobutane,default,14,1,1,0.07142857142857142,0.07142857142857142,0
25437,L-5-Hydroxytryptophan,default,14,3,3,0.21428571428571427,0.21428571428571427,0
25455,3-Methylbutyl nitrite,default,14,1,1,0.07142857142857142,0.07142857142857142,0
25085,Diisopropylamine,default,14,2,2,0.14285714285714285,0.14285714285714285,0
22918,Dibromomannitol,default,14,2,2,0.14285714285714285,0.14285714285714285,0
23947,Carbon disulfide,default,14,1,1,0.07142857142857142,0.07142857142857142,0
25846,Pentane,default,14,1,1,0.07142857142857142,0.07142857142857142,0
20650,Gallic acid,estimated,14,7,2,0.5,0.14285714285714285,5
24508,2-Aminothiazole,default,14,3,3,0.21428571428571427,0.21428571428571427,0
20094,Anthranilic acid,default,14,1,1,0.07142857142857142,0.07142857142857142,0
25370,Halazone,estimated,14,6,0,0.42857142857142855,0.0,6
20146,"2,2'-Dithiobisbenzothiazole",default,14,4,4,0.2857142857142857,0.2857142857142857,0
24555,Azoxybenzene,default,14,5,5,0.35714285714285715,0.35714285714285715,0
20696,Hexanamide,default,14,2,2,0.14285714285714285,0.14285714285714285,0
24715,Cadmium oxide,default,14,1,1,0.07142857142857142,0.07142857142857142,0
25814,Orotic acid,default,14,5,5,0.35714285714285715,0.35714285714285715,0
20328,Danthron,default,14,6,6,0.42857142857142855,0.42857142857142855,0
25258,Ethidium bromide,estimated,14,9,6,0.6428571428571429,0.42857142857142855,3
24449,Allylthiourea,default,14,2,2,0.14285714285714285,0.14285714285714285,0
23794,Oxymetholone,estimated,14,8,5,0.5714285714285714,0.35714285714285715,3
30707,alpha-Solanine,estimated,14,11,6,0.7857142857142857,0.42857142857142855,5
23835,Saquinavir mesylate,estimated,14,11,5,0.7857142857142857,0.35714285714285715,6
20086,Anethole,default,14,2,2,0.14285714285714285,0.14285714285714285,0
25983,Pyrogallol,estimated,14,7,4,0.5,0.2857142857142857,3
22774,Cefuroxime,default,14,3,3,0.21428571428571427,0.21428571428571427,0
25299,"2-Ethylhexyl-2-cyano-3,3-diphenylacrylate",estimated,14,7,4,0.5,0.2857142857142857,3
20581,2-Ethoxybenzamide,estimated,14,5,1,0.35714285714285715,0.07142857142857142,4
20810,6-Mercaptopurine,estimated,14,7,1,0.5,0.07142857142857142,6
23702,"N1,N2-Bis(2-aminoethyl)-1,2-ethanediamine",default,14,2,2,0.14285714285714285,0.14285714285714285,0
45735,Cochineal,estimated,14,7,0,0.5,0.0,7
20566,Epichlorohydrin,default,14,1,1,0.07142857142857142,0.07142857142857142,0
25331,"1-Fluoro-2,4-dinitrobenzene",estimated,14,8,4,0.5714285714285714,0.2857142857142857,4
25757,Nitrogen mustard hydrochloride,estimated,14,10,7,0.7142857142857143,0.5,3
20369,Dacarbazine,default,14,3,3,0.21428571428571427,0.21428571428571427,0
21368,Toxaphene,estimated,14,11,8,0.7857142857142857,0.5714285714285714,3
50423,"1,5-Dicaffeoylquinic acid",default,14,3,3,0.21428571428571427,0.21428571428571427,0
32061,Sodium dichromate dihydrate,estimated,14,8,6,0.5714285714285714,0.42857142857142855,2
21258,Scopolamine hydrobromide trihydrate,default,14,2,2,0.14285714285714285,0.14285714285714285,0
20340,Cobalt sulfate heptahydrate,default,14,5,5,0.35714285714285715,0.35714285714285715,0
20886,Methylphenidate hydrochloride,default,14,1,1,0.07142857142857142,0.07142857142857142,0
25866,Pheniramine maleate,default,14,2,2,0.14285714285714285,0.14285714285714285,0
45742,Cinalukast,estimated,14,7,0,0.5,0.0,7
45743,Tricirbine,estimated,14,6,3,0.42857142857142855,0.21428571428571427,3
43892,Carmoxirole,default,14,1,1,0.07142857142857142,0.07142857142857142,0
45744,Eliprodil,estimated,14,7,3,0.5,0.21428571428571427,4
45745,Zatebradine hydrochloride,default,14,4,4,0.2857142857142857,0.2857142857142857,0
22947,Dinoprostone,default,14,5,5,0.35714285714285715,0.35714285714285715,0
43814,Ecopipam,estimated,14,5,2,0.35714285714285715,0.14285714285714285,3
45746,Relcovaptan,estimated,14,3,1,0.21428571428571427,0.07142857142857142,2
40243,Sertraline hydrochloride,estimated,14,11,3,0.7857142857142857,0.21428571428571427,8
22586,Amikacin,default,14,1,1,0.07142857142857142,0.07142857142857142,0
35138,(4-Aminophenyl)arsonic acid,default,14,2,2,0.14285714285714285,0.14285714285714285,0
45748,Acecainide hydrochloride,default,14,1,1,0.07142857142857142,0.07142857142857142,0
45750,Amperozide hydrochloride,estimated,14,8,3,0.5714285714285714,0.21428571428571427,5
45752,Opipramol dihydrochloride,estimated,14,5,2,0.35714285714285715,0.14285714285714285,3
37186,4'-(Acridin-9-ylamino)-3'-methoxymethanesulfonanilide hydrochloride,estimated,8,7,4,0.875,0.5,3
45755,Brivudine,default,8,1,1,0.125,0.125,0
45756,Azepexole hydrochloride,default,14,1,1,0.07142857142857142,0.07142857142857142,0
45757,Butaclamol hydrochloride,estimated,8,4,1,0.5,0.125,3
45758,"2-[(2-Methyl-1-benzothiophen-3-yl)methyl]-4,5-dihydro-1H-imidazole;oxalic acid",default,8,1,1,0.125,0.125,0
45759,Bestatin hydrochloride,estimated,8,2,0,0.25,0.0,2
45762,Aptiganel hydrochloride,estimated,14,4,1,0.2857142857142857,0.07142857142857142,3
45763,"L-3,4-Dihydroxyphenylalanine methyl ester hydrochloride",estimated,14,4,0,0.2857142857142857,0.0,4
45764,Sodium prasterone sulfate dihydrate,default,8,1,1,0.125,0.125,0
45766,Edelfosine,estimated,8,4,0,0.5,0.0,4
45767,Etazolate hydrochloride,default,14,4,4,0.2857142857142857,0.2857142857142857,0
45768,Safingol,estimated,14,2,1,0.14285714285714285,0.07142857142857142,1
45769,Eticlopride hydrochloride,default,14,5,5,0.35714285714285715,0.35714285714285715,0
45770,Fenspiride hydrochloride,default,14,3,3,0.21428571428571427,0.21428571428571427,0
22967,Doxifluridine,default,14,4,4,0.2857142857142857,0.2857142857142857,0
45771,Flupirtine maleate,default,14,6,6,0.42857142857142855,0.42857142857142855,0
20700,L-Histidine hydrochloride,default,8,1,1,0.125,0.125,0
47797,Idarubicin hydrochloride,estimated,14,11,6,0.7857142857142857,0.42857142857142855,5
45773,3-Iodobenzylguanidine hemisulfate,default,8,2,2,0.25,0.25,0
42631,"(1R,3S)-3-(3,4-Dichlorophenyl)-N-methyl-2,3-dihydro-1H-inden-1-amine;hydrochloride",estimated,8,5,0,0.625,0.0,5
45774,Iofetamine hydrochloride,default,8,2,2,0.25,0.25,0
45775,Itriglumide sodium,default,8,1,1,0.125,0.125,0
45777,5-Hydroxy-1-beta-D-ribofuranosylimidazole-4-carboxamide,estimated,14,1,0,0.07142857142857142,0.0,1
45778,"N-Methyl-N-propargyl-3-(2,4-dichlorophenoxy)propylamine hydrochloride",default,14,6,6,0.42857142857142855,0.42857142857142855,0
44204,Mibefradil dihydrochloride,estimated,14,11,4,0.7857142857142857,0.2857142857142857,7
45781,Stilonium iodide,estimated,14,6,1,0.42857142857142855,0.07142857142857142,5
45782,Methoxamine hydrochloride,default,8,2,2,0.25,0.25,0
45783,"1-Methyl-2-(2,6-xylyloxy)ethylammonium chloride",default,14,1,1,0.07142857142857142,0.07142857142857142,0
45785,Dizocilpine maleate,default,8,1,1,0.125,0.125,0
45788,Naphazoline hydrochloride,default,14,1,1,0.07142857142857142,0.07142857142857142,0
20818,Methapyrilene hydrochloride,default,14,8,8,0.5714285714285714,0.5714285714285714,0
45789,Methylcarbamylcholine chloride,default,8,1,1,0.125,0.125,0
45790,"8-Ammonio-1,2,3,4-tetrahydro-2-methyl-4-phenylisoquinolinium maleate",default,14,1,1,0.07142857142857142,0.07142857142857142,0
45791,Octoclothepine maleate,estimated,14,9,4,0.6428571428571429,0.2857142857142857,5
45792,Proadifen hydrochloride,estimated,14,7,2,0.5,0.14285714285714285,5
45794,Bisoprolol fumarate,default,14,1,1,0.07142857142857142,0.07142857142857142,0
23540,Pyridostigmine bromide,default,14,2,2,0.14285714285714285,0.14285714285714285,0
21278,Sotalol hydrochloride,default,14,4,4,0.2857142857142857,0.2857142857142857,0
45798,Salmeterol xinafoate,estimated,14,7,5,0.5,0.35714285714285715,2
45802,Trihexyphenidyl hydrochloride,default,14,7,7,0.5,0.5,0
45803,Trepipam maleate,default,8,1,1,0.125,0.125,0
45804,Triflupromazine hydrochloride,estimated,14,11,4,0.7857142857142857,0.2857142857142857,7
45805,Tulobuterol hydrochloride,default,14,1,1,0.07142857142857142,0.07142857142857142,0
42622,SB 206553 hydrochloride,default,14,5,5,0.35714285714285715,0.35714285714285715,0
45806,Trequinsin hydrochloride,estimated,14,10,7,0.7142857142857143,0.5,3
45807,N-alpha-p-Tosyl-L-lysine chloromethyl ketone hydrochloride,estimated,14,7,0,0.5,0.0,7
45809,Terguride,default,8,2,2,0.25,0.25,0
45810,Trifluperidol hydrochloride,estimated,14,5,2,0.35714285714285715,0.14285714285714285,3
45811,Zolantidine dimaleate,estimated,14,7,2,0.5,0.14285714285714285,5
45812,Urapidil hydrochloride,default,14,1,1,0.07142857142857142,0.07142857142857142,0
45815,Zimeldine dihydrochloride hydrate,default,14,4,4,0.2857142857142857,0.2857142857142857,0
22546,Acetohydroxamic acid,default,14,3,3,0.21428571428571427,0.21428571428571427,0
22659,Benztropine,default,8,2,2,0.25,0.25,0
45820,Carbenicillin disodium,default,14,1,1,0.07142857142857142,0.07142857142857142,0
45822,Colistimethate sodium,default,8,1,1,0.125,0.125,0
45824,Dihydrostreptomycin sulfate,default,8,1,1,0.125,0.125,0
45825,Ephedrine hydrochloride,default,14,2,2,0.14285714285714285,0.14285714285714285,0
23004,Estradiol valerate,default,8,5,5,0.625,0.625,0
45828,Eucatropine hydrochloride,default,14,2,2,0.14285714285714285,0.14285714285714285,0
37236,Glucosamine hydrochloride,default,14,1,1,0.07142857142857142,0.07142857142857142,0
45831,Indoprofen,default,8,2,2,0.25,0.25,0
45835,Methicillin sodium hydrate,default,14,2,2,0.14285714285714285,0.14285714285714285,0
45836,Nitromide,default,14,4,4,0.2857142857142857,0.2857142857142857,0
23442,Phenacemide,default,14,1,1,0.07142857142857142,0.07142857142857142,0
23502,Prednisolone acetate,default,14,5,5,0.35714285714285715,0.35714285714285715,0
45845,2-Aminoheptane sulfate,default,14,1,1,0.07142857142857142,0.07142857142857142,0
45846,Tyrothricin,estimated,8,7,3,0.875,0.375,4
45848,Acriflavine hydrochloride,estimated,14,11,5,0.7857142857142857,0.35714285714285715,6
45849,Broxyquinoline,estimated,14,7,5,0.5,0.35714285714285715,2
45851,Flopropione,default,14,3,3,0.21428571428571427,0.21428571428571427,0
45852,Iproniazid sulfate,default,14,3,3,0.21428571428571427,0.21428571428571427,0
45854,Benfluorex hydrochloride,estimated,14,7,2,0.5,0.14285714285714285,5
45856,Oftasceine,default,8,3,3,0.375,0.375,0
23150,Iodamide,default,14,2,2,0.14285714285714285,0.14285714285714285,0
45857,Althiazide,default,14,5,5,0.35714285714285715,0.35714285714285715,0
45859,Drofenine hydrochloride,estimated,14,7,4,0.5,0.2857142857142857,3
45860,Fendiline hydrochloride,estimated,14,11,3,0.7857142857142857,0.21428571428571427,8
45861,Puromycin dihydrochloride,estimated,8,6,2,0.75,0.25,4
45862,Mefexamide hydrochloride,default,14,2,2,0.14285714285714285,0.14285714285714285,0
45863,Pimethixene maleate,estimated,14,9,5,0.6428571428571429,0.35714285714285715,4
45864,Minaprine dihydrochloride,default,14,2,2,0.14285714285714285,0.14285714285714285,0
23254,Mephenesin,default,14,2,2,0.14285714285714285,0.14285714285714285,0
45867,Estradiol acetate,estimated,14,7,4,0.5,0.2857142857142857,3
45868,Tolperisone hydrochloride,default,14,6,6,0.42857142857142855,0.42857142857142855,0
23198,Lanatoside C,estimated,8,3,1,0.375,0.125,2
45871,Carprofen,default,14,3,3,0.21428571428571427,0.21428571428571427,0
23078,Foscarnet trisodium,default,14,3,3,0.21428571428571427,0.21428571428571427,0
20095,Anthraquinone,default,14,4,4,0.2857142857142857,0.2857142857142857,0
22611,Anisindione,default,14,4,4,0.2857142857142857,0.2857142857142857,0
45877,4-Amino-3-hydroxybutyric acid,default,8,1,1,0.125,0.125,0
23480,Pipenzolate bromide,default,14,1,1,0.07142857142857142,0.07142857142857142,0
45880,Adiphenine hydrochloride,default,14,3,3,0.21428571428571427,0.21428571428571427,0
45881,Alexidine dihydrochloride,estimated,14,9,2,0.6428571428571429,0.14285714285714285,7
26549,Gluconolactone,default,14,1,1,0.07142857142857142,0.07142857142857142,0
45886,Bromhexine hydrochloride,estimated,14,9,3,0.6428571428571429,0.21428571428571427,6
45887,Ceftriaxone disodium salt hemiheptahydrate,default,14,2,2,0.14285714285714285,0.14285714285714285,0
26147,Thonzylamine hydrochloride,default,14,3,3,0.21428571428571427,0.21428571428571427,0
45889,Clofoctol,estimated,14,10,3,0.7142857142857143,0.21428571428571427,7
45892,Diosmin,default,14,1,1,0.07142857142857142,0.07142857142857142,0
21114,Perhexiline maleate,estimated,14,11,5,0.7857142857142857,0.35714285714285715,6
45895,Lasalocid sodium,estimated,8,6,4,0.75,0.5,2
45896,Hydrocortisone 17-butyrate,default,14,5,5,0.35714285714285715,0.35714285714285715,0
45897,Tetroquinone,default,14,3,3,0.21428571428571427,0.21428571428571427,0
45898,Sulfanitran,estimated,14,4,1,0.2857142857142857,0.07142857142857142,3
23485,Pipobroman,default,14,2,2,0.14285714285714285,0.14285714285714285,0
45899,Exalamide,estimated,14,8,0,0.5714285714285714,0.0,8
31603,Semustine,default,8,1,1,0.125,0.125,0
45900,Mepartricin,default,8,4,4,0.5,0.5,0
45901,Resorcinol monoacetate,default,14,2,2,0.14285714285714285,0.14285714285714285,0
45902,Salinomycin sodium,estimated,8,4,2,0.5,0.25,2
45903,Selamectin,estimated,8,2,0,0.25,0.0,2
45904,Naproxol,default,8,1,1,0.125,0.125,0
45905,Amcinonide,default,8,4,4,0.5,0.5,0
45906,Ramifenazone,default,14,1,1,0.07142857142857142,0.07142857142857142,0
26878,"2,2'-Thiobisethanol",default,14,1,1,0.07142857142857142,0.07142857142857142,0
45907,Clobetasol propionate,estimated,14,6,3,0.42857142857142855,0.21428571428571427,3
22873,Cyproterone,default,8,2,2,0.25,0.25,0
45909,Oxyphencyclimine hydrochloride,estimated,14,3,2,0.21428571428571427,0.14285714285714285,1
45910,Periciazine,default,8,4,4,0.5,0.5,0
23638,Teniposide,estimated,8,6,4,0.75,0.5,2
22549,Acetrizoic acid,default,14,1,1,0.07142857142857142,0.07142857142857142,0
23737,Venlafaxine,default,14,1,1,0.07142857142857142,0.07142857142857142,0
45914,Aminolevulinic acid hydrochloride,default,14,2,2,0.14285714285714285,0.14285714285714285,0
44829,"1-(4-tert-Butylphenyl)-3-(4-methoxyphenyl)propane-1,3-dione",estimated,14,8,1,0.5714285714285714,0.07142857142857142,7
23269,Metaxalone,default,14,1,1,0.07142857142857142,0.07142857142857142,0
22829,Clarithromycin,default,14,1,1,0.07142857142857142,0.07142857142857142,0
45916,Carvedilol tartrate,estimated,14,9,3,0.6428571428571429,0.21428571428571427,6
40687,Nateglinide,default,14,1,1,0.07142857142857142,0.07142857142857142,0
23169,Irbesartan,estimated,14,4,1,0.2857142857142857,0.07142857142857142,3
23227,Losartan,default,14,4,4,0.2857142857142857,0.2857142857142857,0
23395,Orlistat,estimated,14,5,4,0.35714285714285715,0.2857142857142857,1
44226,Valdecoxib,estimated,14,3,0,0.21428571428571427,0.0,3
45922,Benazepril hydrochloride,estimated,14,10,5,0.7142857142857143,0.35714285714285715,5
23038,Famciclovir,default,14,1,1,0.07142857142857142,0.07142857142857142,0
44223,Ezetimibe,estimated,14,8,1,0.5714285714285714,0.07142857142857142,7
44289,Almotriptan,default,14,2,2,0.14285714285714285,0.14285714285714285,0
45924,Olmesartan medoxomil,default,8,2,2,0.25,0.25,0
45927,Sibutramine hydrochloride,estimated,14,4,1,0.2857142857142857,0.07142857142857142,3
45928,Rosuvastatin calcium,default,8,2,2,0.25,0.25,0
45930,Canrenone,default,14,5,5,0.35714285714285715,0.35714285714285715,0
23636,Telmisartan,estimated,14,7,2,0.5,0.14285714285714285,5
46455,Telithromycin,estimated,8,2,0,0.25,0.0,2
45933,Zolmitriptan,default,14,1,1,0.07142857142857142,0.07142857142857142,0
43913,Carbadox,estimated,14,4,1,0.2857142857142857,0.07142857142857142,3
45935,Pefloxacin mesylate,default,14,1,1,0.07142857142857142,0.07142857142857142,0
45938,Tylosin tartrate,default,8,1,1,0.125,0.125,0
45940,Prothionamide,default,14,1,1,0.07142857142857142,0.07142857142857142,0
45941,Carmofur,estimated,14,7,0,0.5,0.0,7
45942,Miltefosine,estimated,14,7,1,0.5,0.07142857142857142,6
45943,Oxiconazole nitrate,estimated,14,11,3,0.7857142857142857,0.21428571428571427,8
45944,Securinine,estimated,8,6,1,0.75,0.125,5
45945,Azelastine hydrochloride,estimated,14,8,3,0.5714285714285714,0.21428571428571427,5
23329,Modafinil,default,14,1,1,0.07142857142857142,0.07142857142857142,0
45946,Zolpidem,estimated,14,4,0,0.2857142857142857,0.0,4
45948,Gemifloxacin mesylate,default,14,3,3,0.21428571428571427,0.21428571428571427,0
45950,Pregabalin,default,8,1,1,0.125,0.125,0
45951,Ramelteon,default,8,2,2,0.25,0.25,0
23416,Pantoprazole,default,14,4,4,0.2857142857142857,0.2857142857142857,0
45952,Topotecan hydrochloride,estimated,14,9,4,0.6428571428571429,0.2857142857142857,5
45953,Irinotecan hydrochloride,estimated,14,8,3,0.5714285714285714,0.21428571428571427,5
45954,Oseltamivir tartrate,estimated,8,1,0,0.125,0.0,1
45955,Tegaserod,estimated,14,11,2,0.7857142857142857,0.14285714285714285,9
45956,Chlorophyllide Cu complex sodium salt,estimated,8,3,0,0.375,0.0,3
45957,Cepharanthine,estimated,14,10,4,0.7142857142857143,0.2857142857142857,6
45958,Tilorone,estimated,14,7,2,0.5,0.14285714285714285,5
45960,Alizarin,estimated,14,7,0,0.5,0.0,7
45962,alpha-Dihydroartemisinin,estimated,8,4,3,0.5,0.375,1
45963,"1,3,5-Trimethoxybenzene",default,14,1,1,0.07142857142857142,0.07142857142857142,0
45964,Bisabolol,default,14,3,3,0.21428571428571427,0.21428571428571427,0
45965,Quinine ethyl carbonate,default,8,2,2,0.25,0.25,0
20898,Mitomycin C,estimated,14,7,4,0.5,0.2857142857142857,3
22801,Chloroxine,estimated,14,9,5,0.6428571428571429,0.35714285714285715,4
45967,Aloin A,default,8,2,2,0.25,0.25,0
22915,Dibekacin,default,8,1,1,0.125,0.125,0
23037,Exemestane,default,14,6,6,0.42857142857142855,0.42857142857142855,0
45972,Diallyl trisulfide,default,8,3,3,0.375,0.375,0
45973,Cloxyquin,estimated,14,7,4,0.5,0.2857142857142857,3
45975,Deracoxib,default,14,4,4,0.2857142857142857,0.2857142857142857,0
45978,Tomatidine hydrochloride,default,8,1,1,0.125,0.125,0
45980,Andrographolide,estimated,8,2,1,0.25,0.125,1
45985,Limonin,default,14,4,4,0.2857142857142857,0.2857142857142857,0
47799,"3-(Octadecyloxy)-1,2-propanediol",estimated,14,5,3,0.35714285714285715,0.21428571428571427,2
45989,Tripelennamine citrate,default,14,6,6,0.42857142857142855,0.42857142857142855,0
22888,Dehydrocholic acid,default,14,1,1,0.07142857142857142,0.07142857142857142,0
41045,Hygromycin B,default,8,1,1,0.125,0.125,0
43909,Amlodipine besylate,estimated,8,6,2,0.75,0.25,4
45996,Guaiazulene,default,14,2,2,0.14285714285714285,0.14285714285714285,0
23628,Sumatriptan,default,14,1,1,0.07142857142857142,0.07142857142857142,0
45998,Rifaximin,default,8,1,1,0.125,0.125,0
40413,alpha-Tomatine,estimated,8,7,0,0.875,0.0,7
46000,Conessine,estimated,14,1,0,0.07142857142857142,0.0,1
40679,Ipriflavone,estimated,14,6,2,0.42857142857142855,0.14285714285714285,4
22727,Canthaxanthin,default,8,2,2,0.25,0.25,0
46003,Escitalopram oxalate,default,14,3,3,0.21428571428571427,0.21428571428571427,0
23546,Quetiapine,default,14,4,4,0.2857142857142857,0.2857142857142857,0
21994,Phenyl 4-aminosalicylate,default,14,7,7,0.5,0.5,0
46007,N-Methylbenzylamine hydrochloride,default,14,1,1,0.07142857142857142,0.07142857142857142,0
46008,Gramicidin S,estimated,8,7,5,0.875,0.625,2
46009,Coenzyme B12,default,8,1,1,0.125,0.125,0
46010,Acivicin,estimated,8,6,3,0.75,0.375,3
46012,Clavulanate lithium,default,8,2,2,0.25,0.25,0
23572,Salsalate,default,14,1,1,0.07142857142857142,0.07142857142857142,0
46013,Aurothioglucose,default,8,3,3,0.375,0.375,0
47800,Bleomycin sulfate,default,8,5,5,0.625,0.625,0
46015,Acadesine,default,14,1,1,0.07142857142857142,0.07142857142857142,0
46016,Aminoguanidine hemisulfate,default,14,1,1,0.07142857142857142,0.07142857142857142,0
47801,Alendronate sodium,default,14,1,1,0.07142857142857142,0.07142857142857142,0
46017,Trimebutine maleate,estimated,14,6,2,0.42857142857142855,0.14285714285714285,4
23388,Olanzapine,estimated,14,3,1,0.21428571428571427,0.07142857142857142,2
46019,Thioinosine,estimated,14,6,0,0.42857142857142855,0.0,6
23661,Thymidine,default,8,1,1,0.125,0.125,0
46020,Pyridoxal,default,14,1,1,0.07142857142857142,0.07142857142857142,0
22986,(-)-Epinephrine,default,14,3,3,0.21428571428571427,0.21428571428571427,0
22904,Dexamethasone valerate,default,14,5,5,0.35714285714285715,0.35714285714285715,0
46022,Chlordiazepoxide,default,8,4,4,0.5,0.5,0
46024,Clopidogrel hydrogen sulfate,default,14,6,6,0.42857142857142855,0.42857142857142855,0
44196,Desloratadine,estimated,14,10,3,0.7142857142857143,0.21428571428571427,7
23644,Testolactone,default,8,2,2,0.25,0.25,0
22968,Doxofylline,default,14,1,1,0.07142857142857142,0.07142857142857142,0
22783,Cephalothin,default,14,4,4,0.2857142857142857,0.2857142857142857,0
46030,Tazobactam sodium,default,14,5,5,0.35714285714285715,0.35714285714285715,0
23691,Tramadol hydrochloride,default,14,1,1,0.07142857142857142,0.07142857142857142,0
22742,Carubicin,estimated,8,7,6,0.875,0.75,1
23640,Terbinafine,estimated,14,4,1,0.2857142857142857,0.07142857142857142,3
25328,Fluorescein sodium,estimated,14,7,2,0.5,0.14285714285714285,5
23730,L-Tyrosine,default,14,1,1,0.07142857142857142,0.07142857142857142,0
46034,Acarbose,default,14,2,2,0.14285714285714285,0.14285714285714285,0
46036,Desoxycorticosterone pivalate,default,8,2,2,0.25,0.25,0
23258,Mephobarbital,default,8,1,1,0.125,0.125,0
23372,Nitrazepam,default,14,2,2,0.14285714285714285,0.14285714285714285,0
47895,Menthyl anthranilate,estimated,14,10,4,0.7142857142857143,0.2857142857142857,6
46038,Huperzine A,default,14,1,1,0.07142857142857142,0.07142857142857142,0
22816,C.I. Direct Red 28,estimated,14,10,2,0.7142857142857143,0.14285714285714285,8
46041,m-Cresyl acetate,default,14,1,1,0.07142857142857142,0.07142857142857142,0
20261,Chloral hydrate,default,14,2,2,0.14285714285714285,0.14285714285714285,0
44878,Propyl benzoate,default,14,1,1,0.07142857142857142,0.07142857142857142,0
41547,6-Chlorothymol,estimated,14,8,2,0.5714285714285714,0.14285714285714285,6
46042,Polyethylene glycol mono(dodecylthio) ether,default,14,2,2,0.14285714285714285,0.14285714285714285,0
22593,Amithiozone,default,14,1,1,0.07142857142857142,0.07142857142857142,0
23621,Sulfobromophthalein,default,14,4,4,0.2857142857142857,0.2857142857142857,0
41217,"1,1,1-Trichloro-2-methyl-2-propanol",default,14,1,1,0.07142857142857142,0.07142857142857142,0
20245,2-Phenylhydrazinecarboxamide,default,14,5,5,0.35714285714285715,0.35714285714285715,0
42324,Potassium warfarin,default,14,3,3,0.21428571428571427,0.21428571428571427,0
23352,Nandrolone decanoate,default,14,5,5,0.35714285714285715,0.35714285714285715,0
47806,Norepinephrine bitartrate monohydrate,default,14,3,3,0.21428571428571427,0.21428571428571427,0
23276,Methandrostenolone,default,14,5,5,0.35714285714285715,0.35714285714285715,0
22643,Barbital,default,14,1,1,0.07142857142857142,0.07142857142857142,0
23411,Oxyphenisatin acetate,estimated,14,7,2,0.5,0.14285714285714285,5
22935,Dihydralazine,default,14,3,3,0.21428571428571427,0.21428571428571427,0
23678,Tiopronin,default,14,1,1,0.07142857142857142,0.07142857142857142,0
23472,Phytonadione,default,14,3,3,0.21428571428571427,0.21428571428571427,0
22738,Carbocysteine,default,14,1,1,0.07142857142857142,0.07142857142857142,0
46054,Ubidecarenone,default,8,3,3,0.375,0.375,0
23414,Pamidronic acid,default,14,2,2,0.14285714285714285,0.14285714285714285,0
22644,Benactyzine,default,14,2,2,0.14285714285714285,0.14285714285714285,0
46055,Amiloxate,default,8,1,1,0.125,0.125,0
47807,Clobutinol hydrochloride,default,14,2,2,0.14285714285714285,0.14285714285714285,0
23225,Lorazepam,default,8,1,1,0.125,0.125,0
21309,Temazepam,default,14,4,4,0.2857142857142857,0.2857142857142857,0
22897,Deslanoside,estimated,14,6,2,0.42857142857142855,0.14285714285714285,4
23660,Thiphenamil,estimated,14,7,3,0.5,0.21428571428571427,4
46060,Parethoxycaine,default,14,2,2,0.14285714285714285,0.14285714285714285,0
23677,Tinoridine,estimated,14,8,1,0.5714285714285714,0.07142857142857142,7
23340,Mycophenolate mofetil,estimated,14,7,4,0.5,0.2857142857142857,3
46061,Amprenavir,default,8,1,1,0.125,0.125,0
46062,Phenacaine,default,8,1,1,0.125,0.125,0
22753,Cefazolin,default,14,2,2,0.14285714285714285,0.14285714285714285,0
22577,Alprazolam,default,8,4,4,0.5,0.5,0
46066,Sodium 4-aminosalicylate,default,14,1,1,0.07142857142857142,0.07142857142857142,0
23044,Fenfluramine,default,8,1,1,0.125,0.125,0
46067,Fluprednisolone,default,14,6,6,0.42857142857142855,0.42857142857142855,0
46069,Benzoxiquine,estimated,14,8,3,0.5714285714285714,0.21428571428571427,5
23586,Sofalcone,estimated,14,7,2,0.5,0.14285714285714285,5
46071,Levobupivacaine hydrochloride,default,14,1,1,0.07142857142857142,0.07142857142857142,0
47811,Hydroxychloroquine sulfate,default,14,2,2,0.14285714285714285,0.14285714285714285,0
47813,Rimantadine hydrochloride,default,14,2,2,0.14285714285714285,0.14285714285714285,0
46076,Sildenafil citrate,estimated,14,4,1,0.2857142857142857,0.07142857142857142,3
22574,Allylestrenol,default,8,4,4,0.5,0.5,0
46078,Metipranolol,default,8,3,3,0.375,0.375,0
23549,Quinidine,estimated,14,7,5,0.5,0.35714285714285715,2
23302,Methylprednisolone acetate,default,8,4,4,0.5,0.5,0
46081,Thymol iodide,default,14,5,5,0.35714285714285715,0.35714285714285715,0
27381,"1,2-Propylene glycol monostearate",estimated,8,1,0,0.125,0.0,1
22862,Cyclandelate,default,8,4,4,0.5,0.5,0
20038,Alclofenac,default,8,3,3,0.375,0.375,0
22814,Acid Red 94 disodium salt,estimated,8,6,0,0.75,0.0,6
46083,Aripiprazole,estimated,14,10,3,0.7142857142857143,0.21428571428571427,7
40657,Butenafine,estimated,14,5,1,0.35714285714285715,0.07142857142857142,4
46085,Cefprozil monohydrate,default,8,1,1,0.125,0.125,0
46086,Eszopiclone,default,14,1,1,0.07142857142857142,0.07142857142857142,0
46088,Nefazodone hydrochloride,estimated,14,10,5,0.7142857142857143,0.35714285714285715,5
23687,(R)-(+)-Tolterodine,estimated,14,9,3,0.6428571428571429,0.21428571428571427,6
44210,Valacyclovir hydrochloride,default,14,3,3,0.21428571428571427,0.21428571428571427,0
22780,Cephalexin,default,14,1,1,0.07142857142857142,0.07142857142857142,0
21744,Thiopental sodium,default,14,2,2,0.14285714285714285,0.14285714285714285,0
46090,Eltoprazine hydrochloride,default,14,1,1,0.07142857142857142,0.07142857142857142,0
46091,Zaldaride,estimated,14,9,2,0.6428571428571429,0.14285714285714285,7
46092,Devazepide,estimated,14,9,1,0.6428571428571429,0.07142857142857142,8
46094,Eplerenone,default,14,2,2,0.14285714285714285,0.14285714285714285,0
40652,Artemisinin,estimated,14,5,4,0.35714285714285715,0.2857142857142857,1
46099,Thebaine,default,8,2,2,0.25,0.25,0
46100,"6,7-Dimethoxyquinazoline-2,4(1H,3H)-dione",default,14,2,2,0.14285714285714285,0.14285714285714285,0
46101,Geliomycin,estimated,14,8,2,0.5714285714285714,0.14285714285714285,6
46104,Tenidap,estimated,14,8,4,0.5714285714285714,0.2857142857142857,4
20911,Nafenopin,default,8,2,2,0.25,0.25,0
46108,2-(Aminocarbonyl)phenyl acetate,default,14,1,1,0.07142857142857142,0.07142857142857142,0
46109,Bumecaine,estimated,14,3,1,0.21428571428571427,0.07142857142857142,2
46110,Benzylsulfamide,default,14,1,1,0.07142857142857142,0.07142857142857142,0
46988,DL-Cysteine,default,14,1,1,0.07142857142857142,0.07142857142857142,0
46112,Phanquinone,estimated,8,6,4,0.75,0.5,2
46113,Crotoniazide,estimated,14,5,0,0.35714285714285715,0.0,5
46114,Dianiline,estimated,14,8,2,0.5714285714285714,0.14285714285714285,6
46117,Metocinium iodide,default,14,2,2,0.14285714285714285,0.14285714285714285,0
46119,Pranolium chloride,default,14,3,3,0.21428571428571427,0.21428571428571427,0
46120,Lenperone,default,8,1,1,0.125,0.125,0
46121,Clonixin,default,8,4,4,0.5,0.5,0
22946,Dinoprost,default,8,1,1,0.125,0.125,0
46122,(±)-Fluprostenol,default,8,1,1,0.125,0.125,0
22851,Clothiapine,default,14,6,6,0.42857142857142855,0.42857142857142855,0
46123,Fluperlapine,estimated,14,7,2,0.5,0.14285714285714285,5
20115,Auranofin,estimated,8,7,3,0.875,0.375,4
46126,(S)-Mephenytoin,default,14,1,1,0.07142857142857142,0.07142857142857142,0
48421,Dibenzepin hydrochloride,default,14,4,4,0.2857142857142857,0.2857142857142857,0
46127,Pravadoline,default,14,6,6,0.42857142857142855,0.42857142857142855,0
40234,Irsogladine maleate,default,14,1,1,0.07142857142857142,0.07142857142857142,0
46128,Nafamostat mesylate,default,14,5,5,0.35714285714285715,0.35714285714285715,0
23050,Fentiazac,default,14,7,7,0.5,0.5,0
46130,Tetridamine,default,14,1,1,0.07142857142857142,0.07142857142857142,0
46131,Iodoalphionic acid,default,14,4,4,0.2857142857142857,0.2857142857142857,0
46133,Lornoxicam,default,8,1,1,0.125,0.125,0
46134,Benziodarone,estimated,14,10,5,0.7142857142857143,0.35714285714285715,5
46136,Loretin,default,14,2,2,0.14285714285714285,0.14285714285714285,0
46137,Indocate,estimated,14,9,3,0.6428571428571429,0.21428571428571427,6
46138,Benzobarbital,default,8,2,2,0.25,0.25,0
46139,Guaiactamine,default,8,1,1,0.125,0.125,0
46140,Chlormidazole,estimated,14,6,5,0.42857142857142855,0.35714285714285715,1
46142,Pincainide,default,14,2,2,0.14285714285714285,0.14285714285714285,0
46143,Clofenoxyde,default,8,3,3,0.375,0.375,0
42614,Tetrabenazine,default,14,3,3,0.21428571428571427,0.21428571428571427,0
47815,Chlorphentermine hydrochloride,default,14,3,3,0.21428571428571427,0.21428571428571427,0
46145,Clobenzorex hydrochloride,default,14,5,5,0.35714285714285715,0.35714285714285715,0
46148,Riodipine,estimated,14,4,2,0.2857142857142857,0.14285714285714285,2
46150,Pyrrocaine,default,14,1,1,0.07142857142857142,0.07142857142857142,0
46151,Lonazolac,default,14,4,4,0.2857142857142857,0.2857142857142857,0
46152,Metochalcone,estimated,14,8,3,0.5714285714285714,0.21428571428571427,5
46153,Clofenamide,default,14,1,1,0.07142857142857142,0.07142857142857142,0
40656,Bromisovalum,default,14,1,1,0.07142857142857142,0.07142857142857142,0
46156,Tibrofan,estimated,8,6,3,0.75,0.375,3
44107,Ibufenac,estimated,14,2,0,0.14285714285714285,0.0,2
46158,Clopirac,default,14,3,3,0.21428571428571427,0.21428571428571427,0
46160,Felbinac ethyl,default,8,1,1,0.125,0.125,0
23032,Etofylline clofibrate,default,8,2,2,0.25,0.25,0
46161,2-Iodohippuric acid,default,14,1,1,0.07142857142857142,0.07142857142857142,0
46163,Lozilurea,default,14,1,1,0.07142857142857142,0.07142857142857142,0
46167,Rolicyclidine,estimated,8,6,2,0.75,0.25,4
46172,Crocin,default,8,1,1,0.125,0.125,0
46173,Benzetimide,default,8,1,1,0.125,0.125,0
46174,Norletimol,default,14,2,2,0.14285714285714285,0.14285714285714285,0
46175,Fluacizine,estimated,8,2,1,0.25,0.125,1
46176,Ftorpropazine,estimated,14,3,1,0.21428571428571427,0.07142857142857142,2
46177,Pecazine,estimated,8,3,0,0.375,0.0,3
46178,Tioxidazole,default,8,6,6,0.75,0.75,0
46180,Ftormetazine,estimated,14,10,6,0.7142857142857143,0.42857142857142855,4
46181,Etafenone,estimated,14,6,2,0.42857142857142855,0.14285714285714285,4
46182,Diamthazole,default,8,2,2,0.25,0.25,0
46183,Chloracizine,estimated,8,3,1,0.375,0.125,2
46186,Azabuperone,default,8,1,1,0.125,0.125,0
46187,Quifenadine,default,8,3,3,0.375,0.375,0
46188,Fosenazide,default,14,1,1,0.07142857142857142,0.07142857142857142,0
46190,Amanozine,default,14,2,2,0.14285714285714285,0.14285714285714285,0
46192,Clostebol,default,8,4,4,0.5,0.5,0
46193,Dicarbine,default,14,1,1,0.07142857142857142,0.07142857142857142,0
46194,Pimeclone,default,8,1,1,0.125,0.125,0
46196,Isosorbide,default,14,1,1,0.07142857142857142,0.07142857142857142,0
46197,Etocarlide,default,8,1,1,0.125,0.125,0
46198,Testosterone decanoate,default,8,3,3,0.375,0.375,0
40678,Idebenone,estimated,14,8,3,0.5714285714285714,0.21428571428571427,5
46200,Diaveridine,default,14,1,1,0.07142857142857142,0.07142857142857142,0
46201,Orbifloxacin,default,14,3,3,0.21428571428571427,0.21428571428571427,0
23196,Lanatoside A,estimated,8,4,1,0.5,0.125,3
46205,Aminoquinol,estimated,8,4,1,0.5,0.125,3
23748,Zaleplon,default,14,1,1,0.07142857142857142,0.07142857142857142,0
46206,Befuraline,default,8,1,1,0.125,0.125,0
46207,Mosapride citrate,estimated,14,5,3,0.35714285714285715,0.21428571428571427,2
23679,Tizanidine,default,14,2,2,0.14285714285714285,0.14285714285714285,0
46210,Flurogestone acetate,default,8,2,2,0.25,0.25,0
46212,Colestolone,default,8,2,2,0.25,0.25,0
46213,Octaverine,estimated,8,6,1,0.75,0.125,5
46215,Ethiazide,default,14,1,1,0.07142857142857142,0.07142857142857142,0
46216,Romazarit,default,14,2,2,0.14285714285714285,0.14285714285714285,0
46217,Lifibrate,default,8,1,1,0.125,0.125,0
46218,Pregnandiol,default,8,3,3,0.375,0.375,0
46220,Benmoxin,default,8,2,2,0.25,0.25,0
46221,Haloxon,estimated,14,7,2,0.5,0.14285714285714285,5
46222,Fomocaine,estimated,14,6,1,0.42857142857142855,0.07142857142857142,5
46223,Ethoxazene,estimated,8,4,3,0.5,0.375,1
32378,Diphacinone,default,14,6,6,0.42857142857142855,0.42857142857142855,0
46225,Bithionoloxide,estimated,14,8,1,0.5714285714285714,0.07142857142857142,7
46226,Nifursol,estimated,14,7,3,0.5,0.21428571428571427,4
46227,Rafoxanide,estimated,14,7,5,0.5,0.35714285714285715,2
46229,Diamfenetide,default,14,1,1,0.07142857142857142,0.07142857142857142,0
46231,Bromebric acid,estimated,8,6,2,0.75,0.25,4
46234,Diphenan,default,8,2,2,0.25,0.25,0
46235,Broquinaldol,estimated,14,9,2,0.6428571428571429,0.14285714285714285,7
46236,Acetomenaphthone,estimated,8,7,0,0.875,0.0,7
46237,Halethazole hydrochloride,estimated,8,5,2,0.625,0.25,3
41697,Butonate,default,8,1,1,0.125,0.125,0
46239,Metazide,default,8,1,1,0.125,0.125,0
26270,Uracil mustard,default,8,3,3,0.375,0.375,0
46242,Mexenone,estimated,14,10,3,0.7142857142857143,0.21428571428571427,7
42244,Osalmid,default,8,3,3,0.375,0.375,0
41774,Chlorindanol,default,8,1,1,0.125,0.125,0
46244,Bromindione,default,14,4,4,0.2857142857142857,0.2857142857142857,0
46249,Clazolam,default,8,3,3,0.375,0.375,0
46250,Neocinchophen,default,8,3,3,0.375,0.375,0
46252,Pyrathiazine,estimated,8,3,0,0.375,0.0,3
46253,Anilamate,default,8,4,4,0.5,0.5,0
46254,Tenylidone,default,8,5,5,0.625,0.625,0
46255,4-Styrylpyridine,default,8,6,6,0.75,0.75,0
46257,Sulbentine,default,8,3,3,0.375,0.375,0
46264,Ethopabate,default,14,1,1,0.07142857142857142,0.07142857142857142,0
46265,Iophenoxic acid,default,8,1,1,0.125,0.125,0
22326,Rutin,estimated,14,5,1,0.35714285714285715,0.07142857142857142,4
46266,Bretazenil,default,14,4,4,0.2857142857142857,0.2857142857142857,0
46267,Sulazepam,default,14,4,4,0.2857142857142857,0.2857142857142857,0
46268,Veralipride,default,8,1,1,0.125,0.125,0
46269,Piperoxan,default,8,1,1,0.125,0.125,0
46270,Butamirate citrate,default,14,2,2,0.14285714285714285,0.14285714285714285,0
46271,Pipofezine,default,14,4,4,0.2857142857142857,0.2857142857142857,0
41827,Cypromid,estimated,14,6,1,0.42857142857142855,0.07142857142857142,5
46272,Salicylaldehyde isonicotinoylhydrazone,estimated,14,8,5,0.5714285714285714,0.35714285714285715,3
46273,Glycyclamide,default,14,1,1,0.07142857142857142,0.07142857142857142,0
46274,Ethacridine lactate hydrate,estimated,14,9,4,0.6428571428571429,0.2857142857142857,5
46276,Glysobuzole,default,14,3,3,0.21428571428571427,0.21428571428571427,0
46277,Tenonitrozole,estimated,14,9,5,0.6428571428571429,0.35714285714285715,4
45002,Verazide,default,14,1,1,0.07142857142857142,0.07142857142857142,0
46279,Frentizole,estimated,14,8,4,0.5714285714285714,0.2857142857142857,4
46281,Dazmegrel,default,14,1,1,0.07142857142857142,0.07142857142857142,0
46282,Ambrisentan,default,14,1,1,0.07142857142857142,0.07142857142857142,0
46283,Flazalone,estimated,14,4,1,0.2857142857142857,0.07142857142857142,3
46284,Nitroxoline,estimated,14,8,5,0.5714285714285714,0.35714285714285715,3
46285,Proroxan,estimated,14,8,2,0.5714285714285714,0.14285714285714285,6
46286,Sulfaethidole,default,14,1,1,0.07142857142857142,0.07142857142857142,0
46287,Sulfabenz,default,14,1,1,0.07142857142857142,0.07142857142857142,0
46289,Mecarbinate,default,14,4,4,0.2857142857142857,0.2857142857142857,0
46294,Aprofene,estimated,14,4,2,0.2857142857142857,0.14285714285714285,2
46295,Butinoline,default,14,6,6,0.42857142857142855,0.42857142857142855,0
46296,Fenoverine,default,14,4,4,0.2857142857142857,0.2857142857142857,0
46297,Dinsed,default,14,7,7,0.5,0.5,0
46299,Risocaine,default,14,3,3,0.21428571428571427,0.21428571428571427,0
23170,Isocaine,default,14,2,2,0.14285714285714285,0.14285714285714285,0
22721,Calcifediol,estimated,8,6,0,0.75,0.0,6
22722,Calcitriol,estimated,8,6,0,0.75,0.0,6
21260,"24R,25-Dihydroxyvitamin D3",estimated,8,6,0,0.75,0.0,6
42322,Potassium ricinoleate,estimated,8,5,1,0.625,0.125,4
41023,Timnodonic acid,default,8,2,2,0.25,0.25,0
40465,Cervonic acid,default,8,2,2,0.25,0.25,0
46305,Pinokalant hydrochloride,estimated,14,5,3,0.35714285714285715,0.21428571428571427,2
46306,Indorenate hydrochloride,default,8,1,1,0.125,0.125,0
47817,Trimetrexate trihydrochloride,estimated,14,8,3,0.5714285714285714,0.21428571428571427,5
46307,Falnidamol dihydrochloride,estimated,14,8,3,0.5714285714285714,0.21428571428571427,5
46308,Phenylmercury borate,estimated,8,7,5,0.875,0.625,2
47819,Mefloquine hydrochloride,estimated,14,11,4,0.7857142857142857,0.2857142857142857,7
47818,Dexbrompheniramine maleate,estimated,14,5,1,0.35714285714285715,0.07142857142857142,4
46309,Cilnidipine,estimated,14,8,5,0.5714285714285714,0.35714285714285715,3
22571,Alinidine,default,8,1,1,0.125,0.125,0
46310,cis-Flupentixol,estimated,14,10,2,0.7142857142857143,0.14285714285714285,8
23205,Levallorphan,default,14,4,4,0.2857142857142857,0.2857142857142857,0
23349,Naloxone,default,14,1,1,0.07142857142857142,0.07142857142857142,0
46313,Naltrexone,default,14,2,2,0.14285714285714285,0.14285714285714285,0
23345,Nalbuphine,default,8,1,1,0.125,0.125,0
46315,Quinelorane,estimated,14,4,0,0.2857142857142857,0.0,4
20897,Misoprostol,default,8,2,2,0.25,0.25,0
22553,Acitretin,default,8,6,6,0.75,0.75,0
46318,(+/-) -Niguldipine hydrochloride (1:x),estimated,14,9,5,0.6428571428571429,0.35714285714285715,4
22833,Clenbuterol,estimated,14,3,1,0.21428571428571427,0.07142857142857142,2
22684,Bopindolol,estimated,14,5,1,0.35714285714285715,0.07142857142857142,4
46320,"(-)-(5S,8R)-Lisuride",default,14,4,4,0.2857142857142857,0.2857142857142857,0
46321,Talipexole,default,14,1,1,0.07142857142857142,0.07142857142857142,0
46322,Dihydroergocristine,estimated,8,3,0,0.375,0.0,3
46323,Ergometrine,default,8,2,2,0.25,0.25,0
46324,Mesulergine,default,14,3,3,0.21428571428571427,0.21428571428571427,0
23490,Pizotyline,estimated,14,8,4,0.5714285714285714,0.2857142857142857,4
46326,"N-Methyl-N-((5R,7S,8S)-7-(1-pyrrolidinyl)-1-oxaspiro(4.5)dec-8-yl)benzeneacetamide",estimated,14,2,1,0.14285714285714285,0.07142857142857142,1
22676,Bethanechol chloride,default,14,3,3,0.21428571428571427,0.21428571428571427,0
22730,Carbachol,default,14,2,2,0.14285714285714285,0.14285714285714285,0
22582,Ambenonium chloride,default,14,2,2,0.14285714285714285,0.14285714285714285,0
22718,Butylscopolammonium bromide,default,14,1,1,0.07142857142857142,0.07142857142857142,0
46332,Chlorisondamine chloride,default,14,3,3,0.21428571428571427,0.21428571428571427,0
23181,Ivermectin B1a,estimated,8,5,0,0.625,0.0,5
22886,"1,10-Decanediaminium, N,N,N,N',N',N'-hexamethyl-, dibromide",default,14,2,2,0.14285714285714285,0.14285714285714285,0
41075,Neostigmine bromide,default,14,2,2,0.14285714285714285,0.14285714285714285,0
23727,(+)-Tubocurarine chloride hydrochloride,default,13,2,2,0.15384615384615385,0.15384615384615385,0
23089,Gallamine triethiodide,default,14,1,1,0.07142857142857142,0.07142857142857142,0
46341,Tiotidine,default,14,1,1,0.07142857142857142,0.07142857142857142,0
46342,Pregnanolone,default,8,3,3,0.375,0.375,0
46343,(+/-)-Lisofylline,default,14,2,2,0.14285714285714285,0.14285714285714285,0
22559,Adenosine triphosphate,default,8,1,1,0.125,0.125,0
46344,Suramin,default,14,3,3,0.21428571428571427,0.21428571428571427,0
22560,Adenosine 5'-phosphate,estimated,14,5,1,0.35714285714285715,0.07142857142857142,4
46349,Levonordefrin,estimated,14,4,1,0.2857142857142857,0.07142857142857142,3
26279,Indigo,default,14,6,6,0.42857142857142855,0.42857142857142855,0
46352,Tanespimycin,estimated,8,6,5,0.75,0.625,1
46353,Ilomastat,estimated,8,2,0,0.25,0.0,2
46354,Tacrolimus,estimated,8,4,1,0.5,0.125,3
46357,Otilonium bromide,estimated,14,11,1,0.7857142857142857,0.07142857142857142,10
46358,MK-571 sodium,estimated,8,7,3,0.875,0.375,4
46360,(+)-Myriocin,default,14,1,1,0.07142857142857142,0.07142857142857142,0
46361,Rosaramicin,estimated,8,6,1,0.75,0.125,5
40208,Rifamycin SV sodium salt,estimated,14,7,4,0.5,0.2857142857142857,3
46363,Chromomycin A3,estimated,8,6,1,0.75,0.125,5
32278,(+)-Vincristine,estimated,14,7,5,0.5,0.35714285714285715,2
34662,Imazalil sulfate,estimated,14,8,3,0.5714285714285714,0.21428571428571427,5
27104,"Hexadecanoic acid, 1-methylethyl ester",default,14,1,1,0.07142857142857142,0.07142857142857142,0
34266,Aviglycine hydrochloride,default,8,1,1,0.125,0.125,0
40726,Olaquindox,default,14,2,2,0.14285714285714285,0.14285714285714285,0
26933,(Z)-9-Octadecenylamine,estimated,14,3,1,0.21428571428571427,0.07142857142857142,2
23413,Paclitaxel,estimated,8,4,4,0.5,0.5,0
40750,Beclomethasone,default,14,6,6,0.42857142857142855,0.42857142857142855,0
40757,Ciglitizone,estimated,14,8,3,0.5714285714285714,0.21428571428571427,5
34669,Imiprothrin,default,8,1,1,0.125,0.125,0
46385,Amindocate,estimated,14,6,1,0.42857142857142855,0.07142857142857142,5
46386,Cyclovalone,estimated,14,10,5,0.7142857142857143,0.35714285714285715,5
46388,Amiphenazole,default,14,2,2,0.14285714285714285,0.14285714285714285,0
46389,Lidofenin,default,14,1,1,0.07142857142857142,0.07142857142857142,0
46390,Sulfisomidine,default,14,1,1,0.07142857142857142,0.07142857142857142,0
41897,Dipyrithione,estimated,14,10,3,0.7142857142857143,0.21428571428571427,7
46391,Nithiamide,default,14,2,2,0.14285714285714285,0.14285714285714285,0
46392,Nicothiazone,default,14,1,1,0.07142857142857142,0.07142857142857142,0
46394,Glyoctamide,default,14,2,2,0.14285714285714285,0.14285714285714285,0
46395,Tolpentamide,default,14,1,1,0.07142857142857142,0.07142857142857142,0
46396,DL-alpha Tocopheryl nicotinate,default,14,1,1,0.07142857142857142,0.07142857142857142,0
46398,Nihydrazone,estimated,14,6,1,0.42857142857142855,0.07142857142857142,5
46399,Nifuraldezone,estimated,14,5,1,0.35714285714285715,0.07142857142857142,4
46400,Myralact,estimated,14,9,2,0.6428571428571429,0.14285714285714285,7
46401,Tiliquinol,estimated,14,8,5,0.5714285714285714,0.35714285714285715,3
46402,Nifuroxime,default,14,5,5,0.35714285714285715,0.35714285714285715,0
46404,Idrocilamide,estimated,14,4,0,0.2857142857142857,0.0,4
23247,Menadiol,estimated,14,10,4,0.7142857142857143,0.2857142857142857,6
46405,Guaiacol carbonate,default,14,4,4,0.2857142857142857,0.2857142857142857,0
46406,Benzoylpas,default,14,2,2,0.14285714285714285,0.14285714285714285,0
46407,Ambazone,estimated,8,5,2,0.625,0.25,3
46409,Eprobemide,default,14,1,1,0.07142857142857142,0.07142857142857142,0
46410,Oxaceprol,default,14,2,2,0.14285714285714285,0.14285714285714285,0
46413,Methisazone,estimated,8,5,0,0.625,0.0,5
46414,Muromonab-CD3,default,14,1,1,0.07142857142857142,0.07142857142857142,0
46415,Camylofin,default,14,4,4,0.2857142857142857,0.2857142857142857,0
29160,Glycerol 1-monostearate,default,14,3,3,0.21428571428571427,0.21428571428571427,0
46417,Cinromide,default,14,2,2,0.14285714285714285,0.14285714285714285,0
46418,L-Cystine,default,14,4,4,0.2857142857142857,0.2857142857142857,0
46419,Parapropamol,default,14,1,1,0.07142857142857142,0.07142857142857142,0
46420,Buformin,default,14,4,4,0.2857142857142857,0.2857142857142857,0
46421,4-Hydroxyphenylsulfonic acid,default,14,1,1,0.07142857142857142,0.07142857142857142,0
47822,Phenmetrazine hydrochloride,default,14,1,1,0.07142857142857142,0.07142857142857142,0
46422,Droxidopa,default,14,4,4,0.2857142857142857,0.2857142857142857,0
46423,Azaclorzine,estimated,14,3,1,0.21428571428571427,0.07142857142857142,2
46424,Clofexamide,default,14,3,3,0.21428571428571427,0.21428571428571427,0
46425,Sulfacarbamide,default,14,2,2,0.14285714285714285,0.14285714285714285,0
46426,Talinolol,default,14,2,2,0.14285714285714285,0.14285714285714285,0
46427,Lomerizine dihydrochloride,estimated,14,9,3,0.6428571428571429,0.21428571428571427,6
46428,Lanoconazole,estimated,14,5,1,0.35714285714285715,0.07142857142857142,4
46429,Lacidipine,estimated,14,10,6,0.7142857142857143,0.42857142857142855,4
46430,Fropenem,default,14,2,2,0.14285714285714285,0.14285714285714285,0
23746,Zafirlukast,estimated,14,7,2,0.5,0.14285714285714285,5
46432,Danofloxacin,default,14,2,2,0.14285714285714285,0.14285714285714285,0
46433,Dofetilide,default,14,7,7,0.5,0.5,0
46434,Lafutidine,default,14,5,5,0.35714285714285715,0.35714285714285715,0
46435,Biapenem,default,8,2,2,0.25,0.25,0
44206,Bromfenac sodium sesquihydrate,default,14,3,3,0.21428571428571427,0.21428571428571427,0
46437,Clofarabine,estimated,14,6,5,0.42857142857142855,0.35714285714285715,1
46438,Mupirocin,default,8,1,1,0.125,0.125,0
46439,Entacapone,estimated,14,7,1,0.5,0.07142857142857142,6
46440,Fudosteine,default,14,1,1,0.07142857142857142,0.07142857142857142,0
46442,Pargeverine hydrochloride,default,14,4,4,0.2857142857142857,0.2857142857142857,0
46443,Duloxetine hydrochloride,estimated,14,10,2,0.7142857142857143,0.14285714285714285,8
46444,Abacavir,default,8,3,3,0.375,0.375,0
46445,Levosimendan,estimated,14,12,7,0.8571428571428571,0.5,5
46446,Entecavir,default,8,1,1,0.125,0.125,0
46449,Perospirone hydrochloride,estimated,14,8,1,0.5714285714285714,0.07142857142857142,7
46450,Montelukast sodium,estimated,14,6,0,0.42857142857142855,0.0,6
46452,Dutasteride,default,8,3,3,0.375,0.375,0
46453,Rimonabant,estimated,14,8,5,0.5714285714285714,0.35714285714285715,3
23071,Flurazepam,default,14,5,5,0.35714285714285715,0.35714285714285715,0
46454,Erlotinib,estimated,14,7,1,0.5,0.07142857142857142,6
46456,Lopinavir,estimated,14,8,1,0.5714285714285714,0.07142857142857142,7
23369,Nimetazepam,default,14,4,4,0.2857142857142857,0.2857142857142857,0
46457,Etoricoxib,default,14,2,2,0.14285714285714285,0.14285714285714285,0
46458,Estramustine,default,14,5,5,0.35714285714285715,0.35714285714285715,0
23051,Feprazone,estimated,14,7,4,0.5,0.2857142857142857,3
22584,Amdinocillin,default,14,2,2,0.14285714285714285,0.14285714285714285,0
46459,Cetraxate hydrochloride,default,14,3,3,0.21428571428571427,0.21428571428571427,0
46460,Halometasone hydrate,default,14,5,5,0.35714285714285715,0.35714285714285715,0
46461,Pitofenone hydrochloride,default,14,4,4,0.2857142857142857,0.2857142857142857,0
46462,Isepamicin sulfate,default,8,3,3,0.375,0.375,0
46463,Malotilate,estimated,14,5,0,0.35714285714285715,0.0,5
46464,Phenprobamate,default,14,2,2,0.14285714285714285,0.14285714285714285,0
46465,Drospirenone,estimated,14,6,4,0.42857142857142855,0.2857142857142857,2
40651,Artemether,default,8,2,2,0.25,0.25,0
46468,Loteprednol etabonate,estimated,14,6,5,0.42857142857142855,0.35714285714285715,1
48379,Ropivacaine hydrochloride,default,14,1,1,0.07142857142857142,0.07142857142857142,0
42681,Artesunate,estimated,8,4,3,0.5,0.375,1
46470,Liranaftate,default,14,6,6,0.42857142857142855,0.42857142857142855,0
46471,Ractopamine hydrochloride,default,8,1,1,0.125,0.125,0
46472,Ebastine,estimated,14,11,3,0.7857142857142857,0.21428571428571427,8
44758,Fluvastatin sodium,estimated,14,7,4,0.5,0.2857142857142857,3
46474,Ampiroxicam,default,14,5,5,0.35714285714285715,0.35714285714285715,0
46475,Trocimine,default,14,3,3,0.21428571428571427,0.21428571428571427,0
43952,Triclabendazole,estimated,8,7,2,0.875,0.25,5
46478,Gestodene,default,14,7,7,0.5,0.5,0
46479,Epalrestat,estimated,8,4,1,0.5,0.125,3
46480,Prulifloxacin,default,14,2,2,0.14285714285714285,0.14285714285714285,0
46481,Adapalene,estimated,14,6,5,0.42857142857142855,0.35714285714285715,1
46482,Raltitrexed,estimated,14,5,1,0.35714285714285715,0.07142857142857142,4
46483,Nadifloxacin,default,14,3,3,0.21428571428571427,0.21428571428571427,0
46484,Fenpiverinium bromide,default,14,1,1,0.07142857142857142,0.07142857142857142,0
46485,Voriconazole,default,14,1,1,0.07142857142857142,0.07142857142857142,0
46486,Olopatadine hydrochloride,default,14,1,1,0.07142857142857142,0.07142857142857142,0
46487,Adefovir dipivoxil,estimated,14,6,4,0.42857142857142855,0.2857142857142857,2
44218,Tiagabine hydrochloride,default,14,2,2,0.14285714285714285,0.14285714285714285,0
46489,Linezolid,default,8,2,2,0.25,0.25,0
46490,Alibendol,default,14,3,3,0.21428571428571427,0.21428571428571427,0
46491,Penciclovir,default,14,1,1,0.07142857142857142,0.07142857142857142,0
23667,Tibolone,default,14,6,6,0.42857142857142855,0.42857142857142855,0
40653,Balsalazide,estimated,14,2,0,0.14285714285714285,0.0,2
46495,Nifekalant hydrochloride,default,14,2,2,0.14285714285714285,0.14285714285714285,0
40647,Dexrazone,default,14,2,2,0.14285714285714285,0.14285714285714285,0
46497,Valrubicin,estimated,8,6,5,0.75,0.625,1
22866,Cyclofenil,default,14,5,5,0.35714285714285715,0.35714285714285715,0
46499,Cloricromen hydrochloride,default,14,7,7,0.5,0.5,0
46500,Cloprostenol sodium,default,8,1,1,0.125,0.125,0
46501,Daltroban,default,14,2,2,0.14285714285714285,0.14285714285714285,0
46502,Epinastine hydrochloride,estimated,14,5,1,0.35714285714285715,0.07142857142857142,4
46503,Ganaxolone,default,14,3,3,0.21428571428571427,0.21428571428571427,0
46504,Indoramin hydrochloride,estimated,14,6,1,0.42857142857142855,0.07142857142857142,5
46505,Pipamperone dihydrochloride,default,14,4,4,0.2857142857142857,0.2857142857142857,0
46507,Triparanol,estimated,14,10,5,0.7142857142857143,0.35714285714285715,5
23681,Tofisopam,default,8,1,1,0.125,0.125,0
46508,2-{[(2E)-2-(1-Azabicyclo[2.2.2]oct-3-ylidene)-2-fluoroethyl]oxy}-9H-carbazole,estimated,8,6,0,0.75,0.0,6
47825,Vinorelbine tartrate,estimated,14,9,7,0.6428571428571429,0.5,2
46509,Reparixin,default,8,1,1,0.125,0.125,0
46510,Etiracetam,default,14,1,1,0.07142857142857142,0.07142857142857142,0
46511,Perflunafene,default,14,2,2,0.14285714285714285,0.14285714285714285,0
46512,1-Thioglycerol,default,14,3,3,0.21428571428571427,0.21428571428571427,0
21232,Amaranth,estimated,14,2,1,0.14285714285714285,0.07142857142857142,1
31903,Picolinic acid,default,14,1,1,0.07142857142857142,0.07142857142857142,0
46518,Bismuth(III) carbonate,default,8,1,1,0.125,0.125,0
23157,Iohexol,default,14,1,1,0.07142857142857142,0.07142857142857142,0
46520,Methyl L-cysteinate hydrochloride,default,8,1,1,0.125,0.125,0
21246,C.I. Basic Violet 14,estimated,14,7,1,0.5,0.07142857142857142,6
46521,Actinoquinol,default,8,2,2,0.25,0.25,0
22133,Ethyl 3-aminobenzoate methanesulfonic acid salt,default,14,2,2,0.14285714285714285,0.14285714285714285,0
47076,Ammonium hexafluorosilicate,default,8,1,1,0.125,0.125,0
46523,D-(-)-Mandelic acid,default,14,2,2,0.14285714285714285,0.14285714285714285,0
25390,Hexadecylamine,estimated,14,2,0,0.14285714285714285,0.0,2
46524,"N,N-Diethylnicotinamide",default,8,1,1,0.125,0.125,0
20342,Colcemid,default,8,4,4,0.5,0.5,0
31210,Dimepranol,default,8,1,1,0.125,0.125,0
46525,Flamenol,default,14,3,3,0.21428571428571427,0.21428571428571427,0
46526,Ethyl nicotinate,default,14,1,1,0.07142857142857142,0.07142857142857142,0
46527,Ethyl L-cysteinate hydrochloride,default,8,1,1,0.125,0.125,0
46528,Didecyldimethylammonium bromide,estimated,8,6,2,0.75,0.25,4
46529,Decominol hydrochloride,estimated,14,11,3,0.7857142857142857,0.21428571428571427,8
46530,L-Alloisoleucine,default,8,1,1,0.125,0.125,0
46531,Piconol,default,14,4,4,0.2857142857142857,0.2857142857142857,0
46532,p-Phenylene bis(isothiocyanate),default,8,3,3,0.375,0.375,0
41743,C.I. Solvent Red 24,estimated,14,5,0,0.35714285714285715,0.0,5
46535,2-Amino-6-methylheptane,default,14,2,2,0.14285714285714285,0.14285714285714285,0
46536,L-Thioproline,default,14,1,1,0.07142857142857142,0.07142857142857142,0
30432,Decitabine,default,14,2,2,0.14285714285714285,0.14285714285714285,0
46539,Calcium levulinate,default,14,2,2,0.14285714285714285,0.14285714285714285,0
46541,DL-Lipoamide,default,14,3,3,0.21428571428571427,0.21428571428571427,0
46542,Benzyl nicotinate,default,8,1,1,0.125,0.125,0
46543,Nicotinic acid 1-oxide,default,14,1,1,0.07142857142857142,0.07142857142857142,0
35542,"N,N-Dimethyl-N-(3-(trimethoxysilyl)propyl) octadecan-1-aminium chloride",default,8,3,3,0.375,0.375,0
46545,Diphenylcyclopropenone,estimated,14,8,3,0.5714285714285714,0.21428571428571427,5
24961,Dibutyltin dilaurate,estimated,14,6,0,0.42857142857142855,0.0,6
44424,3-(Aminomethyl)pyridine,default,14,1,1,0.07142857142857142,0.07142857142857142,0
46550,Pyrithioxin dihydrochloride,default,14,1,1,0.07142857142857142,0.07142857142857142,0
47828,Carbinoxamine maleate,default,14,2,2,0.14285714285714285,0.14285714285714285,0
48383,"2,3-Dihydroxypropyl octanoate",estimated,14,1,0,0.07142857142857142,0.0,1
46552,Oxytocin acetate,default,8,2,2,0.25,0.25,0
46553,Quinestrol,estimated,14,7,5,0.5,0.35714285714285715,2
22938,Dihydrotachysterol,default,8,3,3,0.375,0.375,0
46555,Climbazole,default,14,5,5,0.35714285714285715,0.35714285714285715,0
46556,Fluazuron,default,8,3,3,0.375,0.375,0
47829,Paromomycin sulfate,default,8,1,1,0.125,0.125,0
46558,2-Chloro-5-methylphenol,default,14,1,1,0.07142857142857142,0.07142857142857142,0
43761,"4,4'-Dinitrodiphenylurea",estimated,14,5,3,0.35714285714285715,0.21428571428571427,2
46561,Bipenamol,default,14,2,2,0.14285714285714285,0.14285714285714285,0
46563,"1,2-Ethanediamine, N1,N2-bis(phenylmethyl)-, hydrochloride (1:2)",default,14,5,5,0.35714285714285715,0.35714285714285715,0
46565,Xenalipin,default,14,3,3,0.21428571428571427,0.21428571428571427,0
46569,Mepiroxol,default,14,1,1,0.07142857142857142,0.07142857142857142,0
46571,4-Ethylbenzenesulfonic acid,default,8,3,3,0.375,0.375,0
46572,Cyacetacide,default,14,1,1,0.07142857142857142,0.07142857142857142,0
46573,"2,6-Diiodo-4-nitrophenol",estimated,8,6,2,0.75,0.25,4
46574,Ethyl nitrite,default,8,2,2,0.25,0.25,0
43777,Proflavin hemisulfate,estimated,14,11,6,0.7857142857142857,0.42857142857142855,5
46576,Carbocyanine,estimated,14,12,4,0.8571428571428571,0.2857142857142857,8
46577,Acid green 50,estimated,8,3,0,0.375,0.0,3
46578,Anazolene sodium,estimated,8,3,0,0.375,0.0,3
46579,Alovudine,default,14,2,2,0.14285714285714285,0.14285714285714285,0
46580,Padimate,default,14,4,4,0.2857142857142857,0.2857142857142857,0
38852,Ensulizole,estimated,14,3,2,0.21428571428571427,0.14285714285714285,1
46585,"1,3-Bis(4-carboxyphenoxy)propane",default,14,1,1,0.07142857142857142,0.07142857142857142,0
46588,Bismuth subgallate,default,8,3,3,0.375,0.375,0
44280,Quinine,default,14,4,4,0.2857142857142857,0.2857142857142857,0
46589,Protoporphyrin disodium,estimated,14,7,4,0.5,0.2857142857142857,3
46591,"3,3'-Diethylthiacarbocyanine iodide",estimated,14,11,2,0.7857142857142857,0.14285714285714285,9
46592,Hydroxystilbamidine bis(methanesulfonate),default,8,1,1,0.125,0.125,0
39721,Polyoxyethylene (9) lauryl ether,estimated,14,9,4,0.6428571428571429,0.2857142857142857,5
46593,all-trans-Lycopene,default,8,4,4,0.5,0.5,0
44247,Lactitol,default,14,3,3,0.21428571428571427,0.21428571428571427,0
46594,Pyridoxal 5'-phosphate monohydrate,default,14,1,1,0.07142857142857142,0.07142857142857142,0
46596,"N,N-Dimethylcysteamine hydrochloride",default,8,1,1,0.125,0.125,0
46597,Argipressin acetate,default,8,3,3,0.375,0.375,0
46599,Difloxacin hydrochloride,default,14,3,3,0.21428571428571427,0.21428571428571427,0
46600,Marbofloxacin,default,14,1,1,0.07142857142857142,0.07142857142857142,0
41613,Azaconazole,default,14,3,3,0.21428571428571427,0.21428571428571427,0
40662,Closantel,estimated,14,8,5,0.5714285714285714,0.35714285714285715,3
46601,"D-Fructose 1,6-bisphosphate trisodium",default,8,2,2,0.25,0.25,0
46602,Trifluridine,default,14,4,4,0.2857142857142857,0.2857142857142857,0
22956,Sodium diethyldithiocarbamate,estimated,14,7,5,0.5,0.35714285714285715,2
47833,Lofepramine hydrochloride,estimated,14,6,1,0.42857142857142855,0.07142857142857142,5
46604,Imidocarb dipropionate,default,14,4,4,0.2857142857142857,0.2857142857142857,0
46606,Benzyldimethyltetradecylammonium chloride dihydrate,estimated,14,12,5,0.8571428571428571,0.35714285714285715,7
46607,"Sodium 2,3-dimercaptopropanesulfonate hydrate",default,8,1,1,0.125,0.125,0
46608,Oxeladin citrate,default,8,3,3,0.375,0.375,0
46610,Palonosetron hydrochloride,estimated,14,4,1,0.2857142857142857,0.07142857142857142,3
20562,Enflurane,default,14,1,1,0.07142857142857142,0.07142857142857142,0
22626,Tipepidine,default,8,1,1,0.125,0.125,0
47835,Caramiphen edisylate,default,14,3,3,0.21428571428571427,0.21428571428571427,0
43714,Temozolomide,default,14,1,1,0.07142857142857142,0.07142857142857142,0
46619,Tioconazole,estimated,14,10,6,0.7142857142857143,0.42857142857142855,4
41115,Rifapentine,estimated,8,7,2,0.875,0.25,5
23566,Rocuronium bromide,default,8,2,2,0.25,0.25,0
46623,Pemirolast potassium,default,14,1,1,0.07142857142857142,0.07142857142857142,0
46624,Nilvadipine,estimated,8,5,0,0.625,0.0,5
20120,Azelnidipine,estimated,14,11,5,0.7857142857142857,0.35714285714285715,6
21223,Ramosetron hydrochloride,estimated,14,6,2,0.42857142857142855,0.14285714285714285,4
23724,Trospium chloride,default,14,1,1,0.07142857142857142,0.07142857142857142,0
46626,Trenbolone acetate,default,8,4,4,0.5,0.5,0
23496,Pramipexole,default,14,2,2,0.14285714285714285,0.14285714285714285,0
46628,Tamsulosin hydrochloride,default,14,6,6,0.42857142857142855,0.42857142857142855,0
22562,Afloqualone,default,8,4,4,0.5,0.5,0
46630,Cefpiramide,default,8,1,1,0.125,0.125,0
46631,Eprazinone dihydrochloride,default,14,6,6,0.42857142857142855,0.42857142857142855,0
23313,Methyclothiazide,default,14,4,4,0.2857142857142857,0.2857142857142857,0
46633,Prosultiamine,estimated,14,6,2,0.42857142857142855,0.14285714285714285,4
46634,Trepibutone,default,14,4,4,0.2857142857142857,0.2857142857142857,0
22898,Desogestrel,estimated,8,6,2,0.75,0.25,4
46636,Halobetasol propionate,default,8,4,4,0.5,0.5,0
46637,Pirenoxine sodium,default,8,1,1,0.125,0.125,0
46639,Pilsicainide,estimated,14,3,1,0.21428571428571427,0.07142857142857142,2
46641,Bisibutiamine,default,14,4,4,0.2857142857142857,0.2857142857142857,0
23094,Gestrinone,estimated,14,6,5,0.42857142857142855,0.35714285714285715,1
46642,Cefonicid sodium,default,8,1,1,0.125,0.125,0
47837,Doxapram hydrochloride,default,14,3,3,0.21428571428571427,0.21428571428571427,0
46644,Bendazac sodium,default,14,1,1,0.07142857142857142,0.07142857142857142,0
46647,Hydrocortisone sodium phosphate,default,8,2,2,0.25,0.25,0
46648,Calcipotriene,estimated,14,8,4,0.5714285714285714,0.2857142857142857,4
23736,Vecuronium bromide,default,14,2,2,0.14285714285714285,0.14285714285714285,0
22649,Benorylate,default,14,3,3,0.21428571428571427,0.21428571428571427,0
46649,Mivacurium chloride,default,8,1,1,0.125,0.125,0
23316,Mezlocillin,default,8,1,1,0.125,0.125,0
46651,Anethole trithione,estimated,14,7,2,0.5,0.14285714285714285,5
22595,Amlenanox,default,14,6,6,0.42857142857142855,0.42857142857142855,0
46652,Capreomycin IB,default,14,1,1,0.07142857142857142,0.07142857142857142,0
22725,Candesartan,estimated,14,7,5,0.5,0.35714285714285715,2
47838,Diethylpropion hydrochloride,default,14,1,1,0.07142857142857142,0.07142857142857142,0
21084,Gamma-Oryzanol,default,14,6,6,0.42857142857142855,0.42857142857142855,0
46658,Aclarubicin hydrochloride,estimated,8,7,5,0.875,0.625,2
46659,Ciclesonide,default,8,5,5,0.625,0.625,0
46660,Pemetrexed disodium,default,8,1,1,0.125,0.125,0
47839,Sorafenib tosylate,estimated,14,9,5,0.6428571428571429,0.35714285714285715,4
46662,Sarpogrelate hydrochloride,estimated,14,5,1,0.35714285714285715,0.07142857142857142,4
46663,Lumefantrine,estimated,14,7,2,0.5,0.14285714285714285,5
46665,Lercanidipine hydrochloride,estimated,14,9,4,0.6428571428571429,0.2857142857142857,5
20796,Manidipine dihydrochloride,estimated,14,9,3,0.6428571428571429,0.21428571428571427,6
22609,Androstenediol,default,14,4,4,0.2857142857142857,0.2857142857142857,0
23650,Thiamphenicol glycinate hydrochloride,default,8,1,1,0.125,0.125,0
46670,Roxatidine acetate hydrochloride,default,14,5,5,0.35714285714285715,0.35714285714285715,0
23036,Etretinate,default,14,6,6,0.42857142857142855,0.42857142857142855,0
23279,Methaqualone,estimated,8,2,0,0.25,0.0,2
46673,Eptifibatide,default,14,2,2,0.14285714285714285,0.14285714285714285,0
46674,Pimecrolimus,default,8,3,3,0.375,0.375,0
46675,Lapatinib,estimated,14,9,4,0.6428571428571429,0.2857142857142857,5
46677,Pipethanate ethylbromide,default,14,4,4,0.2857142857142857,0.2857142857142857,0
46678,Doripenem,default,14,3,3,0.21428571428571427,0.21428571428571427,0
23024,Ethylestrenol,estimated,14,8,5,0.5714285714285714,0.35714285714285715,3
46682,Enocitabine,default,8,4,4,0.5,0.5,0
46683,Deslorelin acetate,estimated,8,7,2,0.875,0.25,5
46685,Ramatroban,default,14,1,1,0.07142857142857142,0.07142857142857142,0
46687,Tenatoprazole,default,14,5,5,0.35714285714285715,0.35714285714285715,0
46688,Hexoprenaline sulfate,estimated,14,5,2,0.35714285714285715,0.14285714285714285,3
46689,Ormetoprim,default,14,2,2,0.14285714285714285,0.14285714285714285,0
46690,Amorolfine,estimated,14,8,3,0.5714285714285714,0.21428571428571427,5
46691,Tazarotene,estimated,14,7,3,0.5,0.21428571428571427,4
20238,Camostat mesylate,default,14,1,1,0.07142857142857142,0.07142857142857142,0
46692,Grepafloxacin hydrochloride,default,14,1,1,0.07142857142857142,0.07142857142857142,0
44208,Alosetron hydrochloride,default,14,3,3,0.21428571428571427,0.21428571428571427,0
46693,Itopride hydrochloride,default,14,1,1,0.07142857142857142,0.07142857142857142,0
46694,Arbekacin sulfate,default,8,1,1,0.125,0.125,0
47840,Rivastigmine tartrate,default,14,5,5,0.35714285714285715,0.35714285714285715,0
46695,Balofloxacin,default,14,1,1,0.07142857142857142,0.07142857142857142,0
46696,Vardenafil citrate,default,14,2,2,0.14285714285714285,0.14285714285714285,0
50426,Tenofovir disoproxil fumarate,default,14,4,4,0.2857142857142857,0.2857142857142857,0
47842,Tosufloxacin toluenesulfonic acid,default,14,4,4,0.2857142857142857,0.2857142857142857,0
46698,Donepezil hydrochloride,estimated,14,5,2,0.35714285714285715,0.14285714285714285,3
46699,Clorprenaline hydrochloride,default,14,1,1,0.07142857142857142,0.07142857142857142,0
21775,3-Methylindole,default,14,1,1,0.07142857142857142,0.07142857142857142,0
46701,Tiamulin,estimated,8,3,3,0.375,0.375,0
32020,S-Adenosylmethionine chloride,default,8,1,1,0.125,0.125,0
46705,Agaric acid,estimated,14,8,1,0.5714285714285714,0.07142857142857142,7
46706,N-Carbamyl-L-glutamic acid,default,14,1,1,0.07142857142857142,0.07142857142857142,0
46707,Narasin,estimated,8,6,3,0.75,0.375,3
46708,Polyethylene glycol (20) hexadecyl ether,estimated,8,7,3,0.875,0.375,4
46709,Piperocaine hydrochloride,default,8,1,1,0.125,0.125,0
46710,Norfenefrine hydrochloride,default,8,1,1,0.125,0.125,0
26268,C.I. Direct Blue 14,estimated,8,3,0,0.375,0.0,3
40965,Androstenone,default,8,4,4,0.5,0.5,0
46715,"3,4-Diaminopyridine",default,14,1,1,0.07142857142857142,0.07142857142857142,0
26151,d-alpha-Tocopheryl succinate,estimated,14,6,5,0.42857142857142855,0.35714285714285715,1
46716,Mofezolac,default,8,1,1,0.125,0.125,0
44768,8-Bromotheophylline,default,14,2,2,0.14285714285714285,0.14285714285714285,0
22732,Carbazochrome sodium sulfonate,estimated,8,1,0,0.125,0.0,1
46719,Nitroblue tetrazolium dichloride,estimated,8,6,2,0.75,0.25,4
46721,Mefeserpine,default,14,5,5,0.35714285714285715,0.35714285714285715,0
46722,Dexamethazone metasulfobenzoate sodium,default,8,3,3,0.375,0.375,0
46723,Flavin adenine dinucleotide disodium,default,8,4,4,0.5,0.5,0
46724,Xaliproden hydrochloride,default,14,7,7,0.5,0.5,0
46725,Anagrelide hydrochloride,default,14,4,4,0.2857142857142857,0.2857142857142857,0
46726,Aprindine hydrochloride,estimated,14,9,6,0.6428571428571429,0.42857142857142855,3
46727,Sivelestat sodium tetrahydrate,default,14,4,4,0.2857142857142857,0.2857142857142857,0
46729,Coenzyme A trilithium dihydrate,default,8,1,1,0.125,0.125,0
46734,Ipidacrine hydrochloride hydrate,default,14,2,2,0.14285714285714285,0.14285714285714285,0
46735,Piroctone olamine,estimated,8,7,3,0.875,0.375,4
46737,Tianeptine sodium,default,8,2,2,0.25,0.25,0
46738,Lintitript,default,14,7,7,0.5,0.5,0
46739,Lazabemide hydrochloride,default,14,1,1,0.07142857142857142,0.07142857142857142,0
23298,Methylperone,default,14,3,3,0.21428571428571427,0.21428571428571427,0
46740,Talniflumate,default,14,8,8,0.5714285714285714,0.5714285714285714,0
36760,Oxaliplatin,default,8,5,5,0.625,0.625,0
46742,Carboplatin,default,14,5,5,0.35714285714285715,0.35714285714285715,0
46743,Fananserin,default,14,6,6,0.42857142857142855,0.42857142857142855,0
46744,Bucindolol,estimated,14,5,2,0.35714285714285715,0.14285714285714285,3
22719,Cabergoline,estimated,14,4,1,0.2857142857142857,0.07142857142857142,3
44267,Moexipril hydrochloride,default,14,3,3,0.21428571428571427,0.21428571428571427,0
46748,Loxoribine,default,14,1,1,0.07142857142857142,0.07142857142857142,0
47843,Diphenoxylate hydrochloride,estimated,14,8,5,0.5714285714285714,0.35714285714285715,3
46749,Lutein A,estimated,8,4,1,0.5,0.125,3
46751,Valnemulin,estimated,8,3,1,0.375,0.125,2
46752,Rubitecan,estimated,8,6,4,0.75,0.5,2
44214,Tiotropium bromide,default,8,2,2,0.25,0.25,0
47844,Eperisone hydrochloride,default,14,6,6,0.42857142857142855,0.42857142857142855,0
46754,Methenolone enanthate,default,8,4,4,0.5,0.5,0
23497,Pranoprofen,default,14,1,1,0.07142857142857142,0.07142857142857142,0
46755,Pirarubicin,estimated,14,11,5,0.7857142857142857,0.35714285714285715,6
46756,Desonide,default,14,5,5,0.35714285714285715,0.35714285714285715,0
46757,Tiquizium bromide,default,8,2,2,0.25,0.25,0
41133,Vorinostat,estimated,14,9,5,0.6428571428571429,0.35714285714285715,4
23049,Fentanyl,default,8,3,3,0.375,0.375,0
47846,Midazolam hydrochloride,default,14,6,6,0.42857142857142855,0.42857142857142855,0
21181,Prazepam,estimated,14,8,2,0.5714285714285714,0.14285714285714285,6
21327,Tetrahydrocannabinol,estimated,8,7,1,0.875,0.125,6
46763,Triazolam,default,8,2,2,0.25,0.25,0
46764,alpha-Ethyltryptamine,default,8,2,2,0.25,0.25,0
46766,Betaprodine,default,8,1,1,0.125,0.125,0
46767,Isbufylline,default,14,1,1,0.07142857142857142,0.07142857142857142,0
46768,Iodophthalein sodium,estimated,14,7,0,0.5,0.0,7
46770,"N-(3-Chlorophenyl)-N'-(4,5-dihydro-1-methyl-4-oxo-1H-imidazol-2-yl)urea",default,14,4,4,0.2857142857142857,0.2857142857142857,0
23294,Methyldigoxin,estimated,8,5,0,0.625,0.0,5
46772,Rotigotine,estimated,14,10,2,0.7142857142857143,0.14285714285714285,8
46773,Difluprednate,default,8,4,4,0.5,0.5,0
40980,Bortezomib,estimated,14,9,8,0.6428571428571429,0.5714285714285714,1
46778,Lestaurtinib,estimated,8,7,5,0.875,0.625,2
46779,Darunavir,default,8,1,1,0.125,0.125,0
47848,Rasagiline mesylate,default,14,1,1,0.07142857142857142,0.07142857142857142,0
46780,Darifenacin hydrobromide,estimated,14,5,1,0.35714285714285715,0.07142857142857142,4
22892,Delavirdine,default,14,4,4,0.2857142857142857,0.2857142857142857,0
46782,Etonogestrel,default,8,4,4,0.5,0.5,0
46783,Solifenacin hydrochloride,default,8,2,2,0.25,0.25,0
46784,Valganciclovir hydrochloride,default,8,1,1,0.125,0.125,0
46786,Tadalafil,default,14,4,4,0.2857142857142857,0.2857142857142857,0
47849,"2'-Deoxy-2',2'-difluorocytidine monohydrochloride",estimated,14,4,4,0.2857142857142857,0.2857142857142857,0
46787,Diclazuril,estimated,8,6,1,0.75,0.125,5
20383,Deserpidine,estimated,8,7,1,0.875,0.125,6
46788,Norelgestromin,estimated,8,6,3,0.75,0.375,3
46791,Amylmetacresol,default,8,5,5,0.625,0.625,0
45003,Suplatast tosylate,default,14,1,1,0.07142857142857142,0.07142857142857142,0
25491,"N,N-Bis(2-hydroxyethyl)dodecanamide",default,8,2,2,0.25,0.25,0
46792,Cinacalcet hydrochloride,estimated,14,11,3,0.7857142857142857,0.21428571428571427,8
23672,Timepidium bromide,default,14,4,4,0.2857142857142857,0.2857142857142857,0
46798,Mabuterol hydrochloride,estimated,14,3,1,0.21428571428571427,0.07142857142857142,2
22569,Alfacalcidol,estimated,8,5,2,0.625,0.25,3
46803,Bropirimine,default,14,1,1,0.07142857142857142,0.07142857142857142,0
46804,Pimobendan hydrochloride,estimated,14,7,3,0.5,0.21428571428571427,4
46805,Anecortave acetate,default,8,2,2,0.25,0.25,0
46806,Testosterone isocaproate,default,8,4,4,0.5,0.5,0
46807,Zeaxanthin,estimated,8,6,1,0.75,0.125,5
46808,Bufogenin,estimated,8,3,0,0.375,0.0,3
46810,Nolatrexed dihydrochloride,estimated,14,5,4,0.35714285714285715,0.2857142857142857,1
23145,Indocyanine green,estimated,8,3,1,0.375,0.125,2
46813,Robenidine,estimated,14,8,3,0.5714285714285714,0.21428571428571427,5
46816,DL-Dimyristoylphosphatidylcholine,default,8,1,1,0.125,0.125,0
46817,Liarozole hydrochloride,default,14,5,5,0.35714285714285715,0.35714285714285715,0
46818,Fenipentol,default,8,1,1,0.125,0.125,0
20752,Isoflurane,default,14,1,1,0.07142857142857142,0.07142857142857142,0
46820,"Ethyl 9,12-octadecadienoic acid (9E,12E)",estimated,14,6,0,0.42857142857142855,0.0,6
46821,dl-Coniine,default,14,1,1,0.07142857142857142,0.07142857142857142,0
46822,Menthyl salicylate,default,8,2,2,0.25,0.25,0
46823,Clobetasone butyrate,default,14,7,7,0.5,0.5,0
46824,Selenium-L-methionine,default,8,1,1,0.125,0.125,0
46826,Uricase from Bacillus fastidiosus,default,8,2,2,0.25,0.25,0
46827,Dolasetron mesylate,default,8,2,2,0.25,0.25,0
46829,Hydroxyethyl starch,default,8,2,2,0.25,0.25,0
46830,Strychnine benzyl chloride,default,8,3,3,0.375,0.375,0
46831,Disodium 2-hydroxybutanedioate,default,14,3,3,0.21428571428571427,0.21428571428571427,0
23061,Fludrocortisone,default,14,5,5,0.35714285714285715,0.35714285714285715,0
47850,Piperilate hydrochloride,default,8,2,2,0.25,0.25,0
46833,Lefetamine,default,8,2,2,0.25,0.25,0
46834,Miripirium chloride,estimated,8,7,2,0.875,0.25,5
46835,Melitracen hydrochloride,estimated,8,2,0,0.25,0.0,2
46837,Bunamidine hydrochloride,estimated,8,7,2,0.875,0.25,5
48271,Ipodate sodium,default,8,1,1,0.125,0.125,0
23729,Sodium tyropanoate,default,8,1,1,0.125,0.125,0
22789,Chlophedianol,default,8,2,2,0.25,0.25,0
46841,Dimefline hydrochloride,default,8,3,3,0.375,0.375,0
46842,Nelarabine,estimated,14,3,0,0.21428571428571427,0.0,3
46843,Siccanin,estimated,8,6,0,0.75,0.0,6
46844,Ormeloxifene,estimated,8,5,2,0.625,0.25,3
46845,Isothipendyl hydrochloride,default,8,2,2,0.25,0.25,0
46847,Propiverine hydrochloride,estimated,14,7,2,0.5,0.14285714285714285,5
22955,Dithiazanine iodide,estimated,8,7,3,0.875,0.375,4
46849,Arotinolol hydrochloride,default,8,2,2,0.25,0.25,0
46850,Celiprolol hydrochloride,default,14,1,1,0.07142857142857142,0.07142857142857142,0
46852,Cambendazole,default,8,5,5,0.625,0.625,0
46853,Tamibarotene,estimated,14,7,4,0.5,0.2857142857142857,3
46855,Carbomycin A,estimated,8,4,2,0.5,0.25,2
47851,Acetophenazine dimaleate,estimated,8,3,0,0.375,0.0,3
47852,Carphenazine dimaleate,estimated,8,6,1,0.75,0.125,5
46858,2-Dodecylisoquinolinium tosylate,estimated,8,7,4,0.875,0.5,3
46859,Cinepazide maleate,default,8,2,2,0.25,0.25,0
44239,Formoterol hemifumarate,default,8,1,1,0.125,0.125,0
46861,Eletriptan,default,14,6,6,0.42857142857142855,0.42857142857142855,0
46862,Epothilone B,default,8,4,4,0.5,0.5,0
46864,Desmopressin acetate,default,14,1,1,0.07142857142857142,0.07142857142857142,0
46865,Haloprogin,estimated,8,7,2,0.875,0.25,5
46867,Pyrrolnitrin,estimated,8,7,1,0.875,0.125,6
46869,Isometheptene hydrochloride,default,8,1,1,0.125,0.125,0
46870,Carboquone,estimated,8,6,5,0.75,0.625,1
46872,4-Chloromercuriphenol,estimated,8,7,3,0.875,0.375,4
23492,Plicamycin,estimated,8,6,4,0.75,0.5,2
46876,Bryostatin 1,default,8,4,4,0.5,0.5,0
22944,Metocurine iodide,default,14,1,1,0.07142857142857142,0.07142857142857142,0
26173,Treosulfan,default,8,1,1,0.125,0.125,0
45007,Nitarsone,default,14,2,2,0.14285714285714285,0.14285714285714285,0
46879,Oxabolone cipioncate,default,8,3,3,0.375,0.375,0
42224,o-(Chloromercuri)phenol,estimated,8,7,3,0.875,0.375,4
46880,Trabectedin,estimated,8,6,6,0.75,0.75,0
46883,Decanohydroxamic acid,default,8,4,4,0.5,0.5,0
20809,Sodium 2-mercaptoethanesulfonate,default,14,1,1,0.07142857142857142,0.07142857142857142,0
46886,Trifluomeprazine 2-butenedioate,estimated,8,4,0,0.5,0.0,4
46887,Pentisomicin,default,14,2,2,0.14285714285714285,0.14285714285714285,0
46888,Bendamustine,default,14,5,5,0.35714285714285715,0.35714285714285715,0
46889,Furazabol,estimated,14,7,3,0.5,0.21428571428571427,4
46890,Thiamine disulfide,default,14,2,2,0.14285714285714285,0.14285714285714285,0
21397,"(+-)-7-(3,5,6-trimethyl-1,4-benzoquinon-2-yl)-7-phenylheptanoic acid",estimated,14,5,0,0.35714285714285715,0.0,5
46892,Riboflavin tetrabutyrate,estimated,14,11,2,0.7857142857142857,0.14285714285714285,9
46896,"Magnesium, bis(salicylato)-, tetrahydrate",default,14,1,1,0.07142857142857142,0.07142857142857142,0
40464,Docetaxel,estimated,14,6,5,0.42857142857142855,0.35714285714285715,1
46898,Febantel,default,8,4,4,0.5,0.5,0
47856,Biperiden hydrochloride,estimated,14,4,2,0.2857142857142857,0.14285714285714285,2
46901,Hydroxocobalamin acetate,estimated,8,3,0,0.375,0.0,3
46902,Mersalyl acid,default,8,2,2,0.25,0.25,0
44023,25-Hydroxycholesterol,default,8,1,1,0.125,0.125,0
46903,Nitrovin,estimated,14,11,5,0.7857142857142857,0.35714285714285715,6
46904,3beta-(2-Diethylaminoethoxy)androst-5-en-17-one hydrochloride,default,8,2,2,0.25,0.25,0
46905,Sodium dibunate,default,8,4,4,0.5,0.5,0
46906,Fosfestrol,default,8,3,3,0.375,0.375,0
39657,Fludarabine,default,14,6,6,0.42857142857142855,0.42857142857142855,0
46908,"3,3',5'-Triiodo-L-thyronine",default,14,4,4,0.2857142857142857,0.2857142857142857,0
46910,Azosemide,default,14,5,5,0.35714285714285715,0.35714285714285715,0
46911,Emedastine difumarate,default,14,2,2,0.14285714285714285,0.14285714285714285,0
46913,Ivabradine hydrochloride,default,8,1,1,0.125,0.125,0
46914,Temocapril hydrochloride,default,14,1,1,0.07142857142857142,0.07142857142857142,0
46918,Strontium ranelate heptahydrate,default,8,1,1,0.125,0.125,0
46919,Vatalanib,estimated,14,8,3,0.5714285714285714,0.21428571428571427,5
46920,Tenovin-1,default,8,5,5,0.625,0.625,0
46922,Norgestimate,estimated,14,9,7,0.6428571428571429,0.5,2
46923,Tretinoin tocoferil,default,8,4,4,0.5,0.5,0
46925,Oxapium iodide,estimated,14,5,2,0.35714285714285715,0.14285714285714285,3
48866,(-)- (S)-Cathinone hydrochloride,default,14,2,2,0.14285714285714285,0.14285714285714285,0
48870,(+/-)-cis-4-Methylaminorex,default,14,3,3,0.21428571428571427,0.21428571428571427,0
48876,Etryptamine acetate,default,8,3,3,0.375,0.375,0
48878,"2,5-Dimethoxy-4-propylthiophenethylamine hydrochloride",estimated,8,6,3,0.75,0.375,3
48879,Mescaline hydrochloride,default,14,2,2,0.14285714285714285,0.14285714285714285,0
48880,"3,4,5-Trimethoxyamphetamine hydrochloride",default,14,2,2,0.14285714285714285,0.14285714285714285,0
48910,(+)-Metazocine fumarate (2:1),default,14,3,3,0.21428571428571427,0.21428571428571427,0
48916,(-)-alpha-Methadol hydrochloride,estimated,14,3,1,0.21428571428571427,0.07142857142857142,2
48917,(+)-alpha-Methadol hydrochloride,default,8,2,2,0.25,0.25,0
48918,Dextromoramide tartrate,estimated,14,3,2,0.21428571428571427,0.14285714285714285,1
48919,Etonitazene,estimated,14,10,5,0.7142857142857143,0.35714285714285715,5
48920,L-αlpha-Noracetylmethadol hydrochloride,estimated,14,10,5,0.7142857142857143,0.35714285714285715,5
48921,1-Methyl-4-phenyl-4-propionoxypiperidine hydrochloride,default,14,1,1,0.07142857142857142,0.07142857142857142,0
48922,1-(2-Phenylethyl)-4-phenyl-4-acetoxypiperidine,estimated,14,5,3,0.35714285714285715,0.21428571428571427,2
48925,(+)-Phenazocine hydrobromide,estimated,8,3,2,0.375,0.25,1
48926,(-)-Phenazocine hydrobromide,estimated,8,3,1,0.375,0.125,2
48929,para-Fluorofentanyl,estimated,14,4,2,0.2857142857142857,0.14285714285714285,2
48930,(±)-cis-3-Methyl fentanyl hydrochloride,estimated,14,5,4,0.35714285714285715,0.2857142857142857,1
48931,trans-3-Methylfentanyl hydrochloride,default,8,2,2,0.25,0.25,0
48933,Benzyl fentanyl hydrochloride,estimated,14,4,1,0.2857142857142857,0.07142857142857142,3
48888,"(+)-2,5-Dimethoxy-4-ethylamphetamine hydrochloride",estimated,14,3,1,0.21428571428571427,0.07142857142857142,2
48889,"(-)-2,5-Dimethoxy-4-ethylamphetamine hydrochloride",default,8,2,2,0.25,0.25,0
48890,"5-Methoxy-3,4-methylenedioxyamphetamine hydrochloride",default,14,1,1,0.07142857142857142,0.07142857142857142,0
48934,beta-Hydroxy fentanyl hydrochloride,estimated,14,4,1,0.2857142857142857,0.07142857142857142,3
48935,alpha-Methyl thiofentanyl hydrochloride,estimated,14,6,5,0.42857142857142855,0.35714285714285715,1
48936,(±)-cis-3-Methyl thiofentanyl hydrochloride,estimated,14,7,4,0.5,0.2857142857142857,3
48937,Thenylfentanyl hydrochloride,estimated,14,5,2,0.35714285714285715,0.14285714285714285,3
48938,Thiofentanyl hydrochloride,estimated,14,4,2,0.2857142857142857,0.14285714285714285,2
48884,"R-(-)-2,5-Dimethoxy-4-methylamphetamine hydrochloride",estimated,14,5,2,0.35714285714285715,0.14285714285714285,3
48885,"(S)-(+)-2,5-Dimethoxy-4-methylamphetamine hydrochloride",default,8,2,2,0.25,0.25,0
48886,"2,5-Dimethoxyamphetamine hydrochloride",default,14,1,1,0.07142857142857142,0.07142857142857142,0
48887,"(2S)-1-(2,5-Dimethoxyphenyl)propan-2-amine hydrogen chloride (1:1)",default,8,1,1,0.125,0.125,0
48891,"N-Hydroxy-3,4-methylenedioxyamphetamine hydrochloride",default,14,2,2,0.14285714285714285,0.14285714285714285,0
48909,(-)-Heroin hydrochloride,default,8,1,1,0.125,0.125,0
48911,(-)-Metazocine fumarate (1:1),default,8,2,2,0.25,0.25,0
48868,(S)-(+)-N-Ethylamphetamine hydrochloride,default,14,1,1,0.07142857142857142,0.07142857142857142,0
48912,"4-Dimethylamino-2,2-diphenylvaleronitrile",estimated,14,7,1,0.5,0.07142857142857142,6
48913,Propoxyphene hydrochloride,default,8,2,2,0.25,0.25,0
48914,Morphine sulfate pentahydrate,default,14,3,3,0.21428571428571427,0.21428571428571427,0
48915,N-Normorphine hydrochloride,default,14,4,4,0.2857142857142857,0.2857142857142857,0
48871,Dexfenfluramine hydrochloride,default,14,4,4,0.2857142857142857,0.2857142857142857,0
48872,(-)-Fenfluramine hydrochloride,default,14,3,3,0.21428571428571427,0.21428571428571427,0
48873,S-(-)-Secobarbital,default,14,2,2,0.14285714285714285,0.14285714285714285,0
48874,R-(+)-Secobarbital,default,8,1,1,0.125,0.125,0
48875,Mecloqualone,estimated,14,5,2,0.35714285714285715,0.14285714285714285,3
23231,Lysergide,estimated,14,8,5,0.5714285714285714,0.35714285714285715,3
48881,"S-(+)-2,5-Dimethoxy-4-bromoamphetamine hydrochloride",estimated,8,2,0,0.25,0.0,2
48882,"R-(-)-2,5-Dimethoxy-4-bromoamphetamine hydrochloride",estimated,14,5,1,0.35714285714285715,0.07142857142857142,4
48883,"4-Bromo-2,5-dimethoxyamphetamine hydrochloride",estimated,14,4,2,0.2857142857142857,0.14285714285714285,2
48923,(+)-Pentazocine succinate,default,8,2,2,0.25,0.25,0
48924,(-)-Pentazocine succinate,estimated,14,7,1,0.5,0.07142857142857142,6
48927,Alfentanil hydrochloride,default,14,2,2,0.14285714285714285,0.14285714285714285,0
48928,Sufentanil citrate,estimated,14,6,4,0.42857142857142855,0.2857142857142857,2
48900,"5-Methoxy-N,N-diisopropyltryptamine hydrochloride",estimated,14,7,5,0.5,0.35714285714285715,2
48901,1-Phenylcyclohexylamine hydrochloride,estimated,14,5,0,0.35714285714285715,0.0,5
48902,1-Benzylpiperazine difumarate,default,14,1,1,0.07142857142857142,0.07142857142857142,0
48904,Codeine hydrochloride,estimated,14,7,1,0.5,0.07142857142857142,6
48907,Dihydroisocodeine,default,14,3,3,0.21428571428571427,0.21428571428571427,0
48908,Dihydromorphine,default,14,4,4,0.2857142857142857,0.2857142857142857,0
48892,"N-Ethyl-alpha-methyl-1,3-benzodioxole-5-ethanamine hydrochloride",default,14,2,2,0.14285714285714285,0.14285714285714285,0
48894,Bufotenine,estimated,14,6,2,0.42857142857142855,0.14285714285714285,4
48895,"N,N-Diethyltryptamine fumarate",default,14,6,6,0.42857142857142855,0.42857142857142855,0
48896,"N,N-Dimethyltryptamine fumarate",default,14,5,5,0.35714285714285715,0.35714285714285715,0
48897,"N,N-Dipropyltryptamine hydrochloride",estimated,14,6,1,0.42857142857142855,0.07142857142857142,5
48899,Psilocin,estimated,14,8,3,0.5714285714285714,0.21428571428571427,5
48869,Fenethylline hydrochloride,estimated,14,3,1,0.21428571428571427,0.07142857142857142,2
48877,Ibogaine hydrochloride (1:x),estimated,14,8,5,0.5714285714285714,0.35714285714285715,3
48905,Buprenorphine hydrochloride,estimated,14,11,5,0.7857142857142857,0.35714285714285715,6
48932,alpha-Methylfentanyl hydrochloride,default,14,2,2,0.14285714285714285,0.14285714285714285,0
48941,Varenicline dihydrochloride,default,14,2,2,0.14285714285714285,0.14285714285714285,0
23853,Acifluorfen sodium,default,14,2,2,0.14285714285714285,0.14285714285714285,0
48578,Pralatrexate,estimated,8,5,1,0.625,0.125,4
48579,Romidepsin,estimated,8,7,6,0.875,0.75,1
48580,Saxagliptin,default,14,1,1,0.07142857142857142,0.07142857142857142,0
48581,Tigecycline,default,14,2,2,0.14285714285714285,0.14285714285714285,0
48582,Flomox,default,14,1,1,0.07142857142857142,0.07142857142857142,0
48583,Atipamezole hydrochloride,default,8,4,4,0.5,0.5,0
48584,Aviptadil,default,8,2,2,0.25,0.25,0
48585,Beraprost sodium,default,8,1,1,0.125,0.125,0
48586,Bisbentiamine,default,8,2,2,0.25,0.25,0
48588,Bunazosin hydrochloride,default,8,1,1,0.125,0.125,0
48589,Butenafine hydrochloride,default,8,2,2,0.25,0.25,0
48590,Cefetamet pivoxil HCl,default,14,2,2,0.14285714285714285,0.14285714285714285,0
48591,Cefminox sodium,default,14,1,1,0.07142857142857142,0.07142857142857142,0
48593,Cefquinome sulfate,default,8,1,1,0.125,0.125,0
48596,Deferasirox,estimated,14,8,2,0.5714285714285714,0.14285714285714285,6
48597,Delapril hydrochloride,estimated,14,3,0,0.21428571428571427,0.0,3
48598,Diflucortolone valerate,default,14,6,6,0.42857142857142855,0.42857142857142855,0
35491,Dioctyldimethylammonium chloride,estimated,8,7,1,0.875,0.125,6
23030,Etizolam,estimated,14,4,0,0.2857142857142857,0.0,4
48602,Fursultiamine hydrochloride,default,8,1,1,0.125,0.125,0
48603,Hydrocortisone buteprate,default,14,2,2,0.14285714285714285,0.14285714285714285,0
48604,Leucomycin tartrate,default,8,3,3,0.375,0.375,0
48606,Lobenzarit sodium,estimated,14,4,0,0.2857142857142857,0.0,4
48607,Luliconazole,estimated,14,8,3,0.5714285714285714,0.21428571428571427,5
48608,Lysozyme hydrochloride,default,14,2,2,0.14285714285714285,0.14285714285714285,0
48611,1-[2-({[5-(diethylamino)-2-{(e)-[4-(dimethylsulfamoyl)phenyl]diazenyl}phenyl]sulfonyl}amino)ethyl]pyridinium chloride,default,8,1,1,0.125,0.125,0
48612,Oxomemazine hydrochloride,default,8,1,1,0.125,0.125,0
48613,Peplomycin sulfate,default,8,5,5,0.625,0.625,0
48614,Pinaverium bromide,default,8,2,2,0.25,0.25,0
48615,Polaprezinc,default,8,1,1,0.125,0.125,0
43782,Pranlukast,estimated,14,7,0,0.5,0.0,7
34873,Pyrethrins,default,8,3,3,0.375,0.375,0
48617,Sincalide,default,8,2,2,0.25,0.25,0
48619,Temoporfin,estimated,14,8,0,0.5714285714285714,0.0,8
48620,Teprenone,default,14,3,3,0.21428571428571427,0.21428571428571427,0
48622,Tipranavir,default,8,4,4,0.5,0.5,0
48623,Tocophersolan,estimated,14,6,2,0.42857142857142855,0.14285714285714285,4
23027,Etidocaine,default,8,1,1,0.125,0.125,0
48627,Ritonavir,estimated,14,7,1,0.5,0.07142857142857142,6
48628,Perazine,estimated,8,4,0,0.5,0.0,4
48631,Mecobalamin,estimated,8,4,1,0.5,0.125,3
23744,Xipamide,default,14,1,1,0.07142857142857142,0.07142857142857142,0
48632,l-Oxyfedrine hydrochloride,estimated,14,6,3,0.42857142857142855,0.21428571428571427,3
48633,Bevantolol hydrochloride,default,8,2,2,0.25,0.25,0
34214,1-Hydroxyvitamin D2,estimated,8,5,0,0.625,0.0,5
48634,Triamcinolone hexacetonide,default,8,3,3,0.375,0.375,0
22636,Azatadine,default,14,4,4,0.2857142857142857,0.2857142857142857,0
48636,Gefarnate,default,14,2,2,0.14285714285714285,0.14285714285714285,0
48637,Nizofenone fumarate,estimated,14,7,4,0.5,0.2857142857142857,3
48638,Nepafenac,default,14,2,2,0.14285714285714285,0.14285714285714285,0
48640,Paricalcitol,estimated,8,4,1,0.5,0.125,3
22796,Chlormadinone,default,8,5,5,0.625,0.625,0
23084,Fursultiamine,default,8,4,4,0.5,0.5,0
48641,Sultamicillin tosylate,default,8,2,2,0.25,0.25,0
48643,Epristeride,default,8,2,2,0.25,0.25,0
43734,Cidofovir,default,8,2,2,0.25,0.25,0
48644,Garenoxacin mesylate hydrate,default,14,1,1,0.07142857142857142,0.07142857142857142,0
48645,Etoposide phosphate,estimated,8,5,3,0.625,0.375,2
48646,Sulfadiazine silver,default,8,2,2,0.25,0.25,0
48648,Maxacalcitol,default,8,3,3,0.375,0.375,0
48649,Aranidipine,estimated,14,5,2,0.35714285714285715,0.14285714285714285,3
49135,Atipamezole,default,14,7,7,0.5,0.5,0
48652,Ibutilide fumarate,default,8,2,2,0.25,0.25,0
48653,Dronedarone,estimated,14,12,3,0.8571428571428571,0.21428571428571427,9
48654,Barnidipine hydrochloride,estimated,8,3,0,0.375,0.0,3
48655,Flutropium bromide,default,14,3,3,0.21428571428571427,0.21428571428571427,0
48656,Vicriviroc maleate,default,14,4,4,0.2857142857142857,0.2857142857142857,0
48657,Bazedoxifene acetate,estimated,14,10,7,0.7142857142857143,0.5,3
48658,Amfenac sodium,default,8,2,2,0.25,0.25,0
48659,Lorcaserin,default,14,2,2,0.14285714285714285,0.14285714285714285,0
48661,Detomidine hydrochloride,estimated,14,4,2,0.2857142857142857,0.14285714285714285,2
48600,Flurbiprofen axetil,default,14,2,2,0.14285714285714285,0.14285714285714285,0
48662,Gadoteridol,default,14,2,2,0.14285714285714285,0.14285714285714285,0
48664,Noristerat,estimated,8,5,4,0.625,0.5,1
48665,Aclatonium napadisilate,default,8,1,1,0.125,0.125,0
22671,Betamethasone butyrate propionate,default,8,5,5,0.625,0.625,0
48666,Dopexamine,estimated,14,6,3,0.42857142857142855,0.21428571428571427,3
23001,Estradiol enanthate,default,8,3,3,0.375,0.375,0
48667,Estramustine phosphate,default,8,4,4,0.5,0.5,0
48669,Dapiprazole hydrochloride,default,14,3,3,0.21428571428571427,0.21428571428571427,0
26881,2-Hydroxyethyl octadecanoate,default,8,1,1,0.125,0.125,0
21462,Zinc dibutyldithiocarbamate,estimated,14,10,3,0.7142857142857143,0.21428571428571427,7
48670,Parecoxib sodium,default,8,1,1,0.125,0.125,0
48671,Chrysarobin,default,14,6,6,0.42857142857142855,0.42857142857142855,0
48672,Thioglycolic acid anilide,default,14,5,5,0.35714285714285715,0.35714285714285715,0
23292,Methoxyphenamine,default,14,1,1,0.07142857142857142,0.07142857142857142,0
41056,L-Arginine,default,14,1,1,0.07142857142857142,0.07142857142857142,0
23393,Ondansetron,default,14,3,3,0.21428571428571427,0.21428571428571427,0
48674,Propamidine,default,14,4,4,0.2857142857142857,0.2857142857142857,0
48676,Binospirone mesylate,estimated,14,7,2,0.5,0.14285714285714285,5
48678,D-Asparagine hydrate,default,8,1,1,0.125,0.125,0
48679,Spiradoline,estimated,14,5,1,0.35714285714285715,0.07142857142857142,4
48680,"3,5-Diiodo-L-tyrosine",default,14,2,2,0.14285714285714285,0.14285714285714285,0
48683,"Eprinomectin (B1a, B1b mixture)",estimated,8,6,1,0.75,0.125,5
39241,Benzaldehyde,default,14,1,1,0.07142857142857142,0.07142857142857142,0
48684,Cloflucarban,estimated,14,10,3,0.7142857142857143,0.21428571428571427,7
48685,PP242,estimated,14,10,4,0.7142857142857143,0.2857142857142857,6
22950,Diphenidol,default,14,3,3,0.21428571428571427,0.21428571428571427,0
48686,Hydrocortisone acetate,default,14,4,4,0.2857142857142857,0.2857142857142857,0
48687,Fotretamine,default,8,3,3,0.375,0.375,0
48688,2-[(4-Chloro-3-methylphenyl)amino]benzoic acid,default,8,6,6,0.75,0.75,0
23526,(+/-) Propylhexedrine,default,8,1,1,0.125,0.125,0
48689,Dihydroergocryptine,estimated,8,2,1,0.25,0.125,1
48690,Carfilzomib,estimated,14,8,6,0.5714285714285714,0.42857142857142855,2
41828,Cythioate,estimated,14,5,3,0.35714285714285715,0.21428571428571427,2
48691,Atazanavir,estimated,14,4,1,0.2857142857142857,0.07142857142857142,3
48692,Pivoxil Sulbactam,default,14,4,4,0.2857142857142857,0.2857142857142857,0
48693,Nifenalol,default,14,1,1,0.07142857142857142,0.07142857142857142,0
48694,Fenamol,default,14,1,1,0.07142857142857142,0.07142857142857142,0
48695,Fanetizole,default,14,7,7,0.5,0.5,0
23440,Perindopril,default,14,1,1,0.07142857142857142,0.07142857142857142,0
48696,Sulfaethoxypyridazine,default,14,1,1,0.07142857142857142,0.07142857142857142,0
48697,Aluminum monostearate,default,8,1,1,0.125,0.125,0
48698,Benzyldodecyldimethylammonium bromide,estimated,14,12,5,0.8571428571428571,0.35714285714285715,7
22875,Cysteamine,default,8,1,1,0.125,0.125,0
37577,Moxidectin,estimated,8,5,1,0.625,0.125,4
48699,Chloramphenicol palmitate,default,8,3,3,0.375,0.375,0
48700,Brilliant Green,estimated,8,7,5,0.875,0.625,2
48701,N-(2-chloroethyl)-N-(propan-2-yl)propan-2-amine hydrochloride,default,8,1,1,0.125,0.125,0
48702,Diisopropylaminomethyl-polystyrene,default,8,1,1,0.125,0.125,0
48704,L-(-)-Sorbose,estimated,14,1,0,0.07142857142857142,0.0,1
48705,Carbenicillin indanyl,default,8,1,1,0.125,0.125,0
48706,trans-Aconitic acid,default,14,1,1,0.07142857142857142,0.07142857142857142,0
48707,Physalien,default,8,2,2,0.25,0.25,0
48708,Medazepam,default,8,6,6,0.75,0.75,0
22843,Clomiphene,estimated,14,10,7,0.7142857142857143,0.5,3
23000,Estradiol dipropionate,estimated,8,5,3,0.625,0.375,2
48710,"1-(3,4-Dihydroxyphenyl)-2-(methylamino)ethanone",default,14,2,2,0.14285714285714285,0.14285714285714285,0
48712,Testosterone phenylpropionate,default,8,4,4,0.5,0.5,0
23197,Lanatoside B,estimated,8,4,1,0.5,0.125,3
48713,Triamcinolone diacetate,default,14,5,5,0.35714285714285715,0.35714285714285715,0
48714,Tiracizine,default,8,2,2,0.25,0.25,0
40547,Menadione sodium bisulfite,estimated,8,7,1,0.875,0.125,6
23425,(-)-Paroxetine,estimated,14,8,3,0.5714285714285714,0.21428571428571427,5
48715,Picodralazine,default,8,4,4,0.5,0.5,0
23364,Niceritrol,default,14,3,3,0.21428571428571427,0.21428571428571427,0
48717,Ioxilan,default,14,1,1,0.07142857142857142,0.07142857142857142,0
48718,Loracarbef monohydrate,default,8,2,2,0.25,0.25,0
48719,Fluprednidene acetate,default,8,3,3,0.375,0.375,0
48720,Pleuromutilin,default,8,1,1,0.125,0.125,0
23422,Paramethasone acetate,default,8,4,4,0.5,0.5,0
48721,Bamifylline Hydrochloride,default,14,2,2,0.14285714285714285,0.14285714285714285,0
23756,Zotepine,estimated,14,7,3,0.5,0.21428571428571427,4
48722,Nicomolol,default,14,2,2,0.14285714285714285,0.14285714285714285,0
25939,Polythiazide,estimated,14,4,0,0.2857142857142857,0.0,4
48723,Dimemorfan phosphate,default,8,1,1,0.125,0.125,0
23109,Glycopyrrolate bromide,estimated,14,2,0,0.14285714285714285,0.0,2
48725,Cadralazine,default,14,3,3,0.21428571428571427,0.21428571428571427,0
23356,Nedocromil,estimated,14,2,0,0.14285714285714285,0.0,2
48726,Metoprolol succinate,default,8,3,3,0.375,0.375,0
48727,Dicyclopentamethylenethiuram disulfide,estimated,14,9,5,0.6428571428571429,0.35714285714285715,4
33512,Fluoxymestrone,default,14,5,5,0.35714285714285715,0.35714285714285715,0
48728,Tolonium chloride,estimated,14,9,6,0.6428571428571429,0.42857142857142855,3
48310,Carbazochrome,estimated,8,1,0,0.125,0.0,1
23350,Nandrolone,default,14,6,6,0.42857142857142855,0.42857142857142855,0
48730,Beclazone,default,8,6,6,0.75,0.75,0
44288,"5,5'-Indigotindisulfonic acid",default,8,1,1,0.125,0.125,0
48731,Dithiazanine chloride,estimated,8,6,2,0.75,0.25,4
48732,Acitazanolast,default,14,1,1,0.07142857142857142,0.07142857142857142,0
48736,Efloxate,default,8,1,1,0.125,0.125,0
48737,Imperatorin,estimated,14,5,3,0.35714285714285715,0.21428571428571427,2
48738,"1,1'-Tetramethylenediguanidine sulfate",default,8,3,3,0.375,0.375,0
29189,Guanidine carbonate,default,14,1,1,0.07142857142857142,0.07142857142857142,0
48739,Bekanamycin sulfate,default,14,2,2,0.14285714285714285,0.14285714285714285,0
22994,Erythromycin propionate,estimated,14,6,1,0.42857142857142855,0.07142857142857142,5
48742,4'-Demethylepipodophyllotoxin,estimated,8,5,3,0.625,0.375,2
48744,"2-Chloro-N,N-bis(2-chloroethyl)ethanamine",estimated,14,8,2,0.5714285714285714,0.14285714285714285,6
48169,Fabesetron,estimated,8,4,0,0.5,0.0,4
23076,Fonazine,estimated,8,2,0,0.25,0.0,2
48745,Oberadilol,estimated,14,7,2,0.5,0.14285714285714285,5
48746,Ataciguat,estimated,14,9,4,0.6428571428571429,0.2857142857142857,5
48751,Oxypertine hydrochloride,default,8,2,2,0.25,0.25,0
48752,"3,7-Bis(3,4-dimethoxyphenyl)tetrahydro-1H,5H-[1,2,4]triazolo[1,2-a][1,2,4]triazole-1,5-dithione",estimated,8,5,1,0.625,0.125,4
48753,Hexafluorenium dibromide,default,8,1,1,0.125,0.125,0
48755,Aloin,estimated,8,2,1,0.25,0.125,1
48758,Perlapine,default,8,2,2,0.25,0.25,0
48759,Fominoben hydrochloride,default,8,2,2,0.25,0.25,0
48760,Proxazole citrate,default,8,1,1,0.125,0.125,0
48761,Gusperimus trihydrochloride,default,8,1,1,0.125,0.125,0
48763,Ubistatin A,default,8,2,2,0.25,0.25,0
48764,Bardoxolone methyl,estimated,8,7,2,0.875,0.25,5
48765,Flugestone,default,8,3,3,0.375,0.375,0
48766,Sodium decanehydroxamate,default,8,2,2,0.25,0.25,0
48767,Phentoloxamine PAS,default,8,2,2,0.25,0.25,0
48769,Phenacaine hydrochloride,default,8,1,1,0.125,0.125,0
48771,Levomequitazine,default,8,2,2,0.25,0.25,0
24499,4-Aminophenol,estimated,14,10,7,0.7142857142857143,0.5,3
21767,Methyl acetate,default,14,1,1,0.07142857142857142,0.07142857142857142,0
21284,Styrene,default,14,1,1,0.07142857142857142,0.07142857142857142,0
26190,"2,2',4'-Trichloroacetophenone",estimated,14,11,2,0.7857142857142857,0.14285714285714285,9
48772,Nitroscanate,estimated,8,7,2,0.875,0.25,5
48773,Tesaglitazar,default,14,4,4,0.2857142857142857,0.2857142857142857,0
48775,Ro 22-9194,default,8,2,2,0.25,0.25,0
48776,Zanapezil fumarate (1:x),estimated,14,7,5,0.5,0.35714285714285715,2
48777,Depolipon,default,14,5,5,0.35714285714285715,0.35714285714285715,0
48778,Phenyl 11-iodo-10-undecynoate,estimated,14,3,0,0.21428571428571427,0.0,3
48780,Tolvaptan,estimated,14,4,1,0.2857142857142857,0.07142857142857142,3
48781,Anacolin,default,14,2,2,0.14285714285714285,0.14285714285714285,0
48782,Biliscopin,default,14,1,1,0.07142857142857142,0.07142857142857142,0
48785,Pranazepide,default,14,7,7,0.5,0.5,0
48786,"N-[(3R)-1-(2-Fluorophenyl)-4-oxo-3,4,6,7-tetrahydro[1,4]diazepino[6,7,1-hi]indol-3-yl]-1H-indole-2-carboxamide",estimated,14,9,4,0.6428571428571429,0.2857142857142857,5
48787,Egualen sodium,default,14,2,2,0.14285714285714285,0.14285714285714285,0
48790,Blonanserin,estimated,14,6,3,0.42857142857142855,0.21428571428571427,3
48791,Troxacitabine,estimated,14,5,4,0.35714285714285715,0.2857142857142857,1
48792,"{4-[4-(Acetylamino)-2-oxopyrimidin-1(2H)-yl]-1,3-dioxolan-2-yl}methyl benzoate",default,14,5,5,0.35714285714285715,0.35714285714285715,0
48793,Dicethiamine hydrochloride,default,14,1,1,0.07142857142857142,0.07142857142857142,0
48794,Cloforex,default,14,2,2,0.14285714285714285,0.14285714285714285,0
48795,Pelubiprofen,default,14,5,5,0.35714285714285715,0.35714285714285715,0
48796,Risarestat,default,14,6,6,0.42857142857142855,0.42857142857142855,0
48797,Diponium bromide,estimated,14,4,1,0.2857142857142857,0.07142857142857142,3
48798,Minopafant,estimated,14,10,2,0.7142857142857143,0.14285714285714285,8
48799,Emiglitate,default,14,1,1,0.07142857142857142,0.07142857142857142,0
48800,Etomidoline,estimated,14,4,0,0.2857142857142857,0.0,4
48801,Fezatione,default,14,8,8,0.5714285714285714,0.5714285714285714,0
48802,Pibutidine,estimated,14,4,0,0.2857142857142857,0.0,4
48803,Itasetron,default,14,2,2,0.14285714285714285,0.14285714285714285,0
48804,Pamicogrel,estimated,14,7,2,0.5,0.14285714285714285,5
48805,Esonarimod,default,14,1,1,0.07142857142857142,0.07142857142857142,0
48806,Dalcotidine,estimated,14,3,0,0.21428571428571427,0.0,3
48807,Alilusem potassium,estimated,14,2,1,0.14285714285714285,0.07142857142857142,1
48808,Mebanazine sulfate,default,14,2,2,0.14285714285714285,0.14285714285714285,0
48809,Melinamide,estimated,14,8,1,0.5714285714285714,0.07142857142857142,7
48810,Meluadrine,default,14,2,2,0.14285714285714285,0.14285714285714285,0
48811,Monatepil,estimated,14,9,2,0.6428571428571429,0.14285714285714285,7
48812,Lemildipine,estimated,14,8,3,0.5714285714285714,0.21428571428571427,5
48814,Oxendolone,estimated,14,6,2,0.42857142857142855,0.14285714285714285,4
48815,Penflutizide,default,14,4,4,0.2857142857142857,0.2857142857142857,0
48816,Perisoxal citrate,default,8,1,1,0.125,0.125,0
48817,Doranidazole,default,14,1,1,0.07142857142857142,0.07142857142857142,0
23508,Prifinium bromide,default,14,4,4,0.2857142857142857,0.2857142857142857,0
48818,Tolindate,default,14,5,5,0.35714285714285715,0.35714285714285715,0
48819,Acreozast,default,14,1,1,0.07142857142857142,0.07142857142857142,0
20312,Israpafant,estimated,14,11,3,0.7857142857142857,0.21428571428571427,8
48820,Zelandopam,estimated,14,7,1,0.5,0.07142857142857142,6
48823,Rapacuronium bromide,default,14,3,3,0.21428571428571427,0.21428571428571427,0
48824,"(2beta,3alpha,5alpha,16beta,17beta)-3-Acetoxy-2,16-di(1-piperidinyl)androstan-17-yl propionate",default,8,1,1,0.125,0.125,0
48825,Propanidid,default,14,3,3,0.21428571428571427,0.21428571428571427,0
48826,Nitrefazole,default,14,1,1,0.07142857142857142,0.07142857142857142,0
48827,Clometacine,default,14,2,2,0.14285714285714285,0.14285714285714285,0
48828,Pifoxime,default,14,5,5,0.35714285714285715,0.35714285714285715,0
48829,4'-Piperidinylcarbonylmethoxyacetophenone,default,14,2,2,0.14285714285714285,0.14285714285714285,0
48830,Fenclofenac,default,14,1,1,0.07142857142857142,0.07142857142857142,0
48831,Amineptine,default,14,4,4,0.2857142857142857,0.2857142857142857,0
48832,Indalpine hydrochloride,default,8,3,3,0.375,0.375,0
48835,Thenalidine,estimated,14,7,2,0.5,0.14285714285714285,5
48836,Tandospirone,estimated,14,2,1,0.14285714285714285,0.07142857142857142,1
48837,Phenoxypropazine,default,14,1,1,0.07142857142857142,0.07142857142857142,0
48838,Amoproxan,default,14,2,2,0.14285714285714285,0.14285714285714285,0
48839,Bisoxatin acetate,estimated,14,6,5,0.42857142857142855,0.35714285714285715,1
23103,Glybuzole,default,14,4,4,0.2857142857142857,0.2857142857142857,0
48840,Safrazine hydrochloride,default,14,1,1,0.07142857142857142,0.07142857142857142,0
48841,(2R)-2-Propyloctanoic acid,default,14,4,4,0.2857142857142857,0.2857142857142857,0
48842,Proglumetacin,estimated,14,9,3,0.6428571428571429,0.21428571428571427,6
48843,Ethyl 4-nitrophenyl ethylphosphonate,default,14,7,7,0.5,0.5,0
48844,Mefruside,default,14,2,2,0.14285714285714285,0.14285714285714285,0
48846,Mosapramine,estimated,14,10,6,0.7142857142857143,0.42857142857142855,4
48847,Sitafloxacin,default,14,1,1,0.07142857142857142,0.07142857142857142,0
23722,Trolnitrate,default,14,2,2,0.14285714285714285,0.14285714285714285,0
48848,Aceglatone,default,14,4,4,0.2857142857142857,0.2857142857142857,0
48849,Difeterol,estimated,14,9,5,0.6428571428571429,0.35714285714285715,4
48850,Sulcaine,default,14,4,4,0.2857142857142857,0.2857142857142857,0
48852,Mepranoprofen arbamel,estimated,14,6,1,0.42857142857142855,0.07142857142857142,5
48853,Alloclamide,default,14,4,4,0.2857142857142857,0.2857142857142857,0
48856,Lanperisone hydrochloride,estimated,14,5,2,0.35714285714285715,0.14285714285714285,3
23353,Nandrolone phenpropionate,default,14,7,7,0.5,0.5,0
22672,Betamethasone dipropionate,default,8,6,6,0.75,0.75,0
48858,Pyrantel tartrate,default,14,4,4,0.2857142857142857,0.2857142857142857,0
48859,Chloropyramine hydrochloride,estimated,14,7,4,0.5,0.2857142857142857,3
23005,Estropipate,default,8,3,3,0.375,0.375,0
31428,Dihydroergotoxine mesylate,estimated,8,2,0,0.25,0.0,2
48860,Ampyrone,default,14,1,1,0.07142857142857142,0.07142857142857142,0
48863,Altrenogest,estimated,14,6,5,0.42857142857142855,0.35714285714285715,1
48942,3beta-Acetoxy-5-pregnene-20-one,default,8,2,2,0.25,0.25,0
48943,Canertinib,estimated,14,7,6,0.5,0.42857142857142855,1
48944,Selumetinib,estimated,14,3,1,0.21428571428571427,0.07142857142857142,2
48945,C.I. 1040,estimated,14,9,3,0.6428571428571429,0.21428571428571427,6
44024,PD 0325901,default,8,1,1,0.125,0.125,0
48946,Perifosine,default,8,1,1,0.125,0.125,0
48947,Tandutinib,estimated,14,7,3,0.5,0.21428571428571427,4
44029,Enzastaurin,estimated,14,8,4,0.5714285714285714,0.2857142857142857,4
48948,MK 2206 dihydrochloride,estimated,14,9,4,0.6428571428571429,0.2857142857142857,5
48950,Gomisin A,estimated,8,1,0,0.125,0.0,1
23381,Norethindrone acetate,default,8,5,5,0.625,0.625,0
47897,D-Tagatose,default,14,2,2,0.14285714285714285,0.14285714285714285,0
48953,Estramustine phosphate sodium,default,8,4,4,0.5,0.5,0
22766,Cefpodoxime proxetil,default,8,4,4,0.5,0.5,0
48954,Gonadorelin hydrochloride,default,14,2,2,0.14285714285714285,0.14285714285714285,0
23725,Troxipide,estimated,14,3,2,0.21428571428571427,0.14285714285714285,1
48955,Clobetasol,default,8,4,4,0.5,0.5,0
48957,Doramapimod,estimated,14,8,3,0.5714285714285714,0.21428571428571427,5
22624,Astromicin,default,8,1,1,0.125,0.125,0
48958,Toltrazuril sulfone,default,8,4,4,0.5,0.5,0
36514,5alpha-Androstan-3beta-ol,default,14,6,6,0.42857142857142855,0.42857142857142855,0
42613,Amisulpride,default,14,3,3,0.21428571428571427,0.21428571428571427,0
48961,Flavopiridol hydrochloride,estimated,14,10,2,0.7142857142857143,0.14285714285714285,8
36508,Medroxyprogesterone,estimated,14,6,5,0.42857142857142855,0.35714285714285715,1
48963,Maltotriose,default,8,2,2,0.25,0.25,0
48964,Prednisolone 21-hemisuccinate,default,8,2,2,0.25,0.25,0
48967,Sertindole,estimated,14,12,5,0.8571428571428571,0.35714285714285715,7
48968,Terodiline hydrochloride,default,8,2,2,0.25,0.25,0
48969,Menatetrenone,default,8,4,4,0.5,0.5,0
43988,Efonidipine,default,8,4,4,0.5,0.5,0
48970,Pipothiazine palmitate,default,8,1,1,0.125,0.125,0
48972,Oxiglutatione,default,8,4,4,0.5,0.5,0
48973,Mestanolone,default,8,3,3,0.375,0.375,0
48974,Apafant,default,14,1,1,0.07142857142857142,0.07142857142857142,0
48975,Enalapril acid,estimated,14,3,0,0.21428571428571427,0.0,3
48976,Mannuronic acid lactone,default,8,1,1,0.125,0.125,0
48977,Eprinomectin B1a,estimated,8,7,1,0.875,0.125,6
48978,Acetylcholine chloride,default,14,2,2,0.14285714285714285,0.14285714285714285,0
48979,Quinine hemisulfate salt monohydrate,default,8,3,3,0.375,0.375,0
48982,Doramectin,estimated,8,6,0,0.75,0.0,6
48983,Maduramicin ammonium,estimated,14,9,6,0.6428571428571429,0.42857142857142855,3
48984,Pamoic acid,default,8,4,4,0.5,0.5,0
48985,17beta-Estradiol 17-propionate,estimated,8,5,3,0.625,0.375,2
21854,"N,N-Dimethylbenzylamine",default,14,1,1,0.07142857142857142,0.07142857142857142,0
48987,2-Hydroxyethyl salicylate,default,8,1,1,0.125,0.125,0
48988,Dichloro(ethylenediamine)platinum(II),default,14,8,8,0.5714285714285714,0.5714285714285714,0
22540,Acemetacin,default,14,3,3,0.21428571428571427,0.21428571428571427,0
48992,Pentagastrin,default,14,1,1,0.07142857142857142,0.07142857142857142,0
48993,(R)-Butaprost,estimated,8,4,1,0.5,0.125,3
22858,Cortisone acetate,default,14,4,4,0.2857142857142857,0.2857142857142857,0
24747,Chloramphenicol sodium succinate,estimated,14,2,0,0.14285714285714285,0.0,2
48996,Cannabinol,estimated,8,7,1,0.875,0.125,6
22785,Cephradine,default,14,1,1,0.07142857142857142,0.07142857142857142,0
48997,Dextrorphan tartrate,default,8,1,1,0.125,0.125,0
48998,"5,7-Dichloro-8-hydroxy-2-methylquinoline",estimated,14,8,2,0.5714285714285714,0.14285714285714285,6
48999,Diloxanide furoate,default,14,4,4,0.2857142857142857,0.2857142857142857,0
49000,Desmethyldiazepam,default,8,2,2,0.25,0.25,0
49001,Brolamfetamine hydrobromide,estimated,8,2,0,0.25,0.0,2
49002,Dicloxacillin sodium salt monohydrate,default,14,2,2,0.14285714285714285,0.14285714285714285,0
49003,Esmolol hydrochloride,default,14,2,2,0.14285714285714285,0.14285714285714285,0
49004,Encainide hydrochloride,estimated,8,1,0,0.125,0.0,1
49005,Flumethasone pivalate,default,8,4,4,0.5,0.5,0
49006,Hydrocortisone 21-hemisuccinate sodium salt,default,14,3,3,0.21428571428571427,0.21428571428571427,0
49007,Ibudilast,default,14,5,5,0.35714285714285715,0.35714285714285715,0
23153,"Adipic acid di(3-carboxy-2,4,6-triiodoanilide)",default,14,2,2,0.14285714285714285,0.14285714285714285,0
49008,Ilmofosine,default,8,2,2,0.25,0.25,0
40436,Cyclic AMP,default,14,1,1,0.07142857142857142,0.07142857142857142,0
49010,Caroverine,default,8,2,2,0.25,0.25,0
49013,Fiduxosin hydrochloride,estimated,8,3,1,0.375,0.125,2
49015,Prochlorperazine dimaleate salt,estimated,14,11,5,0.7857142857142857,0.35714285714285715,6
40246,Sulindac sulfone,default,14,7,7,0.5,0.5,0
23303,Methylprednisolone sodium succinate,default,8,4,4,0.5,0.5,0
49018,Dimethyl chloromalonate,default,14,4,4,0.2857142857142857,0.2857142857142857,0
49019,Normorphine,default,8,1,1,0.125,0.125,0
49021,Penfluridol,estimated,14,10,2,0.7142857142857143,0.14285714285714285,8
49022,Proparacaine hydrochloride,default,14,3,3,0.21428571428571427,0.21428571428571427,0
49023,Potassium antimony(III) tartrate hydrate,estimated,8,4,0,0.5,0.0,4
49024,1-(2-Ethylcrotonoyl)urea,default,8,1,1,0.125,0.125,0
49025,"Glycyrrhizic acid, monosodium salt",default,8,1,1,0.125,0.125,0
49026,Chlorazanil,default,8,1,1,0.125,0.125,0
49027,Diethylmethyl(2-3-methyl-2-phenylvaleryloxy)-ethyl)ammonium bromide,default,8,1,1,0.125,0.125,0
23081,D-Fructose,default,14,1,1,0.07142857142857142,0.07142857142857142,0
49030,Hydroxymethanesulfinic acid monosodium salt dihydrate,default,8,1,1,0.125,0.125,0
49032,2-Thiosalicylic acid,default,14,2,2,0.14285714285714285,0.14285714285714285,0
49033,Taprostene sodium salt,default,8,2,2,0.25,0.25,0
49034,Salidroside,default,14,3,3,0.21428571428571427,0.21428571428571427,0
49035,Lumiracoxib,default,14,5,5,0.35714285714285715,0.35714285714285715,0
22902,Dexamethasone dipropionate,default,8,5,5,0.625,0.625,0
23137,Hydroxyzine,estimated,14,7,6,0.5,0.42857142857142855,1
49036,Dexchlorpheniramine hydrochloride,default,14,5,5,0.35714285714285715,0.35714285714285715,0
22926,Dicyclomine,estimated,14,9,2,0.6428571428571429,0.14285714285714285,7
49037,Zamifenacin fumarate,estimated,14,7,2,0.5,0.14285714285714285,5
20667,Glycine,default,14,1,1,0.07142857142857142,0.07142857142857142,0
49039,3-Morpholinosydnonimine hydrochloride,default,14,1,1,0.07142857142857142,0.07142857142857142,0
49040,(S)-(+)-Dimethindene maleate,default,14,7,7,0.5,0.5,0
49041,SDZ 21009,estimated,14,5,2,0.35714285714285715,0.14285714285714285,3
23571,Salmeterol,estimated,8,3,1,0.375,0.125,2
41046,Iloprost,default,8,2,2,0.25,0.25,0
49042,ZD 2079,default,14,4,4,0.2857142857142857,0.2857142857142857,0
49043,Abiraterone acetate,default,8,3,3,0.375,0.375,0
23595,Spiramycin II,default,14,3,3,0.21428571428571427,0.21428571428571427,0
49045,Aliskiren hydrochloride,default,14,2,2,0.14285714285714285,0.14285714285714285,0
49046,Alpidem,estimated,14,7,0,0.5,0.0,7
49047,Aprepitant,estimated,14,10,2,0.7142857142857143,0.14285714285714285,8
49048,Asenapine,estimated,14,8,4,0.5714285714285714,0.2857142857142857,4
49049,Axitinib,estimated,14,9,8,0.6428571428571429,0.5714285714285714,1
49050,rac Benidipine hydrochloride,estimated,14,8,3,0.5714285714285714,0.21428571428571427,5
49051,Bosutinib methanoate,estimated,14,12,5,0.8571428571428571,0.35714285714285715,7
22692,Brotizolam,default,8,4,4,0.5,0.5,0
49052,Cetirizine amide dihydrochloride,default,14,3,3,0.21428571428571427,0.21428571428571427,0
49053,Cycloguanil hydrochloride,estimated,8,4,1,0.5,0.125,3
49054,Dibromopropamidine dihydrochloride,default,8,4,4,0.5,0.5,0
49055,Dimethyl(2-phenoxyethyl)-2-thenylammonium iodide,estimated,14,3,1,0.21428571428571427,0.07142857142857142,2
49057,Granisetron hydrochloride,default,8,1,1,0.125,0.125,0
49058,4-Hydroperoxy cyclophosphamide,default,8,1,1,0.125,0.125,0
49059,Paliperidone,default,14,3,3,0.21428571428571427,0.21428571428571427,0
49060,Iloperidone,estimated,14,6,2,0.42857142857142855,0.14285714285714285,4
23260,Meprednisone,default,14,3,3,0.21428571428571427,0.21428571428571427,0
49062,Moperone,default,8,1,1,0.125,0.125,0
49063,Moxifloxacin hydrochloride monohydrate,default,8,1,1,0.125,0.125,0
49064,Naratriptan hydrochloride,default,14,1,1,0.07142857142857142,0.07142857142857142,0
49065,rac Nebivolol hydrochloride,estimated,14,11,2,0.7857142857142857,0.14285714285714285,9
49066,Posaconazole,estimated,14,9,4,0.6428571428571429,0.2857142857142857,5
49067,Prasugrel hydrochloride,default,14,2,2,0.14285714285714285,0.14285714285714285,0
49068,Stiripentol,default,14,5,5,0.35714285714285715,0.35714285714285715,0
49069,Sodium sucrose octasulfate,default,14,1,1,0.07142857142857142,0.07142857142857142,0
49070,Sultopride hydrochloride,default,8,1,1,0.125,0.125,0
23673,Timiperone,default,8,3,3,0.375,0.375,0
49071,Unoprostone isopropyl ester,estimated,8,6,1,0.75,0.125,5
49074,Vindesine sulfate salt,estimated,8,6,2,0.75,0.25,4
49076,Zaltoprofen,default,14,3,3,0.21428571428571427,0.21428571428571427,0
49077,Quadrisol,default,8,1,1,0.125,0.125,0
49078,Sulindac sulfide,estimated,14,7,4,0.5,0.2857142857142857,3
48291,Iodophthalein,estimated,8,6,0,0.75,0.0,6
23605,Sulbactam,default,14,4,4,0.2857142857142857,0.2857142857142857,0
45033,Minocycline,default,8,2,2,0.25,0.25,0
49082,Prazosin,estimated,14,6,0,0.42857142857142855,0.0,6
49083,Anilinium nitrate,default,14,2,2,0.14285714285714285,0.14285714285714285,0
23262,Mequitazine,estimated,14,11,5,0.7857142857142857,0.35714285714285715,6
57717,"(R,S)-Epinephrine hydrochloride",default,13,4,4,0.3076923076923077,0.3076923076923077,0
57824,Hydrocortamate,default,13,4,4,0.3076923076923077,0.3076923076923077,0
23620,Sulfisoxazole acetal,default,13,1,1,0.07692307692307693,0.07692307692307693,0
23505,Prednisolone tebutate,estimated,13,5,4,0.38461538461538464,0.3076923076923077,1
57819,Indecainide,default,13,2,2,0.15384615384615385,0.15384615384615385,0
22688,Bromodiphenhydramine,estimated,13,7,2,0.5384615384615384,0.15384615384615385,5
57712,Lexiscan,default,13,1,1,0.07692307692307693,0.07692307692307693,0
57688,Bornelone,default,13,4,4,0.3076923076923077,0.3076923076923077,0
57851,Cinnamedrine,estimated,13,5,2,0.38461538461538464,0.15384615384615385,3
57638,Nitromersol,estimated,13,11,6,0.8461538461538461,0.46153846153846156,5
57837,"Sodium 3, 4-dimethylphenyl-glyoxylate",default,13,1,1,0.07692307692307693,0.07692307692307693,0
57858,Epsiprantel,default,13,3,3,0.23076923076923078,0.23076923076923078,0
57690,Dexamethasone isonicotinate,default,13,5,5,0.38461538461538464,0.38461538461538464,0
57770,Butamisole,default,13,1,1,0.07692307692307693,0.07692307692307693,0
57635,Nicoboxil,default,13,1,1,0.07692307692307693,0.07692307692307693,0
57665,Mefenorex,default,13,2,2,0.15384615384615385,0.15384615384615385,0
57746,Fenbutrazate,estimated,13,4,1,0.3076923076923077,0.07692307692307693,3
57748,Normethadone,default,13,4,4,0.3076923076923077,0.3076923076923077,0
57695,Floctafenine,estimated,13,6,1,0.46153846153846156,0.07692307692307693,5
57618,Isoniazid pyruvate,default,13,2,2,0.15384615384615385,0.15384615384615385,0
22646,Bencyclane,default,13,7,7,0.5384615384615384,0.5384615384615384,0
22704,Bupranolol,default,13,3,3,0.23076923076923078,0.23076923076923078,0
57628,Dimorpholamine,estimated,13,5,1,0.38461538461538464,0.07692307692307693,4
22854,Cloxazolam,default,13,2,2,0.15384615384615385,0.15384615384615385,0
57689,Estriol tripropionate,default,13,5,5,0.38461538461538464,0.38461538461538464,0
57823,Nandrolone furylpropionate,estimated,13,7,4,0.5384615384615384,0.3076923076923077,3
57852,Nandrolone cyclohexylpropionate,default,13,5,5,0.38461538461538464,0.38461538461538464,0
57818,Omoconazole,estimated,13,7,2,0.5384615384615384,0.15384615384615385,5
57697,"(16alpha, 17beta)-Estra-1,3,5(10)-triene-3,16,17-triol 16,17-diacetate 3-benzoate",default,13,5,5,0.38461538461538464,0.38461538461538464,0
57647,Cholesolvin,default,13,3,3,0.23076923076923078,0.23076923076923078,0
23140,Ibuprofen piconol,estimated,13,4,0,0.3076923076923077,0.0,4
57671,Tilmacoxib,estimated,13,4,1,0.3076923076923077,0.07692307692307693,3
43839,Pirmenol,default,13,2,2,0.15384615384615385,0.15384615384615385,0
57651,Simetride,estimated,13,6,2,0.46153846153846156,0.15384615384615385,4
57814,Ethyl eicosapentaenoate,default,13,3,3,0.23076923076923078,0.23076923076923078,0
57633,Neticonazole,estimated,13,8,3,0.6153846153846154,0.23076923076923078,5
57724,Tolycaine,default,13,2,2,0.15384615384615385,0.15384615384615385,0
57820,Docarpamine,default,13,1,1,0.07692307692307693,0.07692307692307693,0
22981,Emorfazone,default,13,1,1,0.07692307692307693,0.07692307692307693,0
20976,Nitrogen mustard N-oxide,default,13,1,1,0.07692307692307693,0.07692307692307693,0
57758,Tolciclate,default,13,5,5,0.38461538461538464,0.38461538461538464,0
23148,Iocarmic acid,default,13,1,1,0.07692307692307693,0.07692307692307693,0
57842,Amidoflumet,estimated,13,4,0,0.3076923076923077,0.0,4
57601,Glymidine sodium,default,13,1,1,0.07692307692307693,0.07692307692307693,0
23630,Talbutal,default,13,1,1,0.07692307692307693,0.07692307692307693,0
57654,Embutramide,default,13,1,1,0.07692307692307693,0.07692307692307693,0
57610,Tepoxalin,estimated,13,8,4,0.6153846153846154,0.3076923076923077,4
57701,Arimoclomol,default,13,1,1,0.07692307692307693,0.07692307692307693,0
57631,Amelometasone,default,13,5,5,0.38461538461538464,0.38461538461538464,0
57835,Lenampicillin hydrochloride,default,13,1,1,0.07692307692307693,0.07692307692307693,0
57677,Bolandiol dipropionate,estimated,13,5,4,0.38461538461538464,0.3076923076923077,1
57844,Indomethacin farnesil,estimated,13,4,0,0.3076923076923077,0.0,4
57643,Cyclomethycaine,estimated,13,9,1,0.6923076923076923,0.07692307692307693,8
57774,Isalon,default,13,1,1,0.07692307692307693,0.07692307692307693,0
57673,Sitaxentan,default,13,6,6,0.46153846153846156,0.46153846153846156,0
57702,Gimatecan,estimated,13,8,5,0.6153846153846154,0.38461538461538464,3
57676,Variotin,default,13,1,1,0.07692307692307693,0.07692307692307693,0
57653,Nepaprazole,estimated,13,5,1,0.38461538461538464,0.07692307692307693,4
22683,Bitolterol,estimated,13,10,6,0.7692307692307693,0.46153846153846156,4
57749,Clocapramine,estimated,13,11,3,0.8461538461538461,0.23076923076923078,8
57805,Isosulfan blue,estimated,13,9,0,0.6923076923076923,0.0,9
23606,Sulfacytine,default,13,1,1,0.07692307692307693,0.07692307692307693,0
57742,Calcium undecylenate,default,13,3,3,0.23076923076923078,0.23076923076923078,0
21335,Thenyldiamine,default,13,1,1,0.07692307692307693,0.07692307692307693,0
36489,Mibolerone,estimated,13,5,3,0.38461538461538464,0.23076923076923078,2
57815,Rescimetol,estimated,13,6,3,0.46153846153846156,0.23076923076923078,3
57715,Mexazolam,estimated,13,5,2,0.38461538461538464,0.15384615384615385,3
43747,Watanidipine,default,13,3,3,0.23076923076923078,0.23076923076923078,0
57683,Chlorexolone,estimated,13,2,0,0.15384615384615385,0.0,2
57830,Isoaminile,default,13,1,1,0.07692307692307693,0.07692307692307693,0
22610,Anileridine,default,13,4,4,0.3076923076923077,0.3076923076923077,0
57776,2-Ethoxy-5-fluorouracil,default,13,1,1,0.07692307692307693,0.07692307692307693,0
57729,4-Chloro-4'-fluorobutyrophenone,default,13,3,3,0.23076923076923078,0.23076923076923078,0
57849,Buparvaquone,estimated,13,8,5,0.6153846153846154,0.38461538461538464,3
57838,1-(4-Fluorobenzyl)-1H-benzimidazol-2-amine,estimated,13,5,3,0.38461538461538464,0.23076923076923078,2
57831,Methodichlorophen,estimated,13,6,0,0.46153846153846156,0.0,6
57649,Pleconaril,estimated,13,5,1,0.38461538461538464,0.07692307692307693,4
57741,7-Ethyltryptophol,default,13,1,1,0.07692307692307693,0.07692307692307693,0
49414,"10,11-Dihydro-5H-dibenz[b,f]azepine",estimated,14,12,3,0.8571428571428571,0.21428571428571427,9
57608,Fenadiazole,default,13,1,1,0.07692307692307693,0.07692307692307693,0
57769,3-(Trifluoromethyl)-o-toluidine,default,13,1,1,0.07692307692307693,0.07692307692307693,0
57623,4'-Methylbiphenyl-2-carbonitrile,default,13,2,2,0.15384615384615385,0.15384615384615385,0
57796,Acefylline,default,13,1,1,0.07692307692307693,0.07692307692307693,0
57696,4-Hydroxyindole,default,13,3,3,0.23076923076923078,0.23076923076923078,0
57752,7-Chloro-2-methylquinoline,default,13,1,1,0.07692307692307693,0.07692307692307693,0
57621,Ulifloxacin,default,13,1,1,0.07692307692307693,0.07692307692307693,0
57658,"3,5-Di-tert-butyl-4-hydroxybenzaldehyde",default,13,3,3,0.23076923076923078,0.23076923076923078,0
57721,6-Methoxy-2-naphthalaldehyde,default,13,2,2,0.15384615384615385,0.15384615384615385,0
57642,Agomelatine,default,13,2,2,0.15384615384615385,0.15384615384615385,0
57794,"Ethyl (2-formamido-1,3-thiazol-4-yl)glyoxylate",default,13,1,1,0.07692307692307693,0.07692307692307693,0
57747,"3-(2,6-Dichlorophenyl)-5-methylisoxazole-4-carbonyl chloride",default,13,1,1,0.07692307692307693,0.07692307692307693,0
57828,Riboprine,estimated,13,7,3,0.5384615384615384,0.23076923076923078,4
57617,6-Methoxy-alpha-tetralone,default,13,1,1,0.07692307692307693,0.07692307692307693,0
57636,N-isopropyl-4-formylbenzamide,default,13,2,2,0.15384615384615385,0.15384615384615385,0
57685,Brofoxine,default,13,2,2,0.15384615384615385,0.15384615384615385,0
57706,Etienic acid,default,13,3,3,0.23076923076923078,0.23076923076923078,0
57627,Dapoxetine,estimated,13,9,3,0.6923076923076923,0.23076923076923078,6
57841,4-(2-Piperidinoethoxy)benzoic acid hydrochloride(1:1),default,13,1,1,0.07692307692307693,0.07692307692307693,0
57845,Methylchromone,default,13,2,2,0.15384615384615385,0.15384615384615385,0
51715,Methyl 3-aminocrotonate,default,13,1,1,0.07692307692307693,0.07692307692307693,0
57731,3-Trifluoromethyl-4-nitroanilide,default,13,3,3,0.23076923076923078,0.23076923076923078,0
57704,Ethyl 4-oxo-1-piperidinecarboxylate,estimated,13,1,0,0.07692307692307693,0.0,1
57663,3-Phenyl-5-methylisoxazole-4-carbonyl chloride,estimated,13,1,0,0.07692307692307693,0.0,1
57744,"(2S,3s)-3-hydroxy-2-(4-methoxyphenyl)-2,3-dihydro-1,5-benzothiazepin-4(5h)-one",default,13,3,3,0.23076923076923078,0.23076923076923078,0
57846,Fluoroquinolonic acid,default,13,2,2,0.15384615384615385,0.15384615384615385,0
57694,"4-Amino-2-chloro-6,7-dimethoxyquinazoline",default,13,2,2,0.15384615384615385,0.15384615384615385,0
57793,Ethyl 2-oxo-4-phenylbutyrate,default,13,1,1,0.07692307692307693,0.07692307692307693,0
57822,4-Bromo-1-(bromomethyl)-2-fluoro-benzene,default,13,1,1,0.07692307692307693,0.07692307692307693,0
57720,Methyl 5-chloro-o-anisate,default,13,1,1,0.07692307692307693,0.07692307692307693,0
57680,"5,6-Dimethoxyindan-1-one",default,13,2,2,0.15384615384615385,0.15384615384615385,0
57833,Ethyl 7-chloro-2-oxoheptanoate,default,13,1,1,0.07692307692307693,0.07692307692307693,0
57738,4-Phenylpiperidin-4-ol,default,13,1,1,0.07692307692307693,0.07692307692307693,0
49400,Dibenzosuberone,default,14,7,7,0.5,0.5,0
57609,Pentifylline,estimated,13,2,0,0.15384615384615385,0.0,2
57800,Propacetamol,default,13,1,1,0.07692307692307693,0.07692307692307693,0
57813,Imidoline,default,13,2,2,0.15384615384615385,0.15384615384615385,0
57839,Ambasilide,default,13,3,3,0.23076923076923078,0.23076923076923078,0
57772,Isoxepac,default,13,1,1,0.07692307692307693,0.07692307692307693,0
57840,Dienestrol diacetate,default,13,5,5,0.38461538461538464,0.38461538461538464,0
57692,2-Acetylbenzo[b]thiophene,default,13,1,1,0.07692307692307693,0.07692307692307693,0
57745,4'-Tert-butyl-4-chlorobutyrophenone,default,13,3,3,0.23076923076923078,0.23076923076923078,0
57737,3'-Acetyl-4'-hydroxybutyranilide,default,13,2,2,0.15384615384615385,0.15384615384615385,0
57854,2-Chlorophenothiazine,default,13,4,4,0.3076923076923077,0.3076923076923077,0
57757,"3-(2-Chloroethyl)quinazoline-2,4(1H,3H)-dione",default,13,1,1,0.07692307692307693,0.07692307692307693,0
57645,"Methyl 3-amino-5,6-dichloropyrazine-2-carboxylate",estimated,13,8,4,0.6153846153846154,0.3076923076923077,4
57637,"3,4,5-Trimethoxyphenylacetonitrile",default,13,1,1,0.07692307692307693,0.07692307692307693,0
57660,N-(2-(4-sulfamoyl)phenyl)ethyl-5-chloro-2-methoxybenzamide,default,13,1,1,0.07692307692307693,0.07692307692307693,0
57699,1-(Bis(4-fluorophenyl)methyl)piperazine,estimated,13,5,3,0.38461538461538464,0.23076923076923078,2
57777,1-(4-Fluorophenyl)-4-oxocyclohexanecarbonitrile,default,13,2,2,0.15384615384615385,0.15384615384615385,0
57733,4-(4-Chlorophenyl)-4-piperidinol,default,13,1,1,0.07692307692307693,0.07692307692307693,0
57730,Promestriene,default,13,3,3,0.23076923076923078,0.23076923076923078,0
57812,Fenticonazole,default,13,7,7,0.5384615384615384,0.5384615384615384,0
57775,Cintriamide,default,13,1,1,0.07692307692307693,0.07692307692307693,0
57804,4-(4-Acetylpiperazin-4-yl)phenol,default,13,3,3,0.23076923076923078,0.23076923076923078,0
57732,Ethyl protocatechuate,default,13,5,5,0.38461538461538464,0.38461538461538464,0
57785,Ethyl 2-oxopyrrolidin-2-ylacetate,default,13,1,1,0.07692307692307693,0.07692307692307693,0
57764,5-Chloro-1-(4-piperidyl)-1H-benzimidazol-2(3H)-one,default,13,2,2,0.15384615384615385,0.15384615384615385,0
57667,5-Chlorooxindole,default,13,4,4,0.3076923076923077,0.3076923076923077,0
57786,"alpha,3-Dichlorotoluene",default,13,1,1,0.07692307692307693,0.07692307692307693,0
57740,Methyl 4-acetamido-5-chloro-2-methoxybenzoate,default,13,2,2,0.15384615384615385,0.15384615384615385,0
57656,2-Bromo-4'-chloro-2'-(2-fluorobenzoyl)acetanilide,default,13,4,4,0.3076923076923077,0.3076923076923077,0
57832,2-Amino-5-chloro-2'-fluorobenzophenone,estimated,13,7,1,0.5384615384615384,0.07692307692307693,6
57682,Dorastine,estimated,13,6,1,0.46153846153846156,0.07692307692307693,5
44436,3-Acetyldihydro-2(3H)-furanone,default,14,1,1,0.07142857142857142,0.07142857142857142,0
57652,Istradefylline,estimated,13,4,0,0.3076923076923077,0.0,4
57708,Fenaclon,default,13,1,1,0.07692307692307693,0.07692307692307693,0
57666,Lacosamide,default,13,1,1,0.07692307692307693,0.07692307692307693,0
57771,Ethyl biscoumacetate,default,13,3,3,0.23076923076923078,0.23076923076923078,0
22850,Clortermine,default,13,2,2,0.15384615384615385,0.15384615384615385,0
57799,Epicainide,default,13,2,2,0.15384615384615385,0.15384615384615385,0
57759,Dimenoxadol,default,13,3,3,0.23076923076923078,0.23076923076923078,0
57802,Daniquidone,estimated,13,9,4,0.6923076923076923,0.3076923076923077,5
57766,"Ethyl 4-(5-chloro-2,3-dihydro-2-oxo-1h-benzimidazol-2-yl)piperidine-1-carboxylate",estimated,13,6,0,0.46153846153846156,0.0,6
57791,"(2Z)-{2-[(Chloroacetyl)amino]-1,3-thiazol-4-yl}(methoxyimino)acetic acid",default,13,1,1,0.07692307692307693,0.07692307692307693,0
27026,"N,N-Dimethyl-1-octadecanamine",default,13,1,1,0.07692307692307693,0.07692307692307693,0
57789,Indobufen,default,13,3,3,0.23076923076923078,0.23076923076923078,0
52860,Ameltolide,default,13,1,1,0.07692307692307693,0.07692307692307693,0
57768,Albendazole oxide,estimated,13,6,0,0.46153846153846156,0.0,6
57806,Enciprazine,default,13,1,1,0.07692307692307693,0.07692307692307693,0
57734,1-(2-Chlorophenyl)piperazine,default,13,1,1,0.07692307692307693,0.07692307692307693,0
57644,Darglitazone,estimated,13,5,3,0.38461538461538464,0.23076923076923078,2
57797,Lofemizole,default,13,2,2,0.15384615384615385,0.15384615384615385,0
57810,Propoxate,default,13,2,2,0.15384615384615385,0.15384615384615385,0
57751,Bamipine,estimated,13,8,2,0.6153846153846154,0.15384615384615385,6
57821,Artemotil,default,13,5,5,0.38461538461538464,0.38461538461538464,0
43848,Xibenolol,default,13,1,1,0.07692307692307693,0.07692307692307693,0
57670,Prucalopride,default,13,2,2,0.15384615384615385,0.15384615384615385,0
57625,Prednisolone farnesylate,estimated,13,6,3,0.46153846153846156,0.23076923076923078,3
57763,Bufetolol,default,13,1,1,0.07692307692307693,0.07692307692307693,0
57655,Alatrofloxacin mesylate,estimated,13,5,1,0.38461538461538464,0.07692307692307693,4
57743,Mazaticol,estimated,13,5,1,0.38461538461538464,0.07692307692307693,4
57716,Butoctamide semisuccinate,estimated,13,3,0,0.23076923076923078,0.0,3
57650,Metamfepramone,default,13,1,1,0.07692307692307693,0.07692307692307693,0
57795,Nimorazole,default,13,1,1,0.07692307692307693,0.07692307692307693,0
57760,Ambucetamide,default,13,2,2,0.15384615384615385,0.15384615384615385,0
57630,Zolimidine,estimated,13,5,5,0.38461538461538464,0.38461538461538464,0
57756,Octamylamine,default,13,1,1,0.07692307692307693,0.07692307692307693,0
57803,Enefexine,default,13,1,1,0.07692307692307693,0.07692307692307693,0
57780,Fluretofene,default,13,1,1,0.07692307692307693,0.07692307692307693,0
57678,Bilastine,default,13,1,1,0.07692307692307693,0.07692307692307693,0
57809,Ticlatone,estimated,13,8,4,0.6153846153846154,0.3076923076923077,4
57836,Sancycline,default,13,5,5,0.38461538461538464,0.38461538461538464,0
57739,Methyl 4-acetamido-o-anisate,default,13,1,1,0.07692307692307693,0.07692307692307693,0
57857,Dehydropregnenolone acetate,default,13,4,4,0.3076923076923077,0.3076923076923077,0
57679,Benzimidazolone,default,13,1,1,0.07692307692307693,0.07692307692307693,0
57700,5-Hydroxy-1-tetralone,default,13,2,2,0.15384615384615385,0.15384615384615385,0
57755,Beclamide,default,13,1,1,0.07692307692307693,0.07692307692307693,0
57798,Morniflumate,estimated,13,5,0,0.38461538461538464,0.0,5
57761,1-(3-Chlorophenyl)-4-(3-chloropropyl)piperazine hydrochloride,default,13,6,6,0.46153846153846156,0.46153846153846156,0
57674,3-Trifluoromethylisobutyranilide,default,13,3,3,0.23076923076923078,0.23076923076923078,0
57843,"4-(4-Chlorophenyl)piperidine-2,6-dione",default,13,1,1,0.07692307692307693,0.07692307692307693,0
57714,"2-Chlorodibenz(b,f)-1,4-oxazepin-11(10H)-one",default,13,6,6,0.46153846153846156,0.46153846153846156,0
57847,Ecabet sodium,default,13,1,1,0.07692307692307693,0.07692307692307693,0
57898,2-Amino-4-(trifluoromethyl)benzenethiol hydrochloride,estimated,13,7,6,0.5384615384615384,0.46153846153846156,1
57661,Clevidipine,default,13,3,3,0.23076923076923078,0.23076923076923078,0
57681,Dabigatran etexilate,estimated,13,9,3,0.6923076923076923,0.23076923076923078,6
57728,Fertirelin,default,13,2,2,0.15384615384615385,0.15384615384615385,0
57641,Mozavaptan,estimated,13,6,2,0.46153846153846156,0.15384615384615385,4
57684,"2,3,4-Trihydroxybenzaldehyde",estimated,13,6,0,0.46153846153846156,0.0,6
57765,Ethyl 4-(2-amino-4-chloroanilino)piperidine-1-carboxylate,estimated,13,6,1,0.46153846153846156,0.07692307692307693,5
57773,Arprinocid,default,13,1,1,0.07692307692307693,0.07692307692307693,0
57784,Cycotiamine,default,13,1,1,0.07692307692307693,0.07692307692307693,0
57626,Ipenoxazone hydrochloride,estimated,13,3,1,0.23076923076923078,0.07692307692307693,2
57622,Etifelmine hydrochloride,estimated,13,8,1,0.6153846153846154,0.07692307692307693,7
57778,Tocamphyl,default,13,1,1,0.07692307692307693,0.07692307692307693,0
57612,Benzilonium bromide,default,13,1,1,0.07692307692307693,0.07692307692307693,0
57723,Rivaroxaban,estimated,13,3,1,0.23076923076923078,0.07692307692307693,2
57816,Omeprazole sulfide,estimated,13,3,1,0.23076923076923078,0.07692307692307693,2
42002,Lisadimate,default,13,1,1,0.07692307692307693,0.07692307692307693,0
57693,Enfenamic acid,default,13,3,3,0.23076923076923078,0.23076923076923078,0
57848,Setoperone,estimated,13,5,1,0.38461538461538464,0.07692307692307693,4
57657,Norfentanyl,default,13,2,2,0.15384615384615385,0.15384615384615385,0
57713,Cyclobendazole,estimated,13,6,0,0.46153846153846156,0.0,6
57719,Muraglitazar,estimated,13,5,2,0.38461538461538464,0.15384615384615385,3
57750,Oxycinchophen,estimated,13,5,1,0.38461538461538464,0.07692307692307693,4
57648,Tobicillin,default,13,2,2,0.15384615384615385,0.15384615384615385,0
32374,Difethialone,estimated,13,7,3,0.5384615384615384,0.23076923076923078,4
57825,Resocortol butyrate,estimated,13,4,4,0.3076923076923077,0.3076923076923077,0
57620,Cromoglicate lisetil,default,13,1,1,0.07692307692307693,0.07692307692307693,0
57722,Viloxazine hydrochloride,default,13,1,1,0.07692307692307693,0.07692307692307693,0
57672,Pipoxolan hydrochloride,estimated,13,7,2,0.5384615384615384,0.15384615384615385,5
57611,Moexiprilat,default,13,1,1,0.07692307692307693,0.07692307692307693,0
57613,Moxaverine,estimated,13,7,2,0.5384615384615384,0.15384615384615385,5
57703,Almitrine dimethanesulfonate,default,13,6,6,0.46153846153846156,0.46153846153846156,0
57604,Aminopentamide sulfate,default,13,2,2,0.15384615384615385,0.15384615384615385,0
23221,Lofexidine,default,13,4,4,0.3076923076923077,0.3076923076923077,0
57662,LY335979 trihydrochloride,estimated,13,8,2,0.6153846153846154,0.15384615384615385,6
57753,Eltrombopag,estimated,13,8,1,0.6153846153846154,0.07692307692307693,7
57615,Loxiglumide,default,13,1,1,0.07692307692307693,0.07692307692307693,0
57834,Dimethisteron,estimated,13,7,4,0.5384615384615384,0.3076923076923077,3
57711,"N-(3-Amino-2,4,6-triiodobenzoyl)-N-phenyl-beta-alanine",default,13,2,2,0.15384615384615385,0.15384615384615385,0
22657,Benzquinamide,default,13,2,2,0.15384615384615385,0.15384615384615385,0
57817,Tripamide,default,13,2,2,0.15384615384615385,0.15384615384615385,0
22715,Butriptyline,estimated,13,6,3,0.46153846153846156,0.23076923076923078,3
57727,dl-Furfenorex,default,13,1,1,0.07692307692307693,0.07692307692307693,0
57614,Exametazime,default,13,1,1,0.07692307692307693,0.07692307692307693,0
57619,Nemorubicin,estimated,13,10,3,0.7692307692307693,0.23076923076923078,7
57640,Octotiamine,default,13,1,1,0.07692307692307693,0.07692307692307693,0
44128,Stanozolol,estimated,13,6,5,0.46153846153846156,0.38461538461538464,1
42517,Zinc dioctanoate,default,13,2,2,0.15384615384615385,0.15384615384615385,0
25635,N-Methyl-4-nitroaniline,estimated,14,4,0,0.2857142857142857,0.0,4
33047,4-(Methylthio)benzaldehyde,default,14,1,1,0.07142857142857142,0.07142857142857142,0
24875,"Bis(2,3-epoxypropyl) cyclohexane-1,2-dicarboxylate",estimated,14,7,2,0.5,0.14285714285714285,5
25454,Isoamyl cinnamate,default,14,5,5,0.35714285714285715,0.35714285714285715,0
24113,Fonofos,default,14,8,8,0.5714285714285714,0.5714285714285714,0
27019,Methyl tetradecanoate,default,14,1,1,0.07142857142857142,0.07142857142857142,0
27490,(3-Chloropropyl)trimethoxysilane,default,14,2,2,0.14285714285714285,0.14285714285714285,0
29203,1-Chloro-2-(diethylamine)ethane hydrochloride,default,14,7,7,0.5,0.5,0
20156,Benzyl thiocyanate,default,14,4,4,0.2857142857142857,0.2857142857142857,0
20857,N-Methyl-9H-purin-6-amine,default,14,3,3,0.21428571428571427,0.21428571428571427,0
21488,"1,3,5-Benzenetricarboxylic acid",default,14,1,1,0.07142857142857142,0.07142857142857142,0
24658,alpha-Bromotoluene,default,14,1,1,0.07142857142857142,0.07142857142857142,0
20434,"(2E)-1,4-Dichlorobut-2-ene",default,14,3,3,0.21428571428571427,0.21428571428571427,0
33564,Hydroxyvalerenic acid,default,14,3,3,0.21428571428571427,0.21428571428571427,0
25765,3-Nitrophenol,default,14,5,5,0.35714285714285715,0.35714285714285715,0
21547,1-Chloropropan-2-one,default,14,1,1,0.07142857142857142,0.07142857142857142,0
26448,"2-Ethyl-2-(hydroxymethyl)-1,3-propanediol",default,14,1,1,0.07142857142857142,0.07142857142857142,0
27509,Methyl 3-mercaptopropionate,default,14,1,1,0.07142857142857142,0.07142857142857142,0
20875,Methylhydrazine sulfate,default,14,2,2,0.14285714285714285,0.14285714285714285,0
21526,Chlorobutanedioic acid,default,14,3,3,0.21428571428571427,0.21428571428571427,0
21930,Hexylamine,default,14,3,3,0.21428571428571427,0.21428571428571427,0
22159,"1,9-Decadiene",estimated,14,6,0,0.42857142857142855,0.0,6
25480,Isopropyl glycidyl ether,default,14,2,2,0.14285714285714285,0.14285714285714285,0
24971,"3,4-Dichlorobenzaldehyde",default,14,2,2,0.14285714285714285,0.14285714285714285,0
21289,Sulfallate,default,14,8,8,0.5714285714285714,0.5714285714285714,0
26505,"1H,3H-Naphtho(1,8-cd)pyran-1,3-dione",default,14,7,7,0.5,0.5,0
27109,"N-(6-Aminohexyl)hexane-1,6-diamine",default,14,3,3,0.21428571428571427,0.21428571428571427,0
20914,1-Naphthaleneacetamide,default,14,1,1,0.07142857142857142,0.07142857142857142,0
21939,1-Octanamine,default,14,1,1,0.07142857142857142,0.07142857142857142,0
25447,2-Iodoethylbenzene,estimated,14,3,1,0.21428571428571427,0.07142857142857142,2
32722,"1,2,4-Triazole, sodium salt",default,14,2,2,0.14285714285714285,0.14285714285714285,0
33281,Cadmium acetate dihydrate,estimated,14,10,7,0.7142857142857143,0.5,3
26308,"3,4-Dimethylaniline",default,14,3,3,0.21428571428571427,0.21428571428571427,0
47869,Palmatine chloride hydrate,estimated,14,7,2,0.5,0.14285714285714285,5
21752,"3,3-Dimethyl-2-butanone",default,14,2,2,0.14285714285714285,0.14285714285714285,0
26519,Butyl 2-ethylhexyl phthalate,default,14,4,4,0.2857142857142857,0.2857142857142857,0
27570,"3,4-Dihydro-2-methoxy-2H-pyran",default,14,3,3,0.21428571428571427,0.21428571428571427,0
29300,Polysorbate 60,default,14,3,3,0.21428571428571427,0.21428571428571427,0
20983,1-Nitropyrene,estimated,14,7,6,0.5,0.42857142857142855,1
20761,Isoprene,default,14,2,2,0.14285714285714285,0.14285714285714285,0
25183,"1,3-Diphenylurea",estimated,14,7,3,0.5,0.21428571428571427,4
20015,1-Acetyl-2-phenylhydrazine,estimated,14,4,1,0.2857142857142857,0.07142857142857142,3
24646,"2-Bromo-4,6-dinitroaniline",estimated,14,7,2,0.5,0.14285714285714285,5
25723,2-Nitroacetophenone,default,14,1,1,0.07142857142857142,0.07142857142857142,0
24471,2-Amino-4-chloro-5-nitrophenol,estimated,14,8,6,0.5714285714285714,0.42857142857142855,2
21318,"1,1,2,2-Tetrachloroethane",estimated,14,2,0,0.14285714285714285,0.0,2
20287,5-Chloro-2-methylaniline,default,14,1,1,0.07142857142857142,0.07142857142857142,0
21886,tert-Octylamine,default,14,1,1,0.07142857142857142,0.07142857142857142,0
21235,C.I. Acid Red 52,estimated,14,9,0,0.6428571428571429,0.0,9
21070,Norharman,default,14,6,6,0.42857142857142855,0.42857142857142855,0
47870,Tributylmethylphosphonium methyl sulfate,default,14,3,3,0.21428571428571427,0.21428571428571427,0
33008,"3,4-Dichlorophenyl isocyanate",estimated,14,7,2,0.5,0.14285714285714285,5
26161,2-Methylbenzoic acid,default,14,1,1,0.07142857142857142,0.07142857142857142,0
24470,4-Chlorobenzothiazol-2-ylamine,default,14,7,7,0.5,0.5,0
25851,3-Pentenenitrile,estimated,14,2,0,0.14285714285714285,0.0,2
25574,4-Methylbenzyl alcohol,default,14,1,1,0.07142857142857142,0.07142857142857142,0
25732,3-Nitrobenzamide,default,14,1,1,0.07142857142857142,0.07142857142857142,0
24885,N-Cyclohexyl-4-methylbenzenesulfonamide,default,14,4,4,0.2857142857142857,0.2857142857142857,0
21320,Tetrachlorovinphos,estimated,14,8,4,0.5714285714285714,0.2857142857142857,4
21949,2-Methyl-3-butyn-2-ol,default,14,1,1,0.07142857142857142,0.07142857142857142,0
27174,"1,2,3,4-Tetrahydronaphthalen-1-ol",default,14,1,1,0.07142857142857142,0.07142857142857142,0
29267,(3-Chloropropyl)(triethoxy)silane,default,14,4,4,0.2857142857142857,0.2857142857142857,0
21120,(2-Isothiocyanatoethyl)benzene,estimated,14,9,4,0.6428571428571429,0.2857142857142857,5
47871,1-Methyl-3-hexylimidazolium trifluoromethylsulfonate,estimated,14,5,1,0.35714285714285715,0.07142857142857142,4
33876,Phenethyl bromide,default,14,3,3,0.21428571428571427,0.21428571428571427,0
25633,4-Methyl-3-nitroaniline,default,14,4,4,0.2857142857142857,0.2857142857142857,0
22220,"2,3,4,5-Tetrachlorophenol",estimated,14,8,6,0.5714285714285714,0.42857142857142855,2
23997,alpha-Cyhalothrin,estimated,14,6,2,0.42857142857142855,0.14285714285714285,4
22010,cis-Oleyl alcohol,default,14,1,1,0.07142857142857142,0.07142857142857142,0
27764,"N,N-Dimethyldecan-1-amide",estimated,14,3,0,0.21428571428571427,0.0,3
29281,n-Undecylbenzene,default,14,1,1,0.07142857142857142,0.07142857142857142,0
20419,Dibutyltin diacetate,estimated,14,7,5,0.5,0.35714285714285715,2
21132,"N-Phenyl-1,4-benzenediamine hydrochloride",estimated,14,8,5,0.5714285714285714,0.35714285714285715,3
24414,N-Acetyl-p-toluidine,default,14,1,1,0.07142857142857142,0.07142857142857142,0
25924,Piperonal,default,14,1,1,0.07142857142857142,0.07142857142857142,0
24639,3-Bromobiphenyl,estimated,14,3,1,0.21428571428571427,0.07142857142857142,2
32954,2-Hydroxyisobutyric acid,default,14,3,3,0.21428571428571427,0.21428571428571427,0
27300,4-Methylthiazole,default,14,1,1,0.07142857142857142,0.07142857142857142,0
27319,"2,6-Toluenediamine",default,14,6,6,0.42857142857142855,0.42857142857142855,0
21823,"2,4-Dinitroaniline",estimated,14,5,1,0.35714285714285715,0.07142857142857142,4
27714,9-Octadecen-1-ol-ethylene oxide copolymer,estimated,14,10,5,0.7142857142857143,0.35714285714285715,5
26664,Benzenemethanethiol,default,14,4,4,0.2857142857142857,0.2857142857142857,0
27229,Trimethylamine hydrochloride,default,14,1,1,0.07142857142857142,0.07142857142857142,0
27822,Dichloropinacolin,default,14,1,1,0.07142857142857142,0.07142857142857142,0
20468,"1,2-Diformylhydrazine",default,14,1,1,0.07142857142857142,0.07142857142857142,0
47873,1-Methyl-3-octylimidazolium chloride,estimated,14,9,3,0.6428571428571429,0.21428571428571427,6
21860,4-Chlorobenzaldehyde,default,14,2,2,0.14285714285714285,0.14285714285714285,0
25742,4-Nitrobenzoyl chloride,default,14,2,2,0.14285714285714285,0.14285714285714285,0
25013,"2,3-Dichloroquinoxaline",default,14,5,5,0.35714285714285715,0.35714285714285715,0
25474,Isophytol,default,14,4,4,0.2857142857142857,0.2857142857142857,0
32832,"2,3-Dibromopropionic acid",default,14,5,5,0.35714285714285715,0.35714285714285715,0
26619,Benzenesulfonyl chloride,default,14,1,1,0.07142857142857142,0.07142857142857142,0
24341,Toluene diisocyanate,default,14,6,6,0.42857142857142855,0.42857142857142855,0
22910,D-Glucose,default,14,1,1,0.07142857142857142,0.07142857142857142,0
27857,Texanol,default,14,1,1,0.07142857142857142,0.07142857142857142,0
29606,3-Methylbut-2-enal,default,14,1,1,0.07142857142857142,0.07142857142857142,0
20540,Diphenylcarbonate,estimated,14,2,0,0.14285714285714285,0.0,2
20587,Ethyl bromoacetate,default,14,2,2,0.14285714285714285,0.14285714285714285,0
20300,Chlorodibromomethane,default,14,2,2,0.14285714285714285,0.14285714285714285,0
25654,1-Methylpyrene,estimated,14,7,1,0.5,0.07142857142857142,6
24981,"3,5-Dichlorobenzoic acid",default,14,2,2,0.14285714285714285,0.14285714285714285,0
26304,"2,3-Xylidine",default,14,4,4,0.2857142857142857,0.2857142857142857,0
25661,alpha-Methylstyrene,default,14,4,4,0.2857142857142857,0.2857142857142857,0
27950,Trimethylolpropane ethoxylate triacrylate,estimated,14,7,6,0.5,0.42857142857142855,1
26716,Methyl acetoacetate,default,14,1,1,0.07142857142857142,0.07142857142857142,0
29655,"2,2,6,6-Tetramethyl- 4-piperidinol",default,14,1,1,0.07142857142857142,0.07142857142857142,0
21212,"3,4-Dihydroxybenzoic acid",default,14,2,2,0.14285714285714285,0.14285714285714285,0
25840,"1,2-Dichloro-4-(trichloromethyl)benzene",estimated,14,3,0,0.21428571428571427,0.0,3
24574,2-Benzimidazolylurea,estimated,14,4,0,0.2857142857142857,0.0,4
24503,2-Amino-4-phenylthiazole hydrobromide hydrate,default,14,4,4,0.2857142857142857,0.2857142857142857,0
25693,Myristicin,estimated,14,2,1,0.14285714285714285,0.07142857142857142,1
24447,Allyl nonanoate,default,14,3,3,0.21428571428571427,0.21428571428571427,0
25761,1-Nitro-2-methylnaphthalene,default,14,2,2,0.14285714285714285,0.14285714285714285,0
24736,Carveol,default,14,3,3,0.21428571428571427,0.21428571428571427,0
29474,"Alkyl (C8,C10) glycidyl ether",default,14,3,3,0.21428571428571427,0.21428571428571427,0
26740,Dimethyl decanedioate,default,14,1,1,0.07142857142857142,0.07142857142857142,0
27309,Ethyl 3-ethoxypropionate,default,14,1,1,0.07142857142857142,0.07142857142857142,0
27974,4-tert-Butylcyclohexyl acetate,default,14,1,1,0.07142857142857142,0.07142857142857142,0
29679,Tetrachlorostannane,default,14,2,2,0.14285714285714285,0.14285714285714285,0
20101,Aroclor 1260,estimated,14,7,5,0.5,0.35714285714285715,2
21873,Isobutyl acrylate,default,14,1,1,0.07142857142857142,0.07142857142857142,0
26292,Vinyltoluene,default,14,3,3,0.21428571428571427,0.21428571428571427,0
25569,2-Methylbenzamide,default,14,1,1,0.07142857142857142,0.07142857142857142,0
26212,"3,4,5-Trichlorophenol",estimated,14,8,6,0.5714285714285714,0.42857142857142855,2
25776,4-Nitrophthalimide,default,14,2,2,0.14285714285714285,0.14285714285714285,0
25149,"N,N-Dimethyl-p-phenylenediamine",estimated,14,11,8,0.7857142857142857,0.5714285714285714,3
23937,t-Butylchloride,default,14,2,2,0.14285714285714285,0.14285714285714285,0
29806,"Benzenesulfonic acid, C10-14-alkyl derivs., sodium salts",estimated,14,9,2,0.6428571428571429,0.14285714285714285,7
27329,1-Decene,default,14,1,1,0.07142857142857142,0.07142857142857142,0
28013,N-Methyl-4-nitrophthalimide,default,14,1,1,0.07142857142857142,0.07142857142857142,0
29695,Ferrous chloride,default,14,2,2,0.14285714285714285,0.14285714285714285,0
20708,4-Hydrazinobenzoic acid,default,14,4,4,0.2857142857142857,0.2857142857142857,0
47874,Methyl triclosan,default,14,7,7,0.5,0.5,0
25639,2-Methyl-6-nitrobenzoic acid,default,14,1,1,0.07142857142857142,0.07142857142857142,0
24886,Cyclopentane,default,14,1,1,0.07142857142857142,0.07142857142857142,0
25611,2-Methylfuran,default,14,2,2,0.14285714285714285,0.14285714285714285,0
24998,"2,4-Dichloro-1-nitrobenzene",default,14,3,3,0.21428571428571427,0.21428571428571427,0
20437,"1,1-Dichloroethane",default,14,1,1,0.07142857142857142,0.07142857142857142,0
25975,R-(+)-Pulegone,default,14,2,2,0.14285714285714285,0.14285714285714285,0
20626,Flecainide acetate,estimated,14,5,1,0.35714285714285715,0.07142857142857142,4
25423,N-(Hydroxyethyl)ethylenediamine,default,14,2,2,0.14285714285714285,0.14285714285714285,0
27368,N-[(Benzyloxy)carbonyl]-L-aspartic acid,default,14,3,3,0.21428571428571427,0.21428571428571427,0
29062,Dipropyleneglycol methyl ether acetate,default,14,1,1,0.07142857142857142,0.07142857142857142,0
29762,2-[4-(Dibutylamino)-2-hydroxybenzoyl]benzoic acid,estimated,14,11,5,0.7857142857142857,0.35714285714285715,6
20742,Iodoacetamide,estimated,14,3,1,0.21428571428571427,0.07142857142857142,2
21363,3-Methylaniline hydrochloride,default,14,4,4,0.2857142857142857,0.2857142857142857,0
21492,Benzyl cyanide,default,14,1,1,0.07142857142857142,0.07142857142857142,0
21562,Dichloroacetonitrile,default,14,5,5,0.35714285714285715,0.35714285714285715,0
25570,N-Methylbenzamide,default,14,2,2,0.14285714285714285,0.14285714285714285,0
24822,Chlorotrimethylsilane,default,14,2,2,0.14285714285714285,0.14285714285714285,0
24912,Decalin,default,14,1,1,0.07142857142857142,0.07142857142857142,0
47875,1-Ethylpyridinium hexafluorophosphate,default,14,1,1,0.07142857142857142,0.07142857142857142,0
27716,Polyoxyethylene dioleate,default,14,3,3,0.21428571428571427,0.21428571428571427,0
26899,"3,3'-Thiodipropionitrile",default,14,1,1,0.07142857142857142,0.07142857142857142,0
26309,"3,5-Dimethylaniline",default,14,2,2,0.14285714285714285,0.14285714285714285,0
24487,2-Amino-4-methylbenzothiazole,default,14,3,3,0.21428571428571427,0.21428571428571427,0
25464,Isocyanatocyclohexane,default,14,2,2,0.14285714285714285,0.14285714285714285,0
22057,"1,3-Dichloropropene",default,14,1,1,0.07142857142857142,0.07142857142857142,0
25037,3-Diethylaminophenol,default,14,5,5,0.35714285714285715,0.35714285714285715,0
22306,Demeton,default,14,5,5,0.35714285714285715,0.35714285714285715,0
24269,Potassium silver cyanide,estimated,14,11,5,0.7857142857142857,0.35714285714285715,6
27427,2-(2-(Dimethylamino)ethoxy)ethanol,default,14,1,1,0.07142857142857142,0.07142857142857142,0
24110,Fluvalinate,default,14,7,7,0.5,0.5,0
20789,Magnesium chloride hexahydrate,default,14,5,5,0.35714285714285715,0.35714285714285715,0
47876,(-)-Enterodiol,default,14,5,5,0.35714285714285715,0.35714285714285715,0
24641,"3-Bromo-2,2-bis(bromomethyl)propanol",default,14,3,3,0.21428571428571427,0.21428571428571427,0
25249,"1,2-Epoxytetradecane",default,14,3,3,0.21428571428571427,0.21428571428571427,0
24484,2-Amino-4-methoxybenzothiazole,default,14,4,4,0.2857142857142857,0.2857142857142857,0
24640,4-Bromobiphenyl,default,14,1,1,0.07142857142857142,0.07142857142857142,0
24334,Thallium nitrate,estimated,14,6,1,0.42857142857142855,0.07142857142857142,5
26366,"1,4-Bis(trichloromethyl)benzene",default,14,6,6,0.42857142857142855,0.42857142857142855,0
20733,Razoxane,default,14,4,4,0.2857142857142857,0.2857142857142857,0
27467,"2,3,5,6-Tetrachloropyridine",default,14,1,1,0.07142857142857142,0.07142857142857142,0
47877,1-Ethyl-1-methylpyrrolidinium hexafluorophosphate,default,14,4,4,0.2857142857142857,0.2857142857142857,0
20825,2-Methoxy-3-aminodibenzofuran,estimated,14,7,1,0.5,0.07142857142857142,6
21463,Zinc diethyldithiocarbamate,estimated,14,11,7,0.7857142857142857,0.5,4
27543,"N,N-Diethylhydroxylamine",default,14,1,1,0.07142857142857142,0.07142857142857142,0
25724,4-Nitroacetophenone,default,14,2,2,0.14285714285714285,0.14285714285714285,0
20153,Benzyl chloride,default,14,1,1,0.07142857142857142,0.07142857142857142,0
25180,"4,4'-Diphenylmethane diisocyanate",default,14,4,4,0.2857142857142857,0.2857142857142857,0
26139,Thiocarbanilide,estimated,14,8,0,0.5714285714285714,0.0,8
26175,Triallyl isocyanurate,default,14,2,2,0.14285714285714285,0.14285714285714285,0
21222,p-Benzoquinone dioxime,estimated,14,9,3,0.6428571428571429,0.21428571428571427,6
30317,"3-Acetyl-2,5-dimethylfuran",default,14,2,2,0.14285714285714285,0.14285714285714285,0
25888,Phenylglyoxal,default,14,7,7,0.5,0.5,0
21027,N-Nitrosodiethanolamine,default,14,1,1,0.07142857142857142,0.07142857142857142,0
24771,2-Chlorobenzoic acid,default,14,1,1,0.07142857142857142,0.07142857142857142,0
21145,Phenyl glycidyl ether,default,14,1,1,0.07142857142857142,0.07142857142857142,0
21446,Xylenes,default,14,2,2,0.14285714285714285,0.14285714285714285,0
22256,"2',3',4'-Trichloroacetophenone",default,14,2,2,0.14285714285714285,0.14285714285714285,0
24710,Butyryl chloride,default,14,2,2,0.14285714285714285,0.14285714285714285,0
33390,Desmethoxyyangonin,estimated,14,6,1,0.42857142857142855,0.07142857142857142,5
26207,"2,3,4-Trichlorophenol",estimated,14,8,3,0.5714285714285714,0.21428571428571427,5
21841,N-Methylaniline,default,14,1,1,0.07142857142857142,0.07142857142857142,0
26112,"1,2,3,4-Tetrahydro-9-acridinamine hydrochloride",default,14,5,5,0.35714285714285715,0.35714285714285715,0
24921,"4,4'-Diaminodicyclohexylmethane",estimated,14,4,2,0.2857142857142857,0.14285714285714285,2
25653,2-Isobutylthiazole,default,14,1,1,0.07142857142857142,0.07142857142857142,0
24896,"(2,4-Dichlorophenoxy)acetic acid dimethylamine",default,14,1,1,0.07142857142857142,0.07142857142857142,0
25706,Neohesperidin dihydrochalcone,default,14,2,2,0.14285714285714285,0.14285714285714285,0
33163,Alizarin Yellow R,estimated,14,8,3,0.5714285714285714,0.21428571428571427,5
25100,2-(Dimethylamino)ethyl acrylate,default,14,1,1,0.07142857142857142,0.07142857142857142,0
25431,3-Hydroxy-N-phenylaniline,estimated,14,7,0,0.5,0.0,7
24702,tert-Butyl phenyl glycidyl ether,estimated,14,3,0,0.21428571428571427,0.0,3
24915,Decyl methacrylate,estimated,14,4,1,0.2857142857142857,0.07142857142857142,3
24236,Octabromodiphenyl ether,estimated,14,6,0,0.42857142857142855,0.0,6
34089,Valerenic acid,estimated,14,7,1,0.5,0.07142857142857142,6
33538,Guggulsterone E,estimated,14,10,6,0.7142857142857143,0.42857142857142855,4
24864,Crotonaldehyde,default,14,1,1,0.07142857142857142,0.07142857142857142,0
25577,2-Methyl-2-butenenitrile,default,14,1,1,0.07142857142857142,0.07142857142857142,0
32891,"2,6-Dichlorobenzoyl chloride",default,14,2,2,0.14285714285714285,0.14285714285714285,0
26074,"Isobutyl (2,4,5-trichlorophenoxy)acetate",default,14,2,2,0.14285714285714285,0.14285714285714285,0
24979,"2,6-Dichlorobenzoic acid",default,14,1,1,0.07142857142857142,0.07142857142857142,0
24978,"2,5-Dichlorobenzoic acid",default,14,1,1,0.07142857142857142,0.07142857142857142,0
24980,"3,4-Dichlorobenzoic acid",default,14,1,1,0.07142857142857142,0.07142857142857142,0
25087,Dimenhydrinate,estimated,14,7,1,0.5,0.07142857142857142,6
24599,Benzyl sulfide,default,14,3,3,0.21428571428571427,0.21428571428571427,0
25775,4-Nitrophthalic anhydride,default,14,1,1,0.07142857142857142,0.07142857142857142,0
25703,alpha-Naphylisothiocyanate,estimated,14,8,5,0.5714285714285714,0.35714285714285715,3
29910,"1,1-Dichloropropene",default,14,1,1,0.07142857142857142,0.07142857142857142,0
25634,5-Methyl-2-nitroaniline,default,14,2,2,0.14285714285714285,0.14285714285714285,0
24659,3-Bromotoluene,default,14,2,2,0.14285714285714285,0.14285714285714285,0
24437,Allyl acetate,default,14,3,3,0.21428571428571427,0.21428571428571427,0
24798,2-Chloro-2-nitropropane,default,14,2,2,0.14285714285714285,0.14285714285714285,0
24797,1-Chloro-1-nitropropane,default,14,1,1,0.07142857142857142,0.07142857142857142,0
22079,Pentabromophenol,estimated,14,9,6,0.6428571428571429,0.42857142857142855,3
25741,2-Nitrobenzoyl chloride,default,14,1,1,0.07142857142857142,0.07142857142857142,0
20888,8-Methylquinoline,default,14,1,1,0.07142857142857142,0.07142857142857142,0
24038,"2,3-Dichloro-1-propanol",default,14,1,1,0.07142857142857142,0.07142857142857142,0
22086,4-Nitrobenzamide,default,14,1,1,0.07142857142857142,0.07142857142857142,0
24483,4-(4-Amino-3-methylanilino)phenol,estimated,14,11,6,0.7857142857142857,0.42857142857142855,5
20090,Aniline,default,14,1,1,0.07142857142857142,0.07142857142857142,0
26049,cis-Stilbene,default,14,2,2,0.14285714285714285,0.14285714285714285,0
20538,"N,N'-Diphenyl-p-phenylenediamine",estimated,14,9,3,0.6428571428571429,0.21428571428571427,6
20199,Bromoethane,default,14,1,1,0.07142857142857142,0.07142857142857142,0
30197,2-Bromopropane,default,14,2,2,0.14285714285714285,0.14285714285714285,0
25111,"2,2-Dimethylbutane",default,14,1,1,0.07142857142857142,0.07142857142857142,0
24690,tert-Butyl formate,default,14,1,1,0.07142857142857142,0.07142857142857142,0
25479,N-Isopropylaniline,default,14,1,1,0.07142857142857142,0.07142857142857142,0
25051,Diethyl ethylphosphonate,default,14,1,1,0.07142857142857142,0.07142857142857142,0
20448,"1,2-Dichloropropane",default,14,1,1,0.07142857142857142,0.07142857142857142,0
25671,Methyl vinyl ketone,default,14,1,1,0.07142857142857142,0.07142857142857142,0
26083,"1,1,2,2-Tetrabromoethane",default,14,1,1,0.07142857142857142,0.07142857142857142,0
25310,N-Ethyl-4-methylbenzenesulfonamide,default,14,3,3,0.21428571428571427,0.21428571428571427,0
25040,"N,N'-Diethylcarbanilide",estimated,14,5,1,0.35714285714285715,0.07142857142857142,4
24815,3-Chloro-2-methylaniline,default,14,1,1,0.07142857142857142,0.07142857142857142,0
24956,"N,N'-Bis(1-methylpropyl)-1,4-benzenediamine",estimated,14,11,6,0.7857142857142857,0.42857142857142855,5
25137,"1,4-Dimethyl-2-nitrobenzene",default,14,1,1,0.07142857142857142,0.07142857142857142,0
24764,2-Chlorobenzaldehyde,estimated,14,1,0,0.07142857142857142,0.0,1
26115,"1,2,3,4-Tetrahydroisoquinoline",default,14,3,3,0.21428571428571427,0.21428571428571427,0
25315,N-Ethyl-N-phenyl benzylamine,estimated,14,5,0,0.35714285714285715,0.0,5
20071,4-Biphenylamine,estimated,14,5,1,0.35714285714285715,0.07142857142857142,4
24878,Cyclohexanone cyanohydrin,default,14,1,1,0.07142857142857142,0.07142857142857142,0
24660,2-Bromotoluene,default,14,1,1,0.07142857142857142,0.07142857142857142,0
26305,"2,4-Dimethylaniline",default,14,2,2,0.14285714285714285,0.14285714285714285,0
24967,"2,5-Dichloroaniline",default,14,3,3,0.21428571428571427,0.21428571428571427,0
20413,"1,2-Dibromo-3-chloropropane",default,14,1,1,0.07142857142857142,0.07142857142857142,0
30258,2-Methyltetrahydrofuran,default,14,3,3,0.21428571428571427,0.21428571428571427,0
25725,3-Nitroaniline,default,14,1,1,0.07142857142857142,0.07142857142857142,0
25629,2-Methyl-4-nitroaniline,estimated,14,3,1,0.21428571428571427,0.07142857142857142,2
39232,Allyl glycidyl ether,default,14,1,1,0.07142857142857142,0.07142857142857142,0
27970,4-(4-Hydroxy-4-methylpentyl)cyclohex-3-ene-1-carbaldehyde,default,14,3,3,0.21428571428571427,0.21428571428571427,0
21168,Piperonyl sulfoxide,estimated,14,9,2,0.6428571428571429,0.14285714285714285,7
47878,Hydrastinine hydrochloride,default,14,6,6,0.42857142857142855,0.42857142857142855,0
20558,Emetine dihydrochloride,estimated,14,9,6,0.6428571428571429,0.42857142857142855,3
20097,Aramite,estimated,14,1,0,0.07142857142857142,0.0,1
21377,"1,1,2-Trichloro-1,2,2-trifluoroethane",default,14,1,1,0.07142857142857142,0.07142857142857142,0
23966,2-Chlorobutane,default,14,1,1,0.07142857142857142,0.07142857142857142,0
24077,"1,4-Dithiane",default,14,3,3,0.21428571428571427,0.21428571428571427,0
24300,Selenious acid,estimated,14,8,7,0.5714285714285714,0.5,1
24362,"1,1,2-Trichloropropane",estimated,14,1,0,0.07142857142857142,0.0,1
21789,2-Aminobenzamide,default,14,1,1,0.07142857142857142,0.07142857142857142,0
23028,Etidronic acid,default,14,2,2,0.14285714285714285,0.14285714285714285,0
24952,N-Butyl-1-butanamine,default,14,1,1,0.07142857142857142,0.07142857142857142,0
25286,Ethylene glycol dimethyl ether,estimated,14,2,0,0.14285714285714285,0.0,2
25466,Isodecyl methacrylate,default,14,1,1,0.07142857142857142,0.07142857142857142,0
25854,Perchloromethyl mercaptan,default,14,2,2,0.14285714285714285,0.14285714285714285,0
26373,Cobalt(II) acetate,default,14,4,4,0.2857142857142857,0.2857142857142857,0
26432,"2,2-Dimethylpropanoic acid",default,14,3,3,0.21428571428571427,0.21428571428571427,0
26450,Tetraethyl orthosilicate,default,14,3,3,0.21428571428571427,0.21428571428571427,0
26527,4-Amino-6-chlorotoluene-3-sulphonic acid,default,14,1,1,0.07142857142857142,0.07142857142857142,0
26631,Benzoyl chloride,default,14,1,1,0.07142857142857142,0.07142857142857142,0
26676,"1,1'-Oxybis(4-nitrobenzene)",estimated,14,5,3,0.35714285714285715,0.21428571428571427,2
26718,Ethyl cyanoacetate,default,14,1,1,0.07142857142857142,0.07142857142857142,0
26765,"2,4,4-Trimethyl-1-pentene",default,14,1,1,0.07142857142857142,0.07142857142857142,0
26872,Butyl isocyanate,default,14,1,1,0.07142857142857142,0.07142857142857142,0
26941,Chlorendic anhydride,default,14,1,1,0.07142857142857142,0.07142857142857142,0
26979,Trimethyl phosphite,default,14,1,1,0.07142857142857142,0.07142857142857142,0
27113,"2,2,4-Trimethyl-1,3-pentanediol",estimated,14,2,0,0.14285714285714285,0.0,2
27137,(9Z)-Octadec-9-enamide,estimated,14,3,0,0.21428571428571427,0.0,3
27159,Caprolactone,default,14,3,3,0.21428571428571427,0.21428571428571427,0
27175,"1,2,3,4-Tetrahydronaphthalen-1-one",default,14,3,3,0.21428571428571427,0.21428571428571427,0
27197,Methyl 2-hydroxypropanoate,default,14,3,3,0.21428571428571427,0.21428571428571427,0
27234,Methyl pivalate,default,14,1,1,0.07142857142857142,0.07142857142857142,0
27310,"1,4-Dichloro-2-butene",default,14,2,2,0.14285714285714285,0.14285714285714285,0
27343,4-tert-Butylbenzaldehyde,default,14,1,1,0.07142857142857142,0.07142857142857142,0
27370,Trimethoxymethylsilane,default,14,2,2,0.14285714285714285,0.14285714285714285,0
27416,Cyclohexanethiol,default,14,1,1,0.07142857142857142,0.07142857142857142,0
27471,1-Chlorotetradecane,default,14,1,1,0.07142857142857142,0.07142857142857142,0
27515,"3a,4,7,7a-Tetrahydroindene",default,14,1,1,0.07142857142857142,0.07142857142857142,0
27551,"Sodium 3,5-bis(methoxycarbonyl)benzenesulfonate",default,14,1,1,0.07142857142857142,0.07142857142857142,0
27577,3-Hydroxy-2-(hydroxymethyl)-2-methylpropanoic acid,default,14,1,1,0.07142857142857142,0.07142857142857142,0
27641,Diisopropyl adipate,default,14,3,3,0.21428571428571427,0.21428571428571427,0
27768,Zinc acrylate,estimated,14,7,2,0.5,0.14285714285714285,5
27823,Methyltri(2-butanoneoximyl)silane,default,14,3,3,0.21428571428571427,0.21428571428571427,0
27933,Diisooctyl phthalate,default,14,3,3,0.21428571428571427,0.21428571428571427,0
28001,"4,4'-(4,4'-Isopropylidenediphenoxy)bisphthalic dianhydride",default,14,3,3,0.21428571428571427,0.21428571428571427,0
28120,"Methyl 3,3-dimethylpent-4-enoate",estimated,14,3,0,0.21428571428571427,0.0,3
29120,"4,4'-Biphenyldiol",estimated,14,9,4,0.6428571428571429,0.2857142857142857,5
29143,2-Methylpentane,default,14,2,2,0.14285714285714285,0.14285714285714285,0
29220,6-Amino-3-methylpyridine,default,14,1,1,0.07142857142857142,0.07142857142857142,0
29233,Benzophenonetetracarboxylic dianhydride,default,14,1,1,0.07142857142857142,0.07142857142857142,0
29255,"Dimethyl trans-cyclohexane-1,4-dicarboxylate",default,14,1,1,0.07142857142857142,0.07142857142857142,0
29275,(R)-2-Aminobutan-1-ol,default,14,1,1,0.07142857142857142,0.07142857142857142,0
29287,4-Methylmorpholine 4-oxide,default,14,1,1,0.07142857142857142,0.07142857142857142,0
29338,1-Bromo-4-methoxy-2-methylbenzene,default,14,1,1,0.07142857142857142,0.07142857142857142,0
29619,Potassium thiocyanate,default,14,1,1,0.07142857142857142,0.07142857142857142,0
29662,Dichloro(dioctyl)stannane,estimated,14,8,5,0.5714285714285714,0.35714285714285715,3
29683,Sulfuric acid,default,14,1,1,0.07142857142857142,0.07142857142857142,0
29815,"Tridecylamine, branched and linear",estimated,14,8,1,0.5714285714285714,0.07142857142857142,7
20054,3-Amino-9-ethylcarbazole hydrochloride,estimated,14,8,4,0.5714285714285714,0.2857142857142857,4
20131,Barium chloride dihydrate,default,14,2,2,0.14285714285714285,0.14285714285714285,0
20157,Benzylhydrazine dihydrochloride,default,14,6,6,0.42857142857142855,0.42857142857142855,0
20325,"2-Hydroxy-N,N,N-trimethylethan-1-aminium chloride",default,14,2,2,0.14285714285714285,0.14285714285714285,0
20363,Cyclopentanone oxime,estimated,14,2,0,0.14285714285714285,0.0,2
20398,C.I. Oxidation Base 12A,estimated,14,9,7,0.6428571428571429,0.5,2
20668,Glycol sulfite,default,14,1,1,0.07142857142857142,0.07142857142857142,0
20709,4-Hydrazinobenzoic acid hydrochloride,default,14,5,5,0.35714285714285715,0.35714285714285715,0
20749,Isobutylparaben,estimated,14,8,3,0.5714285714285714,0.21428571428571427,5
20757,Isonicotinic acid,default,14,1,1,0.07142857142857142,0.07142857142857142,0
20802,Melamine,default,14,1,1,0.07142857142857142,0.07142857142857142,0
20826,3-Methoxycatechol,estimated,14,8,5,0.5714285714285714,0.35714285714285715,3
20859,alpha-Methylbenzyl alcohol,default,14,1,1,0.07142857142857142,0.07142857142857142,0
20922,2-Amino-1-naphthalenesulfonic acid,default,14,4,4,0.2857142857142857,0.2857142857142857,0
20984,6-Nitroquinoline,default,14,4,4,0.2857142857142857,0.2857142857142857,0
21158,Phthalamide,estimated,14,4,0,0.2857142857142857,0.0,4
21191,Proflavin hydrochloride,estimated,14,11,9,0.7857142857142857,0.6428571428571429,2
21216,Pyrilamine maleate,default,14,7,7,0.5,0.5,0
21253,Sodium saccharin,default,14,2,2,0.14285714285714285,0.14285714285714285,0
21365,4-Methylaniline hydrochloride,default,14,4,4,0.2857142857142857,0.2857142857142857,0
21448,"2,4-Dimethylaniline hydrochloride",default,14,1,1,0.07142857142857142,0.07142857142857142,0
21493,"2,6-Bis-(1,1-dimethylethyl)-2,5-cyclohexadiene-1,4-dione",default,14,5,5,0.35714285714285715,0.35714285714285715,0
21530,2-Chlorocyclohexanone,default,14,1,1,0.07142857142857142,0.07142857142857142,0
21563,"4,6-Dichloro-1,3-benzenediol",default,14,8,8,0.5714285714285714,0.5714285714285714,0
21581,"2,2-Dimethylbutanedioic acid",default,14,1,1,0.07142857142857142,0.07142857142857142,0
21585,"2,2-Dimethylpentanedioic acid",default,14,2,2,0.14285714285714285,0.14285714285714285,0
21599,Heptanenitrile,default,14,5,5,0.35714285714285715,0.35714285714285715,0
21610,3-Hydroxybenzoic acid,default,14,1,1,0.07142857142857142,0.07142857142857142,0
21620,Isovaleronitrile,default,14,1,1,0.07142857142857142,0.07142857142857142,0
21632,2-Methylpentanedioic acid,default,14,1,1,0.07142857142857142,0.07142857142857142,0
21634,3-Methyl-2-pentanone,default,14,3,3,0.21428571428571427,0.21428571428571427,0
21644,Octanedioic acid,default,14,2,2,0.14285714285714285,0.14285714285714285,0
21647,Alpha-Ketovaleric acid,default,14,2,2,0.14285714285714285,0.14285714285714285,0
21659,Propanedioic acid,default,14,2,2,0.14285714285714285,0.14285714285714285,0
21667,Tribromoacetaldehyde,estimated,14,10,4,0.7142857142857143,0.2857142857142857,6
21671,"2,2,2-Trichloroacetamide",default,14,3,3,0.21428571428571427,0.21428571428571427,0
21684,Tridecanoic acid,estimated,14,5,0,0.35714285714285715,0.0,5
21688,Undecanal,default,14,2,2,0.14285714285714285,0.14285714285714285,0
47880,3-Hydroxybenzophenone,default,14,5,5,0.35714285714285715,0.35714285714285715,0
38875,"2,2'-Dihydroxy-4,4'-dimethoxybenzophenone",estimated,14,8,3,0.5714285714285714,0.21428571428571427,5
47881,2-Hydroxy-5-methylbenzophenone,default,14,8,8,0.5714285714285714,0.5714285714285714,0
47883,Dodecylparaben,estimated,14,9,2,0.6428571428571429,0.14285714285714285,7
47884,1-Ethyl-3-methylimidazolium thiocyanate,default,14,1,1,0.07142857142857142,0.07142857142857142,0
47885,Nonylparaben,estimated,14,11,5,0.7857142857142857,0.35714285714285715,6
47886,"4′-Hydroxy-2,4-dimethoxybenzophenone",default,14,6,6,0.42857142857142855,0.42857142857142855,0
22425,"4,4'-Dihydoxybenzophenone",default,14,5,5,0.35714285714285715,0.35714285714285715,0
47887,Pentylparaben,estimated,14,10,3,0.7142857142857143,0.21428571428571427,7
47888,Triethylsulfonium bis(trifluoromethanesulfonyl)imide,default,14,3,3,0.21428571428571427,0.21428571428571427,0
22485,"Bis(4-hydroxyphenyl)-2,2-dichloroethylene",estimated,14,9,6,0.6428571428571429,0.42857142857142855,3
47893,"4,4'-Octahydro-1H-4,7-methanoindene-5,5-diyldiphenol",estimated,14,11,6,0.7857142857142857,0.42857142857142855,5
47894,Benzophenone 7,estimated,14,7,1,0.5,0.07142857142857142,6
26091,"1,2-Difluoro-1,1,2,2-tetrachloroethane",default,14,1,1,0.07142857142857142,0.07142857142857142,0
25649,2-Methylphenanthrene,default,14,3,3,0.21428571428571427,0.21428571428571427,0
25345,Furfural acetone,default,14,2,2,0.14285714285714285,0.14285714285714285,0
25503,Linalyl anthranilate,default,14,1,1,0.07142857142857142,0.07142857142857142,0
25830,Pentabromoethane,estimated,14,8,1,0.5714285714285714,0.07142857142857142,7
25745,4-Nitrobenzyl chloride,default,14,5,5,0.35714285714285715,0.35714285714285715,0
26125,Tetramethylsuccinonitrile,default,14,1,1,0.07142857142857142,0.07142857142857142,0
24831,Chromium picolinate,default,14,1,1,0.07142857142857142,0.07142857142857142,0
47899,Triisobutylmethylphosphonium tosylate,default,14,2,2,0.14285714285714285,0.14285714285714285,0
47900,Tetraoctylphosphonium bromide,estimated,14,12,8,0.8571428571428571,0.5714285714285714,4
41180,1-Ethyl-3-methylimidazolium chloride,default,14,1,1,0.07142857142857142,0.07142857142857142,0
47901,Ethylammonium nitrate,default,14,1,1,0.07142857142857142,0.07142857142857142,0
47902,2-Hydroxyethylammonium formate,default,14,1,1,0.07142857142857142,0.07142857142857142,0
47903,Dimethylammonium nitrate,default,14,2,2,0.14285714285714285,0.14285714285714285,0
47904,Methyltrioctylammonium trifluoromethanesulfonate,estimated,14,11,7,0.7857142857142857,0.5,4
47905,Tributylmethylammonium bis(trifluoromethylsulfonyl)imide,default,14,6,6,0.42857142857142855,0.42857142857142855,0
47906,"1-Butyl-2,3-dimethylimidazolium chloride",default,14,4,4,0.2857142857142857,0.2857142857142857,0
47907,"1-Butyl-2,3-dimethylimidazolium hexafluorophosphate",default,14,4,4,0.2857142857142857,0.2857142857142857,0
47908,"1-Butyl-2,3-dimethylimidazolium iodide",default,14,5,5,0.35714285714285715,0.35714285714285715,0
47909,"1-Butyl-2,3-dimethylimidazolium tetrafluoroborate",default,14,4,4,0.2857142857142857,0.2857142857142857,0
47910,1-Butyl-3-methylimidazolium dicyanamide,default,14,2,2,0.14285714285714285,0.14285714285714285,0
47911,1-Butyl-3-methylimidazolium hexafluorophosphate,default,14,3,3,0.21428571428571427,0.21428571428571427,0
47912,1-Butyl-3-methylimidazolium methanesulfonate,default,14,4,4,0.2857142857142857,0.2857142857142857,0
47915,1-Decyl-3-methylimidazolium tetrafluoroborate,estimated,14,9,6,0.6428571428571429,0.42857142857142855,3
47916,1-Decyl-3-methylimidazolium trifluoromethanesulfonate,estimated,14,9,4,0.6428571428571429,0.2857142857142857,5
47917,1-Dodecyl-3-methylimidazolium bis(trifluoromethylsulfonyl)imide,estimated,14,12,7,0.8571428571428571,0.5,5
47918,1-Dodecyl-3-methylimidazolium chloride,estimated,14,12,7,0.8571428571428571,0.5,5
47919,1-Dodecyl-3-methylimidazolium hexafluorophosphate,estimated,14,12,8,0.8571428571428571,0.5714285714285714,4
47920,Butyltrimethylammonium bis(trifluoromethylsulfonyl)imide,estimated,14,5,0,0.35714285714285715,0.0,5
47921,1-Ethyl-3-methylimidazolium hexafluorophosphate,estimated,14,3,1,0.21428571428571427,0.07142857142857142,2
47922,Choline bis(trifluoromethylsulfonyl)imde,estimated,14,3,0,0.21428571428571427,0.0,3
47923,1-Hexadecyl-3-methylimidazolium chloride,estimated,14,12,5,0.8571428571428571,0.35714285714285715,7
47924,Methylammonium nitrate,default,14,1,1,0.07142857142857142,0.07142857142857142,0
47925,1-Hexyl-3-methylimidazolium bromide,estimated,14,6,1,0.42857142857142855,0.07142857142857142,5
47926,Methyltrioctylammonium bis(trifluoromethylsulfonyl)imide,estimated,14,10,8,0.7142857142857143,0.5714285714285714,2
47927,Propylammonium nitrate,default,14,1,1,0.07142857142857142,0.07142857142857142,0
47928,1-Allyl-3-methylimidazolium chloride,default,14,1,1,0.07142857142857142,0.07142857142857142,0
47929,1-Benzyl-3-methylimidazolium chloride,estimated,14,6,1,0.42857142857142855,0.07142857142857142,5
47930,"1-Butyl-2,3-dimethylimidazolium bis(trifluoromethylsulfonyl)imide",default,14,4,4,0.2857142857142857,0.2857142857142857,0
47931,"1-Butyl-2,3-dimethylimidazolium bromide",default,14,5,5,0.35714285714285715,0.35714285714285715,0
47932,1-Butylpyridinium hexafluorophosphate,default,14,1,1,0.07142857142857142,0.07142857142857142,0
47933,1-Butylpyridinium bromide,default,14,2,2,0.14285714285714285,0.14285714285714285,0
47934,1-Hexylpyridinium bromide,estimated,14,6,3,0.42857142857142855,0.21428571428571427,3
47935,1-Hexylpyridinium chloride,estimated,14,6,1,0.42857142857142855,0.07142857142857142,5
47936,1-Hexylpyridinium hexafluorophosphate,estimated,14,7,0,0.5,0.0,7
47937,1-Butyl-1-methylpyrrolidinium hexafluorophosphate,default,14,1,1,0.07142857142857142,0.07142857142857142,0
47938,1-Butyl-1-methylpyrrolidinium iodide,estimated,14,1,0,0.07142857142857142,0.0,1
47939,1-Butyl-1-methylpyrrolidinium dicyanamide,default,14,2,2,0.14285714285714285,0.14285714285714285,0
26124,"N,N,N',N'-Tetramethyl-p-phenylenediamine",estimated,14,8,3,0.5714285714285714,0.21428571428571427,5
21874,1-Bromopropane,default,14,1,1,0.07142857142857142,0.07142857142857142,0
25751,2-Nitroethanol,default,14,2,2,0.14285714285714285,0.14285714285714285,0
26208,"2,3,5-Trichlorophenol",estimated,14,8,3,0.5714285714285714,0.21428571428571427,5
47940,1-Ethyl-1-methylpyrrolidinium bis(trifluoromethylsulfonyl)imide,default,14,2,2,0.14285714285714285,0.14285714285714285,0
47941,1-Ethyl-1-methylpyrrolidinium iodide,estimated,14,4,2,0.2857142857142857,0.14285714285714285,2
26441,"2,2-Dimethoxypropane",default,14,1,1,0.07142857142857142,0.07142857142857142,0
27037,Sulfolane,default,14,1,1,0.07142857142857142,0.07142857142857142,0
47942,1-Methyl-1-propylpyrrolidinium bis(trifluoromethylsulfonyl)imide,default,14,3,3,0.21428571428571427,0.21428571428571427,0
20211,"2,6-Di-tert-butyl-4-(hydroxymethyl)phenol",estimated,14,8,3,0.5714285714285714,0.21428571428571427,5
20861,4-Methylcatechol,estimated,14,8,4,0.5714285714285714,0.2857142857142857,4
21499,2-Bromobutane,default,14,1,1,0.07142857142857142,0.07142857142857142,0
25330,2-Fluorobenzoyl chloride,default,14,3,3,0.21428571428571427,0.21428571428571427,0
33519,Fumaryl chloride,default,14,3,3,0.21428571428571427,0.21428571428571427,0
24481,2-Amino-6-ethoxybenzothiazole,default,14,7,7,0.5,0.5,0
21615,Methanesulfonyl chloride,default,14,1,1,0.07142857142857142,0.07142857142857142,0
26472,Chloroacetyl chloride,default,14,3,3,0.21428571428571427,0.21428571428571427,0
27529,"2,2-Dimethylpropanoyl chloride",default,14,2,2,0.14285714285714285,0.14285714285714285,0
20231,"3,4-Dihydroxycinnamic acid",default,14,3,3,0.21428571428571427,0.21428571428571427,0
20893,Mexacarbate,default,14,7,7,0.5,0.5,0
21545,2-Chloropropanoic acid,default,14,1,1,0.07142857142857142,0.07142857142857142,0
20865,"4,4'-Methylenebis(2-chloroaniline)",estimated,14,8,2,0.5714285714285714,0.14285714285714285,6
25804,1-Octene,default,14,2,2,0.14285714285714285,0.14285714285714285,0
20053,3-Amino-4-ethoxyacetanilide,estimated,14,5,1,0.35714285714285715,0.07142857142857142,4
25967,1-tert-Butoxy-2-propanol,default,14,1,1,0.07142857142857142,0.07142857142857142,0
21495,Bromoacetic acid,default,14,1,1,0.07142857142857142,0.07142857142857142,0
21283,Strobane,estimated,14,11,7,0.7857142857142857,0.5,4
21749,Tetramethylammonium chloride,default,14,1,1,0.07142857142857142,0.07142857142857142,0
27116,Chloro(methyl)diphenylsilane,estimated,14,7,2,0.5,0.14285714285714285,5
27565,Methylsilanetriyl triacetate,default,14,2,2,0.14285714285714285,0.14285714285714285,0
29236,Tridecyl methacrylate,default,14,2,2,0.14285714285714285,0.14285714285714285,0
20933,Nicotinic acid hydrazide,default,14,4,4,0.2857142857142857,0.2857142857142857,0
20470,Diglycidyl resorcinol ether,estimated,14,8,4,0.5714285714285714,0.2857142857142857,4
26202,"2,3,4-Trichloronitrobenzene",estimated,14,4,2,0.2857142857142857,0.14285714285714285,2
22415,"1,6-Dimethylnaphthalene",default,14,1,1,0.07142857142857142,0.07142857142857142,0
26089,"1,2,3,5-Tetrachlorobenzene",default,14,1,1,0.07142857142857142,0.07142857142857142,0
25112,"2,3-Dimethylbutane",default,14,1,1,0.07142857142857142,0.07142857142857142,0
25005,"3,4-Dichlorophenol",default,14,7,7,0.5,0.5,0
20684,"alpha-1,2,3,4,5,6-Hexachlorocyclohexane",estimated,14,9,2,0.6428571428571429,0.14285714285714285,7
21820,3-Pentanone,default,14,1,1,0.07142857142857142,0.07142857142857142,0
26528,2-Amino-5-chloro-4-methylbenzenesulfonic acid,default,14,1,1,0.07142857142857142,0.07142857142857142,0
27143,3-(Trifluoromethyl)phenyl isocyanate,estimated,14,6,1,0.42857142857142855,0.07142857142857142,5
20330,Cinnamyl anthranilate,estimated,14,10,2,0.7142857142857143,0.14285714285714285,8
20985,8-Nitroquinoline,default,14,3,3,0.21428571428571427,0.21428571428571427,0
24597,Benzyl phenylacetate,default,14,3,3,0.21428571428571427,0.21428571428571427,0
25409,Hydrastine,estimated,14,4,1,0.2857142857142857,0.07142857142857142,3
26204,"2,4,6-Trichloronitrobenzene",estimated,14,2,0,0.14285714285714285,0.0,2
32869,"1-Nitro-2,4-difluorobenzene",default,14,2,2,0.14285714285714285,0.14285714285714285,0
22371,Testosterone,estimated,14,5,3,0.35714285714285715,0.21428571428571427,2
34091,Valeryl chloride,default,14,2,2,0.14285714285714285,0.14285714285714285,0
31532,Lime oil,default,14,1,1,0.07142857142857142,0.07142857142857142,0
24488,2-Amino-4-methylphenol,estimated,14,8,6,0.5714285714285714,0.42857142857142855,2
20745,"2-Amino-3-methyl-3H-imidazo[4,5-f]quinoline",estimated,14,5,1,0.35714285714285715,0.07142857142857142,4
47943,1-Methyl-3-octylimidazolium tetrafluoroborate,estimated,14,7,3,0.5,0.21428571428571427,4
27163,N-Methylmethanamine hydrochloride,default,14,1,1,0.07142857142857142,0.07142857142857142,0
47944,Trihexyltetradecylphosphonium chloride,estimated,14,12,8,0.8571428571428571,0.5714285714285714,4
20367,l-Cysteine hydrochloride,default,14,3,3,0.21428571428571427,0.21428571428571427,0
47945,Tetrabutylphosphonium bromide,estimated,14,5,2,0.35714285714285715,0.14285714285714285,3
24953,2-N-Dibutylaminoethanol,default,14,1,1,0.07142857142857142,0.07142857142857142,0
26205,"3,4,5-Trichloronitrobenzene",estimated,14,5,0,0.35714285714285715,0.0,5
25716,Ninhydrin,estimated,14,9,3,0.6428571428571429,0.21428571428571427,6
24497,3-Aminophenol,default,14,4,4,0.2857142857142857,0.2857142857142857,0
47946,1-Methyl-3-octylimidazolium trifluoromethanesulfonate,estimated,14,10,3,0.7142857142857143,0.21428571428571427,7
21817,"2,3-Dibromopropanol",default,14,1,1,0.07142857142857142,0.07142857142857142,0
26606,"1,3-Di-o-tolylguanidine",default,14,2,2,0.14285714285714285,0.14285714285714285,0
27178,"1,1-Dimethoxyethane",default,14,1,1,0.07142857142857142,0.07142857142857142,0
27658,1-Octanesulfonyl chloride,default,14,2,2,0.14285714285714285,0.14285714285714285,0
20400,"4,4'-Diaminobenzanilide",default,14,5,5,0.35714285714285715,0.35714285714285715,0
47947,1-Methyl-3-propylimidazolium bis(trifluoromethylsulfonyl)imide,default,14,2,2,0.14285714285714285,0.14285714285714285,0
47948,1-Hexyl-3-methylimidazolium chloride,estimated,14,5,1,0.35714285714285715,0.07142857142857142,4
25749,2-Nitrodiphenylamine,default,14,3,3,0.21428571428571427,0.21428571428571427,0
25534,Menthofuran,default,14,2,2,0.14285714285714285,0.14285714285714285,0
25076,"1,8-Dihydroxy-4,5-dinitroanthraquinone",estimated,14,11,7,0.7857142857142857,0.5,4
20946,5-Nitro-2-furanmethanediol diacetate,estimated,14,10,4,0.7142857142857143,0.2857142857142857,6
22131,Diphenyl disulfide,estimated,14,7,1,0.5,0.07142857142857142,6
26655,1-Ethoxy-4-nitrobenzene,estimated,14,9,5,0.6428571428571429,0.35714285714285715,4
27201,Methyl propanoate,default,14,2,2,0.14285714285714285,0.14285714285714285,0
27790,"2-(Chloromethyl)-1H-isoindole-1,3(2H)-dione",default,14,2,2,0.14285714285714285,0.14285714285714285,0
29312,6-Hydroxy-2-naphthoic acid,default,14,1,1,0.07142857142857142,0.07142857142857142,0
20459,"N,N-Diethylacetamide",default,14,1,1,0.07142857142857142,0.07142857142857142,0
21139,"1,3-Benzenediamine dihydrochloride",default,14,6,6,0.42857142857142855,0.42857142857142855,0
47949,1-Hexyl-3-methylimidazolium hexafluorophosphate,estimated,14,6,0,0.42857142857142855,0.0,6
25298,2-Ethylhexylamine,default,14,3,3,0.21428571428571427,0.21428571428571427,0
25722,3-Nitroacetophenone,default,14,3,3,0.21428571428571427,0.21428571428571427,0
33754,N-Isopropylacrylamide,default,14,3,3,0.21428571428571427,0.21428571428571427,0
24970,"2,6-Dichlorobenzaldehyde",default,14,2,2,0.14285714285714285,0.14285714285714285,0
25558,4-Methoxy-3-nitro-N-phenylbenzamide,estimated,14,7,1,0.5,0.07142857142857142,6
21036,N-Nitroso-N-methylethylamine,default,14,1,1,0.07142857142857142,0.07142857142857142,0
26702,"2,2'-[1,4-Phenylenebis(oxy)]diethanol",default,14,1,1,0.07142857142857142,0.07142857142857142,0
27239,"4-Methyl-2,6-dinitrophenol",estimated,14,7,1,0.5,0.07142857142857142,6
27829,"2,5,8,11-Tetraoxatridecan-13-ol",default,14,1,1,0.07142857142857142,0.07142857142857142,0
29602,"4,4'-Butane-1,1-diylbis(2-tert-butyl-5-methylphenol)",estimated,14,10,4,0.7142857142857143,0.2857142857142857,6
47950,Trihexyltetradecylphosphonium hexafluorophosphate,estimated,14,10,7,0.7142857142857143,0.5,3
24774,2-Chlorobenzotrifluoride,default,14,1,1,0.07142857142857142,0.07142857142857142,0
47951,1-Hexyl-3-methylimidazolium iodide,estimated,14,7,2,0.5,0.14285714285714285,5
26714,2-Methyl-1-pentanol,default,14,3,3,0.21428571428571427,0.21428571428571427,0
24455,4-Aminoacetanilide,default,14,3,3,0.21428571428571427,0.21428571428571427,0
24977,"2,4-Dichlorobenzoic acid",default,14,1,1,0.07142857142857142,0.07142857142857142,0
20491,C.I. Solvent Yellow 2,estimated,14,8,5,0.5714285714285714,0.35714285714285715,3
25746,"2-Nitro-1,1'-biphenyl",default,14,2,2,0.14285714285714285,0.14285714285714285,0
21387,"2-(2,4,5-Trichlorophenoxy)propionic acid",default,14,4,4,0.2857142857142857,0.2857142857142857,0
26713,2-(Diethylamino)ethyl methacrylate,default,14,1,1,0.07142857142857142,0.07142857142857142,0
27253,(2E)-2-Butenedioic acid diethyl ester,default,14,2,2,0.14285714285714285,0.14285714285714285,0
20546,Dithiooxamide,default,14,6,6,0.42857142857142855,0.42857142857142855,0
47952,1-Methyl-3-octylimidazolium hexafluorophosphate,estimated,14,10,3,0.7142857142857143,0.21428571428571427,7
25041,Diethyl carbonate,default,14,2,2,0.14285714285714285,0.14285714285714285,0
25628,2-Methyl-3-nitroaniline,default,14,2,2,0.14285714285714285,0.14285714285714285,0
25004,"2,6-Dichlorophenol",default,14,1,1,0.07142857142857142,0.07142857142857142,0
25136,"1,3-Dimethyl-5-nitrobenzene",default,14,1,1,0.07142857142857142,0.07142857142857142,0
24965,Dichloroacetyl chloride,default,14,1,1,0.07142857142857142,0.07142857142857142,0
26724,Dibutyl maleate,default,14,5,5,0.35714285714285715,0.35714285714285715,0
27291,Tetramethyl orthosilicate,default,14,3,3,0.21428571428571427,0.21428571428571427,0
29665,2-Phenoxy-1-propanol,default,14,1,1,0.07142857142857142,0.07142857142857142,0
20602,Ethylene urea,default,14,2,2,0.14285714285714285,0.14285714285714285,0
20326,Chromic oxide pigment,default,14,1,1,0.07142857142857142,0.07142857142857142,0
25053,2-Ethyl-N-(2-ethylhexyl)-1-hexanamine,default,14,1,1,0.07142857142857142,0.07142857142857142,0
25593,"N'-Methyl-N,N-diphenylurea",default,14,4,4,0.2857142857142857,0.2857142857142857,0
25494,Dodecyl glycidyl ether,default,14,3,3,0.21428571428571427,0.21428571428571427,0
25156,"N,N'-Dimethylurea",default,14,1,1,0.07142857142857142,0.07142857142857142,0
26766,"2,4,4-Trimethyl-2-pentene",default,14,1,1,0.07142857142857142,0.07142857142857142,0
27405,"(2Z)-1,4-Dichlorobut-2-ene",estimated,14,2,0,0.14285714285714285,0.0,2
28008,Cyanox CY 1790,estimated,14,7,1,0.5,0.07142857142857142,6
29690,Potassium persulfate,default,14,1,1,0.07142857142857142,0.07142857142857142,0
24442,Allyl bromide,default,14,1,1,0.07142857142857142,0.07142857142857142,0
21810,2-Chloroaniline,default,14,1,1,0.07142857142857142,0.07142857142857142,0
24787,5-Chloro-2-methyl-1H-benzimidazole,default,14,4,4,0.2857142857142857,0.2857142857142857,0
25422,alpha-Hydroxybenzeneacetonitrile,default,14,2,2,0.14285714285714285,0.14285714285714285,0
25733,2-Nitrobenzamide,default,14,1,1,0.07142857142857142,0.07142857142857142,0
30384,4-Chloro-2-nitroaniline,default,14,4,4,0.2857142857142857,0.2857142857142857,0
47953,Trihexyltetradecylphosphonium bromide,estimated,14,12,8,0.8571428571428571,0.5714285714285714,4
25308,Ethyl methacrylate,default,14,1,1,0.07142857142857142,0.07142857142857142,0
26824,1-Butanethiol,default,14,1,1,0.07142857142857142,0.07142857142857142,0
27352,1-Chlorodecane,default,14,1,1,0.07142857142857142,0.07142857142857142,0
28842,Sodium polyphosphate,default,14,1,1,0.07142857142857142,0.07142857142857142,0
29710,Phosphoric trichloride,default,14,1,1,0.07142857142857142,0.07142857142857142,0
21431,Vinyl acetate,default,14,1,1,0.07142857142857142,0.07142857142857142,0
33276,Butyl dipropasol solvent,default,14,1,1,0.07142857142857142,0.07142857142857142,0
24529,3-Methoxyaniline,default,14,4,4,0.2857142857142857,0.2857142857142857,0
25744,2-Nitrobenzyl chloride,estimated,14,7,0,0.5,0.0,7
24791,1-Chloronaphthalene,default,14,3,3,0.21428571428571427,0.21428571428571427,0
47954,Diethylmethylsulfonium bis(trifluoromethylsulfonyl)imide,default,14,4,4,0.2857142857142857,0.2857142857142857,0
27394,Naphthenic acids,default,14,6,6,0.42857142857142855,0.42857142857142855,0
29122,Benzoic anhydride,default,14,1,1,0.07142857142857142,0.07142857142857142,0
39227,2-Acetylaminofluorene,default,14,9,9,0.6428571428571429,0.6428571428571429,0
21366,p-Tolylurea,default,14,1,1,0.07142857142857142,0.07142857142857142,0
24800,3-Chlorophenol,default,14,1,1,0.07142857142857142,0.07142857142857142,0
25391,"(2E,4E)-2,4-Hexadienal",default,14,3,3,0.21428571428571427,0.21428571428571427,0
25641,3-Methyl-4-nitrobenzoic acid,default,14,1,1,0.07142857142857142,0.07142857142857142,0
25304,3-((2-Ethylhexyl)oxy)propylamine,estimated,14,7,1,0.5,0.07142857142857142,6
25743,3-Nitrobenzyl chloride,default,14,3,3,0.21428571428571427,0.21428571428571427,0
31209,tert-Butyl hydroperoxide (70% Solution in Water),default,14,2,2,0.14285714285714285,0.14285714285714285,0
20878,2-Methylnaphthalene,default,14,2,2,0.14285714285714285,0.14285714285714285,0
20173,bis(Chloromethyl) ether,default,14,2,2,0.14285714285714285,0.14285714285714285,0
47955,1-Methyl-3-octylimidazolium bis(trifluoromethylsulfonyl)imide,estimated,14,10,4,0.7142857142857143,0.2857142857142857,6
27418,2-Methyleneglutaronitrile,default,14,2,2,0.14285714285714285,0.14285714285714285,0
29150,"2-Amino-2-ethyl-1,3-propanediol",default,14,1,1,0.07142857142857142,0.07142857142857142,0
39238,2-Amino-4-(p-nitrophenyl)thiazole,default,14,5,5,0.35714285714285715,0.35714285714285715,0
21410,Triprolidine hydrochloride monohydrate,estimated,14,7,3,0.5,0.21428571428571427,4
24637,Bromobenzene,default,14,1,1,0.07142857142857142,0.07142857142857142,0
24997,"2,3-Dichloronitrobenzene",default,14,2,2,0.14285714285714285,0.14285714285714285,0
25640,3-Methyl-2-nitrobenzoic acid,default,14,1,1,0.07142857142857142,0.07142857142857142,0
26167,3-Methylbenzonitrile,default,14,2,2,0.14285714285714285,0.14285714285714285,0
31497,Isopropyl methanesulfonate,default,14,1,1,0.07142857142857142,0.07142857142857142,0
24303,Selenourea,default,14,3,3,0.21428571428571427,0.21428571428571427,0
26219,Triethanolamine stearate,estimated,14,7,4,0.5,0.2857142857142857,3
26954,N-(Hydroxymethyl)phthalimide,default,14,2,2,0.14285714285714285,0.14285714285714285,0
27449,Decanenitrile,default,14,1,1,0.07142857142857142,0.07142857142857142,0
29169,Methyl ricinoleate,default,14,1,1,0.07142857142857142,0.07142857142857142,0
21461,Zinc(II) acetate dihydrate,default,14,1,1,0.07142857142857142,0.07142857142857142,0
24866,Crystal Violet lactone,estimated,14,6,1,0.42857142857142855,0.07142857142857142,5
33803,2-Amino-1-(4-hydroxyphenyl)ethanol hydrochloride,default,14,1,1,0.07142857142857142,0.07142857142857142,0
25240,"1,2-Epoxy-3-butene",default,14,1,1,0.07142857142857142,0.07142857142857142,0
24064,Dinex,estimated,14,9,6,0.6428571428571429,0.42857142857142855,3
26984,2-Chloro-1-methyl-4-nitrobenzene,default,14,1,1,0.07142857142857142,0.07142857142857142,0
29195,3-Methylpiperidine,estimated,14,6,2,0.42857142857142855,0.14285714285714285,4
20149,Benzoyl hydrazine,default,14,5,5,0.35714285714285715,0.35714285714285715,0
20835,Methyl carbazate,default,14,1,1,0.07142857142857142,0.07142857142857142,0
24454,3-Aminoacetanilide,default,14,5,5,0.35714285714285715,0.35714285714285715,0
25078,"5,7-Dihydroxy-4-methylcoumarin",estimated,14,8,4,0.5714285714285714,0.2857142857142857,4
24412,N-Acetyl-m-toluidine,estimated,14,2,0,0.14285714285714285,0.0,2
25058,"N,N-Diethyl-4-aminoaniline",estimated,14,10,6,0.7142857142857143,0.42857142857142855,4
29127,Ethyl lactate,default,14,1,1,0.07142857142857142,0.07142857142857142,0
25114,6PPD,estimated,14,10,5,0.7142857142857143,0.35714285714285715,5
21619,3-Methylbutanal,default,14,1,1,0.07142857142857142,0.07142857142857142,0
47956,"2,3,4,4'-Tetrahydroxybenzophenone",estimated,14,7,0,0.5,0.0,7
26097,"2,3,4,5-Tetrachloronitrobenzene",estimated,14,7,4,0.5,0.2857142857142857,3
24642,Bromochloroacetic acid,default,14,3,3,0.21428571428571427,0.21428571428571427,0
26572,N-tert-Butyl-2-benzothiazolesulfenamide,default,14,7,7,0.5,0.5,0
20707,2-Hydrazino-4-phenylthiazole,estimated,14,10,8,0.7142857142857143,0.5714285714285714,2
21637,Dibromonitromethane,estimated,14,6,1,0.42857142857142855,0.07142857142857142,5
24509,2-Amino-4-thiazoleacetic acid,default,14,4,4,0.2857142857142857,0.2857142857142857,0
33674,Methysticin,default,14,4,4,0.2857142857142857,0.2857142857142857,0
27048,Sodium 3-nitrobenzenesulfonate,estimated,14,3,0,0.21428571428571427,0.0,3
25807,4-Octyloxybenzoic acid,estimated,14,8,4,0.5714285714285714,0.2857142857142857,4
25565,4-(Methylamino)phenol hemisulfate,estimated,14,10,7,0.7142857142857143,0.5,3
33595,(+)-Kavain,default,14,3,3,0.21428571428571427,0.21428571428571427,0
25001,"2,3-Dichlorophenol",default,14,4,4,0.2857142857142857,0.2857142857142857,0
26101,"2,3,5,6-Tetrachlorophenol",estimated,14,8,6,0.5714285714285714,0.42857142857142855,2
27295,2-Chloroethyl ethyl sulfide,default,14,3,3,0.21428571428571427,0.21428571428571427,0
21668,Tribromoacetic acid,default,14,4,4,0.2857142857142857,0.2857142857142857,0
20753,Isomalt,default,14,1,1,0.07142857142857142,0.07142857142857142,0
21484,Phthalic acid,default,14,1,1,0.07142857142857142,0.07142857142857142,0
32878,"2,4-Pentanediol",default,14,1,1,0.07142857142857142,0.07142857142857142,0
21065,2-Nitrosotoluene,default,14,3,3,0.21428571428571427,0.21428571428571427,0
20463,Diethylformamide,default,14,1,1,0.07142857142857142,0.07142857142857142,0
24644,Bromodichloroacetic acid,default,14,1,1,0.07142857142857142,0.07142857142857142,0
20444,"2,4-D isooctyl ester",default,14,1,1,0.07142857142857142,0.07142857142857142,0
27146,Diethyl sulfide,estimated,14,5,1,0.35714285714285715,0.07142857142857142,4
33334,Cimicifugoside,default,14,5,5,0.35714285714285715,0.35714285714285715,0
25006,"3,5-Dichlorophenol",estimated,14,7,2,0.5,0.14285714285714285,5
24498,2-Aminophenol,estimated,14,8,7,0.5714285714285714,0.5,1
26961,4-Methyl-2-nitrophenol,default,14,2,2,0.14285714285714285,0.14285714285714285,0
24742,Castor oil,default,14,2,2,0.14285714285714285,0.14285714285714285,0
21633,2-Methylpentanoic acid,default,14,2,2,0.14285714285714285,0.14285714285714285,0
27966,Monosodium D-glucoheptonate,default,14,1,1,0.07142857142857142,0.07142857142857142,0
26203,"2,4,5-Trichloronitrobenzene",default,14,5,5,0.35714285714285715,0.35714285714285715,0
33649,Methyl cyanoacetate,default,14,2,2,0.14285714285714285,0.14285714285714285,0
25839,"2,4-Dichloro-1-(trichloromethyl)benzene",estimated,14,5,0,0.35714285714285715,0.0,5
24504,Luminol,default,14,2,2,0.14285714285714285,0.14285714285714285,0
29017,"1,2-Benzenedicarboxylic acid, di-C6-8-branched alkyl esters, C7-rich",default,14,2,2,0.14285714285714285,0.14285714285714285,0
33096,5-(Hydroxymethyl-2-furoyl)glycine,default,14,1,1,0.07142857142857142,0.07142857142857142,0
33469,Echinacoside,estimated,14,4,2,0.2857142857142857,0.14285714285714285,2
47959,"2,4-Dichloro-1-(trifluoromethyl)benzene",default,14,2,2,0.14285714285714285,0.14285714285714285,0
27167,Neophyl chloride,default,14,2,2,0.14285714285714285,0.14285714285714285,0
20244,Semicarbazide hydrochloride,default,14,1,1,0.07142857142857142,0.07142857142857142,0
32998,"3,3'-Dithiodipropionic acid",default,14,2,2,0.14285714285714285,0.14285714285714285,0
27452,"2,5-Dichloroanisole",default,14,2,2,0.14285714285714285,0.14285714285714285,0
25165,"1,5-Dinitronaphthalene",estimated,14,5,3,0.35714285714285715,0.21428571428571427,2
24589,Benzotrifluoride,default,14,1,1,0.07142857142857142,0.07142857142857142,0
27400,"1,1,1-Trimethoxyethane",default,14,1,1,0.07142857142857142,0.07142857142857142,0
24463,Orthanilic acid,default,14,1,1,0.07142857142857142,0.07142857142857142,0
21524,Chloroacetonitrile,default,14,3,3,0.21428571428571427,0.21428571428571427,0
27537,1-Methyl-3-phenoxybenzene,estimated,14,4,0,0.2857142857142857,0.0,4
30189,2-Biphenylamine,default,14,4,4,0.2857142857142857,0.2857142857142857,0
21924,Pyridine,default,14,1,1,0.07142857142857142,0.07142857142857142,0
25046,Diethylene glycol dibutyl ether,default,14,1,1,0.07142857142857142,0.07142857142857142,0
27338,"1,3-Dichloro-2-butene",default,14,2,2,0.14285714285714285,0.14285714285714285,0
24781,"4-Chloro-3,5-dinitrobenzotrifluoride",estimated,14,4,0,0.2857142857142857,0.0,4
29280,"6-Amino-1,3-dimethyl-5-nitrosouracil",default,14,3,3,0.21428571428571427,0.21428571428571427,0
24661,4-Bromotoluene,default,14,2,2,0.14285714285714285,0.14285714285714285,0
24947,"1,2-Dibromo-4-(1,2-dibromoethyl)cyclohexane",estimated,14,9,3,0.6428571428571429,0.21428571428571427,6
20533,"1,4-Dioxane",default,14,1,1,0.07142857142857142,0.07142857142857142,0
47960,"4,4'-Thiodiphenol",estimated,14,9,1,0.6428571428571429,0.07142857142857142,8
47961,4-Hydroxy-4'-chlorobenzophenone,estimated,14,8,1,0.5714285714285714,0.07142857142857142,7
25768,(2-Nitrophenyl)acetonitrile,default,14,2,2,0.14285714285714285,0.14285714285714285,0
27487,"O,O-Diethyl chlorothiophosphate",default,14,6,6,0.42857142857142855,0.42857142857142855,0
21486,"1,​2,​3-​Benzenetricarboxylic acid, hydrate (1:x)",default,14,1,1,0.07142857142857142,0.07142857142857142,0
21140,"1,2-Phenylenediamine dihydrochloride",estimated,14,12,7,0.8571428571428571,0.5,5
23971,2-Chloronaphthalene,estimated,14,2,0,0.14285714285714285,0.0,2
33701,"N,N,N',N'-Tetramethyl-1,6-hexanediamine",default,14,2,2,0.14285714285714285,0.14285714285714285,0
20023,Acrolein,default,14,2,2,0.14285714285714285,0.14285714285714285,0
20275,[4-(4-Chlorophenoxy)phenyl]amine,estimated,14,8,2,0.5714285714285714,0.14285714285714285,6
24608,Pentaerythrityl tetrabenzoate,estimated,14,8,2,0.5714285714285714,0.14285714285714285,6
27425,Methyl hydrogen terephthalate,default,14,1,1,0.07142857142857142,0.07142857142857142,0
24923,DAMN,default,14,6,6,0.42857142857142855,0.42857142857142855,0
25770,"4-Nitro-1,3-benzenediamine",estimated,14,3,0,0.21428571428571427,0.0,3
25538,6-Mercaptopurine monohydrate,estimated,14,7,1,0.5,0.07142857142857142,6
29263,Sodium 2-(methylamino)ethanesulfonate,default,14,1,1,0.07142857142857142,0.07142857142857142,0
25862,3-Ethoxyaniline,default,14,2,2,0.14285714285714285,0.14285714285714285,0
21988,"1-Chloro-2-propanol, technical grade (~75% 1-chloro-2-propanol; ~25% 2-chloro-1-propanol)",default,14,1,1,0.07142857142857142,0.07142857142857142,0
29604,"1,2-Benzenedicarbonitrile",default,14,1,1,0.07142857142857142,0.07142857142857142,0
25863,2-Ethoxyaniline,estimated,14,2,0,0.14285714285714285,0.0,2
20681,Heptylamine,default,14,2,2,0.14285714285714285,0.14285714285714285,0
25998,Retinal,estimated,14,11,6,0.7857142857142857,0.42857142857142855,5
27358,"Potassium 1,3-dioxo-1,3-dihydroisoindol-2-ide",default,14,1,1,0.07142857142857142,0.07142857142857142,0
25269,3-Ethylamino-4-methylphenol,default,14,6,6,0.42857142857142855,0.42857142857142855,0
47962,4-Benzylphenol,estimated,14,8,2,0.5714285714285714,0.14285714285714285,6
25307,Ethyl linolenate,estimated,14,7,0,0.5,0.0,7
21458,HC Yellow 4,estimated,14,2,0,0.14285714285714285,0.0,2
24507,5-Amino-3-sulfosalicylic acid,default,14,2,2,0.14285714285714285,0.14285714285714285,0
20550,Dopamine hydrochloride,estimated,14,6,5,0.42857142857142855,0.35714285714285715,1
25738,2-Nitrobenzoic acid,default,14,3,3,0.21428571428571427,0.21428571428571427,0
21341,"4,4'-Thiobis(6-tert-butyl-m-cresol)",estimated,14,11,5,0.7857142857142857,0.35714285714285715,6
47964,"1H-​Imidazolium, 3-​ethyl-​1-​methyl-​, salt with N-​cyanocyanamide (1:1)",default,14,1,1,0.07142857142857142,0.07142857142857142,0
26306,"2,5-Dimethylaniline",default,14,2,2,0.14285714285714285,0.14285714285714285,0
24462,3-Aminobenzenesulfonic acid,default,14,1,1,0.07142857142857142,0.07142857142857142,0
34042,Tetra-N-octylammonium bromide,estimated,14,11,8,0.7857142857142857,0.5714285714285714,3
27007,Propanoic anhydride,default,14,1,1,0.07142857142857142,0.07142857142857142,0
21690,Undecanoic acid,default,14,6,6,0.42857142857142855,0.42857142857142855,0
33433,Dihydrokavain,default,14,3,3,0.21428571428571427,0.21428571428571427,0
20200,2-Bromo-1-ethanol,default,14,3,3,0.21428571428571427,0.21428571428571427,0
22007,Butyl ether,default,14,2,2,0.14285714285714285,0.14285714285714285,0
24625,"1,2-Bis(phenylthio)ethane",default,14,3,3,0.21428571428571427,0.21428571428571427,0
47965,1-Ethyl-3-methylimidazolium trifluoromethanesulfonate,default,14,3,3,0.21428571428571427,0.21428571428571427,0
47966,"1,2-Benzenedicarboxylic acid, dinonyl ester",default,14,5,5,0.35714285714285715,0.35714285714285715,0
26220,"2,4,5-Triethoxyacetophenone",estimated,14,5,2,0.35714285714285715,0.14285714285714285,3
25245,"1,2-Epoxyhexadecane",default,14,1,1,0.07142857142857142,0.07142857142857142,0
24500,2-Amino-1-phenol-4-sulfonic acid,default,14,2,2,0.14285714285714285,0.14285714285714285,0
21660,Tetrachlorocyclopropene,default,14,1,1,0.07142857142857142,0.07142857142857142,0
24473,2-Amino-4-chlorophenol,estimated,14,8,3,0.5714285714285714,0.21428571428571427,5
25617,4-Methylimidazole,default,14,1,1,0.07142857142857142,0.07142857142857142,0
33402,Dibenzyl phosphate,default,14,4,4,0.2857142857142857,0.2857142857142857,0
28010,Sodium diethyl oxaloacetate,estimated,14,2,1,0.14285714285714285,0.07142857142857142,1
26715,Ethyl chloroacetate,default,14,1,1,0.07142857142857142,0.07142857142857142,0
33332,L-Cichoric acid,estimated,14,5,2,0.35714285714285715,0.14285714285714285,3
42514,Xylitol,default,14,2,2,0.14285714285714285,0.14285714285714285,0
21672,Trichloroacetonitrile,default,14,2,2,0.14285714285714285,0.14285714285714285,0
26661,3-Cyclohexene-1-carboxaldehyde,default,14,1,1,0.07142857142857142,0.07142857142857142,0
23786,Methyl isocyanate,default,14,2,2,0.14285714285714285,0.14285714285714285,0
47967,1-Ethyl-3-methylimidazolium bis(trifluoromethanesulfonyl)imide,default,14,4,4,0.2857142857142857,0.2857142857142857,0
29315,"4-(Butan-2-yl)-2,6-di-tert-butylphenol",estimated,14,8,4,0.5714285714285714,0.2857142857142857,4
21379,"2,4,6-Trichloroaniline",estimated,14,4,0,0.2857142857142857,0.0,4
27595,Sodium 1-octanesulfonate,default,14,1,1,0.07142857142857142,0.07142857142857142,0
23932,Bromoxynil octanoate,estimated,14,8,0,0.5714285714285714,0.0,8
25642,3-Nitro-p-toluic acid,default,14,1,1,0.07142857142857142,0.07142857142857142,0
34070,Trichloroacetyl chloride,default,14,1,1,0.07142857142857142,0.07142857142857142,0
27158,Benzyl chloroformate,default,14,1,1,0.07142857142857142,0.07142857142857142,0
26422,Methanesulfonic acid,default,14,1,1,0.07142857142857142,0.07142857142857142,0
26600,"1,3-Dioxolan-2-one",default,14,1,1,0.07142857142857142,0.07142857142857142,0
25997,13-cis-Retinal,estimated,14,10,6,0.7142857142857143,0.42857142857142855,4
25070,"1,2-Dihydro-2,2,4-trimethylquinoline",default,14,3,3,0.21428571428571427,0.21428571428571427,0
24478,"2-Amino-5,6-dimethylbenzothiazole",default,14,6,6,0.42857142857142855,0.42857142857142855,0
24580,Benzoin acetate,default,14,5,5,0.35714285714285715,0.35714285714285715,0
26710,1-Methoxy-4-methylbenzene,default,14,1,1,0.07142857142857142,0.07142857142857142,0
33098,5-(Hydroxymethyl)-2-furoic acid,default,14,1,1,0.07142857142857142,0.07142857142857142,0
47968,1-Butyl-1-methylpyrrolidinium bis(trifluoromethanesulfonyl)imide,default,14,4,4,0.2857142857142857,0.2857142857142857,0
47969,Trolamine salicylate,default,14,3,3,0.21428571428571427,0.21428571428571427,0
25449,1-Iodo-3-nitrobenzene,default,14,3,3,0.21428571428571427,0.21428571428571427,0
26729,Butanoic anhydride,default,14,1,1,0.07142857142857142,0.07142857142857142,0
25045,Diethylene glycol diacrylate,estimated,14,8,5,0.5714285714285714,0.35714285714285715,3
21576,"1,1-Dichloropropanone",default,14,1,1,0.07142857142857142,0.07142857142857142,0
21618,4-Methylbenzoic acid,estimated,14,1,0,0.07142857142857142,0.0,1
25740,3-Nitrobenzoyl chloride,default,14,1,1,0.07142857142857142,0.07142857142857142,0
27328,Sodium hydroxymethanesulfonate,default,14,1,1,0.07142857142857142,0.07142857142857142,0
25276,N-Ethyl-N-butylamine,default,14,1,1,0.07142857142857142,0.07142857142857142,0
21584,Phorone,default,14,1,1,0.07142857142857142,0.07142857142857142,0
26000,Rhein,default,14,7,7,0.5,0.5,0
24942,"(2E)-2,3-Dibromo-2-butene-1,4-diol",default,14,1,1,0.07142857142857142,0.07142857142857142,0
25312,N-Ethylmorpholine,default,14,3,3,0.21428571428571427,0.21428571428571427,0
47971,1-Butyl-3-methylimidazolium hydrogensulfate,default,14,3,3,0.21428571428571427,0.21428571428571427,0
47972,Trehalose dihydrate,default,14,2,2,0.14285714285714285,0.14285714285714285,0
21741,1-Pentanol,default,14,1,1,0.07142857142857142,0.07142857142857142,0
20901,Chloroacetic acid,default,14,2,2,0.14285714285714285,0.14285714285714285,0
24858,"m,p-Cresol mixture",default,14,1,1,0.07142857142857142,0.07142857142857142,0
29652,tert-Butyl acrylate,default,14,1,1,0.07142857142857142,0.07142857142857142,0
21398,"2,4,5-Trimethylaniline",default,14,1,1,0.07142857142857142,0.07142857142857142,0
21608,3-Hexanone,default,14,2,2,0.14285714285714285,0.14285714285714285,0
32759,"1,4,5-Trihydroxynaphthalene",default,14,4,4,0.2857142857142857,0.2857142857142857,0
29211,"2,6-Naphthalenedicarboxylic acid",default,14,1,1,0.07142857142857142,0.07142857142857142,0
25404,4-Hexyl-4'-cyanobiphenyl,default,14,5,5,0.35714285714285715,0.35714285714285715,0
27228,4-Pentenenitrile,default,14,1,1,0.07142857142857142,0.07142857142857142,0
26444,"2-(Hydroxymethyl)-2-methyl-1,3-propanediol",default,14,1,1,0.07142857142857142,0.07142857142857142,0
24370,"2,2,4-Trimethylpentane",default,14,2,2,0.14285714285714285,0.14285714285714285,0
21129,"Isothiocyanic acid, phenyl ester",default,14,4,4,0.2857142857142857,0.2857142857142857,0
24441,Allyl anthranilate,default,14,3,3,0.21428571428571427,0.21428571428571427,0
33673,Methyl thioglycolate,default,14,8,8,0.5714285714285714,0.5714285714285714,0
26325,4'-Methoxyacetanilide,default,14,1,1,0.07142857142857142,0.07142857142857142,0
21772,"1,8-Diamino-p-menthane",default,14,2,2,0.14285714285714285,0.14285714285714285,0
21879,Propionitrile,default,14,1,1,0.07142857142857142,0.07142857142857142,0
24853,"Creosote, wood",default,14,2,2,0.14285714285714285,0.14285714285714285,0
30604,(RS)-Abscisic acid,default,14,1,1,0.07142857142857142,0.07142857142857142,0
33493,Ethyl-2-methyl acetoacetate,default,14,1,1,0.07142857142857142,0.07142857142857142,0
29670,Bis(4-amino-3-methylcyclohexyl)methane,estimated,14,5,3,0.35714285714285715,0.21428571428571427,2
21104,Pentachloroethane,default,14,1,1,0.07142857142857142,0.07142857142857142,0
25167,"8-Hydroxy-5,7-dinitro-2-naphthalenesulfonic acid",estimated,14,3,0,0.21428571428571427,0.0,3
24246,Pentabromodiphenyl ether,estimated,14,7,4,0.5,0.2857142857142857,3
29250,Vinylnorbornene,default,14,1,1,0.07142857142857142,0.07142857142857142,0
25483,Isopropyl phenylacetate,default,14,1,1,0.07142857142857142,0.07142857142857142,0
25657,7-Methylquinoline,default,14,1,1,0.07142857142857142,0.07142857142857142,0
20083,Ampicillin trihydrate,default,14,1,1,0.07142857142857142,0.07142857142857142,0
21631,5-Methyl-3-isoxazolamine,default,14,2,2,0.14285714285714285,0.14285714285714285,0
25342,Fumaronitrile,estimated,14,8,2,0.5714285714285714,0.14285714285714285,6
24880,Cyclohexene oxide,default,14,2,2,0.14285714285714285,0.14285714285714285,0
24521,tert-Amyl methyl ether,default,14,2,2,0.14285714285714285,0.14285714285714285,0
27227,"1,4-Hexadiene",default,14,1,1,0.07142857142857142,0.07142857142857142,0
24108,Flurprimidol,default,14,5,5,0.35714285714285715,0.35714285714285715,0
25113,"1,3-Dimethylbutylamine",default,14,1,1,0.07142857142857142,0.07142857142857142,0
33382,Daunomycin hydrochloride,estimated,14,10,8,0.7142857142857143,0.5714285714285714,2
29691,Diammonium peroxydisulfate,default,14,1,1,0.07142857142857142,0.07142857142857142,0
24554,"4,4'-Dimethoxyazoxybenzene",default,14,6,6,0.42857142857142855,0.42857142857142855,0
29186,Acetoguanamine,default,14,2,2,0.14285714285714285,0.14285714285714285,0
22404,"2,2'-Dihydroxybenzophenone",estimated,14,5,2,0.35714285714285715,0.14285714285714285,3
25481,Isopropyl mercaptan,default,14,1,1,0.07142857142857142,0.07142857142857142,0
21598,Heptanedioic acid,default,14,1,1,0.07142857142857142,0.07142857142857142,0
20213,N-Butyl-N'-nitro-N-nitrosoguanidine,estimated,14,6,1,0.42857142857142855,0.07142857142857142,5
24683,Butyl anthranilate,estimated,14,4,1,0.2857142857142857,0.07142857142857142,3
32813,"2,2-Dimethyl-3-pentanol",default,14,2,2,0.14285714285714285,0.14285714285714285,0
21165,Piperidine,default,14,2,2,0.14285714285714285,0.14285714285714285,0
33445,Dimethyldipropylenetriamine,default,14,4,4,0.2857142857142857,0.2857142857142857,0
27878,Hydroxypropyl acrylate,default,14,5,5,0.35714285714285715,0.35714285714285715,0
25759,4-Nitrohippuric acid,default,14,1,1,0.07142857142857142,0.07142857142857142,0
27802,Propylene glycol dibenzoate,default,14,3,3,0.21428571428571427,0.21428571428571427,0
21546,3-Chloropropanoic acid,default,14,1,1,0.07142857142857142,0.07142857142857142,0
20678,Hematoxylin,estimated,14,10,1,0.7142857142857143,0.07142857142857142,9
26082,"1,1,1,2-Tetrabromoethane",estimated,14,6,2,0.42857142857142855,0.14285714285714285,4
24976,"2,3-Dichlorobenzoic acid",default,14,1,1,0.07142857142857142,0.07142857142857142,0
21384,Trichlorofluoromethane,default,14,3,3,0.21428571428571427,0.21428571428571427,0
20155,Benzyl isothiocyanate,estimated,14,7,2,0.5,0.14285714285714285,5
26240,"1-(2,6,6-Trimethyl-2-cyclohexen-1-yl)-1-penten-3-one",estimated,14,3,0,0.21428571428571427,0.0,3
20517,"1,2-Dimethylhydrazine dihydrochloride",default,14,3,3,0.21428571428571427,0.21428571428571427,0
25689,Musk ambrette,default,14,6,6,0.42857142857142855,0.42857142857142855,0
21319,Tetrachloroethylene,default,14,2,2,0.14285714285714285,0.14285714285714285,0
21652,Pentadecanoic acid,default,14,4,4,0.2857142857142857,0.2857142857142857,0
34087,Tyramine hydrochloride,default,14,2,2,0.14285714285714285,0.14285714285714285,0
25591,N-Methyldiethanolamine,default,14,1,1,0.07142857142857142,0.07142857142857142,0
20167,bis(2-Chloro-1-methylethyl) ether,default,14,1,1,0.07142857142857142,0.07142857142857142,0
27844,"1,2,3,6-Tetrahydromethyl-3,6-methanophthalic anhydride",default,14,1,1,0.07142857142857142,0.07142857142857142,0
25972,3-Propylidenephthalide,default,14,3,3,0.21428571428571427,0.21428571428571427,0
21636,2-Methylpropanoic acid,default,14,2,2,0.14285714285714285,0.14285714285714285,0
22227,Dimethylaminopropyl chloride hydrochloride,default,14,1,1,0.07142857142857142,0.07142857142857142,0
20276,3-Chloro-4-(dichloromethyl)-5-hydroxy-2(5H)-furanone,estimated,14,9,2,0.6428571428571429,0.14285714285714285,7
47973,"4,4'-Propane-2,2-diylbis(2,6-dimethylphenol)",estimated,14,11,6,0.7857142857142857,0.42857142857142855,5
21267,Sesamol,default,14,6,6,0.42857142857142855,0.42857142857142855,0
24127,Heptane,default,14,1,1,0.07142857142857142,0.07142857142857142,0
27905,(Tetrapropenyl)succinic anhydride,default,14,3,3,0.21428571428571427,0.21428571428571427,0
21657,"1,4-Diacetylbenzene",default,14,1,1,0.07142857142857142,0.07142857142857142,0
33401,Dibenzoyl-L-tartaric acid,default,14,1,1,0.07142857142857142,0.07142857142857142,0
29152,1-Methoxy-4-methyl-2-nitrobenzene,default,14,1,1,0.07142857142857142,0.07142857142857142,0
21679,"1,1,1-Trichloropropanone",estimated,14,9,6,0.6428571428571429,0.42857142857142855,3
20298,Chlorobenzene,default,14,2,2,0.14285714285714285,0.14285714285714285,0
25278,S-Ethyl chlorothioformic acid,default,14,4,4,0.2857142857142857,0.2857142857142857,0
27567,3-Chloropivaloyl chloride,default,14,5,5,0.35714285714285715,0.35714285714285715,0
25637,2-Methyl-3-nitrobenzoic acid,estimated,14,5,0,0.35714285714285715,0.0,5
20483,"2,4-Dimethoxyaniline hydrochloride",default,14,3,3,0.21428571428571427,0.21428571428571427,0
20117,6-Azacytidine,default,14,4,4,0.2857142857142857,0.2857142857142857,0
26633,"N,N-Dimethylcyclohexylamine",default,14,1,1,0.07142857142857142,0.07142857142857142,0
26796,1-Methoxy-2-propyl acetate,default,14,4,4,0.2857142857142857,0.2857142857142857,0
25117,Methyl disulfide,estimated,14,4,0,0.2857142857142857,0.0,4
20315,Trichloronitromethane,default,14,1,1,0.07142857142857142,0.07142857142857142,0
26612,Isobutyl isobutyrate,default,14,3,3,0.21428571428571427,0.21428571428571427,0
26157,"Toluene-2,6-diisocyanate",default,14,2,2,0.14285714285714285,0.14285714285714285,0
27223,Butyl propionate,default,14,3,3,0.21428571428571427,0.21428571428571427,0
21601,"1,1,1,3,3,3-Hexachloro-2-propanone",default,14,1,1,0.07142857142857142,0.07142857142857142,0
26894,1-Octanethiol,default,14,1,1,0.07142857142857142,0.07142857142857142,0
21198,Propranolol hydrochloride,estimated,14,7,1,0.5,0.07142857142857142,6
29234,Dihydromyrcene,default,14,1,1,0.07142857142857142,0.07142857142857142,0
25185,Dipropylamine,default,14,1,1,0.07142857142857142,0.07142857142857142,0
27740,2-Ethylhexyl acid phosphate,estimated,14,6,1,0.42857142857142855,0.07142857142857142,5
21761,"1,2-Diaminopropane",default,14,1,1,0.07142857142857142,0.07142857142857142,0
21496,Bromoacetonitrile,default,14,1,1,0.07142857142857142,0.07142857142857142,0
26516,Tetrahydrophthalic anhydride,default,14,3,3,0.21428571428571427,0.21428571428571427,0
20432,"3,3'-Dichlorobenzidine",estimated,14,11,6,0.7857142857142857,0.42857142857142855,5
44533,"2,2'-Dichlorobiphenyl",estimated,14,9,4,0.6428571428571429,0.2857142857142857,5
23883,Aroclor 1016,estimated,14,6,2,0.42857142857142855,0.14285714285714285,4
24724,Caprylyl chloride,default,14,2,2,0.14285714285714285,0.14285714285714285,0
24667,"1,4-Butanediol diglycidyl ether",default,14,4,4,0.2857142857142857,0.2857142857142857,0
23930,Bromotrichloromethane,default,14,1,1,0.07142857142857142,0.07142857142857142,0
27925,"(1,1,3,3-Tetramethylbutyl)phenol",estimated,14,11,3,0.7857142857142857,0.21428571428571427,8
21334,Tetranitromethane,default,14,4,4,0.2857142857142857,0.2857142857142857,0
26701,4-Methylbenzenesulfonic acid,default,14,4,4,0.2857142857142857,0.2857142857142857,0
47974,"2,3',4,4'-Tetrahydroxybenzophenone",estimated,14,10,8,0.7142857142857143,0.5714285714285714,2
20750,Isobutyl nitrite,default,14,1,1,0.07142857142857142,0.07142857142857142,0
26849,"2-Butene-1,4-diol",default,14,3,3,0.21428571428571427,0.21428571428571427,0
25086,Diisopropylcarbodiimide,default,14,1,1,0.07142857142857142,0.07142857142857142,0
26882,Octane,default,14,1,1,0.07142857142857142,0.07142857142857142,0
20982,3-Nitropropionic acid,estimated,14,6,1,0.42857142857142855,0.07142857142857142,5
25926,Piperonal acetone,estimated,14,8,4,0.5714285714285714,0.2857142857142857,4
25071,"1,2-Dihydro-2,2,4-trimethylquinoline, polymer",default,14,5,5,0.35714285714285715,0.35714285714285715,0
24501,2-(4-Aminophenyl)-6-methylbenzothiazole sulfonic acid,default,14,7,7,0.5,0.5,0
32180,"2,2',4,4',5,5'-Hexachlorobiphenyl",default,14,2,2,0.14285714285714285,0.14285714285714285,0
25074,"2,4-Dihydroxybenzoic acid",default,14,1,1,0.07142857142857142,0.07142857142857142,0
20847,2-Methyl-1-nitroanthraquinone,estimated,14,8,4,0.5714285714285714,0.2857142857142857,4
25879,"3,3'-(p-Phenylene)diacrylic acid",default,14,2,2,0.14285714285714285,0.14285714285714285,0
20484,"3,3'-Dimethoxybenzidine-4,4'-diisocyanate",default,14,3,3,0.21428571428571427,0.21428571428571427,0
27249,4-Carboxybenzaldehyde,default,14,2,2,0.14285714285714285,0.14285714285714285,0
20009,Acetonitrile,default,14,1,1,0.07142857142857142,0.07142857142857142,0
24534,Annatto,default,14,3,3,0.21428571428571427,0.21428571428571427,0
24559,C.I. Basic Orange 2,estimated,14,9,5,0.6428571428571429,0.35714285714285715,4
24616,Vanadocene dichloride,estimated,14,7,4,0.5,0.2857142857142857,3
33264,Boron trifluoride dihydrate,default,14,1,1,0.07142857142857142,0.07142857142857142,0
24740,Casanthrol,default,14,3,3,0.21428571428571427,0.21428571428571427,0
24786,Chlorogenic acid,default,14,3,3,0.21428571428571427,0.21428571428571427,0
33326,Chlorowax 500C,default,14,6,6,0.42857142857142855,0.42857142857142855,0
20327,Chromium triacetate,estimated,14,6,3,0.42857142857142855,0.21428571428571427,3
24832,Chrysophanic acid,estimated,14,6,4,0.42857142857142855,0.2857142857142857,2
24840,Cobaltocene,default,14,4,4,0.2857142857142857,0.2857142857142857,0
21827,Cumene,default,14,4,4,0.2857142857142857,0.2857142857142857,0
24906,D & C Yellow 11,estimated,14,8,8,0.5714285714285714,0.5714285714285714,0
21909,Diethylamine,default,14,3,3,0.21428571428571427,0.21428571428571427,0
25203,C.I. Direct Red 2,estimated,14,9,4,0.6428571428571429,0.2857142857142857,5
31366,Ginkgo biloba extract,default,14,5,5,0.35714285714285715,0.35714285714285715,0
33539,Z-Guggulsterone,estimated,14,6,6,0.42857142857142855,0.42857142857142855,0
25600,Methylene Blue trihydrate,estimated,14,10,8,0.7142857142857143,0.5714285714285714,2
25709,Nickelocene,default,14,4,4,0.2857142857142857,0.2857142857142857,0
26563,Oleic acid diethanolamide,estimated,14,7,6,0.5,0.42857142857142855,1
33863,"1,4-Divinylbenzene",default,14,1,1,0.07142857142857142,0.07142857142857142,0
33896,Phosphorus pentachloride,estimated,14,5,0,0.35714285714285715,0.0,5
25934,Poly(2-hydroxypropyl methacrylate),default,14,2,2,0.14285714285714285,0.14285714285714285,0
25963,S-(Propyl) chlorothioformate,default,14,1,1,0.07142857142857142,0.07142857142857142,0
23837,Sodium bromate,default,14,2,2,0.14285714285714285,0.14285714285714285,0
26040,C.I. Solvent Black 5,estimated,14,12,6,0.8571428571428571,0.42857142857142855,6
26054,Styrax balsam,default,14,6,6,0.42857142857142855,0.42857142857142855,0
32129,"Tetrabromobisphenol A-bis(2,3-dibromopropyl ether)",default,14,1,1,0.07142857142857142,0.07142857142857142,0
26107,Tetraethylene glycol diacrylate,estimated,14,8,5,0.5714285714285714,0.35714285714285715,3
21354,Titanocene dichloride,default,14,5,5,0.35714285714285715,0.35714285714285715,0
34102,Yangonin,estimated,14,6,3,0.42857142857142855,0.21428571428571427,3
26494,Dichlorodiphenylsilane,default,14,4,4,0.2857142857142857,0.2857142857142857,0
26535,4-Sulfophthalic acid,estimated,14,2,0,0.14285714285714285,0.0,2
27851,"2,4,4-Trimethylpentene",default,14,2,2,0.14285714285714285,0.14285714285714285,0
26901,Hexadecyl trimethyl ammonium chloride,estimated,14,11,3,0.7857142857142857,0.21428571428571427,8
26981,4-(Acetylamino)benzenesulfonyl chloride,default,14,2,2,0.14285714285714285,0.14285714285714285,0
27097,Magnesium acetate,default,14,4,4,0.2857142857142857,0.2857142857142857,0
27462,Ammonium dodecyl sulfate,estimated,14,8,0,0.5714285714285714,0.0,8
27486,Dimethyl chlorothiophosphate,default,14,4,4,0.2857142857142857,0.2857142857142857,0
27586,(2-(Methacryloyloxy)ethyl)trimethylammonium chloride,estimated,14,5,3,0.35714285714285715,0.21428571428571427,2
27591,2-Acrylamido-2-methylpropanesulphonate sodium salt,default,14,3,3,0.21428571428571427,0.21428571428571427,0
27600,"4-Amino-5-hydroxy-2,7-naphthalenedisulfonic acid monosodium salt",estimated,14,7,0,0.5,0.0,7
27647,3-(Trichlorosilyl)propyl methacrylate,default,14,2,2,0.14285714285714285,0.14285714285714285,0
28016,2-(Dimethylamino)ethyl acrylate methochloride,default,14,3,3,0.21428571428571427,0.21428571428571427,0
28028,Sodium 3-(allyloxy)-2-hydroxypropanesulphonate,default,14,2,2,0.14285714285714285,0.14285714285714285,0
28460,Benzyl-C12-18-alkyldimethylammonium chlorides,estimated,14,12,6,0.8571428571428571,0.42857142857142855,6
29108,Tetramethylammonium hydroxide,default,14,2,2,0.14285714285714285,0.14285714285714285,0
29184,Sodium sulfanilate,default,14,2,2,0.14285714285714285,0.14285714285714285,0
29240,Vinyltrimethoxysilane,default,14,1,1,0.07142857142857142,0.07142857142857142,0
29277,Bromamine acid sodium salt,estimated,14,3,1,0.21428571428571427,0.07142857142857142,2
29327,Tetrabromobisphenol A diallyl ether,default,14,3,3,0.21428571428571427,0.21428571428571427,0
29362,"4,4,15,15-Tetraethoxy-3,16-dioxa-8,9,10,11-tetrathia-4,15-disilaoctadecane",estimated,14,5,1,0.35714285714285715,0.07142857142857142,4
29608,Vinyl isobutyl ether,estimated,14,3,2,0.21428571428571427,0.14285714285714285,1
29688,Iron(II) sulfate,default,14,2,2,0.14285714285714285,0.14285714285714285,0
29739,Fluoboric acid,default,14,2,2,0.14285714285714285,0.14285714285714285,0
39235,"1-Amino-2,4-dibromoanthraquinone",estimated,14,3,1,0.21428571428571427,0.07142857142857142,2
39240,Antimony potassium tartrate trihydrate,estimated,14,6,5,0.42857142857142855,0.35714285714285715,1
20138,Benzidine dihydrochloride,default,14,6,6,0.42857142857142855,0.42857142857142855,0
20235,Calcium chloride,default,14,2,2,0.14285714285714285,0.14285714285714285,0
20399,"4,4'-Diaminoazobenzene",estimated,14,6,3,0.42857142857142855,0.21428571428571427,3
20513,"Dimethyldithiocarbamic acid, dimethylamine",estimated,14,9,6,0.6428571428571429,0.42857142857142855,3
20624,Ferbam,estimated,14,11,8,0.7857142857142857,0.5714285714285714,3
20680,Heptamethyleneimine,default,14,1,1,0.07142857142857142,0.07142857142857142,0
20928,Nickel(II) sulfate hexahydrate,default,14,1,1,0.07142857142857142,0.07142857142857142,0
21174,Polybrominated biphenyls (PBB),default,14,6,6,0.42857142857142855,0.42857142857142855,0
21264,Selenium dioxide,estimated,14,6,4,0.42857142857142855,0.2857142857142857,2
21312,"3,3',4,4'-Tetraaminobiphenyl tetrahydrochloride",estimated,14,11,5,0.7857142857142857,0.35714285714285715,6
21351,Stannous chloride,default,14,1,1,0.07142857142857142,0.07142857142857142,0
21408,Triphenyltin acetate,estimated,14,12,5,0.8571428571428571,0.35714285714285715,7
23550,Raloxifene,estimated,14,11,9,0.7857142857142857,0.6428571428571429,2
49285,1-Butyl-1-methylpyrrolidinium trifluoromethanesulfonate,default,14,1,1,0.07142857142857142,0.07142857142857142,0
25581,(+)-2-Methylbutyl-4-methoxybenzyladine-4'-aminocyannate,estimated,14,9,3,0.6428571428571429,0.21428571428571427,6
25237,Epibromohydrin,default,14,1,1,0.07142857142857142,0.07142857142857142,0
23295,(-)-Methyldopa,default,14,3,3,0.21428571428571427,0.21428571428571427,0
26051,Stoddard solvent,default,14,1,1,0.07142857142857142,0.07142857142857142,0
24448,Allyl propyl disulfide,default,14,1,1,0.07142857142857142,0.07142857142857142,0
49351,Trihexyltetradecylphosphonium dicyanamide,estimated,14,12,9,0.8571428571428571,0.6428571428571429,3
49304,Trihexyltetradecylphosphonium bis(trifluoromethylsulfonyl)imide,estimated,14,9,8,0.6428571428571429,0.5714285714285714,1
49244,Ethyltributylphosphonium diethylphosphate,estimated,14,5,2,0.35714285714285715,0.14285714285714285,3
49356,"1-Butyl-2,3-dimethylimidazolium trifluoromethanesulfonate",default,14,3,3,0.21428571428571427,0.21428571428571427,0
49234,1-Butyl-3-methylimidazolium bis(trifluoromethylsulfonyl)imide,default,14,6,6,0.42857142857142855,0.42857142857142855,0
49342,1-Butyl-3-methylimidazolium iodide,default,14,3,3,0.21428571428571427,0.21428571428571427,0
49232,1-Butyl-3-methylimidazolium trifluoromethanesulfonate,default,14,1,1,0.07142857142857142,0.07142857142857142,0
49282,1-Butyl-3-methylimidazolium tetrachloroferrate (III),default,14,3,3,0.21428571428571427,0.21428571428571427,0
49231,1-Butyl-3-methylimidazolium tetrafluoroborate,default,14,1,1,0.07142857142857142,0.07142857142857142,0
49237,1-Decyl-3-methylimidazolium bromide,estimated,14,9,5,0.6428571428571429,0.35714285714285715,4
49228,1-Decyl-3-methylimidazolium chloride,estimated,14,9,4,0.6428571428571429,0.2857142857142857,5
49283,1-Decyl-3-methylimidazolium hexafluorophosphate,estimated,14,10,5,0.7142857142857143,0.35714285714285715,5
49227,"1,2-Dimethyl-3-propylimidazolium bis(trifluoromethylsulfonyl)imide",default,14,2,2,0.14285714285714285,0.14285714285714285,0
49247,"1,2-Dimethyl-3-propylimidazolium iodide",default,14,3,3,0.21428571428571427,0.21428571428571427,0
49352,"1,3-Didecyl-2-methylimidazolium chloride",estimated,14,11,7,0.7857142857142857,0.5,4
49333,1-Dodecyl-3-methylimidazolium bromide,default,14,4,4,0.2857142857142857,0.2857142857142857,0
49253,1-Dodecyl-3-methylimidazolium tetrafluoroborate,estimated,14,12,7,0.8571428571428571,0.5,5
49299,1-Dodecyl-3-methylimidazolium trifluoromethanesulfonate,estimated,14,12,7,0.8571428571428571,0.5,5
49235,"1-Ethyl-2,3-dimethylimidazolium bis(trifluoromethylsulfonyl)imide",default,14,2,2,0.14285714285714285,0.14285714285714285,0
49359,1-Dodecyl-3-methylimidazolium iodide,estimated,14,10,5,0.7142857142857143,0.35714285714285715,5
49264,"1-Ethyl-2,3-dimethylimidazolium hexafluorophosphate",default,14,2,2,0.14285714285714285,0.14285714285714285,0
49233,"1-Ethyl-2,3-dimethylimidazolium trifluoromethanesulfonate",default,14,1,1,0.07142857142857142,0.07142857142857142,0
49274,1-Ethyl-3-methylimidazolium ethyl sulfate,default,14,1,1,0.07142857142857142,0.07142857142857142,0
49219,1-Ethyl-3-methylimidazolium methanesulfonate,default,14,3,3,0.21428571428571427,0.21428571428571427,0
49281,1-Ethyl-3-methylimidazolium iodide,default,14,4,4,0.2857142857142857,0.2857142857142857,0
49254,1-Hexadecyl-3-methylimidazolium tetrafluoroborate,estimated,14,11,7,0.7857142857142857,0.5,4
49298,1-Hexadecyl-3-methylimidazolium bis(trifluoromethylsulfonyl)imide,estimated,14,11,5,0.7857142857142857,0.35714285714285715,6
49290,1-Hexyl-3-methylimidazolium bis(trifluoromethylsulfonyl)imide,estimated,14,8,3,0.5714285714285714,0.21428571428571427,5
49252,1-Hexyl-3-methylimidazolium tetrafluoroborate,estimated,14,6,2,0.42857142857142855,0.14285714285714285,4
49250,1-Methyl-3-octadecylimidazolium hexafluorophosphate,estimated,14,10,5,0.7142857142857143,0.35714285714285715,5
49332,1-Methyl-3-octylimidazolium bromide,estimated,14,8,2,0.5714285714285714,0.14285714285714285,6
49207,1-Methyl-3-propylimidazolium iodide,default,14,1,1,0.07142857142857142,0.07142857142857142,0
49251,1-Methyl-3-propylimidazolium tetrafluoroborate,default,14,1,1,0.07142857142857142,0.07142857142857142,0
49297,1-Methyl-3-tetradecylimidazolium bis(trifluoromethylsulfonyl)imide,estimated,14,11,7,0.7857142857142857,0.5,4
49246,1-Methyl-3-propylimidazolium hexafluorophosphate,default,14,1,1,0.07142857142857142,0.07142857142857142,0
49229,1-Methyl-3-tetradecylimidazolium chloride,estimated,14,12,7,0.8571428571428571,0.5,5
49248,1-Methyl-3-tetradecylimidazolium hexafluorophosphate,estimated,14,5,0,0.35714285714285715,0.0,5
49338,1-Butyl-1-methylpiperidinium bis(trifluoromethylsulfonyl)imide,default,14,1,1,0.07142857142857142,0.07142857142857142,0
49378,1-Butyl-1-methylpiperidinium bromide,estimated,14,2,0,0.14285714285714285,0.0,2
49384,1-Butyl-1-methylpiperidinium trifluoromethanesulfonate,default,14,3,3,0.21428571428571427,0.21428571428571427,0
49385,1-Butyl-1-methylpiperidinium hexafluorophosphate,default,14,2,2,0.14285714285714285,0.14285714285714285,0
49329,1-Methyl-1-propylpiperidinium bis(trifluoromethylsulfonyl)imide,default,14,2,2,0.14285714285714285,0.14285714285714285,0
49289,1-Butyl-1-methylpiperidinium iodide,estimated,14,3,0,0.21428571428571427,0.0,3
49386,1-Methyl-1-propylpiperidinium hexafluorophosphate,estimated,14,1,0,0.07142857142857142,0.0,1
49236,1-Methyl-1-propylpiperidinium iodide,default,14,1,1,0.07142857142857142,0.07142857142857142,0
49367,1-Methyl-1-propylpiperidinium tetrafluoroborate,default,14,3,3,0.21428571428571427,0.21428571428571427,0
49387,1-Methyl-1-propylpiperidinium trifluoromethanesulfonate,default,14,1,1,0.07142857142857142,0.07142857142857142,0
49258,1-Butyl-2-methylpyridinium bromide,default,14,4,4,0.2857142857142857,0.2857142857142857,0
49263,1-Butyl-2-methylpyridinium tetrafluoroborate,default,14,2,2,0.14285714285714285,0.14285714285714285,0
49204,1-Butyl-2-methylpyridinium chloride,default,14,3,3,0.21428571428571427,0.21428571428571427,0
49388,1-Butyl-2-methylpyridinium trifluoromethanesulfonate,default,14,2,2,0.14285714285714285,0.14285714285714285,0
49389,1-Butyl-2-methylpyridinium hexafluorophosphate,default,14,3,3,0.21428571428571427,0.21428571428571427,0
49259,1-Butyl-3-methylpyridinium bromide,default,14,3,3,0.21428571428571427,0.21428571428571427,0
49214,1-Butyl-2-methylpyridinium iodide,default,14,4,4,0.2857142857142857,0.2857142857142857,0
49212,1-Butyl-3-methylpyridinium chloride,default,14,3,3,0.21428571428571427,0.21428571428571427,0
49360,1-Butyl-3-methylpyridinium hexafluorophosphate,default,14,2,2,0.14285714285714285,0.14285714285714285,0
49345,1-Butyl-4-methylpyridinium bromide,default,14,5,5,0.35714285714285715,0.35714285714285715,0
49257,1-Butyl-3-methylpyridinium iodide,default,14,4,4,0.2857142857142857,0.2857142857142857,0
49205,1-Butyl-4-methylpyridinium chloride,estimated,14,11,4,0.7857142857142857,0.2857142857142857,7
49325,1-Butyl-3-methylpyridinium tetrafluoroborate,default,14,3,3,0.21428571428571427,0.21428571428571427,0
49296,1-Butyl-4-methylpyridinium hexafluorophosphate,estimated,14,9,4,0.6428571428571429,0.2857142857142857,5
49363,1-Butyl-3-methylpyridinium trifluoromethanesulfonate,default,14,2,2,0.14285714285714285,0.14285714285714285,0
49267,1-Butyl-4-methylpyridinium iodide,default,14,5,5,0.35714285714285715,0.35714285714285715,0
49275,1-Butyl-4-methylpyridinium tetrafluoroborate,default,14,2,2,0.14285714285714285,0.14285714285714285,0
49366,1-Butylpyridinium iodide,default,14,1,1,0.07142857142857142,0.07142857142857142,0
49241,1-Butylpyridinium tetrafluoroborate,default,14,1,1,0.07142857142857142,0.07142857142857142,0
49292,1-Butylpyridinium trifluoromethanesulfonate,default,14,1,1,0.07142857142857142,0.07142857142857142,0
49238,1-Ethylpyridinium bromide,estimated,14,7,5,0.5,0.35714285714285715,2
49364,1-Ethylpyridinium iodide,default,14,3,3,0.21428571428571427,0.21428571428571427,0
49353,1-Hexylpyridinium iodide,estimated,14,5,0,0.35714285714285715,0.0,5
49335,1-Hexylpyridinium trifluoromethanesulfonate,estimated,14,6,1,0.42857142857142855,0.07142857142857142,5
49375,1-Butyl-1-methylpyrrolidinium bromide,default,14,1,1,0.07142857142857142,0.07142857142857142,0
49276,1-Butyl-1-methylpyrrolidinium tetrafluoroborate,default,14,1,1,0.07142857142857142,0.07142857142857142,0
49206,1-Ethyl-1-methylpyrrolidinium tetrafluoroborate,default,14,3,3,0.21428571428571427,0.21428571428571427,0
49372,1-Ethyl-1-methylpyrrolidinium trifluoromethanesulfonate,default,14,2,2,0.14285714285714285,0.14285714285714285,0
49320,1-Methyl-1-propylpyrrolidinium iodide,default,14,1,1,0.07142857142857142,0.07142857142857142,0
49391,Tributyltetradecylphosphonium dodecylbenzenesulfonate,estimated,14,12,8,0.8571428571428571,0.5714285714285714,4
49392,4-Nitrobenzylbromide,default,14,3,3,0.21428571428571427,0.21428571428571427,0
49200,Barium nitrate,default,14,2,2,0.14285714285714285,0.14285714285714285,0
49393,alpha-Amylcinnamyl alcohol,estimated,14,10,1,0.7142857142857143,0.07142857142857142,9
21902,"1,3-Dibromopropane",default,14,2,2,0.14285714285714285,0.14285714285714285,0
49203,1-Bromopentane,estimated,14,1,0,0.07142857142857142,0.0,1
49397,1-Bromohexadecane,default,14,1,1,0.07142857142857142,0.07142857142857142,0
49398,Safranal,default,14,1,1,0.07142857142857142,0.07142857142857142,0
49399,Tropine,default,14,1,1,0.07142857142857142,0.07142857142857142,0
25889,N-Phenylhydroxylamine,default,14,5,5,0.35714285714285715,0.35714285714285715,0
24941,"(E)-1,4-Dibromo-2-butene",default,14,2,2,0.14285714285714285,0.14285714285714285,0
30857,Black cohosh,estimated,14,2,0,0.14285714285714285,0.0,2
25424,Hydroxylamine sulfate (2:1),default,14,2,2,0.14285714285714285,0.14285714285714285,0
23986,Copper cyanide,estimated,14,4,0,0.2857142857142857,0.0,4
21552,Cyclododecane,estimated,14,1,0,0.07142857142857142,0.0,1
26927,Dimethyl(tetradecyl)amine,default,14,2,2,0.14285714285714285,0.14285714285714285,0
27043,Potassium acetate,default,14,2,2,0.14285714285714285,0.14285714285714285,0
27063,Calcium 2-ethylhexanoate,default,14,1,1,0.07142857142857142,0.07142857142857142,0
27099,Butyl cis-9-octadecenoate,estimated,14,1,0,0.07142857142857142,0.0,1
27169,D-Gluconic acid,default,14,1,1,0.07142857142857142,0.07142857142857142,0
27214,"Ethanedioic acid, calcium salt",default,14,3,3,0.21428571428571427,0.21428571428571427,0
27219,Potassium benzoate,default,14,1,1,0.07142857142857142,0.07142857142857142,0
27594,"C.I. Pigment Red 57, calcium salt (1:1)",estimated,14,6,2,0.42857142857142855,0.14285714285714285,4
27599,Ammonium thioglycolate,estimated,14,6,3,0.42857142857142855,0.21428571428571427,3
27617,Dimethyl succinylsuccinate,default,14,1,1,0.07142857142857142,0.07142857142857142,0
27624,Aminotrimethylene phosphonic acid,default,14,1,1,0.07142857142857142,0.07142857142857142,0
27652,Sodium 2-propenoate,default,14,1,1,0.07142857142857142,0.07142857142857142,0
27858,Diisopropylbenzene,default,14,3,3,0.21428571428571427,0.21428571428571427,0
29121,"1,1':4',1''-Terphenyl",default,14,3,3,0.21428571428571427,0.21428571428571427,0
28723,(C10-C16) Alkylbenzenesulfonic acid,estimated,14,10,3,0.7142857142857143,0.21428571428571427,7
27948,"Dihydro-3-(octadecenyl)-2,5-furandione",default,14,4,4,0.2857142857142857,0.2857142857142857,0
27975,Stearyl methacrylate,default,14,1,1,0.07142857142857142,0.07142857142857142,0
28030,"Bis(2,2,6,6-tetramethyl-4-piperidyl) sebacate",default,14,2,2,0.14285714285714285,0.14285714285714285,0
29059,"Perfluoro compounds, C5-18",default,14,1,1,0.07142857142857142,0.07142857142857142,0
29244,"Octahydro-exo-4,7-methano-1H-indene",default,14,1,1,0.07142857142857142,0.07142857142857142,0
29283,Antimony triacetate,default,14,1,1,0.07142857142857142,0.07142857142857142,0
29299,Polyoxyethylene monooctadecyl ether,default,14,1,1,0.07142857142857142,0.07142857142857142,0
29617,Potassium D-gluconate,default,14,1,1,0.07142857142857142,0.07142857142857142,0
29626,"Formic acid, potassium salt",default,14,1,1,0.07142857142857142,0.07142857142857142,0
29651,"Carbonic acid, strontium salt (1:1)",default,14,3,3,0.21428571428571427,0.21428571428571427,0
29703,Ammonium thiosulfate,default,14,1,1,0.07142857142857142,0.07142857142857142,0
20181,Bismuth oxychloride,default,14,4,4,0.2857142857142857,0.2857142857142857,0
20345,Copper dimethyldithiocarbamate,estimated,14,8,5,0.5714285714285714,0.35714285714285715,3
20527,Dinitrosopiperazine,default,14,1,1,0.07142857142857142,0.07142857142857142,0
20535,Bis(1-piperidinylthioxomethyl)hexasulfide,estimated,14,9,5,0.6428571428571429,0.35714285714285715,4
20899,Molybdenum trioxide,estimated,14,1,0,0.07142857142857142,0.0,1
21059,N-Nitrosopiperazine,default,14,3,3,0.21428571428571427,0.21428571428571427,0
21231,Ponceau 3R,default,14,1,1,0.07142857142857142,0.07142857142857142,0
21270,Sodium bithionolate,estimated,14,10,6,0.7142857142857143,0.42857142857142855,4
21315,"2,3,7,8-Tetrachlorodibenzo-1,4-dioxin",estimated,14,4,3,0.2857142857142857,0.21428571428571427,1
21665,Myristyl aldehyde,default,14,2,2,0.14285714285714285,0.14285714285714285,0
21680,"1,1,3-Trichloropropanone",estimated,14,8,4,0.5714285714285714,0.2857142857142857,4
49362,1-Butyl-3-methylimidazolium bromide,default,14,1,1,0.07142857142857142,0.07142857142857142,0
49201,Lithium sulfate,default,14,1,1,0.07142857142857142,0.07142857142857142,0
49210,"3,3-Diphenylacrylaldehyde",estimated,14,10,5,0.7142857142857143,0.35714285714285715,5
49401,Thioridazine hydrochloride,estimated,14,12,6,0.8571428571428571,0.42857142857142855,6
49215,"5-Methyl-2,3-hexanedione",default,14,2,2,0.14285714285714285,0.14285714285714285,0
49216,Ammonium tetrachloroplatinate(II),default,14,9,9,0.6428571428571429,0.6428571428571429,0
37015,Potassium tetrafluoroborate,default,14,1,1,0.07142857142857142,0.07142857142857142,0
49220,Pyrimidine-2-thiol,default,14,7,7,0.5,0.5,0
49222,3-(Dodecyldimethylammonio)propanesulfonate,estimated,14,3,1,0.21428571428571427,0.07142857142857142,2
49226,Tetrabutylthiuram disulfide,estimated,14,9,6,0.6428571428571429,0.42857142857142855,3
49404,Sodium cyanocyanamide,default,14,1,1,0.07142857142857142,0.07142857142857142,0
49242,(4S)-1-tert-Butoxycarbonyl-4-fluoro-L-proline,default,14,1,1,0.07142857142857142,0.07142857142857142,0
22186,2-Ethoxyethyl methacrylate,default,14,1,1,0.07142857142857142,0.07142857142857142,0
49406,Methyl 4-(bromomethyl)benzoate,default,14,4,4,0.2857142857142857,0.2857142857142857,0
49408,Fluorescein 5(6)-isothiocyanate,estimated,14,7,2,0.5,0.14285714285714285,5
49409,Squaric acid,default,14,1,1,0.07142857142857142,0.07142857142857142,0
49265,2-Bromo-5-hydroxy-benzaldehyde,estimated,14,6,0,0.42857142857142855,0.0,6
49268,"4,4,4-Trifluoro-1-phenyl-1,3-butanedione",default,14,8,8,0.5714285714285714,0.5714285714285714,0
49273,12-Bromo-1-dodecanol,estimated,14,7,1,0.5,0.07142857142857142,6
44925,"4,4'-Dibromobenzil",default,14,2,2,0.14285714285714285,0.14285714285714285,0
49284,"3,5,5-Trimethylhexanoyl chloride",default,14,2,2,0.14285714285714285,0.14285714285714285,0
49288,(1S)-1-Phenyl-1-propanamine,default,14,2,2,0.14285714285714285,0.14285714285714285,0
49293,"2,4-Dichloropyrimidine",default,14,3,3,0.21428571428571427,0.21428571428571427,0
49301,1-Iodononane,default,14,3,3,0.21428571428571427,0.21428571428571427,0
49302,1-Iodododecane,default,14,2,2,0.14285714285714285,0.14285714285714285,0
49413,alpha-Furil,default,14,3,3,0.21428571428571427,0.21428571428571427,0
49308,E-2-Methyl-2-butenal,default,14,1,1,0.07142857142857142,0.07142857142857142,0
49311,Ethyl 4-iodobenzoate,estimated,14,2,1,0.14285714285714285,0.07142857142857142,1
49313,"2-Methyl-4H-3,1-benzoxazin-4-one",default,14,2,2,0.14285714285714285,0.14285714285714285,0
49315,2-Aminodiphenylamine,estimated,14,8,6,0.5714285714285714,0.42857142857142855,2
37023,"2,4,5,6-Pyrimidinetetramine sulfate (1:1)",estimated,14,6,2,0.42857142857142855,0.14285714285714285,4
37038,2-Nitro-4-thiocyanoaniline,estimated,14,9,5,0.6428571428571429,0.35714285714285715,4
49419,Atropine sulfate anhydrous (2:1) salt,default,14,4,4,0.2857142857142857,0.2857142857142857,0
25440,Norspermidine,estimated,14,6,0,0.42857142857142855,0.0,6
49319,"3,3-Dimethylpentane",default,14,2,2,0.14285714285714285,0.14285714285714285,0
49322,1-Bromo-2-phenoxyethane,default,14,2,2,0.14285714285714285,0.14285714285714285,0
44334,3-Methylhexane,default,14,2,2,0.14285714285714285,0.14285714285714285,0
49421,Betaine monohydrate,default,14,1,1,0.07142857142857142,0.07142857142857142,0
49323,"1,5-Hexadiene",default,14,2,2,0.14285714285714285,0.14285714285714285,0
22393,"3-(4-Hydroxyphenyl)-1-(2,4,6-trihydroxyphenyl)propan-1-one",estimated,14,9,2,0.6428571428571429,0.14285714285714285,7
49422,Procainamide hydrochloride,default,14,1,1,0.07142857142857142,0.07142857142857142,0
49334,"Propanoic acid,2-hydroxy-,propylester",default,14,1,1,0.07142857142857142,0.07142857142857142,0
49423,3-Hydroxy-4-methoxy-benzaldehyde,default,14,1,1,0.07142857142857142,0.07142857142857142,0
49337,Ethyl mercaptoacetate,estimated,14,7,1,0.5,0.07142857142857142,6
49339,1-Bromopentadecane,default,14,1,1,0.07142857142857142,0.07142857142857142,0
49341,1-Iodohexane,default,14,1,1,0.07142857142857142,0.07142857142857142,0
49346,"2,6-Dichlorobenzenesulfonylchloride",default,14,1,1,0.07142857142857142,0.07142857142857142,0
49350,1-Bromo-4-chlorobutane,default,14,1,1,0.07142857142857142,0.07142857142857142,0
49354,12-Bromododecanoic acid,default,14,6,6,0.42857142857142855,0.42857142857142855,0
40449,Copper(II) chloride,estimated,14,7,3,0.5,0.21428571428571427,4
42215,Nonanoyl chloride,default,14,1,1,0.07142857142857142,0.07142857142857142,0
49355,1-Bromotridecane,estimated,14,1,0,0.07142857142857142,0.0,1
24603,Beryllium sulfate tetrahydrate,default,14,5,5,0.35714285714285715,0.35714285714285715,0
22124,1-Octyn-3-ol,default,14,1,1,0.07142857142857142,0.07142857142857142,0
49365,2-Acetyl-1-cyclohexanone,default,14,1,1,0.07142857142857142,0.07142857142857142,0
49371,"2,4-Dinitrobenzenesulfonic acid dihydrate",default,14,3,3,0.21428571428571427,0.21428571428571427,0
38694,Isatin,default,14,3,3,0.21428571428571427,0.21428571428571427,0
49433,1-Phenyl-3-pyrazolidinone,default,14,6,6,0.42857142857142855,0.42857142857142855,0
21803,1-Benzoylacetone,default,14,3,3,0.21428571428571427,0.21428571428571427,0
25590,Methylcyclopentane,default,14,6,6,0.42857142857142855,0.42857142857142855,0
49380,2-Ethylbutyraldehyde,default,14,1,1,0.07142857142857142,0.07142857142857142,0
24855,3-Methoxy-4-methylaniline,default,14,3,3,0.21428571428571427,0.21428571428571427,0
25551,2'-Methoxycinnamaldehyde,estimated,14,8,0,0.5714285714285714,0.0,8
25166,"1,8-Dinitronaphthalene",default,14,8,8,0.5714285714285714,0.5714285714285714,0
24479,"2-Amino-4,6-dinitrophenol",estimated,14,8,2,0.5714285714285714,0.14285714285714285,6
24615,Bis(cyclopentadiene)chromium(II),default,14,4,4,0.2857142857142857,0.2857142857142857,0
25332,4-Fluoro-dl-phenylalanine,default,14,5,5,0.35714285714285715,0.35714285714285715,0
26318,Zirconocene dichloride,default,14,2,2,0.14285714285714285,0.14285714285714285,0
24474,6-Amino-4-chloro-1-phenol-2-sulfonic acid,default,14,3,3,0.21428571428571427,0.21428571428571427,0
26022,Sodium arsanilate,default,14,3,3,0.21428571428571427,0.21428571428571427,0
26231,"1,8,9-Trihydroxyanthracene",default,14,2,2,0.14285714285714285,0.14285714285714285,0
25093,"4,4'-Dimethoxydiphenylamine",estimated,14,7,3,0.5,0.21428571428571427,4
24522,Pentyl nitrite,default,14,1,1,0.07142857142857142,0.07142857142857142,0
25665,5-Methyl-2-thiouracil,default,14,4,4,0.2857142857142857,0.2857142857142857,0
25696,"1,4-Naphthalenediamine",estimated,14,9,8,0.6428571428571429,0.5714285714285714,1
49327,2-Hydroxyanthraquinone,estimated,14,8,6,0.5714285714285714,0.42857142857142855,2
49373,tert-Butyl-3-aminobenzoate,default,14,3,3,0.21428571428571427,0.21428571428571427,0
49379,"Ethyl 2,6-dichloro-5-fluoro-β-oxo-3-pyridinepropionate",default,14,2,2,0.14285714285714285,0.14285714285714285,0
49256,9-Cyanophenanthrene,default,14,7,7,0.5,0.5,0
49260,3-Aminofluoranthene,estimated,14,10,8,0.7142857142857143,0.5714285714285714,2
49261,2-Amino-m-cresol,estimated,14,7,6,0.5,0.42857142857142855,1
49262,4-Amino-m-cresol,estimated,14,7,1,0.5,0.07142857142857142,6
49410,Pyrazine,default,14,1,1,0.07142857142857142,0.07142857142857142,0
47744,2-Fluorobiphenyl,estimated,14,3,0,0.21428571428571427,0.0,3
49271,"9,10-Dihydrobenzo[a]pyren-7(8H)-one",estimated,14,7,5,0.5,0.35714285714285715,2
49272,Methyl trifluoromethanesulfonate,estimated,14,4,1,0.2857142857142857,0.07142857142857142,3
47745,2-Fluorophenol,default,14,1,1,0.07142857142857142,0.07142857142857142,0
49287,"2,4,6-Trichloropyrimidine",default,14,4,4,0.2857142857142857,0.2857142857142857,0
49411,Ethylene sulfide,default,14,1,1,0.07142857142857142,0.07142857142857142,0
49303,"1,4-Dimethylamino-4-nitrostilbene",default,14,5,5,0.35714285714285715,0.35714285714285715,0
49307,9-Fluorenone,default,14,1,1,0.07142857142857142,0.07142857142857142,0
49412,4-Hydroxyquinazoline,estimated,14,6,1,0.42857142857142855,0.07142857142857142,5
49309,"p-N,N-Dimethylaminophenethanol",estimated,14,2,1,0.14285714285714285,0.07142857142857142,1
49312,"9,10-Dibromoanthracene",default,14,4,4,0.2857142857142857,0.2857142857142857,0
49416,Tropolone,estimated,14,7,6,0.5,0.42857142857142855,1
49316,5-Nitroindazole,default,14,2,2,0.14285714285714285,0.14285714285714285,0
49417,Maleimide,estimated,14,10,4,0.7142857142857143,0.2857142857142857,6
49318,9-Methylguanine,default,14,1,1,0.07142857142857142,0.07142857142857142,0
22060,2-Nitrobenzaldehyde,default,14,4,4,0.2857142857142857,0.2857142857142857,0
22061,4-Nitrobenzaldehyde,default,14,5,5,0.35714285714285715,0.35714285714285715,0
49420,"2-Amino-4,6-dichloropyrimidine",default,14,4,4,0.2857142857142857,0.2857142857142857,0
49321,9-Bromophenanthrene,estimated,14,7,2,0.5,0.14285714285714285,5
49324,2-Benzoxazolinone,default,14,1,1,0.07142857142857142,0.07142857142857142,0
49330,Ethyl 2-chloroacetoacetate,default,14,2,2,0.14285714285714285,0.14285714285714285,0
49331,5-Nitroisatin,estimated,14,6,4,0.42857142857142855,0.2857142857142857,2
49340,7-Methylbenzo(a)pyrene,estimated,14,7,5,0.5,0.35714285714285715,2
49424,"1,8-Diazabicyclo[5.4.0]undec-7-ene",default,14,2,2,0.14285714285714285,0.14285714285714285,0
49425,Tetracyanoethylene,default,14,6,6,0.42857142857142855,0.42857142857142855,0
49426,2-Bromoacetophenone,default,14,8,8,0.5714285714285714,0.5714285714285714,0
49427,9-Anthracenecarboxylic acid,estimated,14,4,0,0.2857142857142857,0.0,4
49428,3-Indazolinone,default,14,6,6,0.42857142857142855,0.42857142857142855,0
41269,(+)-Cedrol,estimated,14,9,0,0.6428571428571429,0.0,9
49357,2-Acetylfluorene,default,14,6,6,0.42857142857142855,0.42857142857142855,0
49429,Acenaphthenequinone,estimated,14,7,1,0.5,0.07142857142857142,6
49430,Lapachol,estimated,14,8,5,0.5714285714285714,0.35714285714285715,3
49431,Anthrone,estimated,14,6,1,0.42857142857142855,0.07142857142857142,5
49432,Quinoxaline,default,14,1,1,0.07142857142857142,0.07142857142857142,0
49377,1-Methylguanine,estimated,14,3,2,0.21428571428571427,0.14285714285714285,1
49382,Triethylgermanium chloride,default,14,1,1,0.07142857142857142,0.07142857142857142,0
49243,3-Acetylphenanthrene,estimated,14,6,2,0.42857142857142855,0.14285714285714285,4
43829,"2,4-Dimethoxyaniline",estimated,14,7,2,0.5,0.14285714285714285,5
49224,9-Bromoanthracene,default,14,6,6,0.42857142857142855,0.42857142857142855,0
49306,"1,4-Dichlorophthalazine",default,14,6,6,0.42857142857142855,0.42857142857142855,0
49230,2-Chloroanthracene,default,14,7,7,0.5,0.5,0
49394,(+/-)-Camphorquinone,default,14,1,1,0.07142857142857142,0.07142857142857142,0
49202,10-Chloro-9-anthraldehyde,estimated,14,7,3,0.5,0.21428571428571427,4
49209,9-Cyanoanthracene,default,14,5,5,0.35714285714285715,0.35714285714285715,0
49213,2-Chloroanthraquinone,default,14,1,1,0.07142857142857142,0.07142857142857142,0
49221,9-Anthracenemethanol,estimated,14,7,2,0.5,0.14285714285714285,5
49405,O6-Methylguanine,default,14,3,3,0.21428571428571427,0.21428571428571427,0
22160,4-Hydroxyazobenzene,estimated,14,10,4,0.7142857142857143,0.2857142857142857,6
49402,Zirconyl chloride octahydrate,default,14,1,1,0.07142857142857142,0.07142857142857142,0
25425,Hydroxylamine hydrochloride,default,14,4,4,0.2857142857142857,0.2857142857142857,0
49223,2-Aminofluorene,default,14,5,5,0.35714285714285715,0.35714285714285715,0
25367,Guanazole,default,14,2,2,0.14285714285714285,0.14285714285714285,0
49403,"2,3,3-Trimethylindolenine",estimated,14,2,0,0.14285714285714285,0.0,2
49208,2-Methylbenzothiazole,default,14,1,1,0.07142857142857142,0.07142857142857142,0
49211,4-Nitrochalcone,estimated,14,9,2,0.6428571428571429,0.14285714285714285,7
32077,Sodium selenite,default,14,2,2,0.14285714285714285,0.14285714285714285,0
41148,trans-Urocanic acid,default,14,1,1,0.07142857142857142,0.07142857142857142,0
49344,3-Chloro-4-fluorobenzoyl chloride,default,14,1,1,0.07142857142857142,0.07142857142857142,0
26924,"N,N-Dimethyl-1-hexadecanamine",default,14,3,3,0.21428571428571427,0.21428571428571427,0
27536,Octadecyl chloride,default,14,3,3,0.21428571428571427,0.21428571428571427,0
20919,1-(1-Naphthyl)-2-thiourea,default,14,2,2,0.14285714285714285,0.14285714285714285,0
24128,Hexabromobenzene,default,14,5,5,0.35714285714285715,0.35714285714285715,0
49445,NTP Mix57 CT1 62-EQP,default,14,2,2,0.14285714285714285,0.14285714285714285,0
49447,NTP Mix59 CT1 62-GP,estimated,14,2,1,0.14285714285714285,0.07142857142857142,1
49449,NTP Mix61 CT1 62-GP,default,14,1,1,0.07142857142857142,0.07142857142857142,0
49453,NTP Mix65 CT1 62-GP,default,14,1,1,0.07142857142857142,0.07142857142857142,0
49457,NTP Mix69 CT1 62-GP,default,14,1,1,0.07142857142857142,0.07142857142857142,0
49458,NTP Mix70 CT1 62-GP,default,14,1,1,0.07142857142857142,0.07142857142857142,0
49461,NTP Mix73 CT1 62-GP,default,14,1,1,0.07142857142857142,0.07142857142857142,0
49462,NTP Mix74 CT1 62-GP,default,14,1,1,0.07142857142857142,0.07142857142857142,0
49467,NTP Mix79 CT1 62-GP,default,14,1,1,0.07142857142857142,0.07142857142857142,0
49469,NTP Mix81 CT1 62-GP,default,14,1,1,0.07142857142857142,0.07142857142857142,0
49470,NTP Mix52 CT1 3-EQP,estimated,14,2,1,0.14285714285714285,0.07142857142857142,1
49471,NTP Mix39 CT1 2-EQP,estimated,14,2,0,0.14285714285714285,0.0,2
49472,NTP Mix53 CT1 3-EQP,estimated,14,2,1,0.14285714285714285,0.07142857142857142,1
49475,NTP Mix56 CT1 3-EQP,default,14,3,3,0.21428571428571427,0.21428571428571427,0
49476,NTP Mix40 CT1 3-EQP,default,14,2,2,0.14285714285714285,0.14285714285714285,0
49477,NTP Mix41 CT1 3-EQP,default,14,2,2,0.14285714285714285,0.14285714285714285,0
49478,NTP Mix42 CT1 3-EQP,default,14,1,1,0.07142857142857142,0.07142857142857142,0
49479,NTP Mix33 CT1 1-EQP,default,14,1,1,0.07142857142857142,0.07142857142857142,0
49480,NTP Mix43 CT1 3-EQP,default,14,1,1,0.07142857142857142,0.07142857142857142,0
49481,NTP Mix44 CT1 3-EQP,default,14,1,1,0.07142857142857142,0.07142857142857142,0
49482,NTP Mix45 CT1 3-EQP,default,14,1,1,0.07142857142857142,0.07142857142857142,0
49483,NTP Mix36 CT1 2-EQP,default,14,1,1,0.07142857142857142,0.07142857142857142,0
49484,NTP Mix37 CT1 2-EQP,default,14,1,1,0.07142857142857142,0.07142857142857142,0
49485,NTP Mix46 CT1 3-EQP,default,14,1,1,0.07142857142857142,0.07142857142857142,0
49491,NTP Mix50 CT1 3-EQP,default,14,1,1,0.07142857142857142,0.07142857142857142,0
49492,NTP Mix35 CT1 1-EQP,default,14,1,1,0.07142857142857142,0.07142857142857142,0
49493,NTP Mix51 CT1 3-EQP,default,14,2,2,0.14285714285714285,0.14285714285714285,0
49494,NTP Mix1 AR1 4-EQP,default,14,4,4,0.2857142857142857,0.2857142857142857,0
49495,NTP Mix2 AR1 4-EQP,estimated,14,6,2,0.42857142857142855,0.14285714285714285,4
49496,NTP Mix3 AR1 8-EQP,default,14,4,4,0.2857142857142857,0.2857142857142857,0
49497,NTP Mix4 AR1 8-EQC,default,14,3,3,0.21428571428571427,0.21428571428571427,0
49498,NTP Mix5 AR1 8-7EQP,default,14,2,2,0.14285714285714285,0.14285714285714285,0
49499,NTP Mix6 AR1 8-7EQP,default,14,2,2,0.14285714285714285,0.14285714285714285,0
49500,NTP Mix7 AR1 8-7EQP,default,14,2,2,0.14285714285714285,0.14285714285714285,0
49501,NTP Mix8 AR1 8-7EQP,default,14,5,5,0.35714285714285715,0.35714285714285715,0
49502,NTP Mix9 AR1 8-7EQP,default,14,4,4,0.2857142857142857,0.2857142857142857,0
49503,NTP Mix10 AR1 8-7EQP,default,14,3,3,0.21428571428571427,0.21428571428571427,0
49504,NTP Mix11 AR1 8-7EQP,default,14,5,5,0.35714285714285715,0.35714285714285715,0
49505,NTP Mix12 AR1 8-7EQP,default,14,3,3,0.21428571428571427,0.21428571428571427,0
49506,NTP Mix13 AR1 8-GP,default,14,5,5,0.35714285714285715,0.35714285714285715,0
49507,NTP Mix14 AR1 8-GP,default,14,4,4,0.2857142857142857,0.2857142857142857,0
49508,NTP Mix15 AR1 8-GP,default,14,5,5,0.35714285714285715,0.35714285714285715,0
49509,NTP Mix16 AR1 8-GP,default,14,5,5,0.35714285714285715,0.35714285714285715,0
49510,NTP Mix17 AR1 8-GP,default,14,5,5,0.35714285714285715,0.35714285714285715,0
49511,NTP Mix18 AR1 8-GP,estimated,14,5,2,0.35714285714285715,0.14285714285714285,3
49512,NTP Mix19 AR1 8-GP,estimated,14,6,2,0.42857142857142855,0.14285714285714285,4
49513,NTP Mix20 AR1 8-GP,default,14,4,4,0.2857142857142857,0.2857142857142857,0
49514,NTP Mix118 ER1 5-EQP,estimated,14,6,2,0.42857142857142855,0.14285714285714285,4
49515,NTP Mix117 ER1 5-EQP,default,14,4,4,0.2857142857142857,0.2857142857142857,0
49516,NTP Mix96 ER1 10-EQP,estimated,14,6,2,0.42857142857142855,0.14285714285714285,4
49517,NTP Mix97 ER1 10-EQC,default,14,3,3,0.21428571428571427,0.21428571428571427,0
49518,NTP Mix99 ER1 10-EQP,default,14,4,4,0.2857142857142857,0.2857142857142857,0
49519,NTP Mix98 ER1 10-EQP,default,14,1,1,0.07142857142857142,0.07142857142857142,0
49520,NTP Mix100 ER1 10-EQP,default,14,1,1,0.07142857142857142,0.07142857142857142,0
49521,NTP Mix101 ER1 10-EQP,default,14,3,3,0.21428571428571427,0.21428571428571427,0
49522,NTP Mix102 ER1 10-EQP,default,14,2,2,0.14285714285714285,0.14285714285714285,0
49523,NTP Mix103 ER1 10-EQP,default,14,2,2,0.14285714285714285,0.14285714285714285,0
49524,NTP Mix104 ER1 10-EQP,default,14,2,2,0.14285714285714285,0.14285714285714285,0
49525,NTP Mix105 ER1 10-EQP,default,14,2,2,0.14285714285714285,0.14285714285714285,0
49526,NTP Mix106 ER1 10-EQP,default,14,2,2,0.14285714285714285,0.14285714285714285,0
49527,NTP Mix107 ER1 10-EQP,default,14,2,2,0.14285714285714285,0.14285714285714285,0
49528,NTP Mix108 ER1 10-GP,default,14,4,4,0.2857142857142857,0.2857142857142857,0
49529,NTP Mix109 ER1 10-GP,default,14,4,4,0.2857142857142857,0.2857142857142857,0
49530,NTP Mix110 ER1 10-GP,default,14,4,4,0.2857142857142857,0.2857142857142857,0
49531,NTP Mix111 ER1 10-GP,default,14,6,6,0.42857142857142855,0.42857142857142855,0
49532,NTP Mix112 ER1 10-GP,default,14,3,3,0.21428571428571427,0.21428571428571427,0
49533,NTP Mix113 ER1 10-GP,default,14,3,3,0.21428571428571427,0.21428571428571427,0
49534,NTP Mix114 ER1 10-GP,default,14,5,5,0.35714285714285715,0.35714285714285715,0
49535,NTP Mix115 ER1 10-GP,default,14,5,5,0.35714285714285715,0.35714285714285715,0
49536,NTP Mix116 ER1 10-GP,default,14,6,6,0.42857142857142855,0.42857142857142855,0
49537,NTP Mix82 ER AR1 18-EQP,default,14,5,5,0.35714285714285715,0.35714285714285715,0
49538,NTP Mix83 ER AR1 18-EQC,default,14,4,4,0.2857142857142857,0.2857142857142857,0
49539,NTP Mix84 ER AR1 18-EQP,default,14,6,6,0.42857142857142855,0.42857142857142855,0
49540,NTP Mix85 ER AR1 18-EQP,default,14,6,6,0.42857142857142855,0.42857142857142855,0
49541,NTP Mix86 ER AR1 18-EQP,default,14,6,6,0.42857142857142855,0.42857142857142855,0
49542,NTP Mix87 ER AR1 18-EQP,default,14,5,5,0.35714285714285715,0.35714285714285715,0
49543,NTP Mix88 ER AR1 18-GP,default,14,5,5,0.35714285714285715,0.35714285714285715,0
49544,NTP Mix89 ER AR1 18-GP,default,14,5,5,0.35714285714285715,0.35714285714285715,0
49545,NTP Mix90 ER AR1 18-GP,default,14,5,5,0.35714285714285715,0.35714285714285715,0
49546,NTP Mix91 ER AR1 18-GP,default,14,5,5,0.35714285714285715,0.35714285714285715,0
49547,NTP Mix92 ER AR1 18-GP,default,14,5,5,0.35714285714285715,0.35714285714285715,0
49548,NTP Mix93 ER AR1 18-GP,default,14,6,6,0.42857142857142855,0.42857142857142855,0
49549,NTP Mix94 ER AR1 18-GP,default,14,6,6,0.42857142857142855,0.42857142857142855,0
49550,NTP Mix95 ER AR1 18-GP,default,14,5,5,0.35714285714285715,0.35714285714285715,0
49551,NTP Mix21 AR2 2-EQP,estimated,14,7,3,0.5,0.21428571428571427,4
49552,NTP Mix22 AR2 2-EQP,estimated,14,5,3,0.35714285714285715,0.21428571428571427,2
49553,NTP Mix23 AR2 2-EQP,estimated,14,6,3,0.42857142857142855,0.21428571428571427,3
49554,NTP Mix24 AR2 2-EQP,estimated,14,7,3,0.5,0.21428571428571427,4
49555,NTP Mix25 AR2 2-EQP,default,14,7,7,0.5,0.5,0
49556,NTP Mix26 AR2 2-EQP,estimated,14,7,1,0.5,0.07142857142857142,6
49557,NTP Mix27 AR2 2-EQP,estimated,14,5,3,0.35714285714285715,0.21428571428571427,2
49558,NTP Mix32 AR2 7-EQP,default,14,4,4,0.2857142857142857,0.2857142857142857,0
49559,NTP Mix28 AR2 3-EQP,default,14,4,4,0.2857142857142857,0.2857142857142857,0
49560,NTP Mix29 AR2 5-EQP,estimated,14,7,4,0.5,0.2857142857142857,3
49561,NTP Mix31 AR2 7-EQC,default,14,4,4,0.2857142857142857,0.2857142857142857,0
49562,NTP Mix30 AR2 7-EQP,default,14,5,5,0.35714285714285715,0.35714285714285715,0
29072,"5-Ethyl-2,3-pyridinedicarboxylic acid",default,14,2,2,0.14285714285714285,0.14285714285714285,0
41336,"2,4,5-Trichlorophenol sodium salt",estimated,14,8,4,0.5714285714285714,0.2857142857142857,4
40290,Chlorbromuron,estimated,14,5,1,0.35714285714285715,0.07142857142857142,4
37511,Chlormephos,default,14,4,4,0.2857142857142857,0.2857142857142857,0
47030,D-Lactic acid,default,14,2,2,0.14285714285714285,0.14285714285714285,0
34957,Tetraethyl pyrophosphate,default,14,1,1,0.07142857142857142,0.07142857142857142,0
42315,Potassium ethyl xanthate,estimated,14,7,4,0.5,0.2857142857142857,3
41799,Coumatetralyl,default,14,4,4,0.2857142857142857,0.2857142857142857,0
44995,9-Ethyl-3-nitro-9H-carbazole,estimated,14,8,4,0.5714285714285714,0.2857142857142857,4
44921,OO-tert-butyl O-(2-ethylhexyl) peroxycarbonate,default,14,3,3,0.21428571428571427,0.21428571428571427,0
44802,Bis(2-butoxyethyl) decanedioate,default,14,3,3,0.21428571428571427,0.21428571428571427,0
44819,Lithium 3-carboxy-5-sulfobenzoate,default,14,1,1,0.07142857142857142,0.07142857142857142,0
41959,Ethyl trifluoroacetate,default,14,2,2,0.14285714285714285,0.14285714285714285,0
41973,Fenson,estimated,14,7,2,0.5,0.14285714285714285,5
42063,Isocarbophos,default,14,6,6,0.42857142857142855,0.42857142857142855,0
42077,Isoproturon,default,14,4,4,0.2857142857142857,0.2857142857142857,0
44923,"3,5-Diethyl-1-phenyl-2-propyl-1,2-dihydropyridine",estimated,14,6,0,0.42857142857142855,0.0,6
34903,Sodium bromide,default,14,1,1,0.07142857142857142,0.07142857142857142,0
42338,Di(propylene glycol) tert-butyl ether,default,14,4,4,0.2857142857142857,0.2857142857142857,0
42188,"N,N'-Dibutylurea",default,14,3,3,0.21428571428571427,0.21428571428571427,0
37545,Ethiofencarb,default,14,6,6,0.42857142857142855,0.42857142857142855,0
42352,Pyrazophos,estimated,14,9,4,0.6428571428571429,0.2857142857142857,5
37576,Monolinuron,default,14,4,4,0.2857142857142857,0.2857142857142857,0
42072,Isoprocarb,default,14,7,7,0.5,0.5,0
42281,Phenylpyruvic acid,default,14,4,4,0.2857142857142857,0.2857142857142857,0
42149,Methyl pivaloylacetate,estimated,14,3,0,0.21428571428571427,0.0,3
42053,Indole-3-pyruvic acid,default,14,6,6,0.42857142857142855,0.42857142857142855,0
44314,Methyl (E)-cinnamate,default,14,1,1,0.07142857142857142,0.07142857142857142,0
42195,2-Naphthoxyacetic acid,default,14,2,2,0.14285714285714285,0.14285714285714285,0
41914,"2,2'-Oxybis(ethylamine)",default,14,2,2,0.14285714285714285,0.14285714285714285,0
44857,Triethoxy(2-methylpropyl)silane,default,14,4,4,0.2857142857142857,0.2857142857142857,0
44949,"(5-Ethyl-1,3-dioxan-5-yl)methanol",default,14,1,1,0.07142857142857142,0.07142857142857142,0
44990,"3,3,5-Trimethylcyclohexyl 2-methylprop-2-enoate",default,14,1,1,0.07142857142857142,0.07142857142857142,0
44935,"Chromium acetate, basic",default,14,1,1,0.07142857142857142,0.07142857142857142,0
41545,"6-Chloro-2,3-dihydrobenzoxazol-2-one",default,14,2,2,0.14285714285714285,0.14285714285714285,0
44811,Chlordimeform hydrochloride,default,14,2,2,0.14285714285714285,0.14285714285714285,0
46980,"Monosodium 8-amino-1-naphthol-3,6-disulfonate monohydrate",estimated,14,7,2,0.5,0.14285714285714285,5
37594,Secbumeton,estimated,14,4,1,0.2857142857142857,0.07142857142857142,3
37617,Promecarb,default,14,7,7,0.5,0.5,0
46978,C12-14-Alkyldimethyl betaines,estimated,14,4,0,0.2857142857142857,0.0,4
37697,"N-(2,4-Dimethylphenyl)formamide",default,14,1,1,0.07142857142857142,0.07142857142857142,0
41951,2-Bromo-2-phenylacetic acid ethyl ester,default,14,3,3,0.21428571428571427,0.21428571428571427,0
42297,Pirimiphos-ethyl,default,14,7,7,0.5,0.5,0
44737,"4-(2,5-Diethoxy-4-nitrophenyl)morpholine",estimated,14,3,1,0.21428571428571427,0.07142857142857142,2
44656,"3,3'-(Ethylenedioxy)dipropiononitrile",default,14,2,2,0.14285714285714285,0.14285714285714285,0
44712,"1,4-Bis(methoxymethyl)benzene",default,14,1,1,0.07142857142857142,0.07142857142857142,0
44588,"2,2'-[Ethane-1,2-diylbis(oxy)]diethanethiol",default,14,4,4,0.2857142857142857,0.2857142857142857,0
44685,"2-Chloro-1,4-diethoxybenzene",default,14,1,1,0.07142857142857142,0.07142857142857142,0
40614,Sodium pyruvate,default,14,2,2,0.14285714285714285,0.14285714285714285,0
44684,"Sodium 5-oxo-1-(4-sulfophenyl)-4,5-dihydro-1H-pyrazole-3-carboxylate",default,14,1,1,0.07142857142857142,0.07142857142857142,0
44743,6-Aminonaphthalene-2-sulfonic acid,default,14,2,2,0.14285714285714285,0.14285714285714285,0
44735,"Disodium benzene-1,3-disulfonate",default,14,1,1,0.07142857142857142,0.07142857142857142,0
44680,"2,2'-[(3-Aminopropyl)imino]diethanol",default,14,1,1,0.07142857142857142,0.07142857142857142,0
44734,2-[{2-[2-(Dimethylamino)ethoxy]ethyl}(methyl)amino]ethanol,default,14,1,1,0.07142857142857142,0.07142857142857142,0
44728,"3-[(3-Sulfanylpropanoyl)oxy]-2,2-bis{[(3-sulfanylpropanoyl)oxy]methyl}propyl 3-sulfanylpropanoate",default,14,6,6,0.42857142857142855,0.42857142857142855,0
44667,"N,N'-Di-tert-butylethane-1,2-diamine",default,14,1,1,0.07142857142857142,0.07142857142857142,0
46974,2-Phenylmercaptoethanol,estimated,14,4,0,0.2857142857142857,0.0,4
41373,2-Octen-1-ylsuccinic anhydride,default,14,2,2,0.14285714285714285,0.14285714285714285,0
44691,2-Isopropylthioxanthone,estimated,14,8,4,0.5714285714285714,0.2857142857142857,4
42247,"2-(2-(4-Chlorophenyl)ethyl)-2-(1,1-dimethylethyl)oxirane",default,14,4,4,0.2857142857142857,0.2857142857142857,0
44686,"4-Amino-2,5-dimethoxy-N-phenylbenzenesulfonamide",default,14,3,3,0.21428571428571427,0.21428571428571427,0
27772,2-Methylpentanediamine,default,14,1,1,0.07142857142857142,0.07142857142857142,0
45005,"2,4-Dichloro-1-(chloromethyl)benzene",estimated,14,3,0,0.21428571428571427,0.0,3
41884,Diofenolan,estimated,14,9,4,0.6428571428571429,0.2857142857142857,5
41756,Carbetamide,default,14,1,1,0.07142857142857142,0.07142857142857142,0
41913,Etaconazole,estimated,14,5,1,0.35714285714285715,0.07142857142857142,4
41964,Etrimfos,default,14,4,4,0.2857142857142857,0.2857142857142857,0
37582,Demeton-S-methyl sulfone,default,14,5,5,0.35714285714285715,0.35714285714285715,0
37508,Chlordimeform,default,14,2,2,0.14285714285714285,0.14285714285714285,0
37612,Triazophos,default,14,8,8,0.5714285714285714,0.5714285714285714,0
44731,"1H-Benzo[de]isoquinoline-1,3(2H)-dione",default,14,7,7,0.5,0.5,0
44887,"Dibenzyl diazene-1,2-dicarboxylate",default,14,6,6,0.42857142857142855,0.42857142857142855,0
44908,"2,2,4,4-Tetramethylcyclobutane-1,3-diol",default,14,4,4,0.2857142857142857,0.2857142857142857,0
44941,2-(Phenylsulfonyl)aniline,default,14,4,4,0.2857142857142857,0.2857142857142857,0
44852,"4,4'-Propane-1,3-diyldipyridine",default,14,3,3,0.21428571428571427,0.21428571428571427,0
44989,3-Bromo-4-fluorobenzaldehyde,default,14,2,2,0.14285714285714285,0.14285714285714285,0
41626,"3,4-Dimethylbenzaldehyde",default,14,1,1,0.07142857142857142,0.07142857142857142,0
44919,"2,2-Bis{[(3-sulfanylpropanoyl)oxy]methyl}butyl 3-sulfanylpropanoate",default,14,7,7,0.5,0.5,0
44877,N-(3-Aminophenyl)propanamide,default,14,1,1,0.07142857142857142,0.07142857142857142,0
44756,"[(1R)-2,2,3-Trimethylcyclopent-3-en-1-yl]acetaldehyde",default,14,2,2,0.14285714285714285,0.14285714285714285,0
44845,Butyl 3-mercaptopropionate,default,14,2,2,0.14285714285714285,0.14285714285714285,0
44947,4-(1-Oxo-2-propenyl)-morpholine,default,14,1,1,0.07142857142857142,0.07142857142857142,0
44933,"1,3-Bis(isocyanatomethyl)cyclohexane",default,14,1,1,0.07142857142857142,0.07142857142857142,0
44867,"2,2-Dimethylpropane-1,3-diyl bis(2-methylprop-2-enoate)",default,14,1,1,0.07142857142857142,0.07142857142857142,0
42259,4-Chlorophenyl phenyl sulfone,default,14,5,5,0.35714285714285715,0.35714285714285715,0
44820,Acryloyloxyethyl succinate,default,14,6,6,0.42857142857142855,0.42857142857142855,0
44939,"1,3,5-Tribromo-2-methoxy-4-methylbenzene",default,14,3,3,0.21428571428571427,0.21428571428571427,0
44854,4-(Ethenyloxy)butan-1-ol,default,14,2,2,0.14285714285714285,0.14285714285714285,0
41918,"1,4-Bis(2-hydroxyethoxy)-2-butyne",default,14,4,4,0.2857142857142857,0.2857142857142857,0
44930,2-(Trifluoromethoxy)benzenesulfonamide,default,14,2,2,0.14285714285714285,0.14285714285714285,0
44785,"3-(3-Methyl-5-oxo-4,5-dihydro-1H-pyrazol-1-yl)benzenesulfonic acid",default,14,2,2,0.14285714285714285,0.14285714285714285,0
44805,"2,2'-[Cyclohexane-1,4-diylbis(methanediyloxymethanediyl)]dioxirane",default,14,6,6,0.42857142857142855,0.42857142857142855,0
44807,Dimethyl nonanedioate,default,14,1,1,0.07142857142857142,0.07142857142857142,0
44840,Sodium 2-methylprop-2-ene-1-sulfonate,default,14,1,1,0.07142857142857142,0.07142857142857142,0
44875,2-{[2-(Dimethylamino)ethyl](methyl)amino}ethanol,default,14,1,1,0.07142857142857142,0.07142857142857142,0
40715,2-Phenoxyethyl acrylate,estimated,14,6,1,0.42857142857142855,0.07142857142857142,5
44894,"Trimethylhexane-1,6-diamine",default,14,2,2,0.14285714285714285,0.14285714285714285,0
44876,Ethylene glycol diglycidyl ether,default,14,5,5,0.35714285714285715,0.35714285714285715,0
41417,"2-Nitro-2-ethyl-1,3-propanediol",estimated,14,1,0,0.07142857142857142,0.0,1
44926,"N-Butyl-2,2,6,6-tetramethylpiperidin-4-amine",default,14,2,2,0.14285714285714285,0.14285714285714285,0
44932,4-Isopropylbenzenesulfonic acid,default,14,3,3,0.21428571428571427,0.21428571428571427,0
44801,SEX,estimated,14,6,5,0.42857142857142855,0.35714285714285715,1
44842,"N,N',N''-Tricyclohexyl-1-methylsilanetriamine",estimated,14,6,0,0.42857142857142855,0.0,6
44903,Titanium(4+) bis[(2E)-4-oxohex-2-en-2-olate] dipropan-2-olate,default,14,1,1,0.07142857142857142,0.07142857142857142,0
44978,"Bis[(2-ethyl-2,5-dimethylhexanoyl)oxy](dimethyl)stannane",default,14,6,6,0.42857142857142855,0.42857142857142855,0
44856,Ethyl [3-(triethoxysilyl)propyl]carbamate,default,14,2,2,0.14285714285714285,0.14285714285714285,0
44787,4-Hydroxy-7-(phenylamino)naphthalene-2-sulfonic acid,default,14,6,6,0.42857142857142855,0.42857142857142855,0
44972,"1,10-Decanediol dimethacrylate",default,14,2,2,0.14285714285714285,0.14285714285714285,0
44881,Methyl [3-(trimethoxysilyl)propyl]carbamate,default,14,5,5,0.35714285714285715,0.35714285714285715,0
44783,"2-Silylpropyl-urea, Si-(ethoxy and methoxy) derivs",default,14,1,1,0.07142857142857142,0.07142857142857142,0
28040,"N-(1-Ethylpropyl)-3,4-xylidine",default,14,4,4,0.2857142857142857,0.2857142857142857,0
37493,Atraton,default,14,2,2,0.14285714285714285,0.14285714285714285,0
44963,"4-(3-Methyl-5-oxo-4,5-dihydro-1H-pyrazol-1-yl)benzoic acid",default,14,3,3,0.21428571428571427,0.21428571428571427,0
47101,"2,3-Diethylpyrazine",default,14,1,1,0.07142857142857142,0.07142857142857142,0
47089,"2,3-Butanedithiol",default,14,3,3,0.21428571428571427,0.21428571428571427,0
47067,Lepidine,default,14,1,1,0.07142857142857142,0.07142857142857142,0
47027,Ditridecyl phthalate (mixture of branched chain isomers),default,14,2,2,0.14285714285714285,0.14285714285714285,0
40774,"alpha,beta-Thujone",default,14,2,2,0.14285714285714285,0.14285714285714285,0
41880,Dimetilan,default,14,5,5,0.35714285714285715,0.35714285714285715,0
41797,(+/-)-Coumachlor,default,14,4,4,0.2857142857142857,0.2857142857142857,0
44733,Sodium 3-nitrobenzoate,default,14,1,1,0.07142857142857142,0.07142857142857142,0
42364,Quinmerac,default,14,1,1,0.07142857142857142,0.07142857142857142,0
34355,Triflumuron,estimated,14,2,1,0.14285714285714285,0.07142857142857142,1
41370,"3-(Hydroxymethyl)pentane-2,4-diol",default,14,1,1,0.07142857142857142,0.07142857142857142,0
41625,Benzadox,default,14,1,1,0.07142857142857142,0.07142857142857142,0
44542,Citral oxime,default,14,3,3,0.21428571428571427,0.21428571428571427,0
34844,Procyazine,default,14,4,4,0.2857142857142857,0.2857142857142857,0
42285,Phosfolan,default,14,5,5,0.35714285714285715,0.35714285714285715,0
41850,Dicapthon,estimated,14,8,5,0.5714285714285714,0.35714285714285715,3
41329,"2,4,5-T 2-Ethylhexyl",default,14,1,1,0.07142857142857142,0.07142857142857142,0
37527,Diethofencarb,default,14,3,3,0.21428571428571427,0.21428571428571427,0
41328,"2,4,5-T-butotyl",default,14,2,2,0.14285714285714285,0.14285714285714285,0
41404,"2-Chloro-4,5-dimethylphenol",estimated,14,3,0,0.21428571428571427,0.0,3
44725,Butyl hydroxyacetate,default,14,2,2,0.14285714285714285,0.14285714285714285,0
44521,Diatrizoic acid,default,14,1,1,0.07142857142857142,0.07142857142857142,0
41363,"2,4-Dichlorophenylacetic acid",default,14,2,2,0.14285714285714285,0.14285714285714285,0
40740,2-Methyl-3-isothiazolone hydrochloride,estimated,14,8,6,0.5714285714285714,0.42857142857142855,2
41452,2-(1-Methylbutyl)phenol,estimated,14,9,0,0.6428571428571429,0.0,9
41446,2-Phenylcyclohexanol,default,14,1,1,0.07142857142857142,0.07142857142857142,0
44698,Dibutan-2-yl disulfide,default,14,2,2,0.14285714285714285,0.14285714285714285,0
34968,"2,4-Dithiobiuret",default,14,6,6,0.42857142857142855,0.42857142857142855,0
41607,Anabasine,default,14,2,2,0.14285714285714285,0.14285714285714285,0
42266,Pentyl sulfide,default,14,1,1,0.07142857142857142,0.07142857142857142,0
41656,"3,5-Dibromo-4-hydroxybenzoic acid",default,14,2,2,0.14285714285714285,0.14285714285714285,0
44715,"2,2-Dimethyl-2,3-dihydro-1-benzofuran-7-amine",default,14,2,2,0.14285714285714285,0.14285714285714285,0
44751,"2-Aminobenzene-1,4-disulfonic acid",default,14,1,1,0.07142857142857142,0.07142857142857142,0
41621,Benazolin-ethyl,estimated,14,5,1,0.35714285714285715,0.07142857142857142,4
42157,Metobromuron,default,14,4,4,0.2857142857142857,0.2857142857142857,0
44486,"1,3-Dipropan-2-ylurea",default,14,1,1,0.07142857142857142,0.07142857142857142,0
42145,"Methyl 2,3-dibromopropionate",default,14,5,5,0.35714285714285715,0.35714285714285715,0
44485,4-Ethoxy-4-oxobut-2-enoic acid,default,14,5,5,0.35714285714285715,0.35714285714285715,0
41627,2-Amino-N-(1-methylethyl)benzamide,default,14,1,1,0.07142857142857142,0.07142857142857142,0
44484,Isononanamine,default,14,2,2,0.14285714285714285,0.14285714285714285,0
42208,N-Methyl-alpha-phenylbenzeneacetamide,estimated,14,2,1,0.14285714285714285,0.07142857142857142,1
40714,"2-Chloro-4,6-dimethylaniline",default,14,1,1,0.07142857142857142,0.07142857142857142,0
44738,"Ethyl 5-oxo-1-phenyl-4,5-dihydro-1H-pyrazole-3-carboxylate",default,14,5,5,0.35714285714285715,0.35714285714285715,0
42117,Mecarbam,default,14,6,6,0.42857142857142855,0.42857142857142855,0
44412,4-Methyl-1-phenylpyrazolidin-3-one,default,14,6,6,0.42857142857142855,0.42857142857142855,0
46986,dl-Tartaric acid,default,14,1,1,0.07142857142857142,0.07142857142857142,0
44431,2-(tert-Butylamino)ethanol,default,14,2,2,0.14285714285714285,0.14285714285714285,0
44452,"1,6-Dibromohexane",default,14,4,4,0.2857142857142857,0.2857142857142857,0
41917,"2,2',2'',2'''-(1,2-Ethanediyldinitrilo)tetrakisethanol",default,14,2,2,0.14285714285714285,0.14285714285714285,0
41403,"2-Chloro-1,4-dimethoxybenzene",default,14,1,1,0.07142857142857142,0.07142857142857142,0
44455,"1,6-Hexanediol dimethacrylate",default,14,1,1,0.07142857142857142,0.07142857142857142,0
44410,"Potassium 2,5-dihydroxybenzenesulfonate",default,14,4,4,0.2857142857142857,0.2857142857142857,0
44407,3-Amino-4-methylbenzamide,default,14,1,1,0.07142857142857142,0.07142857142857142,0
41659,4-Cyanobenzoic acid,default,14,2,2,0.14285714285714285,0.14285714285714285,0
40702,"2,4-Dichlorotoluene",default,14,1,1,0.07142857142857142,0.07142857142857142,0
44439,Butyl cyanoacetate,default,14,5,5,0.35714285714285715,0.35714285714285715,0
44420,Phenol Red sodium salt,estimated,14,5,1,0.35714285714285715,0.07142857142857142,4
44373,Tromethamine hydrochloride,default,14,3,3,0.21428571428571427,0.21428571428571427,0
44401,"Benzenecarboximidamide, monohydrochloride",default,14,1,1,0.07142857142857142,0.07142857142857142,0
44438,Tetrahydro-2H-pyran-2-one,default,14,1,1,0.07142857142857142,0.07142857142857142,0
44393,Dimethylglyoxime,default,14,3,3,0.21428571428571427,0.21428571428571427,0
44397,Trifluoromethanesulfonic acid,default,14,1,1,0.07142857142857142,0.07142857142857142,0
42181,N-(3-Chloro-4-methylphenyl)acetamide,default,14,2,2,0.14285714285714285,0.14285714285714285,0
42252,4-(Dimethylamino)phenylthiocyanate,estimated,14,6,3,0.42857142857142855,0.21428571428571427,3
40404,9-cis- Retinoic acid,estimated,14,5,5,0.35714285714285715,0.35714285714285715,0
41783,Chlorthiamid,default,14,1,1,0.07142857142857142,0.07142857142857142,0
42080,Isoxathion,default,14,9,9,0.6428571428571429,0.6428571428571429,0
44682,"N,N,N-Trimethyl-3-[(2-methylacryloyl)amino]propan-1-aminium chloride",default,14,1,1,0.07142857142857142,0.07142857142857142,0
44709,"N-(2,5-Dimethoxyphenyl)-3-oxobutanamide",default,14,2,2,0.14285714285714285,0.14285714285714285,0
41873,Dimethametryn,default,14,3,3,0.21428571428571427,0.21428571428571427,0
44692,Scopolamine hydrochloride,default,14,1,1,0.07142857142857142,0.07142857142857142,0
41541,"2,8-Dimethylnonan-5-one",default,14,3,3,0.21428571428571427,0.21428571428571427,0
42146,"Methyl 3,5-dichlorobenzoate",default,14,1,1,0.07142857142857142,0.07142857142857142,0
40739,Kasugamycin hydrochloride,default,14,1,1,0.07142857142857142,0.07142857142857142,0
44714,N2-(4-Nitrophenyl)-L-glutamine hydrochloride(1:1),estimated,14,1,0,0.07142857142857142,0.0,1
44679,Octylphosphonic acid,default,14,1,1,0.07142857142857142,0.07142857142857142,0
44724,Aluminum triformate,default,14,1,1,0.07142857142857142,0.07142857142857142,0
42360,N-(4-Nitrophenyl)-N'-(3-pyridinylmethyl)urea,estimated,14,6,1,0.42857142857142855,0.07142857142857142,5
44710,"2,6-Dichloro-3-methylaniline",estimated,14,6,0,0.42857142857142855,0.0,6
41468,"N-(3,4-Dichlorophenyl)urea",default,14,6,6,0.42857142857142855,0.42857142857142855,0
41987,Flurochloridone,estimated,14,5,2,0.35714285714285715,0.14285714285714285,3
37515,Crufomate,estimated,14,7,6,0.5,0.42857142857142855,1
44523,5-Amino-2-methylbenzenesulfonic acid,default,14,2,2,0.14285714285714285,0.14285714285714285,0
41698,Butoxycarboxim,estimated,14,5,1,0.35714285714285715,0.07142857142857142,4
47090,5-Methylquinoxaline,default,14,2,2,0.14285714285714285,0.14285714285714285,0
47028,D-Lactitol monohydrate,default,14,2,2,0.14285714285714285,0.14285714285714285,0
47085,Acetylpyrazine,default,14,2,2,0.14285714285714285,0.14285714285714285,0
47075,"2,3,5-Trimethylpyrazine",estimated,14,2,0,0.14285714285714285,0.0,2
47043,Potassium tetrathionate,default,14,2,2,0.14285714285714285,0.14285714285714285,0
47039,N-Ethyl-2-(isopropyl)-5-methylcyclohexanecarboxamide,default,14,2,2,0.14285714285714285,0.14285714285714285,0
47036,Thiocyclam oxalate,default,14,7,7,0.5,0.5,0
47041,Alloxydim sodium,default,14,2,2,0.14285714285714285,0.14285714285714285,0
42014,Glyoxime,default,14,1,1,0.07142857142857142,0.07142857142857142,0
47040,Zinc neodecanoate,default,14,4,4,0.2857142857142857,0.2857142857142857,0
41347,"2,4-D-isobutyl",default,14,3,3,0.21428571428571427,0.21428571428571427,0
41886,Dioxacarb,default,14,1,1,0.07142857142857142,0.07142857142857142,0
47606,(2E)-3-Phenylprop-2-en-1-yl propanoate,default,14,2,2,0.14285714285714285,0.14285714285714285,0
47459,Calcium saccharin hydrate,default,14,1,1,0.07142857142857142,0.07142857142857142,0
47121,2-Benzofurancarboxaldehyde,default,14,1,1,0.07142857142857142,0.07142857142857142,0
44599,3-(Octyloxy)propanenitrile,default,14,1,1,0.07142857142857142,0.07142857142857142,0
24726,Carbamide peroxide,default,14,3,3,0.21428571428571427,0.21428571428571427,0
47548,"1,1'-Oxybis(2,3,4,5-tetrabromobenzene)",default,14,2,2,0.14285714285714285,0.14285714285714285,0
47630,Tetronic 701,estimated,14,5,1,0.35714285714285715,0.07142857142857142,4
47239,cis-Nerolidol,default,14,4,4,0.2857142857142857,0.2857142857142857,0
47168,"rel-(2R,4aR,8aR)-Hexahydro-1,1,5,5-tetramethyl-2H-2,4a-methanonaphthalen-8(5H)-one",default,14,3,3,0.21428571428571427,0.21428571428571427,0
44648,N-[3-(Trimethoxysilyl)propyl]aniline,default,14,4,4,0.2857142857142857,0.2857142857142857,0
47450,5-Chlorobenzotriazole,default,14,5,5,0.35714285714285715,0.35714285714285715,0
44655,"N,N-Diethyldodecanamide",default,14,4,4,0.2857142857142857,0.2857142857142857,0
47140,Isopropyl citrate (Mixture),default,14,4,4,0.2857142857142857,0.2857142857142857,0
44627,1-Hydroxybenzotriazole,estimated,14,4,0,0.2857142857142857,0.0,4
47501,Poly[oxy(methylsilylene)],default,14,3,3,0.21428571428571427,0.21428571428571427,0
47453,Dipiperidinomethane,default,14,1,1,0.07142857142857142,0.07142857142857142,0
47661,S-Furfuryl thioacetate,default,14,3,3,0.21428571428571427,0.21428571428571427,0
47543,Furalaxyl,default,14,3,3,0.21428571428571427,0.21428571428571427,0
47427,"2,4-DB-isooctyl ester",default,14,1,1,0.07142857142857142,0.07142857142857142,0
47397,Venlafaxine hydrochloride,default,14,2,2,0.14285714285714285,0.14285714285714285,0
44619,N-Methyloctan-1-amine,default,14,1,1,0.07142857142857142,0.07142857142857142,0
47196,"6,7-Dihydro-5-methyl-5H-cyclopentapyrazine",default,14,1,1,0.07142857142857142,0.07142857142857142,0
47243,Ammonium glycyrrhizinate trihydrate,default,14,2,2,0.14285714285714285,0.14285714285714285,0
44624,Octyl prop-2-enoate,default,14,1,1,0.07142857142857142,0.07142857142857142,0
47726,trans-2-Ethoxy-5-(1-propenyl)phenol,default,14,3,3,0.21428571428571427,0.21428571428571427,0
47417,4-Hydroxy-5-methyl-3-furanone,default,14,1,1,0.07142857142857142,0.07142857142857142,0
47631,"(2E,4E)-Hexa-2,4-dien-1-ol",estimated,14,5,0,0.35714285714285715,0.0,5
47556,"3,7-Dimethyloct-6-en-1-yl 2-methylbut-2-enoate",default,14,1,1,0.07142857142857142,0.07142857142857142,0
47423,2-Acetoxy-5-nitrobenzyl chloride,estimated,14,4,2,0.2857142857142857,0.14285714285714285,2
47660,"3,5-Dimethyl-1,2-cyclopentanedione",estimated,14,1,0,0.07142857142857142,0.0,1
47723,Trithioacetone,estimated,14,1,0,0.07142857142857142,0.0,1
47637,Methyl (2E)-2-nonenoate,estimated,14,1,0,0.07142857142857142,0.0,1
47707,(Methylthio)methylpyrazine,estimated,14,1,0,0.07142857142857142,0.0,1
47678,"5,6,7,8-Tetrahydroquinoxaline",estimated,14,1,0,0.07142857142857142,0.0,1
47730,Orange terpenes,estimated,14,6,1,0.42857142857142855,0.07142857142857142,5
47663,1-Furfurylpyrrole,default,14,1,1,0.07142857142857142,0.07142857142857142,0
44241,2-Methylhexanoic acid,default,14,1,1,0.07142857142857142,0.07142857142857142,0
44625,"N,N-Bis(2-hydroxyethyl)formamide",default,14,1,1,0.07142857142857142,0.07142857142857142,0
44650,"2,2'-[(4-Methylphenyl)imino]diethanol",default,14,3,3,0.21428571428571427,0.21428571428571427,0
44638,3-(Methyldiethoxysilyl)propyl glycidyl ether,default,14,3,3,0.21428571428571427,0.21428571428571427,0
44631,"3-Oxo-N-(2-oxo-2,3-dihydro-1H-benzimidazol-5-yl)butanamide",default,14,1,1,0.07142857142857142,0.07142857142857142,0
44606,"3,3'-(4-Methylbenzene-1,3-diyl)bis(1,1-dimethylurea)",default,14,1,1,0.07142857142857142,0.07142857142857142,0
44251,4-Ethoxyphenol,estimated,14,6,0,0.42857142857142855,0.0,6
47110,"trans,trans-Farnesyl acetate",default,14,4,4,0.2857142857142857,0.2857142857142857,0
44597,"(Phenylphosphoryl)bis[(2,4,6-trimethylphenyl)methanone]",default,14,2,2,0.14285714285714285,0.14285714285714285,0
44622,Aluminum butan-2-olate (2Z)-4-ethoxy-4-oxobut-2-en-2-olate (1:2:1),default,14,1,1,0.07142857142857142,0.07142857142857142,0
47150,tert-Butyl hydrogen phthalate,default,14,2,2,0.14285714285714285,0.14285714285714285,0
44632,Dimethyl dihydrogen diphosphate,default,14,2,2,0.14285714285714285,0.14285714285714285,0
28776,"Phenol, 4-methyl-, reaction products with dicyclopentadiene and isobutylene",default,14,4,4,0.2857142857142857,0.2857142857142857,0
47118,2-Methyl-3-furanthiol,default,14,5,5,0.35714285714285715,0.35714285714285715,0
44617,[3-(Trifluoromethyl)phenyl]acetonitrile,default,14,2,2,0.14285714285714285,0.14285714285714285,0
47134,2-Octen-4-one,default,14,1,1,0.07142857142857142,0.07142857142857142,0
47670,4-Hexen-3-one,default,14,6,6,0.42857142857142855,0.42857142857142855,0
47687,Calcium L-ascorbate dihydrate,default,14,5,5,0.35714285714285715,0.35714285714285715,0
47694,Quinine hydrochloride dihydrate,estimated,14,6,2,0.42857142857142855,0.14285714285714285,4
47704,Methyl 2-methyl-3-furyl disulfide,default,14,4,4,0.2857142857142857,0.2857142857142857,0
29575,{4-[(Ethenyloxy)methyl]cyclohexyl}methanol,default,14,1,1,0.07142857142857142,0.07142857142857142,0
44603,3-[Bis(2-hydroxyethyl)amino]propanenitrile,default,14,2,2,0.14285714285714285,0.14285714285714285,0
47474,"1,8-Octanedithiol",estimated,14,3,0,0.21428571428571427,0.0,3
47182,Propylene glycol dipelargonate,default,14,2,2,0.14285714285714285,0.14285714285714285,0
47404,Methapyrilene fumarate,default,14,8,8,0.5714285714285714,0.5714285714285714,0
47675,"3-Methylcyclohexane-1,2-dione",default,14,1,1,0.07142857142857142,0.07142857142857142,0
47206,trans-2-Methoxycinnamaldehyde,default,14,7,7,0.5,0.5,0
47523,Sodium 4-isopropylbenzenesulfonate,default,14,1,1,0.07142857142857142,0.07142857142857142,0
42378,Chloro(dimethyl)vinylsilane,default,13,3,3,0.23076923076923078,0.23076923076923078,0
44422,"N-(2-Aminoethyl)-N'-[3-(trimethoxysilyl)propyl]ethane-1,2-diamine",default,13,1,1,0.07692307692307693,0.07692307692307693,0
44943,"N,N-Dimethyl-2-(morpholin-4-yl)ethanamine",default,13,1,1,0.07692307692307693,0.07692307692307693,0
44558,Ethylmercurichlorendimide,estimated,13,11,2,0.8461538461538461,0.15384615384615385,9
40801,(+/-)-Indoxacarb,default,13,3,3,0.23076923076923078,0.23076923076923078,0
44611,"1,5-Naphthalenedisulfonic acid, 2-amino-, sodium salt (1:1)",default,13,1,1,0.07692307692307693,0.07692307692307693,0
37579,Nitrothal-isopropyl,default,14,5,5,0.35714285714285715,0.35714285714285715,0
858867,EPAMED_Water_Set2-1,default,4,1,1,0.25,0.25,0
858876,EPAMED_Water_Set2-10,default,4,1,1,0.25,0.25,0
858877,EPAMED_Water_Set2-11,default,4,2,2,0.5,0.5,0
858878,EPAMED_Water_Set2-12,default,4,2,2,0.5,0.5,0
858879,EPAMED_Water_Set2-13,default,4,2,2,0.5,0.5,0
858880,EPAMED_Water_Set2-14,default,4,2,2,0.5,0.5,0
858881,EPAMED_Water_Set2-15,default,4,2,2,0.5,0.5,0
858882,EPAMED_Water_Set2-16,default,4,1,1,0.25,0.25,0
858883,EPAMED_Water_Set2-17,default,4,1,1,0.25,0.25,0
858884,EPAMED_Water_Set2-18,default,4,2,2,0.5,0.5,0
858885,EPAMED_Water_Set2-19,default,4,2,2,0.5,0.5,0
858868,EPAMED_Water_Set2-2,default,4,2,2,0.5,0.5,0
858886,EPAMED_Water_Set2-20,default,4,2,2,0.5,0.5,0
858887,EPAMED_Water_Set2-21,default,4,2,2,0.5,0.5,0
858888,EPAMED_Water_Set2-22,default,4,2,2,0.5,0.5,0
858889,EPAMED_Water_Set2-23,default,4,2,2,0.5,0.5,0
858890,EPAMED_Water_Set2-24,default,4,1,1,0.25,0.25,0
858891,EPAMED_Water_Set2-25,default,4,2,2,0.5,0.5,0
858893,EPAMED_Water_Set2-27,default,4,2,2,0.5,0.5,0
858894,EPAMED_Water_Set2-28,default,4,1,1,0.25,0.25,0
858895,EPAMED_Water_Set2-29,default,4,2,2,0.5,0.5,0
858869,EPAMED_Water_Set2-3,default,4,2,2,0.5,0.5,0
858896,EPAMED_Water_Set2-30,default,4,2,2,0.5,0.5,0
858897,EPAMED_Water_Set2-31,default,4,2,2,0.5,0.5,0
858898,EPAMED_Water_Set2-32,default,4,2,2,0.5,0.5,0
858899,EPAMED_Water_Set2-33,default,4,1,1,0.25,0.25,0
858901,EPAMED_Water_Set2-35,default,4,1,1,0.25,0.25,0
858902,EPAMED_Water_Set2-36,default,4,2,2,0.5,0.5,0
858903,EPAMED_Water_Set2-37,default,4,2,2,0.5,0.5,0
858904,EPAMED_Water_Set2-38,default,4,2,2,0.5,0.5,0
858870,EPAMED_Water_Set2-4,default,4,2,2,0.5,0.5,0
858905,EPAMED_Water_Set2-39,default,4,2,2,0.5,0.5,0
858906,EPAMED_Water_Set2-40,default,4,2,2,0.5,0.5,0
858907,EPAMED_Water_Set2-41,default,4,2,2,0.5,0.5,0
858908,EPAMED_Water_Set2-42,default,4,2,2,0.5,0.5,0
858909,EPAMED_Water_Set2-43,default,4,1,1,0.25,0.25,0
858910,EPAMED_Water_Set2-44,default,4,2,2,0.5,0.5,0
858911,EPAMED_Water_Set2-45,default,4,1,1,0.25,0.25,0
858912,EPAMED_Water_Set2-46,default,4,2,2,0.5,0.5,0
858913,EPAMED_Water_Set2-47,default,4,2,2,0.5,0.5,0
858914,EPAMED_Water_Set2-48,default,4,2,2,0.5,0.5,0
858871,EPAMED_Water_Set2-5,default,4,2,2,0.5,0.5,0
858915,EPAMED_Water_Set2-49,default,4,2,2,0.5,0.5,0
858916,EPAMED_Water_Set2-50,default,4,2,2,0.5,0.5,0
858917,EPAMED_Water_Set2-51,default,4,2,2,0.5,0.5,0
858918,EPAMED_Water_Set2-52,default,4,2,2,0.5,0.5,0
858919,EPAMED_Water_Set2-53,default,4,2,2,0.5,0.5,0
858920,EPAMED_Water_Set2-54,default,4,2,2,0.5,0.5,0
858921,EPAMED_Water_Set2-55,default,4,2,2,0.5,0.5,0
858922,EPAMED_Water_Set2-56,default,4,2,2,0.5,0.5,0
858872,EPAMED_Water_Set2-6,default,4,2,2,0.5,0.5,0
858873,EPAMED_Water_Set2-7,default,4,2,2,0.5,0.5,0
858874,EPAMED_Water_Set2-8,default,4,2,2,0.5,0.5,0
858875,EPAMED_Water_Set2-9,default,4,1,1,0.25,0.25,0
52890,AKIA112012,default,5,2,2,0.4,0.4,0
52912,DSH spr 2012_SMTP,default,5,2,2,0.4,0.4,0
52901,DS-WWTP,default,5,2,2,0.4,0.4,0
52902,EF-WWTP,default,5,2,2,0.4,0.4,0
52903,Extraction blank,default,5,1,1,0.2,0.2,0
52898,FAR-UP,default,5,2,2,0.4,0.4,0
52897,IRIA-052113,default,5,2,2,0.4,0.4,0
52900,MX-WWTP,default,5,2,2,0.4,0.4,0
52896,PSNJ-121112,default,5,2,2,0.4,0.4,0
52894,RFPR-032713,default,5,2,2,0.4,0.4,0
52905,Sappi 2013_Proximal,default,5,2,2,0.4,0.4,0
52895,C111HS-041013,default,5,2,2,0.4,0.4,0
52904,Sappi 2013_WLSSD-EF,default,5,3,3,0.6,0.6,0
52893,SCGA-041713,default,5,2,2,0.4,0.4,0
52892,SPCO-121212,default,5,2,2,0.4,0.4,0
52899,US-WWTP,default,5,2,2,0.4,0.4,0
52891,ZRMN-120612,default,5,2,2,0.4,0.4,0
52907,DSH fall 2012_Dist,default,5,2,2,0.4,0.4,0
52909,DSH fall 2012_Erie,default,5,2,2,0.4,0.4,0
52906,DSH fall 2012_Prox,default,5,2,2,0.4,0.4,0
52908,DSH fall 2012_Rice,default,5,2,2,0.4,0.4,0
52911,DSH spr 2012_LSW,default,5,1,1,0.2,0.2,0
52910,DSH spr 2012_Prox,default,5,2,2,0.4,0.4,0
